"Sample No.";"DV_1"
 1.000000E+00 ; 2.500000E+04
 2.000000E+00 ; 5.000000E+04
 3.000000E+00 ; 1.000000E+05
 4.000000E+00 ; 1.000000E+12
