"DV_1";"R_TORQUE";"TWIST1";"TWIST2";"TWIST3";"CMPL"
 2.500000E+04 ; 1.400000E+03 ;-5.600000E-02 ;-1.901355E-01 ;-2.572033E-01 ; 1.166074E+02
 5.000000E+04 ; 1.400000E+03 ;-2.800000E-02 ;-1.621355E-01 ;-2.292033E-01 ; 9.700739E+01
 1.000000E+05 ; 1.400000E+03 ;-1.400000E-02 ;-1.481355E-01 ;-2.152033E-01 ; 8.720738E+01
 1.000000E+12 ; 1.400000E+03 ;-1.400000E-09 ;-1.341355E-01 ;-2.012033E-01 ; 7.740739E+01
