$ENTER COMPONENT  NAME = DFLT_COMP  DOFTYPE = DISP MATH
!------
   $SITUATION  NAME = STEP_1
      DFLT_COMP  CONSTRAINTS = C_STEP_1  SYSTEM = S_STEP_1
   $END SITUATION
!
   $SITUATION  NAME = STEP_2  PARENT = STEP_1
      DFLT_COMP  SYSTEM = S_STEP_1
   $END SITUATION
!
   $STRUCTURE
!
      $NSET NAME = N1
         1 
!
      $ELEMENT TYPE = QUAD4
                1          1         26        386        169
                2        169        386        387        168
                3        168        387        388        167
                4        167        388        389        166
                5        166        389        390        165
                6        165        390        391        164
                7        164        391        392        163
                8        163        392        393        162
                9        162        393        394        161
               10        161        394        242          6
               11         26         27        395        386
               12        386        395        396        387
               13        387        396        397        388
               14        388        397        398        389
               15        389        398        399        390
               16        390        399        400        391
               17        391        400        401        392
               18        392        401        402        393
               19        393        402        403        394
               20        394        403        243        242
               21         27         28        404        395
               22        395        404        405        396
               23        396        405        406        397
               24        397        406        407        398
               25        398        407        408        399
               26        399        408        409        400
               27        400        409        410        401
               28        401        410        411        402
               29        402        411        412        403
               30        403        412        244        243
               31         28         29        413        404
               32        404        413        414        405
               33        405        414        415        406
               34        406        415        416        407
               35        407        416        417        408
               36        408        417        418        409
               37        409        418        419        410
               38        410        419        420        411
               39        411        420        421        412
               40        412        421        245        244
               41         29         30        422        413
               42        413        422        423        414
               43        414        423        424        415
               44        415        424        425        416
               45        416        425        426        417
               46        417        426        427        418
               47        418        427        428        419
               48        419        428        429        420
               49        420        429        430        421
               50        421        430        246        245
               51         30         31        431        422
               52        422        431        432        423
               53        423        432        433        424
               54        424        433        434        425
               55        425        434        435        426
               56        426        435        436        427
               57        427        436        437        428
               58        428        437        438        429
               59        429        438        439        430
               60        430        439        247        246
               61         31         32        440        431
               62        431        440        441        432
               63        432        441        442        433
               64        433        442        443        434
               65        434        443        444        435
               66        435        444        445        436
               67        436        445        446        437
               68        437        446        447        438
               69        438        447        448        439
               70        439        448        248        247
               71         32         33        449        440
               72        440        449        450        441
               73        441        450        451        442
               74        442        451        452        443
               75        443        452        453        444
               76        444        453        454        445
               77        445        454        455        446
               78        446        455        456        447
               79        447        456        457        448
               80        448        457        249        248
               81         33         34        458        449
               82        449        458        459        450
               83        450        459        460        451
               84        451        460        461        452
               85        452        461        462        453
               86        453        462        463        454
               87        454        463        464        455
               88        455        464        465        456
               89        456        465        466        457
               90        457        466        250        249
               91         34          2        314        458
               92        458        314        315        459
               93        459        315        316        460
               94        460        316        317        461
               95        461        317        318        462
               96        462        318        319        463
               97        463        319        320        464
               98        464        320        321        465
               99        465        321        322        466
              100        466        322          7        250
              101          2         35        467        314
              102        314        467        468        315
              103        315        468        469        316
              104        316        469        470        317
              105        317        470        471        318
              106        318        471        472        319
              107        319        472        473        320
              108        320        473        474        321
              109        321        474        475        322
              110        322        475        170          7
              111         35         36        476        467
              112        467        476        477        468
              113        468        477        478        469
              114        469        478        479        470
              115        470        479        480        471
              116        471        480        481        472
              117        472        481        482        473
              118        473        482        483        474
              119        474        483        484        475
              120        475        484        171        170
              121         36         37        485        476
              122        476        485        486        477
              123        477        486        487        478
              124        478        487        488        479
              125        479        488        489        480
              126        480        489        490        481
              127        481        490        491        482
              128        482        491        492        483
              129        483        492        493        484
              130        484        493        172        171
              131         37         38        494        485
              132        485        494        495        486
              133        486        495        496        487
              134        487        496        497        488
              135        488        497        498        489
              136        489        498        499        490
              137        490        499        500        491
              138        491        500        501        492
              139        492        501        502        493
              140        493        502        173        172
              141         38         39        503        494
              142        494        503        504        495
              143        495        504        505        496
              144        496        505        506        497
              145        497        506        507        498
              146        498        507        508        499
              147        499        508        509        500
              148        500        509        510        501
              149        501        510        511        502
              150        502        511        174        173
              151         39         40        512        503
              152        503        512        513        504
              153        504        513        514        505
              154        505        514        515        506
              155        506        515        516        507
              156        507        516        517        508
              157        508        517        518        509
              158        509        518        519        510
              159        510        519        520        511
              160        511        520        175        174
              161         40         41        521        512
              162        512        521        522        513
              163        513        522        523        514
              164        514        523        524        515
              165        515        524        525        516
              166        516        525        526        517
              167        517        526        527        518
              168        518        527        528        519
              169        519        528        529        520
              170        520        529        176        175
              171         41         42        530        521
              172        521        530        531        522
              173        522        531        532        523
              174        523        532        533        524
              175        524        533        534        525
              176        525        534        535        526
              177        526        535        536        527
              178        527        536        537        528
              179        528        537        538        529
              180        529        538        177        176
              181         42         43        539        530
              182        530        539        540        531
              183        531        540        541        532
              184        532        541        542        533
              185        533        542        543        534
              186        534        543        544        535
              187        535        544        545        536
              188        536        545        546        537
              189        537        546        547        538
              190        538        547        178        177
              191         43          3        332        539
              192        539        332        333        540
              193        540        333        334        541
              194        541        334        335        542
              195        542        335        336        543
              196        543        336        337        544
              197        544        337        338        545
              198        545        338        339        546
              199        546        339        340        547
              200        547        340          8        178
              201          3         44        548        332
              202        332        548        549        333
              203        333        549        550        334
              204        334        550        551        335
              205        335        551        552        336
              206        336        552        553        337
              207        337        553        554        338
              208        338        554        555        339
              209        339        555        556        340
              210        340        556        179          8
              211         44         45        557        548
              212        548        557        558        549
              213        549        558        559        550
              214        550        559        560        551
              215        551        560        561        552
              216        552        561        562        553
              217        553        562        563        554
              218        554        563        564        555
              219        555        564        565        556
              220        556        565        180        179
              221         45         46        566        557
              222        557        566        567        558
              223        558        567        568        559
              224        559        568        569        560
              225        560        569        570        561
              226        561        570        571        562
              227        562        571        572        563
              228        563        572        573        564
              229        564        573        574        565
              230        565        574        181        180
              231         46         47        575        566
              232        566        575        576        567
              233        567        576        577        568
              234        568        577        578        569
              235        569        578        579        570
              236        570        579        580        571
              237        571        580        581        572
              238        572        581        582        573
              239        573        582        583        574
              240        574        583        182        181
              241         47         48        584        575
              242        575        584        585        576
              243        576        585        586        577
              244        577        586        587        578
              245        578        587        588        579
              246        579        588        589        580
              247        580        589        590        581
              248        581        590        591        582
              249        582        591        592        583
              250        583        592        183        182
              251         48         49        593        584
              252        584        593        594        585
              253        585        594        595        586
              254        586        595        596        587
              255        587        596        597        588
              256        588        597        598        589
              257        589        598        599        590
              258        590        599        600        591
              259        591        600        601        592
              260        592        601        184        183
              261         49         50        602        593
              262        593        602        603        594
              263        594        603        604        595
              264        595        604        605        596
              265        596        605        606        597
              266        597        606        607        598
              267        598        607        608        599
              268        599        608        609        600
              269        600        609        610        601
              270        601        610        185        184
              271         50         51        611        602
              272        602        611        612        603
              273        603        612        613        604
              274        604        613        614        605
              275        605        614        615        606
              276        606        615        616        607
              277        607        616        617        608
              278        608        617        618        609
              279        609        618        619        610
              280        610        619        186        185
              281         51         52        620        611
              282        611        620        621        612
              283        612        621        622        613
              284        613        622        623        614
              285        614        623        624        615
              286        615        624        625        616
              287        616        625        626        617
              288        617        626        627        618
              289        618        627        628        619
              290        619        628        187        186
              291         52          4        368        620
              292        620        368        369        621
              293        621        369        370        622
              294        622        370        371        623
              295        623        371        372        624
              296        624        372        373        625
              297        625        373        374        626
              298        626        374        375        627
              299        627        375        376        628
              300        628        376          9        187
              301          4         53        629        368
              302        368        629        630        369
              303        369        630        631        370
              304        370        631        632        371
              305        371        632        633        372
              306        372        633        634        373
              307        373        634        635        374
              308        374        635        636        375
              309        375        636        637        376
              310        376        637        251          9
              311         53         54        638        629
              312        629        638        639        630
              313        630        639        640        631
              314        631        640        641        632
              315        632        641        642        633
              316        633        642        643        634
              317        634        643        644        635
              318        635        644        645        636
              319        636        645        646        637
              320        637        646        252        251
              321         54         55        647        638
              322        638        647        648        639
              323        639        648        649        640
              324        640        649        650        641
              325        641        650        651        642
              326        642        651        652        643
              327        643        652        653        644
              328        644        653        654        645
              329        645        654        655        646
              330        646        655        253        252
              331         55         56        656        647
              332        647        656        657        648
              333        648        657        658        649
              334        649        658        659        650
              335        650        659        660        651
              336        651        660        661        652
              337        652        661        662        653
              338        653        662        663        654
              339        654        663        664        655
              340        655        664        254        253
              341         56         57        665        656
              342        656        665        666        657
              343        657        666        667        658
              344        658        667        668        659
              345        659        668        669        660
              346        660        669        670        661
              347        661        670        671        662
              348        662        671        672        663
              349        663        672        673        664
              350        664        673        255        254
              351         57         58        674        665
              352        665        674        675        666
              353        666        675        676        667
              354        667        676        677        668
              355        668        677        678        669
              356        669        678        679        670
              357        670        679        680        671
              358        671        680        681        672
              359        672        681        682        673
              360        673        682        256        255
              361         58         59        683        674
              362        674        683        684        675
              363        675        684        685        676
              364        676        685        686        677
              365        677        686        687        678
              366        678        687        688        679
              367        679        688        689        680
              368        680        689        690        681
              369        681        690        691        682
              370        682        691        257        256
              371         59         60        692        683
              372        683        692        693        684
              373        684        693        694        685
              374        685        694        695        686
              375        686        695        696        687
              376        687        696        697        688
              377        688        697        698        689
              378        689        698        699        690
              379        690        699        700        691
              380        691        700        258        257
              381         60         61        701        692
              382        692        701        702        693
              383        693        702        703        694
              384        694        703        704        695
              385        695        704        705        696
              386        696        705        706        697
              387        697        706        707        698
              388        698        707        708        699
              389        699        708        709        700
              390        700        709        259        258
              391         61          5         62        701
              392        701         62         63        702
              393        702         63         64        703
              394        703         64         65        704
              395        704         65         66        705
              396        705         66         67        706
              397        706         67         68        707
              398        707         68         69        708
              399        708         69         70        709
              400        709         70         10        259
              401          6        242        710        160
              402        160        710        711        159
              403        159        711        712        158
              404        158        712        713        157
              405        157        713        714        156
              406        156        714        715        155
              407        155        715        716        154
              408        154        716        717        153
              409        153        717        718        152
              410        152        718        260         11
              411        242        243        719        710
              412        710        719        720        711
              413        711        720        721        712
              414        712        721        722        713
              415        713        722        723        714
              416        714        723        724        715
              417        715        724        725        716
              418        716        725        726        717
              419        717        726        727        718
              420        718        727        261        260
              421        243        244        728        719
              422        719        728        729        720
              423        720        729        730        721
              424        721        730        731        722
              425        722        731        732        723
              426        723        732        733        724
              427        724        733        734        725
              428        725        734        735        726
              429        726        735        736        727
              430        727        736        262        261
              431        244        245        737        728
              432        728        737        738        729
              433        729        738        739        730
              434        730        739        740        731
              435        731        740        741        732
              436        732        741        742        733
              437        733        742        743        734
              438        734        743        744        735
              439        735        744        745        736
              440        736        745        263        262
              441        245        246        746        737
              442        737        746        747        738
              443        738        747        748        739
              444        739        748        749        740
              445        740        749        750        741
              446        741        750        751        742
              447        742        751        752        743
              448        743        752        753        744
              449        744        753        754        745
              450        745        754        264        263
              451        246        247        755        746
              452        746        755        756        747
              453        747        756        757        748
              454        748        757        758        749
              455        749        758        759        750
              456        750        759        760        751
              457        751        760        761        752
              458        752        761        762        753
              459        753        762        763        754
              460        754        763        265        264
              461        247        248        764        755
              462        755        764        765        756
              463        756        765        766        757
              464        757        766        767        758
              465        758        767        768        759
              466        759        768        769        760
              467        760        769        770        761
              468        761        770        771        762
              469        762        771        772        763
              470        763        772        266        265
              471        248        249        773        764
              472        764        773        774        765
              473        765        774        775        766
              474        766        775        776        767
              475        767        776        777        768
              476        768        777        778        769
              477        769        778        779        770
              478        770        779        780        771
              479        771        780        781        772
              480        772        781        267        266
              481        249        250        782        773
              482        773        782        783        774
              483        774        783        784        775
              484        775        784        785        776
              485        776        785        786        777
              486        777        786        787        778
              487        778        787        788        779
              488        779        788        789        780
              489        780        789        790        781
              490        781        790        268        267
              491        250          7        241        782
              492        782        241        240        783
              493        783        240        239        784
              494        784        239        238        785
              495        785        238        237        786
              496        786        237        236        787
              497        787        236        235        788
              498        788        235        234        789
              499        789        234        233        790
              500        790        233         12        268
              501          7        170        791        241
              502        241        791        792        240
              503        240        792        793        239
              504        239        793        794        238
              505        238        794        795        237
              506        237        795        796        236
              507        236        796        797        235
              508        235        797        798        234
              509        234        798        799        233
              510        233        799        269         12
              511        170        171        800        791
              512        791        800        801        792
              513        792        801        802        793
              514        793        802        803        794
              515        794        803        804        795
              516        795        804        805        796
              517        796        805        806        797
              518        797        806        807        798
              519        798        807        808        799
              520        799        808        270        269
              521        171        172        809        800
              522        800        809        810        801
              523        801        810        811        802
              524        802        811        812        803
              525        803        812        813        804
              526        804        813        814        805
              527        805        814        815        806
              528        806        815        816        807
              529        807        816        817        808
              530        808        817        271        270
              531        172        173        818        809
              532        809        818        819        810
              533        810        819        820        811
              534        811        820        821        812
              535        812        821        822        813
              536        813        822        823        814
              537        814        823        824        815
              538        815        824        825        816
              539        816        825        826        817
              540        817        826        272        271
              541        173        174        827        818
              542        818        827        828        819
              543        819        828        829        820
              544        820        829        830        821
              545        821        830        831        822
              546        822        831        832        823
              547        823        832        833        824
              548        824        833        834        825
              549        825        834        835        826
              550        826        835        273        272
              551        174        175        836        827
              552        827        836        837        828
              553        828        837        838        829
              554        829        838        839        830
              555        830        839        840        831
              556        831        840        841        832
              557        832        841        842        833
              558        833        842        843        834
              559        834        843        844        835
              560        835        844        274        273
              561        175        176        845        836
              562        836        845        846        837
              563        837        846        847        838
              564        838        847        848        839
              565        839        848        849        840
              566        840        849        850        841
              567        841        850        851        842
              568        842        851        852        843
              569        843        852        853        844
              570        844        853        275        274
              571        176        177        854        845
              572        845        854        855        846
              573        846        855        856        847
              574        847        856        857        848
              575        848        857        858        849
              576        849        858        859        850
              577        850        859        860        851
              578        851        860        861        852
              579        852        861        862        853
              580        853        862        276        275
              581        177        178        863        854
              582        854        863        864        855
              583        855        864        865        856
              584        856        865        866        857
              585        857        866        867        858
              586        858        867        868        859
              587        859        868        869        860
              588        860        869        870        861
              589        861        870        871        862
              590        862        871        277        276
              591        178          8        341        863
              592        863        341        342        864
              593        864        342        343        865
              594        865        343        344        866
              595        866        344        345        867
              596        867        345        346        868
              597        868        346        347        869
              598        869        347        348        870
              599        870        348        349        871
              600        871        349         13        277
              601          8        179        872        341
              602        341        872        873        342
              603        342        873        874        343
              604        343        874        875        344
              605        344        875        876        345
              606        345        876        877        346
              607        346        877        878        347
              608        347        878        879        348
              609        348        879        880        349
              610        349        880        278         13
              611        179        180        881        872
              612        872        881        882        873
              613        873        882        883        874
              614        874        883        884        875
              615        875        884        885        876
              616        876        885        886        877
              617        877        886        887        878
              618        878        887        888        879
              619        879        888        889        880
              620        880        889        279        278
              621        180        181        890        881
              622        881        890        891        882
              623        882        891        892        883
              624        883        892        893        884
              625        884        893        894        885
              626        885        894        895        886
              627        886        895        896        887
              628        887        896        897        888
              629        888        897        898        889
              630        889        898        280        279
              631        181        182        899        890
              632        890        899        900        891
              633        891        900        901        892
              634        892        901        902        893
              635        893        902        903        894
              636        894        903        904        895
              637        895        904        905        896
              638        896        905        906        897
              639        897        906        907        898
              640        898        907        281        280
              641        182        183        908        899
              642        899        908        909        900
              643        900        909        910        901
              644        901        910        911        902
              645        902        911        912        903
              646        903        912        913        904
              647        904        913        914        905
              648        905        914        915        906
              649        906        915        916        907
              650        907        916        282        281
              651        183        184        917        908
              652        908        917        918        909
              653        909        918        919        910
              654        910        919        920        911
              655        911        920        921        912
              656        912        921        922        913
              657        913        922        923        914
              658        914        923        924        915
              659        915        924        925        916
              660        916        925        283        282
              661        184        185        926        917
              662        917        926        927        918
              663        918        927        928        919
              664        919        928        929        920
              665        920        929        930        921
              666        921        930        931        922
              667        922        931        932        923
              668        923        932        933        924
              669        924        933        934        925
              670        925        934        284        283
              671        185        186        935        926
              672        926        935        936        927
              673        927        936        937        928
              674        928        937        938        929
              675        929        938        939        930
              676        930        939        940        931
              677        931        940        941        932
              678        932        941        942        933
              679        933        942        943        934
              680        934        943        285        284
              681        186        187        944        935
              682        935        944        945        936
              683        936        945        946        937
              684        937        946        947        938
              685        938        947        948        939
              686        939        948        949        940
              687        940        949        950        941
              688        941        950        951        942
              689        942        951        952        943
              690        943        952        286        285
              691        187          9        188        944
              692        944        188        189        945
              693        945        189        190        946
              694        946        190        191        947
              695        947        191        192        948
              696        948        192        193        949
              697        949        193        194        950
              698        950        194        195        951
              699        951        195        196        952
              700        952        196         14        286
              701          9        251        953        188
              702        188        953        954        189
              703        189        954        955        190
              704        190        955        956        191
              705        191        956        957        192
              706        192        957        958        193
              707        193        958        959        194
              708        194        959        960        195
              709        195        960        961        196
              710        196        961        287         14
              711        251        252        962        953
              712        953        962        963        954
              713        954        963        964        955
              714        955        964        965        956
              715        956        965        966        957
              716        957        966        967        958
              717        958        967        968        959
              718        959        968        969        960
              719        960        969        970        961
              720        961        970        288        287
              721        252        253        971        962
              722        962        971        972        963
              723        963        972        973        964
              724        964        973        974        965
              725        965        974        975        966
              726        966        975        976        967
              727        967        976        977        968
              728        968        977        978        969
              729        969        978        979        970
              730        970        979        289        288
              731        253        254        980        971
              732        971        980        981        972
              733        972        981        982        973
              734        973        982        983        974
              735        974        983        984        975
              736        975        984        985        976
              737        976        985        986        977
              738        977        986        987        978
              739        978        987        988        979
              740        979        988        290        289
              741        254        255        989        980
              742        980        989        990        981
              743        981        990        991        982
              744        982        991        992        983
              745        983        992        993        984
              746        984        993        994        985
              747        985        994        995        986
              748        986        995        996        987
              749        987        996        997        988
              750        988        997        291        290
              751        255        256        998        989
              752        989        998        999        990
              753        990        999       1000        991
              754        991       1000       1001        992
              755        992       1001       1002        993
              756        993       1002       1003        994
              757        994       1003       1004        995
              758        995       1004       1005        996
              759        996       1005       1006        997
              760        997       1006        292        291
              761        256        257       1007        998
              762        998       1007       1008        999
              763        999       1008       1009       1000
              764       1000       1009       1010       1001
              765       1001       1010       1011       1002
              766       1002       1011       1012       1003
              767       1003       1012       1013       1004
              768       1004       1013       1014       1005
              769       1005       1014       1015       1006
              770       1006       1015        293        292
              771        257        258       1016       1007
              772       1007       1016       1017       1008
              773       1008       1017       1018       1009
              774       1009       1018       1019       1010
              775       1010       1019       1020       1011
              776       1011       1020       1021       1012
              777       1012       1021       1022       1013
              778       1013       1022       1023       1014
              779       1014       1023       1024       1015
              780       1015       1024        294        293
              781        258        259       1025       1016
              782       1016       1025       1026       1017
              783       1017       1026       1027       1018
              784       1018       1027       1028       1019
              785       1019       1028       1029       1020
              786       1020       1029       1030       1021
              787       1021       1030       1031       1022
              788       1022       1031       1032       1023
              789       1023       1032       1033       1024
              790       1024       1033        295        294
              791        259         10         71       1025
              792       1025         71         72       1026
              793       1026         72         73       1027
              794       1027         73         74       1028
              795       1028         74         75       1029
              796       1029         75         76       1030
              797       1030         76         77       1031
              798       1031         77         78       1032
              799       1032         78         79       1033
              800       1033         79         15        295
              801         11        260       1034        151
              802        151       1034       1035        150
              803        150       1035       1036        149
              804        149       1036       1037        148
              805        148       1037       1038        147
              806        147       1038       1039        146
              807        146       1039       1040        145
              808        145       1040       1041        144
              809        144       1041       1042        143
              810        143       1042        296         16
              811        260        261       1043       1034
              812       1034       1043       1044       1035
              813       1035       1044       1045       1036
              814       1036       1045       1046       1037
              815       1037       1046       1047       1038
              816       1038       1047       1048       1039
              817       1039       1048       1049       1040
              818       1040       1049       1050       1041
              819       1041       1050       1051       1042
              820       1042       1051        297        296
              821        261        262       1052       1043
              822       1043       1052       1053       1044
              823       1044       1053       1054       1045
              824       1045       1054       1055       1046
              825       1046       1055       1056       1047
              826       1047       1056       1057       1048
              827       1048       1057       1058       1049
              828       1049       1058       1059       1050
              829       1050       1059       1060       1051
              830       1051       1060        298        297
              831        262        263       1061       1052
              832       1052       1061       1062       1053
              833       1053       1062       1063       1054
              834       1054       1063       1064       1055
              835       1055       1064       1065       1056
              836       1056       1065       1066       1057
              837       1057       1066       1067       1058
              838       1058       1067       1068       1059
              839       1059       1068       1069       1060
              840       1060       1069        299        298
              841        263        264       1070       1061
              842       1061       1070       1071       1062
              843       1062       1071       1072       1063
              844       1063       1072       1073       1064
              845       1064       1073       1074       1065
              846       1065       1074       1075       1066
              847       1066       1075       1076       1067
              848       1067       1076       1077       1068
              849       1068       1077       1078       1069
              850       1069       1078        300        299
              851        264        265       1079       1070
              852       1070       1079       1080       1071
              853       1071       1080       1081       1072
              854       1072       1081       1082       1073
              855       1073       1082       1083       1074
              856       1074       1083       1084       1075
              857       1075       1084       1085       1076
              858       1076       1085       1086       1077
              859       1077       1086       1087       1078
              860       1078       1087        301        300
              861        265        266       1088       1079
              862       1079       1088       1089       1080
              863       1080       1089       1090       1081
              864       1081       1090       1091       1082
              865       1082       1091       1092       1083
              866       1083       1092       1093       1084
              867       1084       1093       1094       1085
              868       1085       1094       1095       1086
              869       1086       1095       1096       1087
              870       1087       1096        302        301
              871        266        267       1097       1088
              872       1088       1097       1098       1089
              873       1089       1098       1099       1090
              874       1090       1099       1100       1091
              875       1091       1100       1101       1092
              876       1092       1101       1102       1093
              877       1093       1102       1103       1094
              878       1094       1103       1104       1095
              879       1095       1104       1105       1096
              880       1096       1105        303        302
              881        267        268       1106       1097
              882       1097       1106       1107       1098
              883       1098       1107       1108       1099
              884       1099       1108       1109       1100
              885       1100       1109       1110       1101
              886       1101       1110       1111       1102
              887       1102       1111       1112       1103
              888       1103       1112       1113       1104
              889       1104       1113       1114       1105
              890       1105       1114        304        303
              891        268         12        232       1106
              892       1106        232        231       1107
              893       1107        231        230       1108
              894       1108        230        229       1109
              895       1109        229        228       1110
              896       1110        228        227       1111
              897       1111        227        226       1112
              898       1112        226        225       1113
              899       1113        225        224       1114
              900       1114        224         17        304
              901         12        269       1115        232
              902        232       1115       1116        231
              903        231       1116       1117        230
              904        230       1117       1118        229
              905        229       1118       1119        228
              906        228       1119       1120        227
              907        227       1120       1121        226
              908        226       1121       1122        225
              909        225       1122       1123        224
              910        224       1123        223         17
              911        269        270       1124       1115
              912       1115       1124       1125       1116
              913       1116       1125       1126       1117
              914       1117       1126       1127       1118
              915       1118       1127       1128       1119
              916       1119       1128       1129       1120
              917       1120       1129       1130       1121
              918       1121       1130       1131       1122
              919       1122       1131       1132       1123
              920       1123       1132        222        223
              921        270        271       1133       1124
              922       1124       1133       1134       1125
              923       1125       1134       1135       1126
              924       1126       1135       1136       1127
              925       1127       1136       1137       1128
              926       1128       1137       1138       1129
              927       1129       1138       1139       1130
              928       1130       1139       1140       1131
              929       1131       1140       1141       1132
              930       1132       1141        221        222
              931        271        272       1142       1133
              932       1133       1142       1143       1134
              933       1134       1143       1144       1135
              934       1135       1144       1145       1136
              935       1136       1145       1146       1137
              936       1137       1146       1147       1138
              937       1138       1147       1148       1139
              938       1139       1148       1149       1140
              939       1140       1149       1150       1141
              940       1141       1150        220        221
              941        272        273       1151       1142
              942       1142       1151       1152       1143
              943       1143       1152       1153       1144
              944       1144       1153       1154       1145
              945       1145       1154       1155       1146
              946       1146       1155       1156       1147
              947       1147       1156       1157       1148
              948       1148       1157       1158       1149
              949       1149       1158       1159       1150
              950       1150       1159        219        220
              951        273        274       1160       1151
              952       1151       1160       1161       1152
              953       1152       1161       1162       1153
              954       1153       1162       1163       1154
              955       1154       1163       1164       1155
              956       1155       1164       1165       1156
              957       1156       1165       1166       1157
              958       1157       1166       1167       1158
              959       1158       1167       1168       1159
              960       1159       1168        218        219
              961        274        275       1169       1160
              962       1160       1169       1170       1161
              963       1161       1170       1171       1162
              964       1162       1171       1172       1163
              965       1163       1172       1173       1164
              966       1164       1173       1174       1165
              967       1165       1174       1175       1166
              968       1166       1175       1176       1167
              969       1167       1176       1177       1168
              970       1168       1177        217        218
              971        275        276       1178       1169
              972       1169       1178       1179       1170
              973       1170       1179       1180       1171
              974       1171       1180       1181       1172
              975       1172       1181       1182       1173
              976       1173       1182       1183       1174
              977       1174       1183       1184       1175
              978       1175       1184       1185       1176
              979       1176       1185       1186       1177
              980       1177       1186        216        217
              981        276        277       1187       1178
              982       1178       1187       1188       1179
              983       1179       1188       1189       1180
              984       1180       1189       1190       1181
              985       1181       1190       1191       1182
              986       1182       1191       1192       1183
              987       1183       1192       1193       1184
              988       1184       1193       1194       1185
              989       1185       1194       1195       1186
              990       1186       1195        215        216
              991        277         13        350       1187
              992       1187        350        351       1188
              993       1188        351        352       1189
              994       1189        352        353       1190
              995       1190        353        354       1191
              996       1191        354        355       1192
              997       1192        355        356       1193
              998       1193        356        357       1194
              999       1194        357        358       1195
             1000       1195        358         18        215
             1001         13        278       1196        350
             1002        350       1196       1197        351
             1003        351       1197       1198        352
             1004        352       1198       1199        353
             1005        353       1199       1200        354
             1006        354       1200       1201        355
             1007        355       1201       1202        356
             1008        356       1202       1203        357
             1009        357       1203       1204        358
             1010        358       1204        214         18
             1011        278        279       1205       1196
             1012       1196       1205       1206       1197
             1013       1197       1206       1207       1198
             1014       1198       1207       1208       1199
             1015       1199       1208       1209       1200
             1016       1200       1209       1210       1201
             1017       1201       1210       1211       1202
             1018       1202       1211       1212       1203
             1019       1203       1212       1213       1204
             1020       1204       1213        213        214
             1021        279        280       1214       1205
             1022       1205       1214       1215       1206
             1023       1206       1215       1216       1207
             1024       1207       1216       1217       1208
             1025       1208       1217       1218       1209
             1026       1209       1218       1219       1210
             1027       1210       1219       1220       1211
             1028       1211       1220       1221       1212
             1029       1212       1221       1222       1213
             1030       1213       1222        212        213
             1031        280        281       1223       1214
             1032       1214       1223       1224       1215
             1033       1215       1224       1225       1216
             1034       1216       1225       1226       1217
             1035       1217       1226       1227       1218
             1036       1218       1227       1228       1219
             1037       1219       1228       1229       1220
             1038       1220       1229       1230       1221
             1039       1221       1230       1231       1222
             1040       1222       1231        211        212
             1041        281        282       1232       1223
             1042       1223       1232       1233       1224
             1043       1224       1233       1234       1225
             1044       1225       1234       1235       1226
             1045       1226       1235       1236       1227
             1046       1227       1236       1237       1228
             1047       1228       1237       1238       1229
             1048       1229       1238       1239       1230
             1049       1230       1239       1240       1231
             1050       1231       1240        210        211
             1051        282        283       1241       1232
             1052       1232       1241       1242       1233
             1053       1233       1242       1243       1234
             1054       1234       1243       1244       1235
             1055       1235       1244       1245       1236
             1056       1236       1245       1246       1237
             1057       1237       1246       1247       1238
             1058       1238       1247       1248       1239
             1059       1239       1248       1249       1240
             1060       1240       1249        209        210
             1061        283        284       1250       1241
             1062       1241       1250       1251       1242
             1063       1242       1251       1252       1243
             1064       1243       1252       1253       1244
             1065       1244       1253       1254       1245
             1066       1245       1254       1255       1246
             1067       1246       1255       1256       1247
             1068       1247       1256       1257       1248
             1069       1248       1257       1258       1249
             1070       1249       1258        208        209
             1071        284        285       1259       1250
             1072       1250       1259       1260       1251
             1073       1251       1260       1261       1252
             1074       1252       1261       1262       1253
             1075       1253       1262       1263       1254
             1076       1254       1263       1264       1255
             1077       1255       1264       1265       1256
             1078       1256       1265       1266       1257
             1079       1257       1266       1267       1258
             1080       1258       1267        207        208
             1081        285        286       1268       1259
             1082       1259       1268       1269       1260
             1083       1260       1269       1270       1261
             1084       1261       1270       1271       1262
             1085       1262       1271       1272       1263
             1086       1263       1272       1273       1264
             1087       1264       1273       1274       1265
             1088       1265       1274       1275       1266
             1089       1266       1275       1276       1267
             1090       1267       1276        206        207
             1091        286         14        197       1268
             1092       1268        197        198       1269
             1093       1269        198        199       1270
             1094       1270        199        200       1271
             1095       1271        200        201       1272
             1096       1272        201        202       1273
             1097       1273        202        203       1274
             1098       1274        203        204       1275
             1099       1275        204        205       1276
             1100       1276        205         19        206
             1101         14        287       1277        197
             1102        197       1277       1278        198
             1103        198       1278       1279        199
             1104        199       1279       1280        200
             1105        200       1280       1281        201
             1106        201       1281       1282        202
             1107        202       1282       1283        203
             1108        203       1283       1284        204
             1109        204       1284       1285        205
             1110        205       1285        305         19
             1111        287        288       1286       1277
             1112       1277       1286       1287       1278
             1113       1278       1287       1288       1279
             1114       1279       1288       1289       1280
             1115       1280       1289       1290       1281
             1116       1281       1290       1291       1282
             1117       1282       1291       1292       1283
             1118       1283       1292       1293       1284
             1119       1284       1293       1294       1285
             1120       1285       1294        306        305
             1121        288        289       1295       1286
             1122       1286       1295       1296       1287
             1123       1287       1296       1297       1288
             1124       1288       1297       1298       1289
             1125       1289       1298       1299       1290
             1126       1290       1299       1300       1291
             1127       1291       1300       1301       1292
             1128       1292       1301       1302       1293
             1129       1293       1302       1303       1294
             1130       1294       1303        307        306
             1131        289        290       1304       1295
             1132       1295       1304       1305       1296
             1133       1296       1305       1306       1297
             1134       1297       1306       1307       1298
             1135       1298       1307       1308       1299
             1136       1299       1308       1309       1300
             1137       1300       1309       1310       1301
             1138       1301       1310       1311       1302
             1139       1302       1311       1312       1303
             1140       1303       1312        308        307
             1141        290        291       1313       1304
             1142       1304       1313       1314       1305
             1143       1305       1314       1315       1306
             1144       1306       1315       1316       1307
             1145       1307       1316       1317       1308
             1146       1308       1317       1318       1309
             1147       1309       1318       1319       1310
             1148       1310       1319       1320       1311
             1149       1311       1320       1321       1312
             1150       1312       1321        309        308
             1151        291        292       1322       1313
             1152       1313       1322       1323       1314
             1153       1314       1323       1324       1315
             1154       1315       1324       1325       1316
             1155       1316       1325       1326       1317
             1156       1317       1326       1327       1318
             1157       1318       1327       1328       1319
             1158       1319       1328       1329       1320
             1159       1320       1329       1330       1321
             1160       1321       1330        310        309
             1161        292        293       1331       1322
             1162       1322       1331       1332       1323
             1163       1323       1332       1333       1324
             1164       1324       1333       1334       1325
             1165       1325       1334       1335       1326
             1166       1326       1335       1336       1327
             1167       1327       1336       1337       1328
             1168       1328       1337       1338       1329
             1169       1329       1338       1339       1330
             1170       1330       1339        311        310
             1171        293        294       1340       1331
             1172       1331       1340       1341       1332
             1173       1332       1341       1342       1333
             1174       1333       1342       1343       1334
             1175       1334       1343       1344       1335
             1176       1335       1344       1345       1336
             1177       1336       1345       1346       1337
             1178       1337       1346       1347       1338
             1179       1338       1347       1348       1339
             1180       1339       1348        312        311
             1181        294        295       1349       1340
             1182       1340       1349       1350       1341
             1183       1341       1350       1351       1342
             1184       1342       1351       1352       1343
             1185       1343       1352       1353       1344
             1186       1344       1353       1354       1345
             1187       1345       1354       1355       1346
             1188       1346       1355       1356       1347
             1189       1347       1356       1357       1348
             1190       1348       1357        313        312
             1191        295         15         80       1349
             1192       1349         80         81       1350
             1193       1350         81         82       1351
             1194       1351         82         83       1352
             1195       1352         83         84       1353
             1196       1353         84         85       1354
             1197       1354         85         86       1355
             1198       1355         86         87       1356
             1199       1356         87         88       1357
             1200       1357         88         20        313
             1201         16        296       1358        142
             1202        142       1358       1359        141
             1203        141       1359       1360        140
             1204        140       1360       1361        139
             1205        139       1361       1362        138
             1206        138       1362       1363        137
             1207        137       1363       1364        136
             1208        136       1364       1365        135
             1209        135       1365       1366        134
             1210        134       1366        133         21
             1211        296        297       1367       1358
             1212       1358       1367       1368       1359
             1213       1359       1368       1369       1360
             1214       1360       1369       1370       1361
             1215       1361       1370       1371       1362
             1216       1362       1371       1372       1363
             1217       1363       1372       1373       1364
             1218       1364       1373       1374       1365
             1219       1365       1374       1375       1366
             1220       1366       1375        132        133
             1221        297        298       1376       1367
             1222       1367       1376       1377       1368
             1223       1368       1377       1378       1369
             1224       1369       1378       1379       1370
             1225       1370       1379       1380       1371
             1226       1371       1380       1381       1372
             1227       1372       1381       1382       1373
             1228       1373       1382       1383       1374
             1229       1374       1383       1384       1375
             1230       1375       1384        131        132
             1231        298        299       1385       1376
             1232       1376       1385       1386       1377
             1233       1377       1386       1387       1378
             1234       1378       1387       1388       1379
             1235       1379       1388       1389       1380
             1236       1380       1389       1390       1381
             1237       1381       1390       1391       1382
             1238       1382       1391       1392       1383
             1239       1383       1392       1393       1384
             1240       1384       1393        130        131
             1241        299        300       1394       1385
             1242       1385       1394       1395       1386
             1243       1386       1395       1396       1387
             1244       1387       1396       1397       1388
             1245       1388       1397       1398       1389
             1246       1389       1398       1399       1390
             1247       1390       1399       1400       1391
             1248       1391       1400       1401       1392
             1249       1392       1401       1402       1393
             1250       1393       1402        129        130
             1251        300        301       1403       1394
             1252       1394       1403       1404       1395
             1253       1395       1404       1405       1396
             1254       1396       1405       1406       1397
             1255       1397       1406       1407       1398
             1256       1398       1407       1408       1399
             1257       1399       1408       1409       1400
             1258       1400       1409       1410       1401
             1259       1401       1410       1411       1402
             1260       1402       1411        128        129
             1261        301        302       1412       1403
             1262       1403       1412       1413       1404
             1263       1404       1413       1414       1405
             1264       1405       1414       1415       1406
             1265       1406       1415       1416       1407
             1266       1407       1416       1417       1408
             1267       1408       1417       1418       1409
             1268       1409       1418       1419       1410
             1269       1410       1419       1420       1411
             1270       1411       1420        127        128
             1271        302        303       1421       1412
             1272       1412       1421       1422       1413
             1273       1413       1422       1423       1414
             1274       1414       1423       1424       1415
             1275       1415       1424       1425       1416
             1276       1416       1425       1426       1417
             1277       1417       1426       1427       1418
             1278       1418       1427       1428       1419
             1279       1419       1428       1429       1420
             1280       1420       1429        126        127
             1281        303        304       1430       1421
             1282       1421       1430       1431       1422
             1283       1422       1431       1432       1423
             1284       1423       1432       1433       1424
             1285       1424       1433       1434       1425
             1286       1425       1434       1435       1426
             1287       1426       1435       1436       1427
             1288       1427       1436       1437       1428
             1289       1428       1437       1438       1429
             1290       1429       1438        125        126
             1291        304         17        323       1430
             1292       1430        323        324       1431
             1293       1431        324        325       1432
             1294       1432        325        326       1433
             1295       1433        326        327       1434
             1296       1434        327        328       1435
             1297       1435        328        329       1436
             1298       1436        329        330       1437
             1299       1437        330        331       1438
             1300       1438        331         22        125
             1301         17        223       1439        323
             1302        323       1439       1440        324
             1303        324       1440       1441        325
             1304        325       1441       1442        326
             1305        326       1442       1443        327
             1306        327       1443       1444        328
             1307        328       1444       1445        329
             1308        329       1445       1446        330
             1309        330       1446       1447        331
             1310        331       1447        124         22
             1311        223        222       1448       1439
             1312       1439       1448       1449       1440
             1313       1440       1449       1450       1441
             1314       1441       1450       1451       1442
             1315       1442       1451       1452       1443
             1316       1443       1452       1453       1444
             1317       1444       1453       1454       1445
             1318       1445       1454       1455       1446
             1319       1446       1455       1456       1447
             1320       1447       1456        123        124
             1321        222        221       1457       1448
             1322       1448       1457       1458       1449
             1323       1449       1458       1459       1450
             1324       1450       1459       1460       1451
             1325       1451       1460       1461       1452
             1326       1452       1461       1462       1453
             1327       1453       1462       1463       1454
             1328       1454       1463       1464       1455
             1329       1455       1464       1465       1456
             1330       1456       1465        122        123
             1331        221        220       1466       1457
             1332       1457       1466       1467       1458
             1333       1458       1467       1468       1459
             1334       1459       1468       1469       1460
             1335       1460       1469       1470       1461
             1336       1461       1470       1471       1462
             1337       1462       1471       1472       1463
             1338       1463       1472       1473       1464
             1339       1464       1473       1474       1465
             1340       1465       1474        121        122
             1341        220        219       1475       1466
             1342       1466       1475       1476       1467
             1343       1467       1476       1477       1468
             1344       1468       1477       1478       1469
             1345       1469       1478       1479       1470
             1346       1470       1479       1480       1471
             1347       1471       1480       1481       1472
             1348       1472       1481       1482       1473
             1349       1473       1482       1483       1474
             1350       1474       1483        120        121
             1351        219        218       1484       1475
             1352       1475       1484       1485       1476
             1353       1476       1485       1486       1477
             1354       1477       1486       1487       1478
             1355       1478       1487       1488       1479
             1356       1479       1488       1489       1480
             1357       1480       1489       1490       1481
             1358       1481       1490       1491       1482
             1359       1482       1491       1492       1483
             1360       1483       1492        119        120
             1361        218        217       1493       1484
             1362       1484       1493       1494       1485
             1363       1485       1494       1495       1486
             1364       1486       1495       1496       1487
             1365       1487       1496       1497       1488
             1366       1488       1497       1498       1489
             1367       1489       1498       1499       1490
             1368       1490       1499       1500       1491
             1369       1491       1500       1501       1492
             1370       1492       1501        118        119
             1371        217        216       1502       1493
             1372       1493       1502       1503       1494
             1373       1494       1503       1504       1495
             1374       1495       1504       1505       1496
             1375       1496       1505       1506       1497
             1376       1497       1506       1507       1498
             1377       1498       1507       1508       1499
             1378       1499       1508       1509       1500
             1379       1500       1509       1510       1501
             1380       1501       1510        117        118
             1381        216        215       1511       1502
             1382       1502       1511       1512       1503
             1383       1503       1512       1513       1504
             1384       1504       1513       1514       1505
             1385       1505       1514       1515       1506
             1386       1506       1515       1516       1507
             1387       1507       1516       1517       1508
             1388       1508       1517       1518       1509
             1389       1509       1518       1519       1510
             1390       1510       1519        116        117
             1391        215         18        359       1511
             1392       1511        359        360       1512
             1393       1512        360        361       1513
             1394       1513        361        362       1514
             1395       1514        362        363       1515
             1396       1515        363        364       1516
             1397       1516        364        365       1517
             1398       1517        365        366       1518
             1399       1518        366        367       1519
             1400       1519        367         23        116
             1401         18        214       1520        359
             1402        359       1520       1521        360
             1403        360       1521       1522        361
             1404        361       1522       1523        362
             1405        362       1523       1524        363
             1406        363       1524       1525        364
             1407        364       1525       1526        365
             1408        365       1526       1527        366
             1409        366       1527       1528        367
             1410        367       1528        115         23
             1411        214        213       1529       1520
             1412       1520       1529       1530       1521
             1413       1521       1530       1531       1522
             1414       1522       1531       1532       1523
             1415       1523       1532       1533       1524
             1416       1524       1533       1534       1525
             1417       1525       1534       1535       1526
             1418       1526       1535       1536       1527
             1419       1527       1536       1537       1528
             1420       1528       1537        114        115
             1421        213        212       1538       1529
             1422       1529       1538       1539       1530
             1423       1530       1539       1540       1531
             1424       1531       1540       1541       1532
             1425       1532       1541       1542       1533
             1426       1533       1542       1543       1534
             1427       1534       1543       1544       1535
             1428       1535       1544       1545       1536
             1429       1536       1545       1546       1537
             1430       1537       1546        113        114
             1431        212        211       1547       1538
             1432       1538       1547       1548       1539
             1433       1539       1548       1549       1540
             1434       1540       1549       1550       1541
             1435       1541       1550       1551       1542
             1436       1542       1551       1552       1543
             1437       1543       1552       1553       1544
             1438       1544       1553       1554       1545
             1439       1545       1554       1555       1546
             1440       1546       1555        112        113
             1441        211        210       1556       1547
             1442       1547       1556       1557       1548
             1443       1548       1557       1558       1549
             1444       1549       1558       1559       1550
             1445       1550       1559       1560       1551
             1446       1551       1560       1561       1552
             1447       1552       1561       1562       1553
             1448       1553       1562       1563       1554
             1449       1554       1563       1564       1555
             1450       1555       1564        111        112
             1451        210        209       1565       1556
             1452       1556       1565       1566       1557
             1453       1557       1566       1567       1558
             1454       1558       1567       1568       1559
             1455       1559       1568       1569       1560
             1456       1560       1569       1570       1561
             1457       1561       1570       1571       1562
             1458       1562       1571       1572       1563
             1459       1563       1572       1573       1564
             1460       1564       1573        110        111
             1461        209        208       1574       1565
             1462       1565       1574       1575       1566
             1463       1566       1575       1576       1567
             1464       1567       1576       1577       1568
             1465       1568       1577       1578       1569
             1466       1569       1578       1579       1570
             1467       1570       1579       1580       1571
             1468       1571       1580       1581       1572
             1469       1572       1581       1582       1573
             1470       1573       1582        109        110
             1471        208        207       1583       1574
             1472       1574       1583       1584       1575
             1473       1575       1584       1585       1576
             1474       1576       1585       1586       1577
             1475       1577       1586       1587       1578
             1476       1578       1587       1588       1579
             1477       1579       1588       1589       1580
             1478       1580       1589       1590       1581
             1479       1581       1590       1591       1582
             1480       1582       1591        108        109
             1481        207        206       1592       1583
             1482       1583       1592       1593       1584
             1483       1584       1593       1594       1585
             1484       1585       1594       1595       1586
             1485       1586       1595       1596       1587
             1486       1587       1596       1597       1588
             1487       1588       1597       1598       1589
             1488       1589       1598       1599       1590
             1489       1590       1599       1600       1591
             1490       1591       1600        107        108
             1491        206         19        377       1592
             1492       1592        377        378       1593
             1493       1593        378        379       1594
             1494       1594        379        380       1595
             1495       1595        380        381       1596
             1496       1596        381        382       1597
             1497       1597        382        383       1598
             1498       1598        383        384       1599
             1499       1599        384        385       1600
             1500       1600        385         24        107
             1501         19        305       1601        377
             1502        377       1601       1602        378
             1503        378       1602       1603        379
             1504        379       1603       1604        380
             1505        380       1604       1605        381
             1506        381       1605       1606        382
             1507        382       1606       1607        383
             1508        383       1607       1608        384
             1509        384       1608       1609        385
             1510        385       1609        106         24
             1511        305        306       1610       1601
             1512       1601       1610       1611       1602
             1513       1602       1611       1612       1603
             1514       1603       1612       1613       1604
             1515       1604       1613       1614       1605
             1516       1605       1614       1615       1606
             1517       1606       1615       1616       1607
             1518       1607       1616       1617       1608
             1519       1608       1617       1618       1609
             1520       1609       1618        105        106
             1521        306        307       1619       1610
             1522       1610       1619       1620       1611
             1523       1611       1620       1621       1612
             1524       1612       1621       1622       1613
             1525       1613       1622       1623       1614
             1526       1614       1623       1624       1615
             1527       1615       1624       1625       1616
             1528       1616       1625       1626       1617
             1529       1617       1626       1627       1618
             1530       1618       1627        104        105
             1531        307        308       1628       1619
             1532       1619       1628       1629       1620
             1533       1620       1629       1630       1621
             1534       1621       1630       1631       1622
             1535       1622       1631       1632       1623
             1536       1623       1632       1633       1624
             1537       1624       1633       1634       1625
             1538       1625       1634       1635       1626
             1539       1626       1635       1636       1627
             1540       1627       1636        103        104
             1541        308        309       1637       1628
             1542       1628       1637       1638       1629
             1543       1629       1638       1639       1630
             1544       1630       1639       1640       1631
             1545       1631       1640       1641       1632
             1546       1632       1641       1642       1633
             1547       1633       1642       1643       1634
             1548       1634       1643       1644       1635
             1549       1635       1644       1645       1636
             1550       1636       1645        102        103
             1551        309        310       1646       1637
             1552       1637       1646       1647       1638
             1553       1638       1647       1648       1639
             1554       1639       1648       1649       1640
             1555       1640       1649       1650       1641
             1556       1641       1650       1651       1642
             1557       1642       1651       1652       1643
             1558       1643       1652       1653       1644
             1559       1644       1653       1654       1645
             1560       1645       1654        101        102
             1561        310        311       1655       1646
             1562       1646       1655       1656       1647
             1563       1647       1656       1657       1648
             1564       1648       1657       1658       1649
             1565       1649       1658       1659       1650
             1566       1650       1659       1660       1651
             1567       1651       1660       1661       1652
             1568       1652       1661       1662       1653
             1569       1653       1662       1663       1654
             1570       1654       1663        100        101
             1571        311        312       1664       1655
             1572       1655       1664       1665       1656
             1573       1656       1665       1666       1657
             1574       1657       1666       1667       1658
             1575       1658       1667       1668       1659
             1576       1659       1668       1669       1660
             1577       1660       1669       1670       1661
             1578       1661       1670       1671       1662
             1579       1662       1671       1672       1663
             1580       1663       1672         99        100
             1581        312        313       1673       1664
             1582       1664       1673       1674       1665
             1583       1665       1674       1675       1666
             1584       1666       1675       1676       1667
             1585       1667       1676       1677       1668
             1586       1668       1677       1678       1669
             1587       1669       1678       1679       1670
             1588       1670       1679       1680       1671
             1589       1671       1680       1681       1672
             1590       1672       1681         98         99
             1591        313         20         89       1673
             1592       1673         89         90       1674
             1593       1674         90         91       1675
             1594       1675         91         92       1676
             1595       1676         92         93       1677
             1596       1677         93         94       1678
             1597       1678         94         95       1679
             1598       1679         95         96       1680
             1599       1680         96         97       1681
             1600       1681         97         25         98
      $ELEMENT TYPE = MASS3 ESET = M
             1601       1682
             1602       1683
             1603       1684
             1604       1685
             1605       1686
      $ELEMENT TYPE = SPRING1 ESET = K
             1606         13       1684
             1607         14       1685
             1608         18       1686
             1609         12       1683
             1610          8       1682
      $ELEMENT TYPE = DAMP1  ESET = C
             1611         13       1684
             1612         14       1685
             1613         18       1686
             1614         12       1683
             1615          8       1682

!
      $LINE GEO  LNID = EDGES
       SFLA2          1         26
       SFLA2          1        169
       SFLA2         34          2
       SFLA2          2         35
       SFLA2         43          3
       SFLA2          3         44
       SFLA2         52          4
       SFLA2          4         53
       SFLA2         61          5
       SFLA2          5         62
       SFLA2          6        160
       SFLA2        161          6
       SFLA2         70         10
       SFLA2         10         71
       SFLA2         11        151
       SFLA2        152         11
       SFLA2         79         15
       SFLA2         15         80
       SFLA2         16        142
       SFLA2        143         16
       SFLA2         88         20
       SFLA2         20         89
       SFLA2        133         21
       SFLA2        134         21
       SFLA2        124         22
       SFLA2         22        125
       SFLA2        115         23
       SFLA2         23        116
       SFLA2        106         24
       SFLA2         24        107
       SFLA2         97         25
       SFLA2         25         98
       SFLA2         26         27
       SFLA2         27         28
       SFLA2         28         29
       SFLA2         29         30
       SFLA2         30         31
       SFLA2         31         32
       SFLA2         32         33
       SFLA2         33         34
       SFLA2         35         36
       SFLA2         36         37
       SFLA2         37         38
       SFLA2         38         39
       SFLA2         39         40
       SFLA2         40         41
       SFLA2         41         42
       SFLA2         42         43
       SFLA2         44         45
       SFLA2         45         46
       SFLA2         46         47
       SFLA2         47         48
       SFLA2         48         49
       SFLA2         49         50
       SFLA2         50         51
       SFLA2         51         52
       SFLA2         53         54
       SFLA2         54         55
       SFLA2         55         56
       SFLA2         56         57
       SFLA2         57         58
       SFLA2         58         59
       SFLA2         59         60
       SFLA2         60         61
       SFLA2         62         63
       SFLA2         63         64
       SFLA2         64         65
       SFLA2         65         66
       SFLA2         66         67
       SFLA2         67         68
       SFLA2         68         69
       SFLA2         69         70
       SFLA2         71         72
       SFLA2         72         73
       SFLA2         73         74
       SFLA2         74         75
       SFLA2         75         76
       SFLA2         76         77
       SFLA2         77         78
       SFLA2         78         79
       SFLA2         80         81
       SFLA2         81         82
       SFLA2         82         83
       SFLA2         83         84
       SFLA2         84         85
       SFLA2         85         86
       SFLA2         86         87
       SFLA2         87         88
       SFLA2         89         90
       SFLA2         90         91
       SFLA2         91         92
       SFLA2         92         93
       SFLA2         93         94
       SFLA2         94         95
       SFLA2         95         96
       SFLA2         96         97
       SFLA2         98         99
       SFLA2         99        100
       SFLA2        100        101
       SFLA2        101        102
       SFLA2        102        103
       SFLA2        103        104
       SFLA2        104        105
       SFLA2        105        106
       SFLA2        107        108
       SFLA2        108        109
       SFLA2        109        110
       SFLA2        110        111
       SFLA2        111        112
       SFLA2        112        113
       SFLA2        113        114
       SFLA2        114        115
       SFLA2        116        117
       SFLA2        117        118
       SFLA2        118        119
       SFLA2        119        120
       SFLA2        120        121
       SFLA2        121        122
       SFLA2        122        123
       SFLA2        123        124
       SFLA2        125        126
       SFLA2        126        127
       SFLA2        127        128
       SFLA2        128        129
       SFLA2        129        130
       SFLA2        130        131
       SFLA2        131        132
       SFLA2        132        133
       SFLA2        135        134
       SFLA2        136        135
       SFLA2        137        136
       SFLA2        138        137
       SFLA2        139        138
       SFLA2        140        139
       SFLA2        141        140
       SFLA2        142        141
       SFLA2        144        143
       SFLA2        145        144
       SFLA2        146        145
       SFLA2        147        146
       SFLA2        148        147
       SFLA2        149        148
       SFLA2        150        149
       SFLA2        151        150
       SFLA2        153        152
       SFLA2        154        153
       SFLA2        155        154
       SFLA2        156        155
       SFLA2        157        156
       SFLA2        158        157
       SFLA2        159        158
       SFLA2        160        159
       SFLA2        162        161
       SFLA2        163        162
       SFLA2        164        163
       SFLA2        165        164
       SFLA2        166        165
       SFLA2        167        166
       SFLA2        168        167
       SFLA2        169        168
!

      $NSET NAME = TMD
             1682       1683       1684       1685       1686
!
      $ESET NAME = PLATE
                1          2          3          4          5          6          7          8          9         10         11         12         13         14
               15         16         17         18         19         20         21         22         23         24         25         26         27         28
               29         30         31         32         33         34         35         36         37         38         39         40         41         42
               43         44         45         46         47         48         49         50         51         52         53         54         55         56
               57         58         59         60         61         62         63         64         65         66         67         68         69         70
               71         72         73         74         75         76         77         78         79         80         81         82         83         84
               85         86         87         88         89         90         91         92         93         94         95         96         97         98
               99        100        101        102        103        104        105        106        107        108        109        110        111        112
              113        114        115        116        117        118        119        120        121        122        123        124        125        126
              127        128        129        130        131        132        133        134        135        136        137        138        139        140
              141        142        143        144        145        146        147        148        149        150        151        152        153        154
              155        156        157        158        159        160        161        162        163        164        165        166        167        168
              169        170        171        172        173        174        175        176        177        178        179        180        181        182
              183        184        185        186        187        188        189        190        191        192        193        194        195        196
              197        198        199        200        201        202        203        204        205        206        207        208        209        210
              211        212        213        214        215        216        217        218        219        220        221        222        223        224
              225        226        227        228        229        230        231        232        233        234        235        236        237        238
              239        240        241        242        243        244        245        246        247        248        249        250        251        252
              253        254        255        256        257        258        259        260        261        262        263        264        265        266
              267        268        269        270        271        272        273        274        275        276        277        278        279        280
              281        282        283        284        285        286        287        288        289        290        291        292        293        294
              295        296        297        298        299        300        301        302        303        304        305        306        307        308
              309        310        311        312        313        314        315        316        317        318        319        320        321        322
              323        324        325        326        327        328        329        330        331        332        333        334        335        336
              337        338        339        340        341        342        343        344        345        346        347        348        349        350
              351        352        353        354        355        356        357        358        359        360        361        362        363        364
              365        366        367        368        369        370        371        372        373        374        375        376        377        378
              379        380        381        382        383        384        385        386        387        388        389        390        391        392
              393        394        395        396        397        398        399        400        401        402        403        404        405        406
              407        408        409        410        411        412        413        414        415        416        417        418        419        420
              421        422        423        424        425        426        427        428        429        430        431        432        433        434
              435        436        437        438        439        440        441        442        443        444        445        446        447        448
              449        450        451        452        453        454        455        456        457        458        459        460        461        462
              463        464        465        466        467        468        469        470        471        472        473        474        475        476
              477        478        479        480        481        482        483        484        485        486        487        488        489        490
              491        492        493        494        495        496        497        498        499        500        501        502        503        504
              505        506        507        508        509        510        511        512        513        514        515        516        517        518
              519        520        521        522        523        524        525        526        527        528        529        530        531        532
              533        534        535        536        537        538        539        540        541        542        543        544        545        546
              547        548        549        550        551        552        553        554        555        556        557        558        559        560
              561        562        563        564        565        566        567        568        569        570        571        572        573        574
              575        576        577        578        579        580        581        582        583        584        585        586        587        588
              589        590        591        592        593        594        595        596        597        598        599        600        601        602
              603        604        605        606        607        608        609        610        611        612        613        614        615        616
              617        618        619        620        621        622        623        624        625        626        627        628        629        630
              631        632        633        634        635        636        637        638        639        640        641        642        643        644
              645        646        647        648        649        650        651        652        653        654        655        656        657        658
              659        660        661        662        663        664        665        666        667        668        669        670        671        672
              673        674        675        676        677        678        679        680        681        682        683        684        685        686
              687        688        689        690        691        692        693        694        695        696        697        698        699        700
              701        702        703        704        705        706        707        708        709        710        711        712        713        714
              715        716        717        718        719        720        721        722        723        724        725        726        727        728
              729        730        731        732        733        734        735        736        737        738        739        740        741        742
              743        744        745        746        747        748        749        750        751        752        753        754        755        756
              757        758        759        760        761        762        763        764        765        766        767        768        769        770
              771        772        773        774        775        776        777        778        779        780        781        782        783        784
              785        786        787        788        789        790        791        792        793        794        795        796        797        798
              799        800        801        802        803        804        805        806        807        808        809        810        811        812
              813        814        815        816        817        818        819        820        821        822        823        824        825        826
              827        828        829        830        831        832        833        834        835        836        837        838        839        840
              841        842        843        844        845        846        847        848        849        850        851        852        853        854
              855        856        857        858        859        860        861        862        863        864        865        866        867        868
              869        870        871        872        873        874        875        876        877        878        879        880        881        882
              883        884        885        886        887        888        889        890        891        892        893        894        895        896
              897        898        899        900        901        902        903        904        905        906        907        908        909        910
              911        912        913        914        915        916        917        918        919        920        921        922        923        924
              925        926        927        928        929        930        931        932        933        934        935        936        937        938
              939        940        941        942        943        944        945        946        947        948        949        950        951        952
              953        954        955        956        957        958        959        960        961        962        963        964        965        966
              967        968        969        970        971        972        973        974        975        976        977        978        979        980
              981        982        983        984        985        986        987        988        989        990        991        992        993        994
              995        996        997        998        999       1000       1001       1002       1003       1004       1005       1006       1007       1008
             1009       1010       1011       1012       1013       1014       1015       1016       1017       1018       1019       1020       1021       1022
             1023       1024       1025       1026       1027       1028       1029       1030       1031       1032       1033       1034       1035       1036
             1037       1038       1039       1040       1041       1042       1043       1044       1045       1046       1047       1048       1049       1050
             1051       1052       1053       1054       1055       1056       1057       1058       1059       1060       1061       1062       1063       1064
             1065       1066       1067       1068       1069       1070       1071       1072       1073       1074       1075       1076       1077       1078
             1079       1080       1081       1082       1083       1084       1085       1086       1087       1088       1089       1090       1091       1092
             1093       1094       1095       1096       1097       1098       1099       1100       1101       1102       1103       1104       1105       1106
             1107       1108       1109       1110       1111       1112       1113       1114       1115       1116       1117       1118       1119       1120
             1121       1122       1123       1124       1125       1126       1127       1128       1129       1130       1131       1132       1133       1134
             1135       1136       1137       1138       1139       1140       1141       1142       1143       1144       1145       1146       1147       1148
             1149       1150       1151       1152       1153       1154       1155       1156       1157       1158       1159       1160       1161       1162
             1163       1164       1165       1166       1167       1168       1169       1170       1171       1172       1173       1174       1175       1176
             1177       1178       1179       1180       1181       1182       1183       1184       1185       1186       1187       1188       1189       1190
             1191       1192       1193       1194       1195       1196       1197       1198       1199       1200       1201       1202       1203       1204
             1205       1206       1207       1208       1209       1210       1211       1212       1213       1214       1215       1216       1217       1218
             1219       1220       1221       1222       1223       1224       1225       1226       1227       1228       1229       1230       1231       1232
             1233       1234       1235       1236       1237       1238       1239       1240       1241       1242       1243       1244       1245       1246
             1247       1248       1249       1250       1251       1252       1253       1254       1255       1256       1257       1258       1259       1260
             1261       1262       1263       1264       1265       1266       1267       1268       1269       1270       1271       1272       1273       1274
             1275       1276       1277       1278       1279       1280       1281       1282       1283       1284       1285       1286       1287       1288
             1289       1290       1291       1292       1293       1294       1295       1296       1297       1298       1299       1300       1301       1302
             1303       1304       1305       1306       1307       1308       1309       1310       1311       1312       1313       1314       1315       1316
             1317       1318       1319       1320       1321       1322       1323       1324       1325       1326       1327       1328       1329       1330
             1331       1332       1333       1334       1335       1336       1337       1338       1339       1340       1341       1342       1343       1344
             1345       1346       1347       1348       1349       1350       1351       1352       1353       1354       1355       1356       1357       1358
             1359       1360       1361       1362       1363       1364       1365       1366       1367       1368       1369       1370       1371       1372
             1373       1374       1375       1376       1377       1378       1379       1380       1381       1382       1383       1384       1385       1386
             1387       1388       1389       1390       1391       1392       1393       1394       1395       1396       1397       1398       1399       1400
             1401       1402       1403       1404       1405       1406       1407       1408       1409       1410       1411       1412       1413       1414
             1415       1416       1417       1418       1419       1420       1421       1422       1423       1424       1425       1426       1427       1428
             1429       1430       1431       1432       1433       1434       1435       1436       1437       1438       1439       1440       1441       1442
             1443       1444       1445       1446       1447       1448       1449       1450       1451       1452       1453       1454       1455       1456
             1457       1458       1459       1460       1461       1462       1463       1464       1465       1466       1467       1468       1469       1470
             1471       1472       1473       1474       1475       1476       1477       1478       1479       1480       1481       1482       1483       1484
             1485       1486       1487       1488       1489       1490       1491       1492       1493       1494       1495       1496       1497       1498
             1499       1500       1501       1502       1503       1504       1505       1506       1507       1508       1509       1510       1511       1512
             1513       1514       1515       1516       1517       1518       1519       1520       1521       1522       1523       1524       1525       1526
             1527       1528       1529       1530       1531       1532       1533       1534       1535       1536       1537       1538       1539       1540
             1541       1542       1543       1544       1545       1546       1547       1548       1549       1550       1551       1552       1553       1554
             1555       1556       1557       1558       1559       1560       1561       1562       1563       1564       1565       1566       1567       1568
             1569       1570       1571       1572       1573       1574       1575       1576       1577       1578       1579       1580       1581       1582
             1583       1584       1585       1586       1587       1588       1589       1590       1591       1592       1593       1594       1595       1596
             1597       1598       1599       1600
      $ESET NAME = SURFACE1
                1          2          3          4          5          6          7          8          9         10         11         12         13         14
               15         16         17         18         19         20         21         22         23         24         25         26         27         28
               29         30         31         32         33         34         35         36         37         38         39         40         41         42
               43         44         45         46         47         48         49         50         51         52         53         54         55         56
               57         58         59         60         61         62         63         64         65         66         67         68         69         70
               71         72         73         74         75         76         77         78         79         80         81         82         83         84
               85         86         87         88         89         90         91         92         93         94         95         96         97         98
               99        100
      $ESET NAME = SURFACE2
              101        102        103        104        105        106        107        108        109        110        111        112        113        114
              115        116        117        118        119        120        121        122        123        124        125        126        127        128
              129        130        131        132        133        134        135        136        137        138        139        140        141        142
              143        144        145        146        147        148        149        150        151        152        153        154        155        156
              157        158        159        160        161        162        163        164        165        166        167        168        169        170
              171        172        173        174        175        176        177        178        179        180        181        182        183        184
              185        186        187        188        189        190        191        192        193        194        195        196        197        198
              199        200
      $ESET NAME = SURFACE3
              201        202        203        204        205        206        207        208        209        210        211        212        213        214
              215        216        217        218        219        220        221        222        223        224        225        226        227        228
              229        230        231        232        233        234        235        236        237        238        239        240        241        242
              243        244        245        246        247        248        249        250        251        252        253        254        255        256
              257        258        259        260        261        262        263        264        265        266        267        268        269        270
              271        272        273        274        275        276        277        278        279        280        281        282        283        284
              285        286        287        288        289        290        291        292        293        294        295        296        297        298
              299        300
      $ESET NAME = SURFACE4
              301        302        303        304        305        306        307        308        309        310        311        312        313        314
              315        316        317        318        319        320        321        322        323        324        325        326        327        328
              329        330        331        332        333        334        335        336        337        338        339        340        341        342
              343        344        345        346        347        348        349        350        351        352        353        354        355        356
              357        358        359        360        361        362        363        364        365        366        367        368        369        370
              371        372        373        374        375        376        377        378        379        380        381        382        383        384
              385        386        387        388        389        390        391        392        393        394        395        396        397        398
              399        400
      $ESET NAME = SURFACE5
              401        402        403        404        405        406        407        408        409        410        411        412        413        414
              415        416        417        418        419        420        421        422        423        424        425        426        427        428
              429        430        431        432        433        434        435        436        437        438        439        440        441        442
              443        444        445        446        447        448        449        450        451        452        453        454        455        456
              457        458        459        460        461        462        463        464        465        466        467        468        469        470
              471        472        473        474        475        476        477        478        479        480        481        482        483        484
              485        486        487        488        489        490        491        492        493        494        495        496        497        498
              499        500
      $ESET NAME = SURFACE6
              501        502        503        504        505        506        507        508        509        510        511        512        513        514
              515        516        517        518        519        520        521        522        523        524        525        526        527        528
              529        530        531        532        533        534        535        536        537        538        539        540        541        542
              543        544        545        546        547        548        549        550        551        552        553        554        555        556
              557        558        559        560        561        562        563        564        565        566        567        568        569        570
              571        572        573        574        575        576        577        578        579        580        581        582        583        584
              585        586        587        588        589        590        591        592        593        594        595        596        597        598
              599        600
      $ESET NAME = SURFACE7
              601        602        603        604        605        606        607        608        609        610        611        612        613        614
              615        616        617        618        619        620        621        622        623        624        625        626        627        628
              629        630        631        632        633        634        635        636        637        638        639        640        641        642
              643        644        645        646        647        648        649        650        651        652        653        654        655        656
              657        658        659        660        661        662        663        664        665        666        667        668        669        670
              671        672        673        674        675        676        677        678        679        680        681        682        683        684
              685        686        687        688        689        690        691        692        693        694        695        696        697        698
              699        700
      $ESET NAME = SURFACE8
              701        702        703        704        705        706        707        708        709        710        711        712        713        714
              715        716        717        718        719        720        721        722        723        724        725        726        727        728
              729        730        731        732        733        734        735        736        737        738        739        740        741        742
              743        744        745        746        747        748        749        750        751        752        753        754        755        756
              757        758        759        760        761        762        763        764        765        766        767        768        769        770
              771        772        773        774        775        776        777        778        779        780        781        782        783        784
              785        786        787        788        789        790        791        792        793        794        795        796        797        798
              799        800
      $ESET NAME = SURFACE9
              801        802        803        804        805        806        807        808        809        810        811        812        813        814
              815        816        817        818        819        820        821        822        823        824        825        826        827        828
              829        830        831        832        833        834        835        836        837        838        839        840        841        842
              843        844        845        846        847        848        849        850        851        852        853        854        855        856
              857        858        859        860        861        862        863        864        865        866        867        868        869        870
              871        872        873        874        875        876        877        878        879        880        881        882        883        884
              885        886        887        888        889        890        891        892        893        894        895        896        897        898
              899        900
      $ESET NAME = SURFACE10
              901        902        903        904        905        906        907        908        909        910        911        912        913        914
              915        916        917        918        919        920        921        922        923        924        925        926        927        928
              929        930        931        932        933        934        935        936        937        938        939        940        941        942
              943        944        945        946        947        948        949        950        951        952        953        954        955        956
              957        958        959        960        961        962        963        964        965        966        967        968        969        970
              971        972        973        974        975        976        977        978        979        980        981        982        983        984
              985        986        987        988        989        990        991        992        993        994        995        996        997        998
              999       1000
      $ESET NAME = SURFACE11
             1001       1002       1003       1004       1005       1006       1007       1008       1009       1010       1011       1012       1013       1014
             1015       1016       1017       1018       1019       1020       1021       1022       1023       1024       1025       1026       1027       1028
             1029       1030       1031       1032       1033       1034       1035       1036       1037       1038       1039       1040       1041       1042
             1043       1044       1045       1046       1047       1048       1049       1050       1051       1052       1053       1054       1055       1056
             1057       1058       1059       1060       1061       1062       1063       1064       1065       1066       1067       1068       1069       1070
             1071       1072       1073       1074       1075       1076       1077       1078       1079       1080       1081       1082       1083       1084
             1085       1086       1087       1088       1089       1090       1091       1092       1093       1094       1095       1096       1097       1098
             1099       1100
      $ESET NAME = SURFACE12
             1101       1102       1103       1104       1105       1106       1107       1108       1109       1110       1111       1112       1113       1114
             1115       1116       1117       1118       1119       1120       1121       1122       1123       1124       1125       1126       1127       1128
             1129       1130       1131       1132       1133       1134       1135       1136       1137       1138       1139       1140       1141       1142
             1143       1144       1145       1146       1147       1148       1149       1150       1151       1152       1153       1154       1155       1156
             1157       1158       1159       1160       1161       1162       1163       1164       1165       1166       1167       1168       1169       1170
             1171       1172       1173       1174       1175       1176       1177       1178       1179       1180       1181       1182       1183       1184
             1185       1186       1187       1188       1189       1190       1191       1192       1193       1194       1195       1196       1197       1198
             1199       1200
      $ESET NAME = SURFACE13
             1201       1202       1203       1204       1205       1206       1207       1208       1209       1210       1211       1212       1213       1214
             1215       1216       1217       1218       1219       1220       1221       1222       1223       1224       1225       1226       1227       1228
             1229       1230       1231       1232       1233       1234       1235       1236       1237       1238       1239       1240       1241       1242
             1243       1244       1245       1246       1247       1248       1249       1250       1251       1252       1253       1254       1255       1256
             1257       1258       1259       1260       1261       1262       1263       1264       1265       1266       1267       1268       1269       1270
             1271       1272       1273       1274       1275       1276       1277       1278       1279       1280       1281       1282       1283       1284
             1285       1286       1287       1288       1289       1290       1291       1292       1293       1294       1295       1296       1297       1298
             1299       1300
      $ESET NAME = SURFACE14
             1301       1302       1303       1304       1305       1306       1307       1308       1309       1310       1311       1312       1313       1314
             1315       1316       1317       1318       1319       1320       1321       1322       1323       1324       1325       1326       1327       1328
             1329       1330       1331       1332       1333       1334       1335       1336       1337       1338       1339       1340       1341       1342
             1343       1344       1345       1346       1347       1348       1349       1350       1351       1352       1353       1354       1355       1356
             1357       1358       1359       1360       1361       1362       1363       1364       1365       1366       1367       1368       1369       1370
             1371       1372       1373       1374       1375       1376       1377       1378       1379       1380       1381       1382       1383       1384
             1385       1386       1387       1388       1389       1390       1391       1392       1393       1394       1395       1396       1397       1398
             1399       1400
      $ESET NAME = SURFACE15
             1401       1402       1403       1404       1405       1406       1407       1408       1409       1410       1411       1412       1413       1414
             1415       1416       1417       1418       1419       1420       1421       1422       1423       1424       1425       1426       1427       1428
             1429       1430       1431       1432       1433       1434       1435       1436       1437       1438       1439       1440       1441       1442
             1443       1444       1445       1446       1447       1448       1449       1450       1451       1452       1453       1454       1455       1456
             1457       1458       1459       1460       1461       1462       1463       1464       1465       1466       1467       1468       1469       1470
             1471       1472       1473       1474       1475       1476       1477       1478       1479       1480       1481       1482       1483       1484
             1485       1486       1487       1488       1489       1490       1491       1492       1493       1494       1495       1496       1497       1498
             1499       1500
      $ESET NAME = SURFACE16
             1501       1502       1503       1504       1505       1506       1507       1508       1509       1510       1511       1512       1513       1514
             1515       1516       1517       1518       1519       1520       1521       1522       1523       1524       1525       1526       1527       1528
             1529       1530       1531       1532       1533       1534       1535       1536       1537       1538       1539       1540       1541       1542
             1543       1544       1545       1546       1547       1548       1549       1550       1551       1552       1553       1554       1555       1556
             1557       1558       1559       1560       1561       1562       1563       1564       1565       1566       1567       1568       1569       1570
             1571       1572       1573       1574       1575       1576       1577       1578       1579       1580       1581       1582       1583       1584
             1585       1586       1587       1588       1589       1590       1591       1592       1593       1594       1595       1596       1597       1598
             1599       1600
!
      $COOR
                1  0.000000E+00  0.000000E+00  0.000000E+00
                2  2.500000E-01  0.000000E+00  0.000000E+00
                3  5.000000E-01  0.000000E+00  0.000000E+00
                4  7.500000E-01  0.000000E+00  0.000000E+00
                5  1.000000E+00  0.000000E+00  0.000000E+00
                6  0.000000E+00  2.500000E-01  0.000000E+00
                7  2.500000E-01  2.500000E-01  0.000000E+00
                8  5.000000E-01  2.500000E-01  0.000000E+00
                9  7.500000E-01  2.500000E-01  0.000000E+00
               10  1.000000E+00  2.500000E-01  0.000000E+00
               11  0.000000E+00  5.000000E-01  0.000000E+00
               12  2.500000E-01  5.000000E-01  0.000000E+00
               13  5.000000E-01  5.000000E-01  0.000000E+00
               14  7.500000E-01  5.000000E-01  0.000000E+00
               15  1.000000E+00  5.000000E-01  0.000000E+00
               16  0.000000E+00  7.500000E-01  0.000000E+00
               17  2.500000E-01  7.500000E-01  0.000000E+00
               18  5.000000E-01  7.500000E-01  0.000000E+00
               19  7.500000E-01  7.500000E-01  0.000000E+00
               20  1.000000E+00  7.500000E-01  0.000000E+00
               21  0.000000E+00  1.000000E+00  0.000000E+00
               22  2.500000E-01  1.000000E+00  0.000000E+00
               23  5.000000E-01  1.000000E+00  0.000000E+00
               24  7.500000E-01  1.000000E+00  0.000000E+00
               25  1.000000E+00  1.000000E+00  0.000000E+00
               26  2.500000E-02  0.000000E+00  0.000000E+00
               27  5.000000E-02  0.000000E+00  0.000000E+00
               28  7.500000E-02  0.000000E+00  0.000000E+00
               29  1.000000E-01  0.000000E+00  0.000000E+00
               30  1.250000E-01  0.000000E+00  0.000000E+00
               31  1.500000E-01  0.000000E+00  0.000000E+00
               32  1.750000E-01  0.000000E+00  0.000000E+00
               33  2.000000E-01  0.000000E+00  0.000000E+00
               34  2.250000E-01  0.000000E+00  0.000000E+00
               35  2.750000E-01  0.000000E+00  0.000000E+00
               36  3.000000E-01  0.000000E+00  0.000000E+00
               37  3.250000E-01  0.000000E+00  0.000000E+00
               38  3.500000E-01  0.000000E+00  0.000000E+00
               39  3.750000E-01  0.000000E+00  0.000000E+00
               40  4.000000E-01  0.000000E+00  0.000000E+00
               41  4.250000E-01  0.000000E+00  0.000000E+00
               42  4.500000E-01  0.000000E+00  0.000000E+00
               43  4.750000E-01  0.000000E+00  0.000000E+00
               44  5.250000E-01  0.000000E+00  0.000000E+00
               45  5.500000E-01  0.000000E+00  0.000000E+00
               46  5.750000E-01  0.000000E+00  0.000000E+00
               47  6.000000E-01  0.000000E+00  0.000000E+00
               48  6.250000E-01  0.000000E+00  0.000000E+00
               49  6.500000E-01  0.000000E+00  0.000000E+00
               50  6.750000E-01  0.000000E+00  0.000000E+00
               51  7.000000E-01  0.000000E+00  0.000000E+00
               52  7.250000E-01  0.000000E+00  0.000000E+00
               53  7.750000E-01  0.000000E+00  0.000000E+00
               54  8.000000E-01  0.000000E+00  0.000000E+00
               55  8.250000E-01  0.000000E+00  0.000000E+00
               56  8.500000E-01  0.000000E+00  0.000000E+00
               57  8.750000E-01  0.000000E+00  0.000000E+00
               58  9.000000E-01  0.000000E+00  0.000000E+00
               59  9.250000E-01  0.000000E+00  0.000000E+00
               60  9.500000E-01  0.000000E+00  0.000000E+00
               61  9.750000E-01  0.000000E+00  0.000000E+00
               62  1.000000E+00  2.500000E-02  0.000000E+00
               63  1.000000E+00  5.000000E-02  0.000000E+00
               64  1.000000E+00  7.500000E-02  0.000000E+00
               65  1.000000E+00  1.000000E-01  0.000000E+00
               66  1.000000E+00  1.250000E-01  0.000000E+00
               67  1.000000E+00  1.500000E-01  0.000000E+00
               68  1.000000E+00  1.750000E-01  0.000000E+00
               69  1.000000E+00  2.000000E-01  0.000000E+00
               70  1.000000E+00  2.250000E-01  0.000000E+00
               71  1.000000E+00  2.750000E-01  0.000000E+00
               72  1.000000E+00  3.000000E-01  0.000000E+00
               73  1.000000E+00  3.250000E-01  0.000000E+00
               74  1.000000E+00  3.500000E-01  0.000000E+00
               75  1.000000E+00  3.750000E-01  0.000000E+00
               76  1.000000E+00  4.000000E-01  0.000000E+00
               77  1.000000E+00  4.250000E-01  0.000000E+00
               78  1.000000E+00  4.500000E-01  0.000000E+00
               79  1.000000E+00  4.750000E-01  0.000000E+00
               80  1.000000E+00  5.250000E-01  0.000000E+00
               81  1.000000E+00  5.500000E-01  0.000000E+00
               82  1.000000E+00  5.750000E-01  0.000000E+00
               83  1.000000E+00  6.000000E-01  0.000000E+00
               84  1.000000E+00  6.250000E-01  0.000000E+00
               85  1.000000E+00  6.500000E-01  0.000000E+00
               86  1.000000E+00  6.750000E-01  0.000000E+00
               87  1.000000E+00  7.000000E-01  0.000000E+00
               88  1.000000E+00  7.250000E-01  0.000000E+00
               89  1.000000E+00  7.750000E-01  0.000000E+00
               90  1.000000E+00  8.000000E-01  0.000000E+00
               91  1.000000E+00  8.250000E-01  0.000000E+00
               92  1.000000E+00  8.500000E-01  0.000000E+00
               93  1.000000E+00  8.750000E-01  0.000000E+00
               94  1.000000E+00  9.000000E-01  0.000000E+00
               95  1.000000E+00  9.250000E-01  0.000000E+00
               96  1.000000E+00  9.500000E-01  0.000000E+00
               97  1.000000E+00  9.750000E-01  0.000000E+00
               98  9.750000E-01  1.000000E+00  0.000000E+00
               99  9.500000E-01  1.000000E+00  0.000000E+00
              100  9.250000E-01  1.000000E+00  0.000000E+00
              101  9.000000E-01  1.000000E+00  0.000000E+00
              102  8.750000E-01  1.000000E+00  0.000000E+00
              103  8.500000E-01  1.000000E+00  0.000000E+00
              104  8.250000E-01  1.000000E+00  0.000000E+00
              105  8.000000E-01  1.000000E+00  0.000000E+00
              106  7.750000E-01  1.000000E+00  0.000000E+00
              107  7.250000E-01  1.000000E+00  0.000000E+00
              108  7.000000E-01  1.000000E+00  0.000000E+00
              109  6.750000E-01  1.000000E+00  0.000000E+00
              110  6.500000E-01  1.000000E+00  0.000000E+00
              111  6.250000E-01  1.000000E+00  0.000000E+00
              112  6.000000E-01  1.000000E+00  0.000000E+00
              113  5.750000E-01  1.000000E+00  0.000000E+00
              114  5.500000E-01  1.000000E+00  0.000000E+00
              115  5.250000E-01  1.000000E+00  0.000000E+00
              116  4.750000E-01  1.000000E+00  0.000000E+00
              117  4.500000E-01  1.000000E+00  0.000000E+00
              118  4.250000E-01  1.000000E+00  0.000000E+00
              119  4.000000E-01  1.000000E+00  0.000000E+00
              120  3.750000E-01  1.000000E+00  0.000000E+00
              121  3.500000E-01  1.000000E+00  0.000000E+00
              122  3.250000E-01  1.000000E+00  0.000000E+00
              123  3.000000E-01  1.000000E+00  0.000000E+00
              124  2.750000E-01  1.000000E+00  0.000000E+00
              125  2.250000E-01  1.000000E+00  0.000000E+00
              126  2.000000E-01  1.000000E+00  0.000000E+00
              127  1.750000E-01  1.000000E+00  0.000000E+00
              128  1.500000E-01  1.000000E+00  0.000000E+00
              129  1.250000E-01  1.000000E+00  0.000000E+00
              130  1.000000E-01  1.000000E+00  0.000000E+00
              131  7.500000E-02  1.000000E+00  0.000000E+00
              132  5.000000E-02  1.000000E+00  0.000000E+00
              133  2.500000E-02  1.000000E+00  0.000000E+00
              134  0.000000E+00  9.750000E-01  0.000000E+00
              135  0.000000E+00  9.500000E-01  0.000000E+00
              136  0.000000E+00  9.250000E-01  0.000000E+00
              137  0.000000E+00  9.000000E-01  0.000000E+00
              138  0.000000E+00  8.750000E-01  0.000000E+00
              139  0.000000E+00  8.500000E-01  0.000000E+00
              140  0.000000E+00  8.250000E-01  0.000000E+00
              141  0.000000E+00  8.000000E-01  0.000000E+00
              142  0.000000E+00  7.750000E-01  0.000000E+00
              143  0.000000E+00  7.250000E-01  0.000000E+00
              144  0.000000E+00  7.000000E-01  0.000000E+00
              145  0.000000E+00  6.750000E-01  0.000000E+00
              146  0.000000E+00  6.500000E-01  0.000000E+00
              147  0.000000E+00  6.250000E-01  0.000000E+00
              148  0.000000E+00  6.000000E-01  0.000000E+00
              149  0.000000E+00  5.750000E-01  0.000000E+00
              150  0.000000E+00  5.500000E-01  0.000000E+00
              151  0.000000E+00  5.250000E-01  0.000000E+00
              152  0.000000E+00  4.750000E-01  0.000000E+00
              153  0.000000E+00  4.500000E-01  0.000000E+00
              154  0.000000E+00  4.250000E-01  0.000000E+00
              155  0.000000E+00  4.000000E-01  0.000000E+00
              156  0.000000E+00  3.750000E-01  0.000000E+00
              157  0.000000E+00  3.500000E-01  0.000000E+00
              158  0.000000E+00  3.250000E-01  0.000000E+00
              159  0.000000E+00  3.000000E-01  0.000000E+00
              160  0.000000E+00  2.750000E-01  0.000000E+00
              161  0.000000E+00  2.250000E-01  0.000000E+00
              162  0.000000E+00  2.000000E-01  0.000000E+00
              163  0.000000E+00  1.750000E-01  0.000000E+00
              164  0.000000E+00  1.500000E-01  0.000000E+00
              165  0.000000E+00  1.250000E-01  0.000000E+00
              166  0.000000E+00  1.000000E-01  0.000000E+00
              167  0.000000E+00  7.500000E-02  0.000000E+00
              168  0.000000E+00  5.000000E-02  0.000000E+00
              169  0.000000E+00  2.500000E-02  0.000000E+00
              170  2.750000E-01  2.500000E-01  0.000000E+00
              171  3.000000E-01  2.500000E-01  0.000000E+00
              172  3.250000E-01  2.500000E-01  0.000000E+00
              173  3.500000E-01  2.500000E-01  0.000000E+00
              174  3.750000E-01  2.500000E-01  0.000000E+00
              175  4.000000E-01  2.500000E-01  0.000000E+00
              176  4.250000E-01  2.500000E-01  0.000000E+00
              177  4.500000E-01  2.500000E-01  0.000000E+00
              178  4.750000E-01  2.500000E-01  0.000000E+00
              179  5.250000E-01  2.500000E-01  0.000000E+00
              180  5.500000E-01  2.500000E-01  0.000000E+00
              181  5.750000E-01  2.500000E-01  0.000000E+00
              182  6.000000E-01  2.500000E-01  0.000000E+00
              183  6.250000E-01  2.500000E-01  0.000000E+00
              184  6.500000E-01  2.500000E-01  0.000000E+00
              185  6.750000E-01  2.500000E-01  0.000000E+00
              186  7.000000E-01  2.500000E-01  0.000000E+00
              187  7.250000E-01  2.500000E-01  0.000000E+00
              188  7.500000E-01  2.750000E-01  0.000000E+00
              189  7.500000E-01  3.000000E-01  0.000000E+00
              190  7.500000E-01  3.250000E-01  0.000000E+00
              191  7.500000E-01  3.500000E-01  0.000000E+00
              192  7.500000E-01  3.750000E-01  0.000000E+00
              193  7.500000E-01  4.000000E-01  0.000000E+00
              194  7.500000E-01  4.250000E-01  0.000000E+00
              195  7.500000E-01  4.500000E-01  0.000000E+00
              196  7.500000E-01  4.750000E-01  0.000000E+00
              197  7.500000E-01  5.250000E-01  0.000000E+00
              198  7.500000E-01  5.500000E-01  0.000000E+00
              199  7.500000E-01  5.750000E-01  0.000000E+00
              200  7.500000E-01  6.000000E-01  0.000000E+00
              201  7.500000E-01  6.250000E-01  0.000000E+00
              202  7.500000E-01  6.500000E-01  0.000000E+00
              203  7.500000E-01  6.750000E-01  0.000000E+00
              204  7.500000E-01  7.000000E-01  0.000000E+00
              205  7.500000E-01  7.250000E-01  0.000000E+00
              206  7.250000E-01  7.500000E-01  0.000000E+00
              207  7.000000E-01  7.500000E-01  0.000000E+00
              208  6.750000E-01  7.500000E-01  0.000000E+00
              209  6.500000E-01  7.500000E-01  0.000000E+00
              210  6.250000E-01  7.500000E-01  0.000000E+00
              211  6.000000E-01  7.500000E-01  0.000000E+00
              212  5.750000E-01  7.500000E-01  0.000000E+00
              213  5.500000E-01  7.500000E-01  0.000000E+00
              214  5.250000E-01  7.500000E-01  0.000000E+00
              215  4.750000E-01  7.500000E-01  0.000000E+00
              216  4.500000E-01  7.500000E-01  0.000000E+00
              217  4.250000E-01  7.500000E-01  0.000000E+00
              218  4.000000E-01  7.500000E-01  0.000000E+00
              219  3.750000E-01  7.500000E-01  0.000000E+00
              220  3.500000E-01  7.500000E-01  0.000000E+00
              221  3.250000E-01  7.500000E-01  0.000000E+00
              222  3.000000E-01  7.500000E-01  0.000000E+00
              223  2.750000E-01  7.500000E-01  0.000000E+00
              224  2.500000E-01  7.250000E-01  0.000000E+00
              225  2.500000E-01  7.000000E-01  0.000000E+00
              226  2.500000E-01  6.750000E-01  0.000000E+00
              227  2.500000E-01  6.500000E-01  0.000000E+00
              228  2.500000E-01  6.250000E-01  0.000000E+00
              229  2.500000E-01  6.000000E-01  0.000000E+00
              230  2.500000E-01  5.750000E-01  0.000000E+00
              231  2.500000E-01  5.500000E-01  0.000000E+00
              232  2.500000E-01  5.250000E-01  0.000000E+00
              233  2.500000E-01  4.750000E-01  0.000000E+00
              234  2.500000E-01  4.500000E-01  0.000000E+00
              235  2.500000E-01  4.250000E-01  0.000000E+00
              236  2.500000E-01  4.000000E-01  0.000000E+00
              237  2.500000E-01  3.750000E-01  0.000000E+00
              238  2.500000E-01  3.500000E-01  0.000000E+00
              239  2.500000E-01  3.250000E-01  0.000000E+00
              240  2.500000E-01  3.000000E-01  0.000000E+00
              241  2.500000E-01  2.750000E-01  0.000000E+00
              242  2.500000E-02  2.500000E-01  0.000000E+00
              243  5.000000E-02  2.500000E-01  0.000000E+00
              244  7.500000E-02  2.500000E-01  0.000000E+00
              245  1.000000E-01  2.500000E-01  0.000000E+00
              246  1.250000E-01  2.500000E-01  0.000000E+00
              247  1.500000E-01  2.500000E-01  0.000000E+00
              248  1.750000E-01  2.500000E-01  0.000000E+00
              249  2.000000E-01  2.500000E-01  0.000000E+00
              250  2.250000E-01  2.500000E-01  0.000000E+00
              251  7.750000E-01  2.500000E-01  0.000000E+00
              252  8.000000E-01  2.500000E-01  0.000000E+00
              253  8.250000E-01  2.500000E-01  0.000000E+00
              254  8.500000E-01  2.500000E-01  0.000000E+00
              255  8.750000E-01  2.500000E-01  0.000000E+00
              256  9.000000E-01  2.500000E-01  0.000000E+00
              257  9.250000E-01  2.500000E-01  0.000000E+00
              258  9.500000E-01  2.500000E-01  0.000000E+00
              259  9.750000E-01  2.500000E-01  0.000000E+00
              260  2.500000E-02  5.000000E-01  0.000000E+00
              261  5.000000E-02  5.000000E-01  0.000000E+00
              262  7.500000E-02  5.000000E-01  0.000000E+00
              263  1.000000E-01  5.000000E-01  0.000000E+00
              264  1.250000E-01  5.000000E-01  0.000000E+00
              265  1.500000E-01  5.000000E-01  0.000000E+00
              266  1.750000E-01  5.000000E-01  0.000000E+00
              267  2.000000E-01  5.000000E-01  0.000000E+00
              268  2.250000E-01  5.000000E-01  0.000000E+00
              269  2.750000E-01  5.000000E-01  0.000000E+00
              270  3.000000E-01  5.000000E-01  0.000000E+00
              271  3.250000E-01  5.000000E-01  0.000000E+00
              272  3.500000E-01  5.000000E-01  0.000000E+00
              273  3.750000E-01  5.000000E-01  0.000000E+00
              274  4.000000E-01  5.000000E-01  0.000000E+00
              275  4.250000E-01  5.000000E-01  0.000000E+00
              276  4.500000E-01  5.000000E-01  0.000000E+00
              277  4.750000E-01  5.000000E-01  0.000000E+00
              278  5.250000E-01  5.000000E-01  0.000000E+00
              279  5.500000E-01  5.000000E-01  0.000000E+00
              280  5.750000E-01  5.000000E-01  0.000000E+00
              281  6.000000E-01  5.000000E-01  0.000000E+00
              282  6.250000E-01  5.000000E-01  0.000000E+00
              283  6.500000E-01  5.000000E-01  0.000000E+00
              284  6.750000E-01  5.000000E-01  0.000000E+00
              285  7.000000E-01  5.000000E-01  0.000000E+00
              286  7.250000E-01  5.000000E-01  0.000000E+00
              287  7.750000E-01  5.000000E-01  0.000000E+00
              288  8.000000E-01  5.000000E-01  0.000000E+00
              289  8.250000E-01  5.000000E-01  0.000000E+00
              290  8.500000E-01  5.000000E-01  0.000000E+00
              291  8.750000E-01  5.000000E-01  0.000000E+00
              292  9.000000E-01  5.000000E-01  0.000000E+00
              293  9.250000E-01  5.000000E-01  0.000000E+00
              294  9.500000E-01  5.000000E-01  0.000000E+00
              295  9.750000E-01  5.000000E-01  0.000000E+00
              296  2.500000E-02  7.500000E-01  0.000000E+00
              297  5.000000E-02  7.500000E-01  0.000000E+00
              298  7.500000E-02  7.500000E-01  0.000000E+00
              299  1.000000E-01  7.500000E-01  0.000000E+00
              300  1.250000E-01  7.500000E-01  0.000000E+00
              301  1.500000E-01  7.500000E-01  0.000000E+00
              302  1.750000E-01  7.500000E-01  0.000000E+00
              303  2.000000E-01  7.500000E-01  0.000000E+00
              304  2.250000E-01  7.500000E-01  0.000000E+00
              305  7.750000E-01  7.500000E-01  0.000000E+00
              306  8.000000E-01  7.500000E-01  0.000000E+00
              307  8.250000E-01  7.500000E-01  0.000000E+00
              308  8.500000E-01  7.500000E-01  0.000000E+00
              309  8.750000E-01  7.500000E-01  0.000000E+00
              310  9.000000E-01  7.500000E-01  0.000000E+00
              311  9.250000E-01  7.500000E-01  0.000000E+00
              312  9.500000E-01  7.500000E-01  0.000000E+00
              313  9.750000E-01  7.500000E-01  0.000000E+00
              314  2.500000E-01  2.500000E-02  0.000000E+00
              315  2.500000E-01  5.000000E-02  0.000000E+00
              316  2.500000E-01  7.500000E-02  0.000000E+00
              317  2.500000E-01  1.000000E-01  0.000000E+00
              318  2.500000E-01  1.250000E-01  0.000000E+00
              319  2.500000E-01  1.500000E-01  0.000000E+00
              320  2.500000E-01  1.750000E-01  0.000000E+00
              321  2.500000E-01  2.000000E-01  0.000000E+00
              322  2.500000E-01  2.250000E-01  0.000000E+00
              323  2.500000E-01  7.750000E-01  0.000000E+00
              324  2.500000E-01  8.000000E-01  0.000000E+00
              325  2.500000E-01  8.250000E-01  0.000000E+00
              326  2.500000E-01  8.500000E-01  0.000000E+00
              327  2.500000E-01  8.750000E-01  0.000000E+00
              328  2.500000E-01  9.000000E-01  0.000000E+00
              329  2.500000E-01  9.250000E-01  0.000000E+00
              330  2.500000E-01  9.500000E-01  0.000000E+00
              331  2.500000E-01  9.750000E-01  0.000000E+00
              332  5.000000E-01  2.500000E-02  0.000000E+00
              333  5.000000E-01  5.000000E-02  0.000000E+00
              334  5.000000E-01  7.500000E-02  0.000000E+00
              335  5.000000E-01  1.000000E-01  0.000000E+00
              336  5.000000E-01  1.250000E-01  0.000000E+00
              337  5.000000E-01  1.500000E-01  0.000000E+00
              338  5.000000E-01  1.750000E-01  0.000000E+00
              339  5.000000E-01  2.000000E-01  0.000000E+00
              340  5.000000E-01  2.250000E-01  0.000000E+00
              341  5.000000E-01  2.750000E-01  0.000000E+00
              342  5.000000E-01  3.000000E-01  0.000000E+00
              343  5.000000E-01  3.250000E-01  0.000000E+00
              344  5.000000E-01  3.500000E-01  0.000000E+00
              345  5.000000E-01  3.750000E-01  0.000000E+00
              346  5.000000E-01  4.000000E-01  0.000000E+00
              347  5.000000E-01  4.250000E-01  0.000000E+00
              348  5.000000E-01  4.500000E-01  0.000000E+00
              349  5.000000E-01  4.750000E-01  0.000000E+00
              350  5.000000E-01  5.250000E-01  0.000000E+00
              351  5.000000E-01  5.500000E-01  0.000000E+00
              352  5.000000E-01  5.750000E-01  0.000000E+00
              353  5.000000E-01  6.000000E-01  0.000000E+00
              354  5.000000E-01  6.250000E-01  0.000000E+00
              355  5.000000E-01  6.500000E-01  0.000000E+00
              356  5.000000E-01  6.750000E-01  0.000000E+00
              357  5.000000E-01  7.000000E-01  0.000000E+00
              358  5.000000E-01  7.250000E-01  0.000000E+00
              359  5.000000E-01  7.750000E-01  0.000000E+00
              360  5.000000E-01  8.000000E-01  0.000000E+00
              361  5.000000E-01  8.250000E-01  0.000000E+00
              362  5.000000E-01  8.500000E-01  0.000000E+00
              363  5.000000E-01  8.750000E-01  0.000000E+00
              364  5.000000E-01  9.000000E-01  0.000000E+00
              365  5.000000E-01  9.250000E-01  0.000000E+00
              366  5.000000E-01  9.500000E-01  0.000000E+00
              367  5.000000E-01  9.750000E-01  0.000000E+00
              368  7.500000E-01  2.500000E-02  0.000000E+00
              369  7.500000E-01  5.000000E-02  0.000000E+00
              370  7.500000E-01  7.500000E-02  0.000000E+00
              371  7.500000E-01  1.000000E-01  0.000000E+00
              372  7.500000E-01  1.250000E-01  0.000000E+00
              373  7.500000E-01  1.500000E-01  0.000000E+00
              374  7.500000E-01  1.750000E-01  0.000000E+00
              375  7.500000E-01  2.000000E-01  0.000000E+00
              376  7.500000E-01  2.250000E-01  0.000000E+00
              377  7.500000E-01  7.750000E-01  0.000000E+00
              378  7.500000E-01  8.000000E-01  0.000000E+00
              379  7.500000E-01  8.250000E-01  0.000000E+00
              380  7.500000E-01  8.500000E-01  0.000000E+00
              381  7.500000E-01  8.750000E-01  0.000000E+00
              382  7.500000E-01  9.000000E-01  0.000000E+00
              383  7.500000E-01  9.250000E-01  0.000000E+00
              384  7.500000E-01  9.500000E-01  0.000000E+00
              385  7.500000E-01  9.750000E-01  0.000000E+00
              386  2.500000E-02  2.500000E-02  0.000000E+00
              387  2.500000E-02  5.000000E-02  0.000000E+00
              388  2.500000E-02  7.500000E-02  0.000000E+00
              389  2.500000E-02  1.000000E-01  0.000000E+00
              390  2.500000E-02  1.250000E-01  0.000000E+00
              391  2.500000E-02  1.500000E-01  0.000000E+00
              392  2.500000E-02  1.750000E-01  0.000000E+00
              393  2.500000E-02  2.000000E-01  0.000000E+00
              394  2.500000E-02  2.250000E-01  0.000000E+00
              395  5.000000E-02  2.500000E-02  0.000000E+00
              396  5.000000E-02  5.000000E-02  0.000000E+00
              397  5.000000E-02  7.500000E-02  0.000000E+00
              398  5.000000E-02  1.000000E-01  0.000000E+00
              399  5.000000E-02  1.250000E-01  0.000000E+00
              400  5.000000E-02  1.500000E-01  0.000000E+00
              401  5.000000E-02  1.750000E-01  0.000000E+00
              402  5.000000E-02  2.000000E-01  0.000000E+00
              403  5.000000E-02  2.250000E-01  0.000000E+00
              404  7.500000E-02  2.500000E-02  0.000000E+00
              405  7.500000E-02  5.000000E-02  0.000000E+00
              406  7.500000E-02  7.500000E-02  0.000000E+00
              407  7.500000E-02  1.000000E-01  0.000000E+00
              408  7.500000E-02  1.250000E-01  0.000000E+00
              409  7.500000E-02  1.500000E-01  0.000000E+00
              410  7.500000E-02  1.750000E-01  0.000000E+00
              411  7.500000E-02  2.000000E-01  0.000000E+00
              412  7.500000E-02  2.250000E-01  0.000000E+00
              413  1.000000E-01  2.500000E-02  0.000000E+00
              414  1.000000E-01  5.000000E-02  0.000000E+00
              415  1.000000E-01  7.500000E-02  0.000000E+00
              416  1.000000E-01  1.000000E-01  0.000000E+00
              417  1.000000E-01  1.250000E-01  0.000000E+00
              418  1.000000E-01  1.500000E-01  0.000000E+00
              419  1.000000E-01  1.750000E-01  0.000000E+00
              420  1.000000E-01  2.000000E-01  0.000000E+00
              421  1.000000E-01  2.250000E-01  0.000000E+00
              422  1.250000E-01  2.500000E-02  0.000000E+00
              423  1.250000E-01  5.000000E-02  0.000000E+00
              424  1.250000E-01  7.500000E-02  0.000000E+00
              425  1.250000E-01  1.000000E-01  0.000000E+00
              426  1.250000E-01  1.250000E-01  0.000000E+00
              427  1.250000E-01  1.500000E-01  0.000000E+00
              428  1.250000E-01  1.750000E-01  0.000000E+00
              429  1.250000E-01  2.000000E-01  0.000000E+00
              430  1.250000E-01  2.250000E-01  0.000000E+00
              431  1.500000E-01  2.500000E-02  0.000000E+00
              432  1.500000E-01  5.000000E-02  0.000000E+00
              433  1.500000E-01  7.500000E-02  0.000000E+00
              434  1.500000E-01  1.000000E-01  0.000000E+00
              435  1.500000E-01  1.250000E-01  0.000000E+00
              436  1.500000E-01  1.500000E-01  0.000000E+00
              437  1.500000E-01  1.750000E-01  0.000000E+00
              438  1.500000E-01  2.000000E-01  0.000000E+00
              439  1.500000E-01  2.250000E-01  0.000000E+00
              440  1.750000E-01  2.500000E-02  0.000000E+00
              441  1.750000E-01  5.000000E-02  0.000000E+00
              442  1.750000E-01  7.500000E-02  0.000000E+00
              443  1.750000E-01  1.000000E-01  0.000000E+00
              444  1.750000E-01  1.250000E-01  0.000000E+00
              445  1.750000E-01  1.500000E-01  0.000000E+00
              446  1.750000E-01  1.750000E-01  0.000000E+00
              447  1.750000E-01  2.000000E-01  0.000000E+00
              448  1.750000E-01  2.250000E-01  0.000000E+00
              449  2.000000E-01  2.500000E-02  0.000000E+00
              450  2.000000E-01  5.000000E-02  0.000000E+00
              451  2.000000E-01  7.500000E-02  0.000000E+00
              452  2.000000E-01  1.000000E-01  0.000000E+00
              453  2.000000E-01  1.250000E-01  0.000000E+00
              454  2.000000E-01  1.500000E-01  0.000000E+00
              455  2.000000E-01  1.750000E-01  0.000000E+00
              456  2.000000E-01  2.000000E-01  0.000000E+00
              457  2.000000E-01  2.250000E-01  0.000000E+00
              458  2.250000E-01  2.500000E-02  0.000000E+00
              459  2.250000E-01  5.000000E-02  0.000000E+00
              460  2.250000E-01  7.500000E-02  0.000000E+00
              461  2.250000E-01  1.000000E-01  0.000000E+00
              462  2.250000E-01  1.250000E-01  0.000000E+00
              463  2.250000E-01  1.500000E-01  0.000000E+00
              464  2.250000E-01  1.750000E-01  0.000000E+00
              465  2.250000E-01  2.000000E-01  0.000000E+00
              466  2.250000E-01  2.250000E-01  0.000000E+00
              467  2.750000E-01  2.500000E-02  0.000000E+00
              468  2.750000E-01  5.000000E-02  0.000000E+00
              469  2.750000E-01  7.500000E-02  0.000000E+00
              470  2.750000E-01  1.000000E-01  0.000000E+00
              471  2.750000E-01  1.250000E-01  0.000000E+00
              472  2.750000E-01  1.500000E-01  0.000000E+00
              473  2.750000E-01  1.750000E-01  0.000000E+00
              474  2.750000E-01  2.000000E-01  0.000000E+00
              475  2.750000E-01  2.250000E-01  0.000000E+00
              476  3.000000E-01  2.500000E-02  0.000000E+00
              477  3.000000E-01  5.000000E-02  0.000000E+00
              478  3.000000E-01  7.500000E-02  0.000000E+00
              479  3.000000E-01  1.000000E-01  0.000000E+00
              480  3.000000E-01  1.250000E-01  0.000000E+00
              481  3.000000E-01  1.500000E-01  0.000000E+00
              482  3.000000E-01  1.750000E-01  0.000000E+00
              483  3.000000E-01  2.000000E-01  0.000000E+00
              484  3.000000E-01  2.250000E-01  0.000000E+00
              485  3.250000E-01  2.500000E-02  0.000000E+00
              486  3.250000E-01  5.000000E-02  0.000000E+00
              487  3.250000E-01  7.500000E-02  0.000000E+00
              488  3.250000E-01  1.000000E-01  0.000000E+00
              489  3.250000E-01  1.250000E-01  0.000000E+00
              490  3.250000E-01  1.500000E-01  0.000000E+00
              491  3.250000E-01  1.750000E-01  0.000000E+00
              492  3.250000E-01  2.000000E-01  0.000000E+00
              493  3.250000E-01  2.250000E-01  0.000000E+00
              494  3.500000E-01  2.500000E-02  0.000000E+00
              495  3.500000E-01  5.000000E-02  0.000000E+00
              496  3.500000E-01  7.500000E-02  0.000000E+00
              497  3.500000E-01  1.000000E-01  0.000000E+00
              498  3.500000E-01  1.250000E-01  0.000000E+00
              499  3.500000E-01  1.500000E-01  0.000000E+00
              500  3.500000E-01  1.750000E-01  0.000000E+00
              501  3.500000E-01  2.000000E-01  0.000000E+00
              502  3.500000E-01  2.250000E-01  0.000000E+00
              503  3.750000E-01  2.500000E-02  0.000000E+00
              504  3.750000E-01  5.000000E-02  0.000000E+00
              505  3.750000E-01  7.500000E-02  0.000000E+00
              506  3.750000E-01  1.000000E-01  0.000000E+00
              507  3.750000E-01  1.250000E-01  0.000000E+00
              508  3.750000E-01  1.500000E-01  0.000000E+00
              509  3.750000E-01  1.750000E-01  0.000000E+00
              510  3.750000E-01  2.000000E-01  0.000000E+00
              511  3.750000E-01  2.250000E-01  0.000000E+00
              512  4.000000E-01  2.500000E-02  0.000000E+00
              513  4.000000E-01  5.000000E-02  0.000000E+00
              514  4.000000E-01  7.500000E-02  0.000000E+00
              515  4.000000E-01  1.000000E-01  0.000000E+00
              516  4.000000E-01  1.250000E-01  0.000000E+00
              517  4.000000E-01  1.500000E-01  0.000000E+00
              518  4.000000E-01  1.750000E-01  0.000000E+00
              519  4.000000E-01  2.000000E-01  0.000000E+00
              520  4.000000E-01  2.250000E-01  0.000000E+00
              521  4.250000E-01  2.500000E-02  0.000000E+00
              522  4.250000E-01  5.000000E-02  0.000000E+00
              523  4.250000E-01  7.500000E-02  0.000000E+00
              524  4.250000E-01  1.000000E-01  0.000000E+00
              525  4.250000E-01  1.250000E-01  0.000000E+00
              526  4.250000E-01  1.500000E-01  0.000000E+00
              527  4.250000E-01  1.750000E-01  0.000000E+00
              528  4.250000E-01  2.000000E-01  0.000000E+00
              529  4.250000E-01  2.250000E-01  0.000000E+00
              530  4.500000E-01  2.500000E-02  0.000000E+00
              531  4.500000E-01  5.000000E-02  0.000000E+00
              532  4.500000E-01  7.500000E-02  0.000000E+00
              533  4.500000E-01  1.000000E-01  0.000000E+00
              534  4.500000E-01  1.250000E-01  0.000000E+00
              535  4.500000E-01  1.500000E-01  0.000000E+00
              536  4.500000E-01  1.750000E-01  0.000000E+00
              537  4.500000E-01  2.000000E-01  0.000000E+00
              538  4.500000E-01  2.250000E-01  0.000000E+00
              539  4.750000E-01  2.500000E-02  0.000000E+00
              540  4.750000E-01  5.000000E-02  0.000000E+00
              541  4.750000E-01  7.500000E-02  0.000000E+00
              542  4.750000E-01  1.000000E-01  0.000000E+00
              543  4.750000E-01  1.250000E-01  0.000000E+00
              544  4.750000E-01  1.500000E-01  0.000000E+00
              545  4.750000E-01  1.750000E-01  0.000000E+00
              546  4.750000E-01  2.000000E-01  0.000000E+00
              547  4.750000E-01  2.250000E-01  0.000000E+00
              548  5.250000E-01  2.500000E-02  0.000000E+00
              549  5.250000E-01  5.000000E-02  0.000000E+00
              550  5.250000E-01  7.500000E-02  0.000000E+00
              551  5.250000E-01  1.000000E-01  0.000000E+00
              552  5.250000E-01  1.250000E-01  0.000000E+00
              553  5.250000E-01  1.500000E-01  0.000000E+00
              554  5.250000E-01  1.750000E-01  0.000000E+00
              555  5.250000E-01  2.000000E-01  0.000000E+00
              556  5.250000E-01  2.250000E-01  0.000000E+00
              557  5.500000E-01  2.500000E-02  0.000000E+00
              558  5.500000E-01  5.000000E-02  0.000000E+00
              559  5.500000E-01  7.500000E-02  0.000000E+00
              560  5.500000E-01  1.000000E-01  0.000000E+00
              561  5.500000E-01  1.250000E-01  0.000000E+00
              562  5.500000E-01  1.500000E-01  0.000000E+00
              563  5.500000E-01  1.750000E-01  0.000000E+00
              564  5.500000E-01  2.000000E-01  0.000000E+00
              565  5.500000E-01  2.250000E-01  0.000000E+00
              566  5.750000E-01  2.500000E-02  0.000000E+00
              567  5.750000E-01  5.000000E-02  0.000000E+00
              568  5.750000E-01  7.500000E-02  0.000000E+00
              569  5.750000E-01  1.000000E-01  0.000000E+00
              570  5.750000E-01  1.250000E-01  0.000000E+00
              571  5.750000E-01  1.500000E-01  0.000000E+00
              572  5.750000E-01  1.750000E-01  0.000000E+00
              573  5.750000E-01  2.000000E-01  0.000000E+00
              574  5.750000E-01  2.250000E-01  0.000000E+00
              575  6.000000E-01  2.500000E-02  0.000000E+00
              576  6.000000E-01  5.000000E-02  0.000000E+00
              577  6.000000E-01  7.500000E-02  0.000000E+00
              578  6.000000E-01  1.000000E-01  0.000000E+00
              579  6.000000E-01  1.250000E-01  0.000000E+00
              580  6.000000E-01  1.500000E-01  0.000000E+00
              581  6.000000E-01  1.750000E-01  0.000000E+00
              582  6.000000E-01  2.000000E-01  0.000000E+00
              583  6.000000E-01  2.250000E-01  0.000000E+00
              584  6.250000E-01  2.500000E-02  0.000000E+00
              585  6.250000E-01  5.000000E-02  0.000000E+00
              586  6.250000E-01  7.500000E-02  0.000000E+00
              587  6.250000E-01  1.000000E-01  0.000000E+00
              588  6.250000E-01  1.250000E-01  0.000000E+00
              589  6.250000E-01  1.500000E-01  0.000000E+00
              590  6.250000E-01  1.750000E-01  0.000000E+00
              591  6.250000E-01  2.000000E-01  0.000000E+00
              592  6.250000E-01  2.250000E-01  0.000000E+00
              593  6.500000E-01  2.500000E-02  0.000000E+00
              594  6.500000E-01  5.000000E-02  0.000000E+00
              595  6.500000E-01  7.500000E-02  0.000000E+00
              596  6.500000E-01  1.000000E-01  0.000000E+00
              597  6.500000E-01  1.250000E-01  0.000000E+00
              598  6.500000E-01  1.500000E-01  0.000000E+00
              599  6.500000E-01  1.750000E-01  0.000000E+00
              600  6.500000E-01  2.000000E-01  0.000000E+00
              601  6.500000E-01  2.250000E-01  0.000000E+00
              602  6.750000E-01  2.500000E-02  0.000000E+00
              603  6.750000E-01  5.000000E-02  0.000000E+00
              604  6.750000E-01  7.500000E-02  0.000000E+00
              605  6.750000E-01  1.000000E-01  0.000000E+00
              606  6.750000E-01  1.250000E-01  0.000000E+00
              607  6.750000E-01  1.500000E-01  0.000000E+00
              608  6.750000E-01  1.750000E-01  0.000000E+00
              609  6.750000E-01  2.000000E-01  0.000000E+00
              610  6.750000E-01  2.250000E-01  0.000000E+00
              611  7.000000E-01  2.500000E-02  0.000000E+00
              612  7.000000E-01  5.000000E-02  0.000000E+00
              613  7.000000E-01  7.500000E-02  0.000000E+00
              614  7.000000E-01  1.000000E-01  0.000000E+00
              615  7.000000E-01  1.250000E-01  0.000000E+00
              616  7.000000E-01  1.500000E-01  0.000000E+00
              617  7.000000E-01  1.750000E-01  0.000000E+00
              618  7.000000E-01  2.000000E-01  0.000000E+00
              619  7.000000E-01  2.250000E-01  0.000000E+00
              620  7.250000E-01  2.500000E-02  0.000000E+00
              621  7.250000E-01  5.000000E-02  0.000000E+00
              622  7.250000E-01  7.500000E-02  0.000000E+00
              623  7.250000E-01  1.000000E-01  0.000000E+00
              624  7.250000E-01  1.250000E-01  0.000000E+00
              625  7.250000E-01  1.500000E-01  0.000000E+00
              626  7.250000E-01  1.750000E-01  0.000000E+00
              627  7.250000E-01  2.000000E-01  0.000000E+00
              628  7.250000E-01  2.250000E-01  0.000000E+00
              629  7.750000E-01  2.500000E-02  0.000000E+00
              630  7.750000E-01  5.000000E-02  0.000000E+00
              631  7.750000E-01  7.500000E-02  0.000000E+00
              632  7.750000E-01  1.000000E-01  0.000000E+00
              633  7.750000E-01  1.250000E-01  0.000000E+00
              634  7.750000E-01  1.500000E-01  0.000000E+00
              635  7.750000E-01  1.750000E-01  0.000000E+00
              636  7.750000E-01  2.000000E-01  0.000000E+00
              637  7.750000E-01  2.250000E-01  0.000000E+00
              638  8.000000E-01  2.500000E-02  0.000000E+00
              639  8.000000E-01  5.000000E-02  0.000000E+00
              640  8.000000E-01  7.500000E-02  0.000000E+00
              641  8.000000E-01  1.000000E-01  0.000000E+00
              642  8.000000E-01  1.250000E-01  0.000000E+00
              643  8.000000E-01  1.500000E-01  0.000000E+00
              644  8.000000E-01  1.750000E-01  0.000000E+00
              645  8.000000E-01  2.000000E-01  0.000000E+00
              646  8.000000E-01  2.250000E-01  0.000000E+00
              647  8.250000E-01  2.500000E-02  0.000000E+00
              648  8.250000E-01  5.000000E-02  0.000000E+00
              649  8.250000E-01  7.500000E-02  0.000000E+00
              650  8.250000E-01  1.000000E-01  0.000000E+00
              651  8.250000E-01  1.250000E-01  0.000000E+00
              652  8.250000E-01  1.500000E-01  0.000000E+00
              653  8.250000E-01  1.750000E-01  0.000000E+00
              654  8.250000E-01  2.000000E-01  0.000000E+00
              655  8.250000E-01  2.250000E-01  0.000000E+00
              656  8.500000E-01  2.500000E-02  0.000000E+00
              657  8.500000E-01  5.000000E-02  0.000000E+00
              658  8.500000E-01  7.500000E-02  0.000000E+00
              659  8.500000E-01  1.000000E-01  0.000000E+00
              660  8.500000E-01  1.250000E-01  0.000000E+00
              661  8.500000E-01  1.500000E-01  0.000000E+00
              662  8.500000E-01  1.750000E-01  0.000000E+00
              663  8.500000E-01  2.000000E-01  0.000000E+00
              664  8.500000E-01  2.250000E-01  0.000000E+00
              665  8.750000E-01  2.500000E-02  0.000000E+00
              666  8.750000E-01  5.000000E-02  0.000000E+00
              667  8.750000E-01  7.500000E-02  0.000000E+00
              668  8.750000E-01  1.000000E-01  0.000000E+00
              669  8.750000E-01  1.250000E-01  0.000000E+00
              670  8.750000E-01  1.500000E-01  0.000000E+00
              671  8.750000E-01  1.750000E-01  0.000000E+00
              672  8.750000E-01  2.000000E-01  0.000000E+00
              673  8.750000E-01  2.250000E-01  0.000000E+00
              674  9.000000E-01  2.500000E-02  0.000000E+00
              675  9.000000E-01  5.000000E-02  0.000000E+00
              676  9.000000E-01  7.500000E-02  0.000000E+00
              677  9.000000E-01  1.000000E-01  0.000000E+00
              678  9.000000E-01  1.250000E-01  0.000000E+00
              679  9.000000E-01  1.500000E-01  0.000000E+00
              680  9.000000E-01  1.750000E-01  0.000000E+00
              681  9.000000E-01  2.000000E-01  0.000000E+00
              682  9.000000E-01  2.250000E-01  0.000000E+00
              683  9.250000E-01  2.500000E-02  0.000000E+00
              684  9.250000E-01  5.000000E-02  0.000000E+00
              685  9.250000E-01  7.500000E-02  0.000000E+00
              686  9.250000E-01  1.000000E-01  0.000000E+00
              687  9.250000E-01  1.250000E-01  0.000000E+00
              688  9.250000E-01  1.500000E-01  0.000000E+00
              689  9.250000E-01  1.750000E-01  0.000000E+00
              690  9.250000E-01  2.000000E-01  0.000000E+00
              691  9.250000E-01  2.250000E-01  0.000000E+00
              692  9.500000E-01  2.500000E-02  0.000000E+00
              693  9.500000E-01  5.000000E-02  0.000000E+00
              694  9.500000E-01  7.500000E-02  0.000000E+00
              695  9.500000E-01  1.000000E-01  0.000000E+00
              696  9.500000E-01  1.250000E-01  0.000000E+00
              697  9.500000E-01  1.500000E-01  0.000000E+00
              698  9.500000E-01  1.750000E-01  0.000000E+00
              699  9.500000E-01  2.000000E-01  0.000000E+00
              700  9.500000E-01  2.250000E-01  0.000000E+00
              701  9.750000E-01  2.500000E-02  0.000000E+00
              702  9.750000E-01  5.000000E-02  0.000000E+00
              703  9.750000E-01  7.500000E-02  0.000000E+00
              704  9.750000E-01  1.000000E-01  0.000000E+00
              705  9.750000E-01  1.250000E-01  0.000000E+00
              706  9.750000E-01  1.500000E-01  0.000000E+00
              707  9.750000E-01  1.750000E-01  0.000000E+00
              708  9.750000E-01  2.000000E-01  0.000000E+00
              709  9.750000E-01  2.250000E-01  0.000000E+00
              710  2.500000E-02  2.750000E-01  0.000000E+00
              711  2.500000E-02  3.000000E-01  0.000000E+00
              712  2.500000E-02  3.250000E-01  0.000000E+00
              713  2.500000E-02  3.500000E-01  0.000000E+00
              714  2.500000E-02  3.750000E-01  0.000000E+00
              715  2.500000E-02  4.000000E-01  0.000000E+00
              716  2.500000E-02  4.250000E-01  0.000000E+00
              717  2.500000E-02  4.500000E-01  0.000000E+00
              718  2.500000E-02  4.750000E-01  0.000000E+00
              719  5.000000E-02  2.750000E-01  0.000000E+00
              720  5.000000E-02  3.000000E-01  0.000000E+00
              721  5.000000E-02  3.250000E-01  0.000000E+00
              722  5.000000E-02  3.500000E-01  0.000000E+00
              723  5.000000E-02  3.750000E-01  0.000000E+00
              724  5.000000E-02  4.000000E-01  0.000000E+00
              725  5.000000E-02  4.250000E-01  0.000000E+00
              726  5.000000E-02  4.500000E-01  0.000000E+00
              727  5.000000E-02  4.750000E-01  0.000000E+00
              728  7.500000E-02  2.750000E-01  0.000000E+00
              729  7.500000E-02  3.000000E-01  0.000000E+00
              730  7.500000E-02  3.250000E-01  0.000000E+00
              731  7.500000E-02  3.500000E-01  0.000000E+00
              732  7.500000E-02  3.750000E-01  0.000000E+00
              733  7.500000E-02  4.000000E-01  0.000000E+00
              734  7.500000E-02  4.250000E-01  0.000000E+00
              735  7.500000E-02  4.500000E-01  0.000000E+00
              736  7.500000E-02  4.750000E-01  0.000000E+00
              737  1.000000E-01  2.750000E-01  0.000000E+00
              738  1.000000E-01  3.000000E-01  0.000000E+00
              739  1.000000E-01  3.250000E-01  0.000000E+00
              740  1.000000E-01  3.500000E-01  0.000000E+00
              741  1.000000E-01  3.750000E-01  0.000000E+00
              742  1.000000E-01  4.000000E-01  0.000000E+00
              743  1.000000E-01  4.250000E-01  0.000000E+00
              744  1.000000E-01  4.500000E-01  0.000000E+00
              745  1.000000E-01  4.750000E-01  0.000000E+00
              746  1.250000E-01  2.750000E-01  0.000000E+00
              747  1.250000E-01  3.000000E-01  0.000000E+00
              748  1.250000E-01  3.250000E-01  0.000000E+00
              749  1.250000E-01  3.500000E-01  0.000000E+00
              750  1.250000E-01  3.750000E-01  0.000000E+00
              751  1.250000E-01  4.000000E-01  0.000000E+00
              752  1.250000E-01  4.250000E-01  0.000000E+00
              753  1.250000E-01  4.500000E-01  0.000000E+00
              754  1.250000E-01  4.750000E-01  0.000000E+00
              755  1.500000E-01  2.750000E-01  0.000000E+00
              756  1.500000E-01  3.000000E-01  0.000000E+00
              757  1.500000E-01  3.250000E-01  0.000000E+00
              758  1.500000E-01  3.500000E-01  0.000000E+00
              759  1.500000E-01  3.750000E-01  0.000000E+00
              760  1.500000E-01  4.000000E-01  0.000000E+00
              761  1.500000E-01  4.250000E-01  0.000000E+00
              762  1.500000E-01  4.500000E-01  0.000000E+00
              763  1.500000E-01  4.750000E-01  0.000000E+00
              764  1.750000E-01  2.750000E-01  0.000000E+00
              765  1.750000E-01  3.000000E-01  0.000000E+00
              766  1.750000E-01  3.250000E-01  0.000000E+00
              767  1.750000E-01  3.500000E-01  0.000000E+00
              768  1.750000E-01  3.750000E-01  0.000000E+00
              769  1.750000E-01  4.000000E-01  0.000000E+00
              770  1.750000E-01  4.250000E-01  0.000000E+00
              771  1.750000E-01  4.500000E-01  0.000000E+00
              772  1.750000E-01  4.750000E-01  0.000000E+00
              773  2.000000E-01  2.750000E-01  0.000000E+00
              774  2.000000E-01  3.000000E-01  0.000000E+00
              775  2.000000E-01  3.250000E-01  0.000000E+00
              776  2.000000E-01  3.500000E-01  0.000000E+00
              777  2.000000E-01  3.750000E-01  0.000000E+00
              778  2.000000E-01  4.000000E-01  0.000000E+00
              779  2.000000E-01  4.250000E-01  0.000000E+00
              780  2.000000E-01  4.500000E-01  0.000000E+00
              781  2.000000E-01  4.750000E-01  0.000000E+00
              782  2.250000E-01  2.750000E-01  0.000000E+00
              783  2.250000E-01  3.000000E-01  0.000000E+00
              784  2.250000E-01  3.250000E-01  0.000000E+00
              785  2.250000E-01  3.500000E-01  0.000000E+00
              786  2.250000E-01  3.750000E-01  0.000000E+00
              787  2.250000E-01  4.000000E-01  0.000000E+00
              788  2.250000E-01  4.250000E-01  0.000000E+00
              789  2.250000E-01  4.500000E-01  0.000000E+00
              790  2.250000E-01  4.750000E-01  0.000000E+00
              791  2.750000E-01  2.750000E-01  0.000000E+00
              792  2.750000E-01  3.000000E-01  0.000000E+00
              793  2.750000E-01  3.250000E-01  0.000000E+00
              794  2.750000E-01  3.500000E-01  0.000000E+00
              795  2.750000E-01  3.750000E-01  0.000000E+00
              796  2.750000E-01  4.000000E-01  0.000000E+00
              797  2.750000E-01  4.250000E-01  0.000000E+00
              798  2.750000E-01  4.500000E-01  0.000000E+00
              799  2.750000E-01  4.750000E-01  0.000000E+00
              800  3.000000E-01  2.750000E-01  0.000000E+00
              801  3.000000E-01  3.000000E-01  0.000000E+00
              802  3.000000E-01  3.250000E-01  0.000000E+00
              803  3.000000E-01  3.500000E-01  0.000000E+00
              804  3.000000E-01  3.750000E-01  0.000000E+00
              805  3.000000E-01  4.000000E-01  0.000000E+00
              806  3.000000E-01  4.250000E-01  0.000000E+00
              807  3.000000E-01  4.500000E-01  0.000000E+00
              808  3.000000E-01  4.750000E-01  0.000000E+00
              809  3.250000E-01  2.750000E-01  0.000000E+00
              810  3.250000E-01  3.000000E-01  0.000000E+00
              811  3.250000E-01  3.250000E-01  0.000000E+00
              812  3.250000E-01  3.500000E-01  0.000000E+00
              813  3.250000E-01  3.750000E-01  0.000000E+00
              814  3.250000E-01  4.000000E-01  0.000000E+00
              815  3.250000E-01  4.250000E-01  0.000000E+00
              816  3.250000E-01  4.500000E-01  0.000000E+00
              817  3.250000E-01  4.750000E-01  0.000000E+00
              818  3.500000E-01  2.750000E-01  0.000000E+00
              819  3.500000E-01  3.000000E-01  0.000000E+00
              820  3.500000E-01  3.250000E-01  0.000000E+00
              821  3.500000E-01  3.500000E-01  0.000000E+00
              822  3.500000E-01  3.750000E-01  0.000000E+00
              823  3.500000E-01  4.000000E-01  0.000000E+00
              824  3.500000E-01  4.250000E-01  0.000000E+00
              825  3.500000E-01  4.500000E-01  0.000000E+00
              826  3.500000E-01  4.750000E-01  0.000000E+00
              827  3.750000E-01  2.750000E-01  0.000000E+00
              828  3.750000E-01  3.000000E-01  0.000000E+00
              829  3.750000E-01  3.250000E-01  0.000000E+00
              830  3.750000E-01  3.500000E-01  0.000000E+00
              831  3.750000E-01  3.750000E-01  0.000000E+00
              832  3.750000E-01  4.000000E-01  0.000000E+00
              833  3.750000E-01  4.250000E-01  0.000000E+00
              834  3.750000E-01  4.500000E-01  0.000000E+00
              835  3.750000E-01  4.750000E-01  0.000000E+00
              836  4.000000E-01  2.750000E-01  0.000000E+00
              837  4.000000E-01  3.000000E-01  0.000000E+00
              838  4.000000E-01  3.250000E-01  0.000000E+00
              839  4.000000E-01  3.500000E-01  0.000000E+00
              840  4.000000E-01  3.750000E-01  0.000000E+00
              841  4.000000E-01  4.000000E-01  0.000000E+00
              842  4.000000E-01  4.250000E-01  0.000000E+00
              843  4.000000E-01  4.500000E-01  0.000000E+00
              844  4.000000E-01  4.750000E-01  0.000000E+00
              845  4.250000E-01  2.750000E-01  0.000000E+00
              846  4.250000E-01  3.000000E-01  0.000000E+00
              847  4.250000E-01  3.250000E-01  0.000000E+00
              848  4.250000E-01  3.500000E-01  0.000000E+00
              849  4.250000E-01  3.750000E-01  0.000000E+00
              850  4.250000E-01  4.000000E-01  0.000000E+00
              851  4.250000E-01  4.250000E-01  0.000000E+00
              852  4.250000E-01  4.500000E-01  0.000000E+00
              853  4.250000E-01  4.750000E-01  0.000000E+00
              854  4.500000E-01  2.750000E-01  0.000000E+00
              855  4.500000E-01  3.000000E-01  0.000000E+00
              856  4.500000E-01  3.250000E-01  0.000000E+00
              857  4.500000E-01  3.500000E-01  0.000000E+00
              858  4.500000E-01  3.750000E-01  0.000000E+00
              859  4.500000E-01  4.000000E-01  0.000000E+00
              860  4.500000E-01  4.250000E-01  0.000000E+00
              861  4.500000E-01  4.500000E-01  0.000000E+00
              862  4.500000E-01  4.750000E-01  0.000000E+00
              863  4.750000E-01  2.750000E-01  0.000000E+00
              864  4.750000E-01  3.000000E-01  0.000000E+00
              865  4.750000E-01  3.250000E-01  0.000000E+00
              866  4.750000E-01  3.500000E-01  0.000000E+00
              867  4.750000E-01  3.750000E-01  0.000000E+00
              868  4.750000E-01  4.000000E-01  0.000000E+00
              869  4.750000E-01  4.250000E-01  0.000000E+00
              870  4.750000E-01  4.500000E-01  0.000000E+00
              871  4.750000E-01  4.750000E-01  0.000000E+00
              872  5.250000E-01  2.750000E-01  0.000000E+00
              873  5.250000E-01  3.000000E-01  0.000000E+00
              874  5.250000E-01  3.250000E-01  0.000000E+00
              875  5.250000E-01  3.500000E-01  0.000000E+00
              876  5.250000E-01  3.750000E-01  0.000000E+00
              877  5.250000E-01  4.000000E-01  0.000000E+00
              878  5.250000E-01  4.250000E-01  0.000000E+00
              879  5.250000E-01  4.500000E-01  0.000000E+00
              880  5.250000E-01  4.750000E-01  0.000000E+00
              881  5.500000E-01  2.750000E-01  0.000000E+00
              882  5.500000E-01  3.000000E-01  0.000000E+00
              883  5.500000E-01  3.250000E-01  0.000000E+00
              884  5.500000E-01  3.500000E-01  0.000000E+00
              885  5.500000E-01  3.750000E-01  0.000000E+00
              886  5.500000E-01  4.000000E-01  0.000000E+00
              887  5.500000E-01  4.250000E-01  0.000000E+00
              888  5.500000E-01  4.500000E-01  0.000000E+00
              889  5.500000E-01  4.750000E-01  0.000000E+00
              890  5.750000E-01  2.750000E-01  0.000000E+00
              891  5.750000E-01  3.000000E-01  0.000000E+00
              892  5.750000E-01  3.250000E-01  0.000000E+00
              893  5.750000E-01  3.500000E-01  0.000000E+00
              894  5.750000E-01  3.750000E-01  0.000000E+00
              895  5.750000E-01  4.000000E-01  0.000000E+00
              896  5.750000E-01  4.250000E-01  0.000000E+00
              897  5.750000E-01  4.500000E-01  0.000000E+00
              898  5.750000E-01  4.750000E-01  0.000000E+00
              899  6.000000E-01  2.750000E-01  0.000000E+00
              900  6.000000E-01  3.000000E-01  0.000000E+00
              901  6.000000E-01  3.250000E-01  0.000000E+00
              902  6.000000E-01  3.500000E-01  0.000000E+00
              903  6.000000E-01  3.750000E-01  0.000000E+00
              904  6.000000E-01  4.000000E-01  0.000000E+00
              905  6.000000E-01  4.250000E-01  0.000000E+00
              906  6.000000E-01  4.500000E-01  0.000000E+00
              907  6.000000E-01  4.750000E-01  0.000000E+00
              908  6.250000E-01  2.750000E-01  0.000000E+00
              909  6.250000E-01  3.000000E-01  0.000000E+00
              910  6.250000E-01  3.250000E-01  0.000000E+00
              911  6.250000E-01  3.500000E-01  0.000000E+00
              912  6.250000E-01  3.750000E-01  0.000000E+00
              913  6.250000E-01  4.000000E-01  0.000000E+00
              914  6.250000E-01  4.250000E-01  0.000000E+00
              915  6.250000E-01  4.500000E-01  0.000000E+00
              916  6.250000E-01  4.750000E-01  0.000000E+00
              917  6.500000E-01  2.750000E-01  0.000000E+00
              918  6.500000E-01  3.000000E-01  0.000000E+00
              919  6.500000E-01  3.250000E-01  0.000000E+00
              920  6.500000E-01  3.500000E-01  0.000000E+00
              921  6.500000E-01  3.750000E-01  0.000000E+00
              922  6.500000E-01  4.000000E-01  0.000000E+00
              923  6.500000E-01  4.250000E-01  0.000000E+00
              924  6.500000E-01  4.500000E-01  0.000000E+00
              925  6.500000E-01  4.750000E-01  0.000000E+00
              926  6.750000E-01  2.750000E-01  0.000000E+00
              927  6.750000E-01  3.000000E-01  0.000000E+00
              928  6.750000E-01  3.250000E-01  0.000000E+00
              929  6.750000E-01  3.500000E-01  0.000000E+00
              930  6.750000E-01  3.750000E-01  0.000000E+00
              931  6.750000E-01  4.000000E-01  0.000000E+00
              932  6.750000E-01  4.250000E-01  0.000000E+00
              933  6.750000E-01  4.500000E-01  0.000000E+00
              934  6.750000E-01  4.750000E-01  0.000000E+00
              935  7.000000E-01  2.750000E-01  0.000000E+00
              936  7.000000E-01  3.000000E-01  0.000000E+00
              937  7.000000E-01  3.250000E-01  0.000000E+00
              938  7.000000E-01  3.500000E-01  0.000000E+00
              939  7.000000E-01  3.750000E-01  0.000000E+00
              940  7.000000E-01  4.000000E-01  0.000000E+00
              941  7.000000E-01  4.250000E-01  0.000000E+00
              942  7.000000E-01  4.500000E-01  0.000000E+00
              943  7.000000E-01  4.750000E-01  0.000000E+00
              944  7.250000E-01  2.750000E-01  0.000000E+00
              945  7.250000E-01  3.000000E-01  0.000000E+00
              946  7.250000E-01  3.250000E-01  0.000000E+00
              947  7.250000E-01  3.500000E-01  0.000000E+00
              948  7.250000E-01  3.750000E-01  0.000000E+00
              949  7.250000E-01  4.000000E-01  0.000000E+00
              950  7.250000E-01  4.250000E-01  0.000000E+00
              951  7.250000E-01  4.500000E-01  0.000000E+00
              952  7.250000E-01  4.750000E-01  0.000000E+00
              953  7.750000E-01  2.750000E-01  0.000000E+00
              954  7.750000E-01  3.000000E-01  0.000000E+00
              955  7.750000E-01  3.250000E-01  0.000000E+00
              956  7.750000E-01  3.500000E-01  0.000000E+00
              957  7.750000E-01  3.750000E-01  0.000000E+00
              958  7.750000E-01  4.000000E-01  0.000000E+00
              959  7.750000E-01  4.250000E-01  0.000000E+00
              960  7.750000E-01  4.500000E-01  0.000000E+00
              961  7.750000E-01  4.750000E-01  0.000000E+00
              962  8.000000E-01  2.750000E-01  0.000000E+00
              963  8.000000E-01  3.000000E-01  0.000000E+00
              964  8.000000E-01  3.250000E-01  0.000000E+00
              965  8.000000E-01  3.500000E-01  0.000000E+00
              966  8.000000E-01  3.750000E-01  0.000000E+00
              967  8.000000E-01  4.000000E-01  0.000000E+00
              968  8.000000E-01  4.250000E-01  0.000000E+00
              969  8.000000E-01  4.500000E-01  0.000000E+00
              970  8.000000E-01  4.750000E-01  0.000000E+00
              971  8.250000E-01  2.750000E-01  0.000000E+00
              972  8.250000E-01  3.000000E-01  0.000000E+00
              973  8.250000E-01  3.250000E-01  0.000000E+00
              974  8.250000E-01  3.500000E-01  0.000000E+00
              975  8.250000E-01  3.750000E-01  0.000000E+00
              976  8.250000E-01  4.000000E-01  0.000000E+00
              977  8.250000E-01  4.250000E-01  0.000000E+00
              978  8.250000E-01  4.500000E-01  0.000000E+00
              979  8.250000E-01  4.750000E-01  0.000000E+00
              980  8.500000E-01  2.750000E-01  0.000000E+00
              981  8.500000E-01  3.000000E-01  0.000000E+00
              982  8.500000E-01  3.250000E-01  0.000000E+00
              983  8.500000E-01  3.500000E-01  0.000000E+00
              984  8.500000E-01  3.750000E-01  0.000000E+00
              985  8.500000E-01  4.000000E-01  0.000000E+00
              986  8.500000E-01  4.250000E-01  0.000000E+00
              987  8.500000E-01  4.500000E-01  0.000000E+00
              988  8.500000E-01  4.750000E-01  0.000000E+00
              989  8.750000E-01  2.750000E-01  0.000000E+00
              990  8.750000E-01  3.000000E-01  0.000000E+00
              991  8.750000E-01  3.250000E-01  0.000000E+00
              992  8.750000E-01  3.500000E-01  0.000000E+00
              993  8.750000E-01  3.750000E-01  0.000000E+00
              994  8.750000E-01  4.000000E-01  0.000000E+00
              995  8.750000E-01  4.250000E-01  0.000000E+00
              996  8.750000E-01  4.500000E-01  0.000000E+00
              997  8.750000E-01  4.750000E-01  0.000000E+00
              998  9.000000E-01  2.750000E-01  0.000000E+00
              999  9.000000E-01  3.000000E-01  0.000000E+00
             1000  9.000000E-01  3.250000E-01  0.000000E+00
             1001  9.000000E-01  3.500000E-01  0.000000E+00
             1002  9.000000E-01  3.750000E-01  0.000000E+00
             1003  9.000000E-01  4.000000E-01  0.000000E+00
             1004  9.000000E-01  4.250000E-01  0.000000E+00
             1005  9.000000E-01  4.500000E-01  0.000000E+00
             1006  9.000000E-01  4.750000E-01  0.000000E+00
             1007  9.250000E-01  2.750000E-01  0.000000E+00
             1008  9.250000E-01  3.000000E-01  0.000000E+00
             1009  9.250000E-01  3.250000E-01  0.000000E+00
             1010  9.250000E-01  3.500000E-01  0.000000E+00
             1011  9.250000E-01  3.750000E-01  0.000000E+00
             1012  9.250000E-01  4.000000E-01  0.000000E+00
             1013  9.250000E-01  4.250000E-01  0.000000E+00
             1014  9.250000E-01  4.500000E-01  0.000000E+00
             1015  9.250000E-01  4.750000E-01  0.000000E+00
             1016  9.500000E-01  2.750000E-01  0.000000E+00
             1017  9.500000E-01  3.000000E-01  0.000000E+00
             1018  9.500000E-01  3.250000E-01  0.000000E+00
             1019  9.500000E-01  3.500000E-01  0.000000E+00
             1020  9.500000E-01  3.750000E-01  0.000000E+00
             1021  9.500000E-01  4.000000E-01  0.000000E+00
             1022  9.500000E-01  4.250000E-01  0.000000E+00
             1023  9.500000E-01  4.500000E-01  0.000000E+00
             1024  9.500000E-01  4.750000E-01  0.000000E+00
             1025  9.750000E-01  2.750000E-01  0.000000E+00
             1026  9.750000E-01  3.000000E-01  0.000000E+00
             1027  9.750000E-01  3.250000E-01  0.000000E+00
             1028  9.750000E-01  3.500000E-01  0.000000E+00
             1029  9.750000E-01  3.750000E-01  0.000000E+00
             1030  9.750000E-01  4.000000E-01  0.000000E+00
             1031  9.750000E-01  4.250000E-01  0.000000E+00
             1032  9.750000E-01  4.500000E-01  0.000000E+00
             1033  9.750000E-01  4.750000E-01  0.000000E+00
             1034  2.500000E-02  5.250000E-01  0.000000E+00
             1035  2.500000E-02  5.500000E-01  0.000000E+00
             1036  2.500000E-02  5.750000E-01  0.000000E+00
             1037  2.500000E-02  6.000000E-01  0.000000E+00
             1038  2.500000E-02  6.250000E-01  0.000000E+00
             1039  2.500000E-02  6.500000E-01  0.000000E+00
             1040  2.500000E-02  6.750000E-01  0.000000E+00
             1041  2.500000E-02  7.000000E-01  0.000000E+00
             1042  2.500000E-02  7.250000E-01  0.000000E+00
             1043  5.000000E-02  5.250000E-01  0.000000E+00
             1044  5.000000E-02  5.500000E-01  0.000000E+00
             1045  5.000000E-02  5.750000E-01  0.000000E+00
             1046  5.000000E-02  6.000000E-01  0.000000E+00
             1047  5.000000E-02  6.250000E-01  0.000000E+00
             1048  5.000000E-02  6.500000E-01  0.000000E+00
             1049  5.000000E-02  6.750000E-01  0.000000E+00
             1050  5.000000E-02  7.000000E-01  0.000000E+00
             1051  5.000000E-02  7.250000E-01  0.000000E+00
             1052  7.500000E-02  5.250000E-01  0.000000E+00
             1053  7.500000E-02  5.500000E-01  0.000000E+00
             1054  7.500000E-02  5.750000E-01  0.000000E+00
             1055  7.500000E-02  6.000000E-01  0.000000E+00
             1056  7.500000E-02  6.250000E-01  0.000000E+00
             1057  7.500000E-02  6.500000E-01  0.000000E+00
             1058  7.500000E-02  6.750000E-01  0.000000E+00
             1059  7.500000E-02  7.000000E-01  0.000000E+00
             1060  7.500000E-02  7.250000E-01  0.000000E+00
             1061  1.000000E-01  5.250000E-01  0.000000E+00
             1062  1.000000E-01  5.500000E-01  0.000000E+00
             1063  1.000000E-01  5.750000E-01  0.000000E+00
             1064  1.000000E-01  6.000000E-01  0.000000E+00
             1065  1.000000E-01  6.250000E-01  0.000000E+00
             1066  1.000000E-01  6.500000E-01  0.000000E+00
             1067  1.000000E-01  6.750000E-01  0.000000E+00
             1068  1.000000E-01  7.000000E-01  0.000000E+00
             1069  1.000000E-01  7.250000E-01  0.000000E+00
             1070  1.250000E-01  5.250000E-01  0.000000E+00
             1071  1.250000E-01  5.500000E-01  0.000000E+00
             1072  1.250000E-01  5.750000E-01  0.000000E+00
             1073  1.250000E-01  6.000000E-01  0.000000E+00
             1074  1.250000E-01  6.250000E-01  0.000000E+00
             1075  1.250000E-01  6.500000E-01  0.000000E+00
             1076  1.250000E-01  6.750000E-01  0.000000E+00
             1077  1.250000E-01  7.000000E-01  0.000000E+00
             1078  1.250000E-01  7.250000E-01  0.000000E+00
             1079  1.500000E-01  5.250000E-01  0.000000E+00
             1080  1.500000E-01  5.500000E-01  0.000000E+00
             1081  1.500000E-01  5.750000E-01  0.000000E+00
             1082  1.500000E-01  6.000000E-01  0.000000E+00
             1083  1.500000E-01  6.250000E-01  0.000000E+00
             1084  1.500000E-01  6.500000E-01  0.000000E+00
             1085  1.500000E-01  6.750000E-01  0.000000E+00
             1086  1.500000E-01  7.000000E-01  0.000000E+00
             1087  1.500000E-01  7.250000E-01  0.000000E+00
             1088  1.750000E-01  5.250000E-01  0.000000E+00
             1089  1.750000E-01  5.500000E-01  0.000000E+00
             1090  1.750000E-01  5.750000E-01  0.000000E+00
             1091  1.750000E-01  6.000000E-01  0.000000E+00
             1092  1.750000E-01  6.250000E-01  0.000000E+00
             1093  1.750000E-01  6.500000E-01  0.000000E+00
             1094  1.750000E-01  6.750000E-01  0.000000E+00
             1095  1.750000E-01  7.000000E-01  0.000000E+00
             1096  1.750000E-01  7.250000E-01  0.000000E+00
             1097  2.000000E-01  5.250000E-01  0.000000E+00
             1098  2.000000E-01  5.500000E-01  0.000000E+00
             1099  2.000000E-01  5.750000E-01  0.000000E+00
             1100  2.000000E-01  6.000000E-01  0.000000E+00
             1101  2.000000E-01  6.250000E-01  0.000000E+00
             1102  2.000000E-01  6.500000E-01  0.000000E+00
             1103  2.000000E-01  6.750000E-01  0.000000E+00
             1104  2.000000E-01  7.000000E-01  0.000000E+00
             1105  2.000000E-01  7.250000E-01  0.000000E+00
             1106  2.250000E-01  5.250000E-01  0.000000E+00
             1107  2.250000E-01  5.500000E-01  0.000000E+00
             1108  2.250000E-01  5.750000E-01  0.000000E+00
             1109  2.250000E-01  6.000000E-01  0.000000E+00
             1110  2.250000E-01  6.250000E-01  0.000000E+00
             1111  2.250000E-01  6.500000E-01  0.000000E+00
             1112  2.250000E-01  6.750000E-01  0.000000E+00
             1113  2.250000E-01  7.000000E-01  0.000000E+00
             1114  2.250000E-01  7.250000E-01  0.000000E+00
             1115  2.750000E-01  5.250000E-01  0.000000E+00
             1116  2.750000E-01  5.500000E-01  0.000000E+00
             1117  2.750000E-01  5.750000E-01  0.000000E+00
             1118  2.750000E-01  6.000000E-01  0.000000E+00
             1119  2.750000E-01  6.250000E-01  0.000000E+00
             1120  2.750000E-01  6.500000E-01  0.000000E+00
             1121  2.750000E-01  6.750000E-01  0.000000E+00
             1122  2.750000E-01  7.000000E-01  0.000000E+00
             1123  2.750000E-01  7.250000E-01  0.000000E+00
             1124  3.000000E-01  5.250000E-01  0.000000E+00
             1125  3.000000E-01  5.500000E-01  0.000000E+00
             1126  3.000000E-01  5.750000E-01  0.000000E+00
             1127  3.000000E-01  6.000000E-01  0.000000E+00
             1128  3.000000E-01  6.250000E-01  0.000000E+00
             1129  3.000000E-01  6.500000E-01  0.000000E+00
             1130  3.000000E-01  6.750000E-01  0.000000E+00
             1131  3.000000E-01  7.000000E-01  0.000000E+00
             1132  3.000000E-01  7.250000E-01  0.000000E+00
             1133  3.250000E-01  5.250000E-01  0.000000E+00
             1134  3.250000E-01  5.500000E-01  0.000000E+00
             1135  3.250000E-01  5.750000E-01  0.000000E+00
             1136  3.250000E-01  6.000000E-01  0.000000E+00
             1137  3.250000E-01  6.250000E-01  0.000000E+00
             1138  3.250000E-01  6.500000E-01  0.000000E+00
             1139  3.250000E-01  6.750000E-01  0.000000E+00
             1140  3.250000E-01  7.000000E-01  0.000000E+00
             1141  3.250000E-01  7.250000E-01  0.000000E+00
             1142  3.500000E-01  5.250000E-01  0.000000E+00
             1143  3.500000E-01  5.500000E-01  0.000000E+00
             1144  3.500000E-01  5.750000E-01  0.000000E+00
             1145  3.500000E-01  6.000000E-01  0.000000E+00
             1146  3.500000E-01  6.250000E-01  0.000000E+00
             1147  3.500000E-01  6.500000E-01  0.000000E+00
             1148  3.500000E-01  6.750000E-01  0.000000E+00
             1149  3.500000E-01  7.000000E-01  0.000000E+00
             1150  3.500000E-01  7.250000E-01  0.000000E+00
             1151  3.750000E-01  5.250000E-01  0.000000E+00
             1152  3.750000E-01  5.500000E-01  0.000000E+00
             1153  3.750000E-01  5.750000E-01  0.000000E+00
             1154  3.750000E-01  6.000000E-01  0.000000E+00
             1155  3.750000E-01  6.250000E-01  0.000000E+00
             1156  3.750000E-01  6.500000E-01  0.000000E+00
             1157  3.750000E-01  6.750000E-01  0.000000E+00
             1158  3.750000E-01  7.000000E-01  0.000000E+00
             1159  3.750000E-01  7.250000E-01  0.000000E+00
             1160  4.000000E-01  5.250000E-01  0.000000E+00
             1161  4.000000E-01  5.500000E-01  0.000000E+00
             1162  4.000000E-01  5.750000E-01  0.000000E+00
             1163  4.000000E-01  6.000000E-01  0.000000E+00
             1164  4.000000E-01  6.250000E-01  0.000000E+00
             1165  4.000000E-01  6.500000E-01  0.000000E+00
             1166  4.000000E-01  6.750000E-01  0.000000E+00
             1167  4.000000E-01  7.000000E-01  0.000000E+00
             1168  4.000000E-01  7.250000E-01  0.000000E+00
             1169  4.250000E-01  5.250000E-01  0.000000E+00
             1170  4.250000E-01  5.500000E-01  0.000000E+00
             1171  4.250000E-01  5.750000E-01  0.000000E+00
             1172  4.250000E-01  6.000000E-01  0.000000E+00
             1173  4.250000E-01  6.250000E-01  0.000000E+00
             1174  4.250000E-01  6.500000E-01  0.000000E+00
             1175  4.250000E-01  6.750000E-01  0.000000E+00
             1176  4.250000E-01  7.000000E-01  0.000000E+00
             1177  4.250000E-01  7.250000E-01  0.000000E+00
             1178  4.500000E-01  5.250000E-01  0.000000E+00
             1179  4.500000E-01  5.500000E-01  0.000000E+00
             1180  4.500000E-01  5.750000E-01  0.000000E+00
             1181  4.500000E-01  6.000000E-01  0.000000E+00
             1182  4.500000E-01  6.250000E-01  0.000000E+00
             1183  4.500000E-01  6.500000E-01  0.000000E+00
             1184  4.500000E-01  6.750000E-01  0.000000E+00
             1185  4.500000E-01  7.000000E-01  0.000000E+00
             1186  4.500000E-01  7.250000E-01  0.000000E+00
             1187  4.750000E-01  5.250000E-01  0.000000E+00
             1188  4.750000E-01  5.500000E-01  0.000000E+00
             1189  4.750000E-01  5.750000E-01  0.000000E+00
             1190  4.750000E-01  6.000000E-01  0.000000E+00
             1191  4.750000E-01  6.250000E-01  0.000000E+00
             1192  4.750000E-01  6.500000E-01  0.000000E+00
             1193  4.750000E-01  6.750000E-01  0.000000E+00
             1194  4.750000E-01  7.000000E-01  0.000000E+00
             1195  4.750000E-01  7.250000E-01  0.000000E+00
             1196  5.250000E-01  5.250000E-01  0.000000E+00
             1197  5.250000E-01  5.500000E-01  0.000000E+00
             1198  5.250000E-01  5.750000E-01  0.000000E+00
             1199  5.250000E-01  6.000000E-01  0.000000E+00
             1200  5.250000E-01  6.250000E-01  0.000000E+00
             1201  5.250000E-01  6.500000E-01  0.000000E+00
             1202  5.250000E-01  6.750000E-01  0.000000E+00
             1203  5.250000E-01  7.000000E-01  0.000000E+00
             1204  5.250000E-01  7.250000E-01  0.000000E+00
             1205  5.500000E-01  5.250000E-01  0.000000E+00
             1206  5.500000E-01  5.500000E-01  0.000000E+00
             1207  5.500000E-01  5.750000E-01  0.000000E+00
             1208  5.500000E-01  6.000000E-01  0.000000E+00
             1209  5.500000E-01  6.250000E-01  0.000000E+00
             1210  5.500000E-01  6.500000E-01  0.000000E+00
             1211  5.500000E-01  6.750000E-01  0.000000E+00
             1212  5.500000E-01  7.000000E-01  0.000000E+00
             1213  5.500000E-01  7.250000E-01  0.000000E+00
             1214  5.750000E-01  5.250000E-01  0.000000E+00
             1215  5.750000E-01  5.500000E-01  0.000000E+00
             1216  5.750000E-01  5.750000E-01  0.000000E+00
             1217  5.750000E-01  6.000000E-01  0.000000E+00
             1218  5.750000E-01  6.250000E-01  0.000000E+00
             1219  5.750000E-01  6.500000E-01  0.000000E+00
             1220  5.750000E-01  6.750000E-01  0.000000E+00
             1221  5.750000E-01  7.000000E-01  0.000000E+00
             1222  5.750000E-01  7.250000E-01  0.000000E+00
             1223  6.000000E-01  5.250000E-01  0.000000E+00
             1224  6.000000E-01  5.500000E-01  0.000000E+00
             1225  6.000000E-01  5.750000E-01  0.000000E+00
             1226  6.000000E-01  6.000000E-01  0.000000E+00
             1227  6.000000E-01  6.250000E-01  0.000000E+00
             1228  6.000000E-01  6.500000E-01  0.000000E+00
             1229  6.000000E-01  6.750000E-01  0.000000E+00
             1230  6.000000E-01  7.000000E-01  0.000000E+00
             1231  6.000000E-01  7.250000E-01  0.000000E+00
             1232  6.250000E-01  5.250000E-01  0.000000E+00
             1233  6.250000E-01  5.500000E-01  0.000000E+00
             1234  6.250000E-01  5.750000E-01  0.000000E+00
             1235  6.250000E-01  6.000000E-01  0.000000E+00
             1236  6.250000E-01  6.250000E-01  0.000000E+00
             1237  6.250000E-01  6.500000E-01  0.000000E+00
             1238  6.250000E-01  6.750000E-01  0.000000E+00
             1239  6.250000E-01  7.000000E-01  0.000000E+00
             1240  6.250000E-01  7.250000E-01  0.000000E+00
             1241  6.500000E-01  5.250000E-01  0.000000E+00
             1242  6.500000E-01  5.500000E-01  0.000000E+00
             1243  6.500000E-01  5.750000E-01  0.000000E+00
             1244  6.500000E-01  6.000000E-01  0.000000E+00
             1245  6.500000E-01  6.250000E-01  0.000000E+00
             1246  6.500000E-01  6.500000E-01  0.000000E+00
             1247  6.500000E-01  6.750000E-01  0.000000E+00
             1248  6.500000E-01  7.000000E-01  0.000000E+00
             1249  6.500000E-01  7.250000E-01  0.000000E+00
             1250  6.750000E-01  5.250000E-01  0.000000E+00
             1251  6.750000E-01  5.500000E-01  0.000000E+00
             1252  6.750000E-01  5.750000E-01  0.000000E+00
             1253  6.750000E-01  6.000000E-01  0.000000E+00
             1254  6.750000E-01  6.250000E-01  0.000000E+00
             1255  6.750000E-01  6.500000E-01  0.000000E+00
             1256  6.750000E-01  6.750000E-01  0.000000E+00
             1257  6.750000E-01  7.000000E-01  0.000000E+00
             1258  6.750000E-01  7.250000E-01  0.000000E+00
             1259  7.000000E-01  5.250000E-01  0.000000E+00
             1260  7.000000E-01  5.500000E-01  0.000000E+00
             1261  7.000000E-01  5.750000E-01  0.000000E+00
             1262  7.000000E-01  6.000000E-01  0.000000E+00
             1263  7.000000E-01  6.250000E-01  0.000000E+00
             1264  7.000000E-01  6.500000E-01  0.000000E+00
             1265  7.000000E-01  6.750000E-01  0.000000E+00
             1266  7.000000E-01  7.000000E-01  0.000000E+00
             1267  7.000000E-01  7.250000E-01  0.000000E+00
             1268  7.250000E-01  5.250000E-01  0.000000E+00
             1269  7.250000E-01  5.500000E-01  0.000000E+00
             1270  7.250000E-01  5.750000E-01  0.000000E+00
             1271  7.250000E-01  6.000000E-01  0.000000E+00
             1272  7.250000E-01  6.250000E-01  0.000000E+00
             1273  7.250000E-01  6.500000E-01  0.000000E+00
             1274  7.250000E-01  6.750000E-01  0.000000E+00
             1275  7.250000E-01  7.000000E-01  0.000000E+00
             1276  7.250000E-01  7.250000E-01  0.000000E+00
             1277  7.750000E-01  5.250000E-01  0.000000E+00
             1278  7.750000E-01  5.500000E-01  0.000000E+00
             1279  7.750000E-01  5.750000E-01  0.000000E+00
             1280  7.750000E-01  6.000000E-01  0.000000E+00
             1281  7.750000E-01  6.250000E-01  0.000000E+00
             1282  7.750000E-01  6.500000E-01  0.000000E+00
             1283  7.750000E-01  6.750000E-01  0.000000E+00
             1284  7.750000E-01  7.000000E-01  0.000000E+00
             1285  7.750000E-01  7.250000E-01  0.000000E+00
             1286  8.000000E-01  5.250000E-01  0.000000E+00
             1287  8.000000E-01  5.500000E-01  0.000000E+00
             1288  8.000000E-01  5.750000E-01  0.000000E+00
             1289  8.000000E-01  6.000000E-01  0.000000E+00
             1290  8.000000E-01  6.250000E-01  0.000000E+00
             1291  8.000000E-01  6.500000E-01  0.000000E+00
             1292  8.000000E-01  6.750000E-01  0.000000E+00
             1293  8.000000E-01  7.000000E-01  0.000000E+00
             1294  8.000000E-01  7.250000E-01  0.000000E+00
             1295  8.250000E-01  5.250000E-01  0.000000E+00
             1296  8.250000E-01  5.500000E-01  0.000000E+00
             1297  8.250000E-01  5.750000E-01  0.000000E+00
             1298  8.250000E-01  6.000000E-01  0.000000E+00
             1299  8.250000E-01  6.250000E-01  0.000000E+00
             1300  8.250000E-01  6.500000E-01  0.000000E+00
             1301  8.250000E-01  6.750000E-01  0.000000E+00
             1302  8.250000E-01  7.000000E-01  0.000000E+00
             1303  8.250000E-01  7.250000E-01  0.000000E+00
             1304  8.500000E-01  5.250000E-01  0.000000E+00
             1305  8.500000E-01  5.500000E-01  0.000000E+00
             1306  8.500000E-01  5.750000E-01  0.000000E+00
             1307  8.500000E-01  6.000000E-01  0.000000E+00
             1308  8.500000E-01  6.250000E-01  0.000000E+00
             1309  8.500000E-01  6.500000E-01  0.000000E+00
             1310  8.500000E-01  6.750000E-01  0.000000E+00
             1311  8.500000E-01  7.000000E-01  0.000000E+00
             1312  8.500000E-01  7.250000E-01  0.000000E+00
             1313  8.750000E-01  5.250000E-01  0.000000E+00
             1314  8.750000E-01  5.500000E-01  0.000000E+00
             1315  8.750000E-01  5.750000E-01  0.000000E+00
             1316  8.750000E-01  6.000000E-01  0.000000E+00
             1317  8.750000E-01  6.250000E-01  0.000000E+00
             1318  8.750000E-01  6.500000E-01  0.000000E+00
             1319  8.750000E-01  6.750000E-01  0.000000E+00
             1320  8.750000E-01  7.000000E-01  0.000000E+00
             1321  8.750000E-01  7.250000E-01  0.000000E+00
             1322  9.000000E-01  5.250000E-01  0.000000E+00
             1323  9.000000E-01  5.500000E-01  0.000000E+00
             1324  9.000000E-01  5.750000E-01  0.000000E+00
             1325  9.000000E-01  6.000000E-01  0.000000E+00
             1326  9.000000E-01  6.250000E-01  0.000000E+00
             1327  9.000000E-01  6.500000E-01  0.000000E+00
             1328  9.000000E-01  6.750000E-01  0.000000E+00
             1329  9.000000E-01  7.000000E-01  0.000000E+00
             1330  9.000000E-01  7.250000E-01  0.000000E+00
             1331  9.250000E-01  5.250000E-01  0.000000E+00
             1332  9.250000E-01  5.500000E-01  0.000000E+00
             1333  9.250000E-01  5.750000E-01  0.000000E+00
             1334  9.250000E-01  6.000000E-01  0.000000E+00
             1335  9.250000E-01  6.250000E-01  0.000000E+00
             1336  9.250000E-01  6.500000E-01  0.000000E+00
             1337  9.250000E-01  6.750000E-01  0.000000E+00
             1338  9.250000E-01  7.000000E-01  0.000000E+00
             1339  9.250000E-01  7.250000E-01  0.000000E+00
             1340  9.500000E-01  5.250000E-01  0.000000E+00
             1341  9.500000E-01  5.500000E-01  0.000000E+00
             1342  9.500000E-01  5.750000E-01  0.000000E+00
             1343  9.500000E-01  6.000000E-01  0.000000E+00
             1344  9.500000E-01  6.250000E-01  0.000000E+00
             1345  9.500000E-01  6.500000E-01  0.000000E+00
             1346  9.500000E-01  6.750000E-01  0.000000E+00
             1347  9.500000E-01  7.000000E-01  0.000000E+00
             1348  9.500000E-01  7.250000E-01  0.000000E+00
             1349  9.750000E-01  5.250000E-01  0.000000E+00
             1350  9.750000E-01  5.500000E-01  0.000000E+00
             1351  9.750000E-01  5.750000E-01  0.000000E+00
             1352  9.750000E-01  6.000000E-01  0.000000E+00
             1353  9.750000E-01  6.250000E-01  0.000000E+00
             1354  9.750000E-01  6.500000E-01  0.000000E+00
             1355  9.750000E-01  6.750000E-01  0.000000E+00
             1356  9.750000E-01  7.000000E-01  0.000000E+00
             1357  9.750000E-01  7.250000E-01  0.000000E+00
             1358  2.500000E-02  7.750000E-01  0.000000E+00
             1359  2.500000E-02  8.000000E-01  0.000000E+00
             1360  2.500000E-02  8.250000E-01  0.000000E+00
             1361  2.500000E-02  8.500000E-01  0.000000E+00
             1362  2.500000E-02  8.750000E-01  0.000000E+00
             1363  2.500000E-02  9.000000E-01  0.000000E+00
             1364  2.500000E-02  9.250000E-01  0.000000E+00
             1365  2.500000E-02  9.500000E-01  0.000000E+00
             1366  2.500000E-02  9.750000E-01  0.000000E+00
             1367  5.000000E-02  7.750000E-01  0.000000E+00
             1368  5.000000E-02  8.000000E-01  0.000000E+00
             1369  5.000000E-02  8.250000E-01  0.000000E+00
             1370  5.000000E-02  8.500000E-01  0.000000E+00
             1371  5.000000E-02  8.750000E-01  0.000000E+00
             1372  5.000000E-02  9.000000E-01  0.000000E+00
             1373  5.000000E-02  9.250000E-01  0.000000E+00
             1374  5.000000E-02  9.500000E-01  0.000000E+00
             1375  5.000000E-02  9.750000E-01  0.000000E+00
             1376  7.500000E-02  7.750000E-01  0.000000E+00
             1377  7.500000E-02  8.000000E-01  0.000000E+00
             1378  7.500000E-02  8.250000E-01  0.000000E+00
             1379  7.500000E-02  8.500000E-01  0.000000E+00
             1380  7.500000E-02  8.750000E-01  0.000000E+00
             1381  7.500000E-02  9.000000E-01  0.000000E+00
             1382  7.500000E-02  9.250000E-01  0.000000E+00
             1383  7.500000E-02  9.500000E-01  0.000000E+00
             1384  7.500000E-02  9.750000E-01  0.000000E+00
             1385  1.000000E-01  7.750000E-01  0.000000E+00
             1386  1.000000E-01  8.000000E-01  0.000000E+00
             1387  1.000000E-01  8.250000E-01  0.000000E+00
             1388  1.000000E-01  8.500000E-01  0.000000E+00
             1389  1.000000E-01  8.750000E-01  0.000000E+00
             1390  1.000000E-01  9.000000E-01  0.000000E+00
             1391  1.000000E-01  9.250000E-01  0.000000E+00
             1392  1.000000E-01  9.500000E-01  0.000000E+00
             1393  1.000000E-01  9.750000E-01  0.000000E+00
             1394  1.250000E-01  7.750000E-01  0.000000E+00
             1395  1.250000E-01  8.000000E-01  0.000000E+00
             1396  1.250000E-01  8.250000E-01  0.000000E+00
             1397  1.250000E-01  8.500000E-01  0.000000E+00
             1398  1.250000E-01  8.750000E-01  0.000000E+00
             1399  1.250000E-01  9.000000E-01  0.000000E+00
             1400  1.250000E-01  9.250000E-01  0.000000E+00
             1401  1.250000E-01  9.500000E-01  0.000000E+00
             1402  1.250000E-01  9.750000E-01  0.000000E+00
             1403  1.500000E-01  7.750000E-01  0.000000E+00
             1404  1.500000E-01  8.000000E-01  0.000000E+00
             1405  1.500000E-01  8.250000E-01  0.000000E+00
             1406  1.500000E-01  8.500000E-01  0.000000E+00
             1407  1.500000E-01  8.750000E-01  0.000000E+00
             1408  1.500000E-01  9.000000E-01  0.000000E+00
             1409  1.500000E-01  9.250000E-01  0.000000E+00
             1410  1.500000E-01  9.500000E-01  0.000000E+00
             1411  1.500000E-01  9.750000E-01  0.000000E+00
             1412  1.750000E-01  7.750000E-01  0.000000E+00
             1413  1.750000E-01  8.000000E-01  0.000000E+00
             1414  1.750000E-01  8.250000E-01  0.000000E+00
             1415  1.750000E-01  8.500000E-01  0.000000E+00
             1416  1.750000E-01  8.750000E-01  0.000000E+00
             1417  1.750000E-01  9.000000E-01  0.000000E+00
             1418  1.750000E-01  9.250000E-01  0.000000E+00
             1419  1.750000E-01  9.500000E-01  0.000000E+00
             1420  1.750000E-01  9.750000E-01  0.000000E+00
             1421  2.000000E-01  7.750000E-01  0.000000E+00
             1422  2.000000E-01  8.000000E-01  0.000000E+00
             1423  2.000000E-01  8.250000E-01  0.000000E+00
             1424  2.000000E-01  8.500000E-01  0.000000E+00
             1425  2.000000E-01  8.750000E-01  0.000000E+00
             1426  2.000000E-01  9.000000E-01  0.000000E+00
             1427  2.000000E-01  9.250000E-01  0.000000E+00
             1428  2.000000E-01  9.500000E-01  0.000000E+00
             1429  2.000000E-01  9.750000E-01  0.000000E+00
             1430  2.250000E-01  7.750000E-01  0.000000E+00
             1431  2.250000E-01  8.000000E-01  0.000000E+00
             1432  2.250000E-01  8.250000E-01  0.000000E+00
             1433  2.250000E-01  8.500000E-01  0.000000E+00
             1434  2.250000E-01  8.750000E-01  0.000000E+00
             1435  2.250000E-01  9.000000E-01  0.000000E+00
             1436  2.250000E-01  9.250000E-01  0.000000E+00
             1437  2.250000E-01  9.500000E-01  0.000000E+00
             1438  2.250000E-01  9.750000E-01  0.000000E+00
             1439  2.750000E-01  7.750000E-01  0.000000E+00
             1440  2.750000E-01  8.000000E-01  0.000000E+00
             1441  2.750000E-01  8.250000E-01  0.000000E+00
             1442  2.750000E-01  8.500000E-01  0.000000E+00
             1443  2.750000E-01  8.750000E-01  0.000000E+00
             1444  2.750000E-01  9.000000E-01  0.000000E+00
             1445  2.750000E-01  9.250000E-01  0.000000E+00
             1446  2.750000E-01  9.500000E-01  0.000000E+00
             1447  2.750000E-01  9.750000E-01  0.000000E+00
             1448  3.000000E-01  7.750000E-01  0.000000E+00
             1449  3.000000E-01  8.000000E-01  0.000000E+00
             1450  3.000000E-01  8.250000E-01  0.000000E+00
             1451  3.000000E-01  8.500000E-01  0.000000E+00
             1452  3.000000E-01  8.750000E-01  0.000000E+00
             1453  3.000000E-01  9.000000E-01  0.000000E+00
             1454  3.000000E-01  9.250000E-01  0.000000E+00
             1455  3.000000E-01  9.500000E-01  0.000000E+00
             1456  3.000000E-01  9.750000E-01  0.000000E+00
             1457  3.250000E-01  7.750000E-01  0.000000E+00
             1458  3.250000E-01  8.000000E-01  0.000000E+00
             1459  3.250000E-01  8.250000E-01  0.000000E+00
             1460  3.250000E-01  8.500000E-01  0.000000E+00
             1461  3.250000E-01  8.750000E-01  0.000000E+00
             1462  3.250000E-01  9.000000E-01  0.000000E+00
             1463  3.250000E-01  9.250000E-01  0.000000E+00
             1464  3.250000E-01  9.500000E-01  0.000000E+00
             1465  3.250000E-01  9.750000E-01  0.000000E+00
             1466  3.500000E-01  7.750000E-01  0.000000E+00
             1467  3.500000E-01  8.000000E-01  0.000000E+00
             1468  3.500000E-01  8.250000E-01  0.000000E+00
             1469  3.500000E-01  8.500000E-01  0.000000E+00
             1470  3.500000E-01  8.750000E-01  0.000000E+00
             1471  3.500000E-01  9.000000E-01  0.000000E+00
             1472  3.500000E-01  9.250000E-01  0.000000E+00
             1473  3.500000E-01  9.500000E-01  0.000000E+00
             1474  3.500000E-01  9.750000E-01  0.000000E+00
             1475  3.750000E-01  7.750000E-01  0.000000E+00
             1476  3.750000E-01  8.000000E-01  0.000000E+00
             1477  3.750000E-01  8.250000E-01  0.000000E+00
             1478  3.750000E-01  8.500000E-01  0.000000E+00
             1479  3.750000E-01  8.750000E-01  0.000000E+00
             1480  3.750000E-01  9.000000E-01  0.000000E+00
             1481  3.750000E-01  9.250000E-01  0.000000E+00
             1482  3.750000E-01  9.500000E-01  0.000000E+00
             1483  3.750000E-01  9.750000E-01  0.000000E+00
             1484  4.000000E-01  7.750000E-01  0.000000E+00
             1485  4.000000E-01  8.000000E-01  0.000000E+00
             1486  4.000000E-01  8.250000E-01  0.000000E+00
             1487  4.000000E-01  8.500000E-01  0.000000E+00
             1488  4.000000E-01  8.750000E-01  0.000000E+00
             1489  4.000000E-01  9.000000E-01  0.000000E+00
             1490  4.000000E-01  9.250000E-01  0.000000E+00
             1491  4.000000E-01  9.500000E-01  0.000000E+00
             1492  4.000000E-01  9.750000E-01  0.000000E+00
             1493  4.250000E-01  7.750000E-01  0.000000E+00
             1494  4.250000E-01  8.000000E-01  0.000000E+00
             1495  4.250000E-01  8.250000E-01  0.000000E+00
             1496  4.250000E-01  8.500000E-01  0.000000E+00
             1497  4.250000E-01  8.750000E-01  0.000000E+00
             1498  4.250000E-01  9.000000E-01  0.000000E+00
             1499  4.250000E-01  9.250000E-01  0.000000E+00
             1500  4.250000E-01  9.500000E-01  0.000000E+00
             1501  4.250000E-01  9.750000E-01  0.000000E+00
             1502  4.500000E-01  7.750000E-01  0.000000E+00
             1503  4.500000E-01  8.000000E-01  0.000000E+00
             1504  4.500000E-01  8.250000E-01  0.000000E+00
             1505  4.500000E-01  8.500000E-01  0.000000E+00
             1506  4.500000E-01  8.750000E-01  0.000000E+00
             1507  4.500000E-01  9.000000E-01  0.000000E+00
             1508  4.500000E-01  9.250000E-01  0.000000E+00
             1509  4.500000E-01  9.500000E-01  0.000000E+00
             1510  4.500000E-01  9.750000E-01  0.000000E+00
             1511  4.750000E-01  7.750000E-01  0.000000E+00
             1512  4.750000E-01  8.000000E-01  0.000000E+00
             1513  4.750000E-01  8.250000E-01  0.000000E+00
             1514  4.750000E-01  8.500000E-01  0.000000E+00
             1515  4.750000E-01  8.750000E-01  0.000000E+00
             1516  4.750000E-01  9.000000E-01  0.000000E+00
             1517  4.750000E-01  9.250000E-01  0.000000E+00
             1518  4.750000E-01  9.500000E-01  0.000000E+00
             1519  4.750000E-01  9.750000E-01  0.000000E+00
             1520  5.250000E-01  7.750000E-01  0.000000E+00
             1521  5.250000E-01  8.000000E-01  0.000000E+00
             1522  5.250000E-01  8.250000E-01  0.000000E+00
             1523  5.250000E-01  8.500000E-01  0.000000E+00
             1524  5.250000E-01  8.750000E-01  0.000000E+00
             1525  5.250000E-01  9.000000E-01  0.000000E+00
             1526  5.250000E-01  9.250000E-01  0.000000E+00
             1527  5.250000E-01  9.500000E-01  0.000000E+00
             1528  5.250000E-01  9.750000E-01  0.000000E+00
             1529  5.500000E-01  7.750000E-01  0.000000E+00
             1530  5.500000E-01  8.000000E-01  0.000000E+00
             1531  5.500000E-01  8.250000E-01  0.000000E+00
             1532  5.500000E-01  8.500000E-01  0.000000E+00
             1533  5.500000E-01  8.750000E-01  0.000000E+00
             1534  5.500000E-01  9.000000E-01  0.000000E+00
             1535  5.500000E-01  9.250000E-01  0.000000E+00
             1536  5.500000E-01  9.500000E-01  0.000000E+00
             1537  5.500000E-01  9.750000E-01  0.000000E+00
             1538  5.750000E-01  7.750000E-01  0.000000E+00
             1539  5.750000E-01  8.000000E-01  0.000000E+00
             1540  5.750000E-01  8.250000E-01  0.000000E+00
             1541  5.750000E-01  8.500000E-01  0.000000E+00
             1542  5.750000E-01  8.750000E-01  0.000000E+00
             1543  5.750000E-01  9.000000E-01  0.000000E+00
             1544  5.750000E-01  9.250000E-01  0.000000E+00
             1545  5.750000E-01  9.500000E-01  0.000000E+00
             1546  5.750000E-01  9.750000E-01  0.000000E+00
             1547  6.000000E-01  7.750000E-01  0.000000E+00
             1548  6.000000E-01  8.000000E-01  0.000000E+00
             1549  6.000000E-01  8.250000E-01  0.000000E+00
             1550  6.000000E-01  8.500000E-01  0.000000E+00
             1551  6.000000E-01  8.750000E-01  0.000000E+00
             1552  6.000000E-01  9.000000E-01  0.000000E+00
             1553  6.000000E-01  9.250000E-01  0.000000E+00
             1554  6.000000E-01  9.500000E-01  0.000000E+00
             1555  6.000000E-01  9.750000E-01  0.000000E+00
             1556  6.250000E-01  7.750000E-01  0.000000E+00
             1557  6.250000E-01  8.000000E-01  0.000000E+00
             1558  6.250000E-01  8.250000E-01  0.000000E+00
             1559  6.250000E-01  8.500000E-01  0.000000E+00
             1560  6.250000E-01  8.750000E-01  0.000000E+00
             1561  6.250000E-01  9.000000E-01  0.000000E+00
             1562  6.250000E-01  9.250000E-01  0.000000E+00
             1563  6.250000E-01  9.500000E-01  0.000000E+00
             1564  6.250000E-01  9.750000E-01  0.000000E+00
             1565  6.500000E-01  7.750000E-01  0.000000E+00
             1566  6.500000E-01  8.000000E-01  0.000000E+00
             1567  6.500000E-01  8.250000E-01  0.000000E+00
             1568  6.500000E-01  8.500000E-01  0.000000E+00
             1569  6.500000E-01  8.750000E-01  0.000000E+00
             1570  6.500000E-01  9.000000E-01  0.000000E+00
             1571  6.500000E-01  9.250000E-01  0.000000E+00
             1572  6.500000E-01  9.500000E-01  0.000000E+00
             1573  6.500000E-01  9.750000E-01  0.000000E+00
             1574  6.750000E-01  7.750000E-01  0.000000E+00
             1575  6.750000E-01  8.000000E-01  0.000000E+00
             1576  6.750000E-01  8.250000E-01  0.000000E+00
             1577  6.750000E-01  8.500000E-01  0.000000E+00
             1578  6.750000E-01  8.750000E-01  0.000000E+00
             1579  6.750000E-01  9.000000E-01  0.000000E+00
             1580  6.750000E-01  9.250000E-01  0.000000E+00
             1581  6.750000E-01  9.500000E-01  0.000000E+00
             1582  6.750000E-01  9.750000E-01  0.000000E+00
             1583  7.000000E-01  7.750000E-01  0.000000E+00
             1584  7.000000E-01  8.000000E-01  0.000000E+00
             1585  7.000000E-01  8.250000E-01  0.000000E+00
             1586  7.000000E-01  8.500000E-01  0.000000E+00
             1587  7.000000E-01  8.750000E-01  0.000000E+00
             1588  7.000000E-01  9.000000E-01  0.000000E+00
             1589  7.000000E-01  9.250000E-01  0.000000E+00
             1590  7.000000E-01  9.500000E-01  0.000000E+00
             1591  7.000000E-01  9.750000E-01  0.000000E+00
             1592  7.250000E-01  7.750000E-01  0.000000E+00
             1593  7.250000E-01  8.000000E-01  0.000000E+00
             1594  7.250000E-01  8.250000E-01  0.000000E+00
             1595  7.250000E-01  8.500000E-01  0.000000E+00
             1596  7.250000E-01  8.750000E-01  0.000000E+00
             1597  7.250000E-01  9.000000E-01  0.000000E+00
             1598  7.250000E-01  9.250000E-01  0.000000E+00
             1599  7.250000E-01  9.500000E-01  0.000000E+00
             1600  7.250000E-01  9.750000E-01  0.000000E+00
             1601  7.750000E-01  7.750000E-01  0.000000E+00
             1602  7.750000E-01  8.000000E-01  0.000000E+00
             1603  7.750000E-01  8.250000E-01  0.000000E+00
             1604  7.750000E-01  8.500000E-01  0.000000E+00
             1605  7.750000E-01  8.750000E-01  0.000000E+00
             1606  7.750000E-01  9.000000E-01  0.000000E+00
             1607  7.750000E-01  9.250000E-01  0.000000E+00
             1608  7.750000E-01  9.500000E-01  0.000000E+00
             1609  7.750000E-01  9.750000E-01  0.000000E+00
             1610  8.000000E-01  7.750000E-01  0.000000E+00
             1611  8.000000E-01  8.000000E-01  0.000000E+00
             1612  8.000000E-01  8.250000E-01  0.000000E+00
             1613  8.000000E-01  8.500000E-01  0.000000E+00
             1614  8.000000E-01  8.750000E-01  0.000000E+00
             1615  8.000000E-01  9.000000E-01  0.000000E+00
             1616  8.000000E-01  9.250000E-01  0.000000E+00
             1617  8.000000E-01  9.500000E-01  0.000000E+00
             1618  8.000000E-01  9.750000E-01  0.000000E+00
             1619  8.250000E-01  7.750000E-01  0.000000E+00
             1620  8.250000E-01  8.000000E-01  0.000000E+00
             1621  8.250000E-01  8.250000E-01  0.000000E+00
             1622  8.250000E-01  8.500000E-01  0.000000E+00
             1623  8.250000E-01  8.750000E-01  0.000000E+00
             1624  8.250000E-01  9.000000E-01  0.000000E+00
             1625  8.250000E-01  9.250000E-01  0.000000E+00
             1626  8.250000E-01  9.500000E-01  0.000000E+00
             1627  8.250000E-01  9.750000E-01  0.000000E+00
             1628  8.500000E-01  7.750000E-01  0.000000E+00
             1629  8.500000E-01  8.000000E-01  0.000000E+00
             1630  8.500000E-01  8.250000E-01  0.000000E+00
             1631  8.500000E-01  8.500000E-01  0.000000E+00
             1632  8.500000E-01  8.750000E-01  0.000000E+00
             1633  8.500000E-01  9.000000E-01  0.000000E+00
             1634  8.500000E-01  9.250000E-01  0.000000E+00
             1635  8.500000E-01  9.500000E-01  0.000000E+00
             1636  8.500000E-01  9.750000E-01  0.000000E+00
             1637  8.750000E-01  7.750000E-01  0.000000E+00
             1638  8.750000E-01  8.000000E-01  0.000000E+00
             1639  8.750000E-01  8.250000E-01  0.000000E+00
             1640  8.750000E-01  8.500000E-01  0.000000E+00
             1641  8.750000E-01  8.750000E-01  0.000000E+00
             1642  8.750000E-01  9.000000E-01  0.000000E+00
             1643  8.750000E-01  9.250000E-01  0.000000E+00
             1644  8.750000E-01  9.500000E-01  0.000000E+00
             1645  8.750000E-01  9.750000E-01  0.000000E+00
             1646  9.000000E-01  7.750000E-01  0.000000E+00
             1647  9.000000E-01  8.000000E-01  0.000000E+00
             1648  9.000000E-01  8.250000E-01  0.000000E+00
             1649  9.000000E-01  8.500000E-01  0.000000E+00
             1650  9.000000E-01  8.750000E-01  0.000000E+00
             1651  9.000000E-01  9.000000E-01  0.000000E+00
             1652  9.000000E-01  9.250000E-01  0.000000E+00
             1653  9.000000E-01  9.500000E-01  0.000000E+00
             1654  9.000000E-01  9.750000E-01  0.000000E+00
             1655  9.250000E-01  7.750000E-01  0.000000E+00
             1656  9.250000E-01  8.000000E-01  0.000000E+00
             1657  9.250000E-01  8.250000E-01  0.000000E+00
             1658  9.250000E-01  8.500000E-01  0.000000E+00
             1659  9.250000E-01  8.750000E-01  0.000000E+00
             1660  9.250000E-01  9.000000E-01  0.000000E+00
             1661  9.250000E-01  9.250000E-01  0.000000E+00
             1662  9.250000E-01  9.500000E-01  0.000000E+00
             1663  9.250000E-01  9.750000E-01  0.000000E+00
             1664  9.500000E-01  7.750000E-01  0.000000E+00
             1665  9.500000E-01  8.000000E-01  0.000000E+00
             1666  9.500000E-01  8.250000E-01  0.000000E+00
             1667  9.500000E-01  8.500000E-01  0.000000E+00
             1668  9.500000E-01  8.750000E-01  0.000000E+00
             1669  9.500000E-01  9.000000E-01  0.000000E+00
             1670  9.500000E-01  9.250000E-01  0.000000E+00
             1671  9.500000E-01  9.500000E-01  0.000000E+00
             1672  9.500000E-01  9.750000E-01  0.000000E+00
             1673  9.750000E-01  7.750000E-01  0.000000E+00
             1674  9.750000E-01  8.000000E-01  0.000000E+00
             1675  9.750000E-01  8.250000E-01  0.000000E+00
             1676  9.750000E-01  8.500000E-01  0.000000E+00
             1677  9.750000E-01  8.750000E-01  0.000000E+00
             1678  9.750000E-01  9.000000E-01  0.000000E+00
             1679  9.750000E-01  9.250000E-01  0.000000E+00
             1680  9.750000E-01  9.500000E-01  0.000000E+00
             1681  9.750000E-01  9.750000E-01  0.000000E+00
             1682  5.000000E-01  2.500000E-01  1.000000E-01
             1683  2.500000E-01  5.000000E-01  1.000000E-01
             1684  5.000000E-01  5.000000E-01  1.000000E-01
             1685  7.500000E-01  5.000000E-01  1.000000E-01
             1686  5.000000E-01  7.500000E-01  1.000000E-01
!
      $PART  NAME = PLATE
       PLATE
      $PART  NAME = M
       M
      $PART  NAME = K
       K
      $PART  NAME = C
       C
!
   $END STRUCTURE
!------
   $SYSTEM  NAME = S_STEP_1
!
      $GEODAT MASS      CONT = MASS
       GD_M          1.000000E+01
      $GEODAT SPRING    CONT = STIFF
       GD_K          1.000000E+05
      $GEODAT DAMPER CONT = DAMP 
       GD_C          5.000000E+00
      $GEODAT SHELL     CONT = THICK      NODES = ALL
       GD_PLATE      1.000000E-02
!
      $ELPROP
       K             GEODAT = GD_K
       M             GEODAT = GD_M
       C             GEODAT = GD_C   
       PLATE         GEODAT = GD_PLATE      MATERIAL = CONCRETE
!
   $END SYSTEM
!------
   $CONSTRAINTS  NAME = C_STEP_1
!
      $SUPPRESS  LINENODE  DOFS = 1,2,3  DOFTYPE = DISP
       EDGES
      $SUPPRESS  DOFS = 1,2  DOFTYPE = DISP
       TMD
!
      $SUPPRESS DOFS = 6
          N1
!
   $END CONSTRAINTS
!------
$EXIT COMPONENT
!------------------------------------
$ENTER MATERIAL
!------
   $MATERIAL  NAME = CONCRETE  TYPE = ISO
!
      $ELASTIC  GENERAL  INPUT = DATA
        2.500000E+10  2.000000E-01
!
      $DENSITY  GENERAL  INPUT = DATA
        2.300000E+03
!
   $END MATERIAL
!------
$EXIT MATERIAL
!------------------------------------
$FIN
