$ENTER COMPONENT  NAME = DFLT_COMP  DOFTYPE = DISP MATH
!------
   $SITUATION NAME = STEP_1
      DFLT_COMP SYSTEM = S_STEP_1  CONSTRAINTS = C_STEP_1
   $END SITUATION
!------
   $STRUCTURE
!
      $ELEMENT TYPE = HEXE8  ESET = PART
                1       1004        257         49        127       1067        445         56        444
                2       1005       1004        127        128       1068       1067        444        443
                3       1006       1005        128        129       1069       1068        443        442
                4       1007       1006        129        130       1070       1069        442        441
                5       1008       1007        130        131       1071       1070        441        440
                6       1009       1008        131        132       1072       1071        440        439
                7       1010       1009        132        133       1073       1072        439        438
                8       1011       1010        133        134       1074       1073        438        437
                9       1012       1011        134        135       1075       1074        437        436
               10        260       1012        135         16        435       1075        436         59
               11        172         63        257       1004        426          9        445       1067
               12        173        172       1004       1005        427        426       1067       1068
               13        174        173       1005       1006        428        427       1068       1069
               14        175        174       1006       1007        429        428       1069       1070
               15        176        175       1007       1008        430        429       1070       1071
               16        177        176       1008       1009        431        430       1071       1072
               17        178        177       1009       1010        432        431       1072       1073
               18        179        178       1010       1011        433        432       1073       1074
               19        180        179       1011       1012        434        433       1074       1075
               20         60        180       1012        260          8        434       1075        435
               21       1013        259         61        153       1076        455         11        454
               22       1014       1013        153        152       1077       1076        454        453
               23       1015       1014        152        151       1078       1077        453        452
               24       1016       1015        151        150       1079       1078        452        451
               25       1017       1016        150        149       1080       1079        451        450
               26       1018       1017        149        148       1081       1080        450        449
               27       1019       1018        148        147       1082       1081        449        448
               28       1020       1019        147        146       1083       1082        448        447
               29       1021       1020        146        145       1084       1083        447        446
               30        260       1021        145         60        435       1084        446          8
               31        144         48        259       1013        456         58        455       1076
               32        143        144       1013       1014        457        456       1076       1077
               33        142        143       1014       1015        458        457       1077       1078
               34        141        142       1015       1016        459        458       1078       1079
               35        140        141       1016       1017        460        459       1079       1080
               36        139        140       1017       1018        461        460       1080       1081
               37        138        139       1018       1019        462        461       1081       1082
               38        137        138       1019       1020        463        462       1082       1083
               39        136        137       1020       1021        464        463       1083       1084
               40         16        136       1021        260         59        464       1084        435
               41       1022        154         61        259       1085        465         11        455
               42        109       1022        259         48        483       1085        455         58
               43       1023        155        154       1022       1086        466        465       1085
               44        110       1023       1022        109        482       1086       1085        483
               45       1024        156        155       1023       1087        467        466       1086
               46        111       1024       1023        110        481       1087       1086        482
               47       1025        157        156       1024       1088        468        467       1087
               48        112       1025       1024        111        480       1088       1087        481
               49       1026        158        157       1025       1089        469        468       1088
               50        113       1026       1025        112        479       1089       1088        480
               51       1027        159        158       1026       1090        470        469       1089
               52        114       1027       1026        113        478       1090       1089        479
               53       1028        160        159       1027       1091        471        470       1090
               54        115       1028       1027        114        477       1091       1090        478
               55       1029        161        160       1028       1092        472        471       1091
               56        116       1029       1028        115        476       1092       1091        477
               57       1030        162        161       1029       1093        473        472       1092
               58        117       1030       1029        116        475       1093       1092        476
               59        258         62        162       1030        474         10        473       1093
               60         17        258       1030        117         57        474       1093        475
               61        995        258         17        118       1094        474         57        501
               62        996        995        118        119       1095       1094        501        500
               63        997        996        119        120       1096       1095        500        499
               64        998        997        120        121       1097       1096        499        498
               65        999        998        121        122       1098       1097        498        497
               66       1000        999        122        123       1099       1098        497        496
               67       1001       1000        123        124       1100       1099        496        495
               68       1002       1001        124        125       1101       1100        495        494
               69       1003       1002        125        126       1102       1101        494        493
               70        257       1003        126         49        445       1102        493         56
               71        163         62        258        995        484         10        474       1094
               72        164        163        995        996        485        484       1094       1095
               73        165        164        996        997        486        485       1095       1096
               74        166        165        997        998        487        486       1096       1097
               75        167        166        998        999        488        487       1097       1098
               76        168        167        999       1000        489        488       1098       1099
               77        169        168       1000       1001        490        489       1099       1100
               78        170        169       1001       1002        491        490       1100       1101
               79        171        170       1002       1003        492        491       1101       1102
               80         63        171       1003        257          9        492       1102        445
               81       1040        253         46        208       1103        521         55        520
               82       1041       1040        208        209       1104       1103        520        519
               83       1042       1041        209        210       1105       1104        519        518
               84       1043       1042        210        211       1106       1105        518        517
               85       1044       1043        211        212       1107       1106        517        516
               86       1045       1044        212        213       1108       1107        516        515
               87       1046       1045        213        214       1109       1108        515        514
               88       1047       1046        214        215       1110       1109        514        513
               89       1048       1047        215        216       1111       1110        513        512
               90        254       1048        216          7        511       1111        512         54
               91        244         13        253       1040        502         44        521       1103
               92        245        244       1040       1041        503        502       1103       1104
               93        246        245       1041       1042        504        503       1104       1105
               94        247        246       1042       1043        505        504       1105       1106
               95        248        247       1043       1044        506        505       1106       1107
               96        249        248       1044       1045        507        506       1107       1108
               97        250        249       1045       1046        508        507       1108       1109
               98        251        250       1046       1047        509        508       1109       1110
               99        252        251       1047       1048        510        509       1110       1111
              100         51        252       1048        254          6        510       1111        511
              101       1031        255         14        225       1112        531         45        530
              102       1032       1031        225        224       1113       1112        530        529
              103       1033       1032        224        223       1114       1113        529        528
              104       1034       1033        223        222       1115       1114        528        527
              105       1035       1034        222        221       1116       1115        527        526
              106       1036       1035        221        220       1117       1116        526        525
              107       1037       1036        220        219       1118       1117        525        524
              108       1038       1037        219        218       1119       1118        524        523
              109       1039       1038        218        217       1120       1119        523        522
              110        254       1039        217         51        511       1120        522          6
              111        189         47        255       1031        532         53        531       1112
              112        188        189       1031       1032        533        532       1112       1113
              113        187        188       1032       1033        534        533       1113       1114
              114        186        187       1033       1034        535        534       1114       1115
              115        185        186       1034       1035        536        535       1115       1116
              116        184        185       1035       1036        537        536       1116       1117
              117        183        184       1036       1037        538        537       1117       1118
              118        182        183       1037       1038        539        538       1118       1119
              119        181        182       1038       1039        540        539       1119       1120
              120          7        181       1039        254         54        540       1120        511
              121         14        255       1058        226         45        531       1121        541
              122        226       1058       1059        227        541       1121       1122        542
              123        227       1059       1060        228        542       1122       1123        543
              124        228       1060       1061        229        543       1123       1124        544
              125        229       1061       1062        230        544       1124       1125        545
              126        230       1062       1063        231        545       1125       1126        546
              127        231       1063       1064        232        546       1126       1127        547
              128        232       1064       1065        233        547       1127       1128        548
              129        233       1065       1066        234        548       1128       1129        549
              130        234       1066        256         50        549       1129        550         12
              131        255         47        190       1058        531         53        559       1121
              132       1058        190        191       1059       1121        559        558       1122
              133       1059        191        192       1060       1122        558        557       1123
              134       1060        192        193       1061       1123        557        556       1124
              135       1061        193        194       1062       1124        556        555       1125
              136       1062        194        195       1063       1125        555        554       1126
              137       1063        195        196       1064       1126        554        553       1127
              138       1064        196        197       1065       1127        553        552       1128
              139       1065        197        198       1066       1128        552        551       1129
              140       1066        198         15        256       1129        551         52        550
              141       1049        256         15        199       1130        550         52        560
              142       1050       1049        199        200       1131       1130        560        561
              143       1051       1050        200        201       1132       1131        561        562
              144       1052       1051        201        202       1133       1132        562        563
              145       1053       1052        202        203       1134       1133        563        564
              146       1054       1053        203        204       1135       1134        564        565
              147       1055       1054        204        205       1136       1135        565        566
              148       1056       1055        205        206       1137       1136        566        567
              149       1057       1056        206        207       1138       1137        567        568
              150        253       1057        207         46        521       1138        568         55
              151        235         50        256       1049        577         12        550       1130
              152        236        235       1049       1050        576        577       1130       1131
              153        237        236       1050       1051        575        576       1131       1132
              154        238        237       1051       1052        574        575       1132       1133
              155        239        238       1052       1053        573        574       1133       1134
              156        240        239       1053       1054        572        573       1134       1135
              157        241        240       1054       1055        571        572       1135       1136
              158        242        241       1055       1056        570        571       1136       1137
              159        243        242       1056       1057        569        570       1137       1138
              160         13        243       1057        253         44        569       1138        521
              161         45        541       1301        397        607       1369       2153       1387
              162        607       1369       2153       1387        608       1370       2154       1388
              163        608       1370       2154       1388         67        593       1401        594
              164        397       1301       1302        398       1387       2153       2155       1389
              165       1387       2153       2155       1389       1388       2154       2156       1390
              166       1388       2154       2156       1390        594       1401       1402        595
              167        398       1302       1303        399       1389       2155       2157       1391
              168       1389       2155       2157       1391       1390       2156       2158       1392
              169       1390       2156       2158       1392        595       1402       1403        596
              170        399       1303        404         26       1391       2157       1393        609
              171       1391       2157       1393        609       1392       2158       1394        610
              172       1392       2158       1394        610        596       1403        597         68
              173        541        542       1304       1301       1369       1371       2159       2153
              174       1369       1371       2159       2153       1370       1372       2160       2154
              175       1370       1372       2160       2154        593        592       1404       1401
              176       1301       1304       1305       1302       2153       2159       2161       2155
              177       2153       2159       2161       2155       2154       2160       2162       2156
              178       2154       2160       2162       2156       1401       1404       1405       1402
              179       1302       1305       1306       1303       2155       2161       2163       2157
              180       2155       2161       2163       2157       2156       2162       2164       2158
              181       2156       2162       2164       2158       1402       1405       1406       1403
              182       1303       1306        405        404       2157       2163       1395       1393
              183       2157       2163       1395       1393       2158       2164       1396       1394
              184       2158       2164       1396       1394       1403       1406        598        597
              185        542        543       1307       1304       1371       1373       2165       2159
              186       1371       1373       2165       2159       1372       1374       2166       2160
              187       1372       1374       2166       2160        592        591       1407       1404
              188       1304       1307       1308       1305       2159       2165       2167       2161
              189       2159       2165       2167       2161       2160       2166       2168       2162
              190       2160       2166       2168       2162       1404       1407       1408       1405
              191       1305       1308       1309       1306       2161       2167       2169       2163
              192       2161       2167       2169       2163       2162       2168       2170       2164
              193       2162       2168       2170       2164       1405       1408       1409       1406
              194       1306       1309        406        405       2163       2169       1397       1395
              195       2163       2169       1397       1395       2164       2170       1398       1396
              196       2164       2170       1398       1396       1406       1409        599        598
              197        543        544       1310       1307       1373       1375       2171       2165
              198       1373       1375       2171       2165       1374       1376       2172       2166
              199       1374       1376       2172       2166        591        590       1410       1407
              200       1307       1310       1311       1308       2165       2171       2173       2167
              201       2165       2171       2173       2167       2166       2172       2174       2168
              202       2166       2172       2174       2168       1407       1410       1411       1408
              203       1308       1311       1312       1309       2167       2173       2175       2169
              204       2167       2173       2175       2169       2168       2174       2176       2170
              205       2168       2174       2176       2170       1408       1411       1412       1409
              206       1309       1312        407        406       2169       2175       1399       1397
              207       2169       2175       1399       1397       2170       2176       1400       1398
              208       2170       2176       1400       1398       1409       1412        600        599
              209        544        545       1313       1310       1375       1377       2177       2171
              210       1375       1377       2177       2171       1376       1378       2178       2172
              211       1376       1378       2178       2172        590        589       1413       1410
              212       1310       1313       1314       1311       2171       2177       2179       2173
              213       2171       2177       2179       2173       2172       2178       2180       2174
              214       2172       2178       2180       2174       1410       1413       1414       1411
              215       1311       1314       1315       1312       2173       2179       2181       2175
              216       2173       2179       2181       2175       2174       2180       2182       2176
              217       2174       2180       2182       2176       1411       1414       1415       1412
              218       1312       1315          1        407       2175       2181        601       1399
              219       2175       2181        601       1399       2176       2182        602       1400
              220       2176       2182        602       1400       1412       1415         64        600
              221        545        546       1316       1313       1377       1379       2183       2177
              222       1377       1379       2183       2177       1378       1380       2184       2178
              223       1378       1380       2184       2178        589        588       1416       1413
              224       1313       1316       1317       1314       2177       2183       2185       2179
              225       2177       2183       2185       2179       2178       2184       2186       2180
              226       2178       2184       2186       2180       1413       1416       1417       1414
              227       1314       1317       1318       1315       2179       2185       2187       2181
              228       2179       2185       2187       2181       2180       2186       2188       2182
              229       2180       2186       2188       2182       1414       1417       1418       1415
              230       1315       1318        408          1       2181       2187       1355        601
              231       2181       2187       1355        601       2182       2188       1356        602
              232       2182       2188       1356        602       1415       1418        578         64
              233        546        547       1319       1316       1379       1381       2189       2183
              234       1379       1381       2189       2183       1380       1382       2190       2184
              235       1380       1382       2190       2184        588        587       1419       1416
              236       1316       1319       1320       1317       2183       2189       2191       2185
              237       2183       2189       2191       2185       2184       2190       2192       2186
              238       2184       2190       2192       2186       1416       1419       1420       1417
              239       1317       1320       1321       1318       2185       2191       2193       2187
              240       2185       2191       2193       2187       2186       2192       2194       2188
              241       2186       2192       2194       2188       1417       1420       1421       1418
              242       1318       1321        409        408       2187       2193       1357       1355
              243       2187       2193       1357       1355       2188       2194       1358       1356
              244       2188       2194       1358       1356       1418       1421        579        578
              245        547        548       1322       1319       1381       1383       2195       2189
              246       1381       1383       2195       2189       1382       1384       2196       2190
              247       1382       1384       2196       2190        587        586       1422       1419
              248       1319       1322       1323       1320       2189       2195       2197       2191
              249       2189       2195       2197       2191       2190       2196       2198       2192
              250       2190       2196       2198       2192       1419       1422       1423       1420
              251       1320       1323       1324       1321       2191       2197       2199       2193
              252       2191       2197       2199       2193       2192       2198       2200       2194
              253       2192       2198       2200       2194       1420       1423       1424       1421
              254       1321       1324        410        409       2193       2199       1359       1357
              255       2193       2199       1359       1357       2194       2200       1360       1358
              256       2194       2200       1360       1358       1421       1424        580        579
              257        548        549       1325       1322       1383       1385       2201       2195
              258       1383       1385       2201       2195       1384       1386       2202       2196
              259       1384       1386       2202       2196        586        585       1425       1422
              260       1322       1325       1326       1323       2195       2201       2203       2197
              261       2195       2201       2203       2197       2196       2202       2204       2198
              262       2196       2202       2204       2198       1422       1425       1426       1423
              263       1323       1326       1327       1324       2197       2203       2205       2199
              264       2197       2203       2205       2199       2198       2204       2206       2200
              265       2198       2204       2206       2200       1423       1426       1427       1424
              266       1324       1327        411        410       2199       2205       1361       1359
              267       2199       2205       1361       1359       2200       2206       1362       1360
              268       2200       2206       1362       1360       1424       1427        581        580
              269        549         12        414       1325       1385        605       1367       2201
              270       1385        605       1367       2201       1386        606       1368       2202
              271       1386        606       1368       2202        585         66        584       1425
              272       1325        414        413       1326       2201       1367       1365       2203
              273       2201       1367       1365       2203       2202       1368       1366       2204
              274       2202       1368       1366       2204       1425        584        583       1426
              275       1326        413        412       1327       2203       1365       1363       2205
              276       2203       1365       1363       2205       2204       1366       1364       2206
              277       2204       1366       1364       2206       1426        583        582       1427
              278       1327        412          2        411       2205       1363        603       1361
              279       2205       1363        603       1361       2206       1364        604       1362
              280       2206       1364        604       1362       1427        582         65        581
              281       1274        569         44        396       2207       1434        633       1432
              282       2207       1434        633       1432       2208       1435        634       1433
              283       2208       1435        634       1433       1468        614         70        613
              284       1275       1274        396        395       2209       2207       1432       1430
              285       2209       2207       1432       1430       2210       2208       1433       1431
              286       2210       2208       1433       1431       1469       1468        613        612
              287       1276       1275        395        394       2211       2209       1430       1428
              288       2211       2209       1430       1428       2212       2210       1431       1429
              289       2212       2210       1431       1429       1470       1469        612        611
              290        422       1276        394         27       1466       2211       1428        631
              291       1466       2211       1428        631       1467       2212       1429        632
              292       1467       2212       1429        632        630       1470        611         69
              293       1277        570        569       1274       2213       1436       1434       2207
              294       2213       1436       1434       2207       2214       1437       1435       2208
              295       2214       1437       1435       2208       1471        615        614       1468
              296       1278       1277       1274       1275       2215       2213       2207       2209
              297       2215       2213       2207       2209       2216       2214       2208       2210
              298       2216       2214       2208       2210       1472       1471       1468       1469
              299       1279       1278       1275       1276       2217       2215       2209       2211
              300       2217       2215       2209       2211       2218       2216       2210       2212
              301       2218       2216       2210       2212       1473       1472       1469       1470
              302        421       1279       1276        422       1464       2217       2211       1466
              303       1464       2217       2211       1466       1465       2218       2212       1467
              304       1465       2218       2212       1467        629       1473       1470        630
              305       1280        571        570       1277       2219       1438       1436       2213
              306       2219       1438       1436       2213       2220       1439       1437       2214
              307       2220       1439       1437       2214       1474        616        615       1471
              308       1281       1280       1277       1278       2221       2219       2213       2215
              309       2221       2219       2213       2215       2222       2220       2214       2216
              310       2222       2220       2214       2216       1475       1474       1471       1472
              311       1282       1281       1278       1279       2223       2221       2215       2217
              312       2223       2221       2215       2217       2224       2222       2216       2218
              313       2224       2222       2216       2218       1476       1475       1472       1473
              314        420       1282       1279        421       1462       2223       2217       1464
              315       1462       2223       2217       1464       1463       2224       2218       1465
              316       1463       2224       2218       1465        628       1476       1473        629
              317       1283        572        571       1280       2225       1440       1438       2219
              318       2225       1440       1438       2219       2226       1441       1439       2220
              319       2226       1441       1439       2220       1477        617        616       1474
              320       1284       1283       1280       1281       2227       2225       2219       2221
              321       2227       2225       2219       2221       2228       2226       2220       2222
              322       2228       2226       2220       2222       1478       1477       1474       1475
              323       1285       1284       1281       1282       2229       2227       2221       2223
              324       2229       2227       2221       2223       2230       2228       2222       2224
              325       2230       2228       2222       2224       1479       1478       1475       1476
              326        419       1285       1282        420       1460       2229       2223       1462
              327       1460       2229       2223       1462       1461       2230       2224       1463
              328       1461       2230       2224       1463        627       1479       1476        628
              329       1286        573        572       1283       2231       1442       1440       2225
              330       2231       1442       1440       2225       2232       1443       1441       2226
              331       2232       1443       1441       2226       1480        618        617       1477
              332       1287       1286       1283       1284       2233       2231       2225       2227
              333       2233       2231       2225       2227       2234       2232       2226       2228
              334       2234       2232       2226       2228       1481       1480       1477       1478
              335       1288       1287       1284       1285       2235       2233       2227       2229
              336       2235       2233       2227       2229       2236       2234       2228       2230
              337       2236       2234       2228       2230       1482       1481       1478       1479
              338          3       1288       1285        419        635       2235       2229       1460
              339        635       2235       2229       1460        636       2236       2230       1461
              340        636       2236       2230       1461         71       1482       1479        627
              341       1289        574        573       1286       2237       1444       1442       2231
              342       2237       1444       1442       2231       2238       1445       1443       2232
              343       2238       1445       1443       2232       1483        619        618       1480
              344       1290       1289       1286       1287       2239       2237       2231       2233
              345       2239       2237       2231       2233       2240       2238       2232       2234
              346       2240       2238       2232       2234       1484       1483       1480       1481
              347       1291       1290       1287       1288       2241       2239       2233       2235
              348       2241       2239       2233       2235       2242       2240       2234       2236
              349       2242       2240       2234       2236       1485       1484       1481       1482
              350        418       1291       1288          3       1458       2241       2235        635
              351       1458       2241       2235        635       1459       2242       2236        636
              352       1459       2242       2236        636        626       1485       1482         71
              353       1292        575        574       1289       2243       1446       1444       2237
              354       2243       1446       1444       2237       2244       1447       1445       2238
              355       2244       1447       1445       2238       1486        620        619       1483
              356       1293       1292       1289       1290       2245       2243       2237       2239
              357       2245       2243       2237       2239       2246       2244       2238       2240
              358       2246       2244       2238       2240       1487       1486       1483       1484
              359       1294       1293       1290       1291       2247       2245       2239       2241
              360       2247       2245       2239       2241       2248       2246       2240       2242
              361       2248       2246       2240       2242       1488       1487       1484       1485
              362        417       1294       1291        418       1456       2247       2241       1458
              363       1456       2247       2241       1458       1457       2248       2242       1459
              364       1457       2248       2242       1459        625       1488       1485        626
              365       1295        576        575       1292       2249       1448       1446       2243
              366       2249       1448       1446       2243       2250       1449       1447       2244
              367       2250       1449       1447       2244       1489        621        620       1486
              368       1296       1295       1292       1293       2251       2249       2243       2245
              369       2251       2249       2243       2245       2252       2250       2244       2246
              370       2252       2250       2244       2246       1490       1489       1486       1487
              371       1297       1296       1293       1294       2253       2251       2245       2247
              372       2253       2251       2245       2247       2254       2252       2246       2248
              373       2254       2252       2246       2248       1491       1490       1487       1488
              374        416       1297       1294        417       1454       2253       2247       1456
              375       1454       2253       2247       1456       1455       2254       2248       1457
              376       1455       2254       2248       1457        624       1491       1488        625
              377       1298        577        576       1295       2255       1450       1448       2249
              378       2255       1450       1448       2249       2256       1451       1449       2250
              379       2256       1451       1449       2250       1492        622        621       1489
              380       1299       1298       1295       1296       2257       2255       2249       2251
              381       2257       2255       2249       2251       2258       2256       2250       2252
              382       2258       2256       2250       2252       1493       1492       1489       1490
              383       1300       1299       1296       1297       2259       2257       2251       2253
              384       2259       2257       2251       2253       2260       2258       2252       2254
              385       2260       2258       2252       2254       1494       1493       1490       1491
              386        415       1300       1297        416       1452       2259       2253       1454
              387       1452       2259       2253       1454       1453       2260       2254       1455
              388       1453       2260       2254       1455        623       1494       1491        624
              389        414         12        577       1298       1367        605       1450       2255
              390       1367        605       1450       2255       1368        606       1451       2256
              391       1368        606       1451       2256        584         66        622       1492
              392        413        414       1298       1299       1365       1367       2255       2257
              393       1365       1367       2255       2257       1366       1368       2256       2258
              394       1366       1368       2256       2258        583        584       1492       1493
              395        412        413       1299       1300       1363       1365       2257       2259
              396       1363       1365       2257       2259       1364       1366       2258       2260
              397       1364       1366       2258       2260        582        583       1493       1494
              398          2        412       1300        415        603       1363       2259       1452
              399        603       1363       2259       1452        604       1364       2260       1453
              400        604       1364       2260       1453         65        582       1494        623
              401       1247        510          6        423       2261       1511        657       1513
              402       2261       1511        657       1513       2262       1512        658       1514
              403       2262       1512        658       1514       1535        645         72        646
              404       1248       1247        423        424       2263       2261       1513       1515
              405       2263       2261       1513       1515       2264       2262       1514       1516
              406       2264       2262       1514       1516       1536       1535        646        647
              407       1249       1248        424        425       2265       2263       1515       1517
              408       2265       2263       1515       1517       2266       2264       1516       1518
              409       2266       2264       1516       1518       1537       1536        647        648
              410        378       1249        425         33       1525       2265       1517        659
              411       1525       2265       1517        659       1526       2266       1518        660
              412       1526       2266       1518        660        649       1537        648         73
              413       1250        509        510       1247       2267       1509       1511       2261
              414       2267       1509       1511       2261       2268       1510       1512       2262
              415       2268       1510       1512       2262       1538        644        645       1535
              416       1251       1250       1247       1248       2269       2267       2261       2263
              417       2269       2267       2261       2263       2270       2268       2262       2264
              418       2270       2268       2262       2264       1539       1538       1535       1536
              419       1252       1251       1248       1249       2271       2269       2263       2265
              420       2271       2269       2263       2265       2272       2270       2264       2266
              421       2272       2270       2264       2266       1540       1539       1536       1537
              422        377       1252       1249        378       1523       2271       2265       1525
              423       1523       2271       2265       1525       1524       2272       2266       1526
              424       1524       2272       2266       1526        650       1540       1537        649
              425       1253        508        509       1250       2273       1507       1509       2267
              426       2273       1507       1509       2267       2274       1508       1510       2268
              427       2274       1508       1510       2268       1541        643        644       1538
              428       1254       1253       1250       1251       2275       2273       2267       2269
              429       2275       2273       2267       2269       2276       2274       2268       2270
              430       2276       2274       2268       2270       1542       1541       1538       1539
              431       1255       1254       1251       1252       2277       2275       2269       2271
              432       2277       2275       2269       2271       2278       2276       2270       2272
              433       2278       2276       2270       2272       1543       1542       1539       1540
              434        376       1255       1252        377       1521       2277       2271       1523
              435       1521       2277       2271       1523       1522       2278       2272       1524
              436       1522       2278       2272       1524        651       1543       1540        650
              437       1256        507        508       1253       2279       1505       1507       2273
              438       2279       1505       1507       2273       2280       1506       1508       2274
              439       2280       1506       1508       2274       1544        642        643       1541
              440       1257       1256       1253       1254       2281       2279       2273       2275
              441       2281       2279       2273       2275       2282       2280       2274       2276
              442       2282       2280       2274       2276       1545       1544       1541       1542
              443       1258       1257       1254       1255       2283       2281       2275       2277
              444       2283       2281       2275       2277       2284       2282       2276       2278
              445       2284       2282       2276       2278       1546       1545       1542       1543
              446        375       1258       1255        376       1519       2283       2277       1521
              447       1519       2283       2277       1521       1520       2284       2278       1522
              448       1520       2284       2278       1522        652       1546       1543        651
              449       1259        506        507       1256       2285       1503       1505       2279
              450       2285       1503       1505       2279       2286       1504       1506       2280
              451       2286       1504       1506       2280       1547        641        642       1544
              452       1260       1259       1256       1257       2287       2285       2279       2281
              453       2287       2285       2279       2281       2288       2286       2280       2282
              454       2288       2286       2280       2282       1548       1547       1544       1545
              455       1261       1260       1257       1258       2289       2287       2281       2283
              456       2289       2287       2281       2283       2290       2288       2282       2284
              457       2290       2288       2282       2284       1549       1548       1545       1546
              458         31       1261       1258        375        661       2289       2283       1519
              459        661       2289       2283       1519        662       2290       2284       1520
              460        662       2290       2284       1520         74       1549       1546        652
              461       1262        505        506       1259       2291       1501       1503       2285
              462       2291       1501       1503       2285       2292       1502       1504       2286
              463       2292       1502       1504       2286       1550        640        641       1547
              464       1263       1262       1259       1260       2293       2291       2285       2287
              465       2293       2291       2285       2287       2294       2292       2286       2288
              466       2294       2292       2286       2288       1551       1550       1547       1548
              467       1264       1263       1260       1261       2295       2293       2287       2289
              468       2295       2293       2287       2289       2296       2294       2288       2290
              469       2296       2294       2288       2290       1552       1551       1548       1549
              470        393       1264       1261         31       1533       2295       2289        661
              471       1533       2295       2289        661       1534       2296       2290        662
              472       1534       2296       2290        662        653       1552       1549         74
              473       1265        504        505       1262       2297       1499       1501       2291
              474       2297       1499       1501       2291       2298       1500       1502       2292
              475       2298       1500       1502       2292       1553        639        640       1550
              476       1266       1265       1262       1263       2299       2297       2291       2293
              477       2299       2297       2291       2293       2300       2298       2292       2294
              478       2300       2298       2292       2294       1554       1553       1550       1551
              479       1267       1266       1263       1264       2301       2299       2293       2295
              480       2301       2299       2293       2295       2302       2300       2294       2296
              481       2302       2300       2294       2296       1555       1554       1551       1552
              482        392       1267       1264        393       1531       2301       2295       1533
              483       1531       2301       2295       1533       1532       2302       2296       1534
              484       1532       2302       2296       1534        654       1555       1552        653
              485       1268        503        504       1265       2303       1497       1499       2297
              486       2303       1497       1499       2297       2304       1498       1500       2298
              487       2304       1498       1500       2298       1556        638        639       1553
              488       1269       1268       1265       1266       2305       2303       2297       2299
              489       2305       2303       2297       2299       2306       2304       2298       2300
              490       2306       2304       2298       2300       1557       1556       1553       1554
              491       1270       1269       1266       1267       2307       2305       2299       2301
              492       2307       2305       2299       2301       2308       2306       2300       2302
              493       2308       2306       2300       2302       1558       1557       1554       1555
              494        391       1270       1267        392       1529       2307       2301       1531
              495       1529       2307       2301       1531       1530       2308       2302       1532
              496       1530       2308       2302       1532        655       1558       1555        654
              497       1271        502        503       1268       2309       1495       1497       2303
              498       2309       1495       1497       2303       2310       1496       1498       2304
              499       2310       1496       1498       2304       1559        637        638       1556
              500       1272       1271       1268       1269       2311       2309       2303       2305
              501       2311       2309       2303       2305       2312       2310       2304       2306
              502       2312       2310       2304       2306       1560       1559       1556       1557
              503       1273       1272       1269       1270       2313       2311       2305       2307
              504       2313       2311       2305       2307       2314       2312       2306       2308
              505       2314       2312       2306       2308       1561       1560       1557       1558
              506        390       1273       1270        391       1527       2313       2307       1529
              507       1527       2313       2307       1529       1528       2314       2308       1530
              508       1528       2314       2308       1530        656       1561       1558        655
              509        396         44        502       1271       1432        633       1495       2309
              510       1432        633       1495       2309       1433        634       1496       2310
              511       1433        634       1496       2310        613         70        637       1559
              512        395        396       1271       1272       1430       1432       2309       2311
              513       1430       1432       2309       2311       1431       1433       2310       2312
              514       1431       1433       2310       2312        612        613       1559       1560
              515        394        395       1272       1273       1428       1430       2311       2313
              516       1428       1430       2311       2313       1429       1431       2312       2314
              517       1429       1431       2312       2314        611        612       1560       1561
              518         27        394       1273        390        631       1428       2313       1527
              519        631       1428       2313       1527        632       1429       2314       1528
              520        632       1429       2314       1528         69        611       1561        656
              521       1328        530         45        397       2315       1594        607       1387
              522       2315       1594        607       1387       2316       1595        608       1388
              523       2316       1595        608       1388       1596        679         67        594
              524       1329       1328        397        398       2317       2315       1387       1389
              525       2317       2315       1387       1389       2318       2316       1388       1390
              526       2318       2316       1388       1390       1597       1596        594        595
              527       1330       1329        398        399       2319       2317       1389       1391
              528       2319       2317       1389       1391       2320       2318       1390       1392
              529       2320       2318       1390       1392       1598       1597        595        596
              530        400       1330        399         26       1562       2319       1391        609
              531       1562       2319       1391        609       1563       2320       1392        610
              532       1563       2320       1392        610        663       1598        596         68
              533       1331        529        530       1328       2321       1592       1594       2315
              534       2321       1592       1594       2315       2322       1593       1595       2316
              535       2322       1593       1595       2316       1599        678        679       1596
              536       1332       1331       1328       1329       2323       2321       2315       2317
              537       2323       2321       2315       2317       2324       2322       2316       2318
              538       2324       2322       2316       2318       1600       1599       1596       1597
              539       1333       1332       1329       1330       2325       2323       2317       2319
              540       2325       2323       2317       2319       2326       2324       2318       2320
              541       2326       2324       2318       2320       1601       1600       1597       1598
              542        401       1333       1330        400       1564       2325       2319       1562
              543       1564       2325       2319       1562       1565       2326       2320       1563
              544       1565       2326       2320       1563        664       1601       1598        663
              545       1334        528        529       1331       2327       1590       1592       2321
              546       2327       1590       1592       2321       2328       1591       1593       2322
              547       2328       1591       1593       2322       1602        677        678       1599
              548       1335       1334       1331       1332       2329       2327       2321       2323
              549       2329       2327       2321       2323       2330       2328       2322       2324
              550       2330       2328       2322       2324       1603       1602       1599       1600
              551       1336       1335       1332       1333       2331       2329       2323       2325
              552       2331       2329       2323       2325       2332       2330       2324       2326
              553       2332       2330       2324       2326       1604       1603       1600       1601
              554        402       1336       1333        401       1566       2331       2325       1564
              555       1566       2331       2325       1564       1567       2332       2326       1565
              556       1567       2332       2326       1565        665       1604       1601        664
              557       1337        527        528       1334       2333       1588       1590       2327
              558       2333       1588       1590       2327       2334       1589       1591       2328
              559       2334       1589       1591       2328       1605        676        677       1602
              560       1338       1337       1334       1335       2335       2333       2327       2329
              561       2335       2333       2327       2329       2336       2334       2328       2330
              562       2336       2334       2328       2330       1606       1605       1602       1603
              563       1339       1338       1335       1336       2337       2335       2329       2331
              564       2337       2335       2329       2331       2338       2336       2330       2332
              565       2338       2336       2330       2332       1607       1606       1603       1604
              566        403       1339       1336        402       1568       2337       2331       1566
              567       1568       2337       2331       1566       1569       2338       2332       1567
              568       1569       2338       2332       1567        666       1607       1604        665
              569       1340        526        527       1337       2339       1586       1588       2333
              570       2339       1586       1588       2333       2340       1587       1589       2334
              571       2340       1587       1589       2334       1608        675        676       1605
              572       1341       1340       1337       1338       2341       2339       2333       2335
              573       2341       2339       2333       2335       2342       2340       2334       2336
              574       2342       2340       2334       2336       1609       1608       1605       1606
              575       1342       1341       1338       1339       2343       2341       2335       2337
              576       2343       2341       2335       2337       2344       2342       2336       2338
              577       2344       2342       2336       2338       1610       1609       1606       1607
              578         32       1342       1339        403        680       2343       2337       1568
              579        680       2343       2337       1568        681       2344       2338       1569
              580        681       2344       2338       1569         75       1610       1607        666
              581       1343        525        526       1340       2345       1584       1586       2339
              582       2345       1584       1586       2339       2346       1585       1587       2340
              583       2346       1585       1587       2340       1611        674        675       1608
              584       1344       1343       1340       1341       2347       2345       2339       2341
              585       2347       2345       2339       2341       2348       2346       2340       2342
              586       2348       2346       2340       2342       1612       1611       1608       1609
              587       1345       1344       1341       1342       2349       2347       2341       2343
              588       2349       2347       2341       2343       2350       2348       2342       2344
              589       2350       2348       2342       2344       1613       1612       1609       1610
              590        385       1345       1342         32       1576       2349       2343        680
              591       1576       2349       2343        680       1577       2350       2344        681
              592       1577       2350       2344        681        667       1613       1610         75
              593       1346        524        525       1343       2351       1582       1584       2345
              594       2351       1582       1584       2345       2352       1583       1585       2346
              595       2352       1583       1585       2346       1614        673        674       1611
              596       1347       1346       1343       1344       2353       2351       2345       2347
              597       2353       2351       2345       2347       2354       2352       2346       2348
              598       2354       2352       2346       2348       1615       1614       1611       1612
              599       1348       1347       1344       1345       2355       2353       2347       2349
              600       2355       2353       2347       2349       2356       2354       2348       2350
              601       2356       2354       2348       2350       1616       1615       1612       1613
              602        384       1348       1345        385       1574       2355       2349       1576
              603       1574       2355       2349       1576       1575       2356       2350       1577
              604       1575       2356       2350       1577        668       1616       1613        667
              605       1349        523        524       1346       2357       1580       1582       2351
              606       2357       1580       1582       2351       2358       1581       1583       2352
              607       2358       1581       1583       2352       1617        672        673       1614
              608       1350       1349       1346       1347       2359       2357       2351       2353
              609       2359       2357       2351       2353       2360       2358       2352       2354
              610       2360       2358       2352       2354       1618       1617       1614       1615
              611       1351       1350       1347       1348       2361       2359       2353       2355
              612       2361       2359       2353       2355       2362       2360       2354       2356
              613       2362       2360       2354       2356       1619       1618       1615       1616
              614        383       1351       1348        384       1572       2361       2355       1574
              615       1572       2361       2355       1574       1573       2362       2356       1575
              616       1573       2362       2356       1575        669       1619       1616        668
              617       1352        522        523       1349       2363       1578       1580       2357
              618       2363       1578       1580       2357       2364       1579       1581       2358
              619       2364       1579       1581       2358       1620        671        672       1617
              620       1353       1352       1349       1350       2365       2363       2357       2359
              621       2365       2363       2357       2359       2366       2364       2358       2360
              622       2366       2364       2358       2360       1621       1620       1617       1618
              623       1354       1353       1350       1351       2367       2365       2359       2361
              624       2367       2365       2359       2361       2368       2366       2360       2362
              625       2368       2366       2360       2362       1622       1621       1618       1619
              626        382       1354       1351        383       1570       2367       2361       1572
              627       1570       2367       2361       1572       1571       2368       2362       1573
              628       1571       2368       2362       1573        670       1622       1619        669
              629        423          6        522       1352       1513        657       1578       2363
              630       1513        657       1578       2363       1514        658       1579       2364
              631       1514        658       1579       2364        646         72        671       1620
              632        424        423       1352       1353       1515       1513       2363       2365
              633       1515       1513       2363       2365       1516       1514       2364       2366
              634       1516       1514       2364       2366        647        646       1620       1621
              635        425        424       1353       1354       1517       1515       2365       2367
              636       1517       1515       2365       2367       1518       1516       2366       2368
              637       1518       1516       2366       2368        648        647       1621       1622
              638         33        425       1354        382        659       1517       2367       1570
              639        659       1517       2367       1570        660       1518       2368       1571
              640        660       1518       2368       1571         73        648       1622        670
              641       1166        389         25        366       2369       1659        705       1651
              642       2369       1659        705       1651       2370       1660        706       1652
              643       2370       1660        706       1652       1661        697         78        696
              644       1167       1166        366        365       2371       2369       1651       1649
              645       2371       2369       1651       1649       2372       2370       1652       1650
              646       2372       2370       1652       1650       1662       1661        696        695
              647       1168       1167        365        364       2373       2371       1649       1647
              648       2373       2371       1649       1647       2374       2372       1650       1648
              649       2374       2372       1650       1648       1663       1662        695        694
              650        465       1168        364         11       1629       2373       1647        703
              651       1629       2373       1647        703       1630       2374       1648        704
              652       1630       2374       1648        704        693       1663        694         77
              653       1169        388        389       1166       2375       1657       1659       2369
              654       2375       1657       1659       2369       2376       1658       1660       2370
              655       2376       1658       1660       2370       1664        698        697       1661
              656       1170       1169       1166       1167       2377       2375       2369       2371
              657       2377       2375       2369       2371       2378       2376       2370       2372
              658       2378       2376       2370       2372       1665       1664       1661       1662
              659       1171       1170       1167       1168       2379       2377       2371       2373
              660       2379       2377       2371       2373       2380       2378       2372       2374
              661       2380       2378       2372       2374       1666       1665       1662       1663
              662        466       1171       1168        465       1631       2379       2373       1629
              663       1631       2379       2373       1629       1632       2380       2374       1630
              664       1632       2380       2374       1630        692       1666       1663        693
              665       1172        387        388       1169       2381       1655       1657       2375
              666       2381       1655       1657       2375       2382       1656       1658       2376
              667       2382       1656       1658       2376       1667        699        698       1664
              668       1173       1172       1169       1170       2383       2381       2375       2377
              669       2383       2381       2375       2377       2384       2382       2376       2378
              670       2384       2382       2376       2378       1668       1667       1664       1665
              671       1174       1173       1170       1171       2385       2383       2377       2379
              672       2385       2383       2377       2379       2386       2384       2378       2380
              673       2386       2384       2378       2380       1669       1668       1665       1666
              674        467       1174       1171        466       1633       2385       2379       1631
              675       1633       2385       2379       1631       1634       2386       2380       1632
              676       1634       2386       2380       1632        691       1669       1666        692
              677       1175        386        387       1172       2387       1653       1655       2381
              678       2387       1653       1655       2381       2388       1654       1656       2382
              679       2388       1654       1656       2382       1670        700        699       1667
              680       1176       1175       1172       1173       2389       2387       2381       2383
              681       2389       2387       2381       2383       2390       2388       2382       2384
              682       2390       2388       2382       2384       1671       1670       1667       1668
              683       1177       1176       1173       1174       2391       2389       2383       2385
              684       2391       2389       2383       2385       2392       2390       2384       2386
              685       2392       2390       2384       2386       1672       1671       1668       1669
              686        468       1177       1174        467       1635       2391       2385       1633
              687       1635       2391       2385       1633       1636       2392       2386       1634
              688       1636       2392       2386       1634        690       1672       1669        691
              689       1178         32        386       1175       2393        680       1653       2387
              690       2393        680       1653       2387       2394        681       1654       2388
              691       2394        681       1654       2388       1673         75        700       1670
              692       1179       1178       1175       1176       2395       2393       2387       2389
              693       2395       2393       2387       2389       2396       2394       2388       2390
              694       2396       2394       2388       2390       1674       1673       1670       1671
              695       1180       1179       1176       1177       2397       2395       2389       2391
              696       2397       2395       2389       2391       2398       2396       2390       2392
              697       2398       2396       2390       2392       1675       1674       1671       1672
              698        469       1180       1177        468       1637       2397       2391       1635
              699       1637       2397       2391       1635       1638       2398       2392       1636
              700       1638       2398       2392       1636        689       1675       1672        690
              701       1181        385         32       1178       2399       1576        680       2393
              702       2399       1576        680       2393       2400       1577        681       2394
              703       2400       1577        681       2394       1676        667         75       1673
              704       1182       1181       1178       1179       2401       2399       2393       2395
              705       2401       2399       2393       2395       2402       2400       2394       2396
              706       2402       2400       2394       2396       1677       1676       1673       1674
              707       1183       1182       1179       1180       2403       2401       2395       2397
              708       2403       2401       2395       2397       2404       2402       2396       2398
              709       2404       2402       2396       2398       1678       1677       1674       1675
              710        470       1183       1180        469       1639       2403       2397       1637
              711       1639       2403       2397       1637       1640       2404       2398       1638
              712       1640       2404       2398       1638        688       1678       1675        689
              713       1184        384        385       1181       2405       1574       1576       2399
              714       2405       1574       1576       2399       2406       1575       1577       2400
              715       2406       1575       1577       2400       1679        668        667       1676
              716       1185       1184       1181       1182       2407       2405       2399       2401
              717       2407       2405       2399       2401       2408       2406       2400       2402
              718       2408       2406       2400       2402       1680       1679       1676       1677
              719       1186       1185       1182       1183       2409       2407       2401       2403
              720       2409       2407       2401       2403       2410       2408       2402       2404
              721       2410       2408       2402       2404       1681       1680       1677       1678
              722        471       1186       1183        470       1641       2409       2403       1639
              723       1641       2409       2403       1639       1642       2410       2404       1640
              724       1642       2410       2404       1640        687       1681       1678        688
              725       1187        383        384       1184       2411       1572       1574       2405
              726       2411       1572       1574       2405       2412       1573       1575       2406
              727       2412       1573       1575       2406       1682        669        668       1679
              728       1188       1187       1184       1185       2413       2411       2405       2407
              729       2413       2411       2405       2407       2414       2412       2406       2408
              730       2414       2412       2406       2408       1683       1682       1679       1680
              731       1189       1188       1185       1186       2415       2413       2407       2409
              732       2415       2413       2407       2409       2416       2414       2408       2410
              733       2416       2414       2408       2410       1684       1683       1680       1681
              734        472       1189       1186        471       1643       2415       2409       1641
              735       1643       2415       2409       1641       1644       2416       2410       1642
              736       1644       2416       2410       1642        686       1684       1681        687
              737       1190        382        383       1187       2417       1570       1572       2411
              738       2417       1570       1572       2411       2418       1571       1573       2412
              739       2418       1571       1573       2412       1685        670        669       1682
              740       1191       1190       1187       1188       2419       2417       2411       2413
              741       2419       2417       2411       2413       2420       2418       2412       2414
              742       2420       2418       2412       2414       1686       1685       1682       1683
              743       1192       1191       1188       1189       2421       2419       2413       2415
              744       2421       2419       2413       2415       2422       2420       2414       2416
              745       2422       2420       2414       2416       1687       1686       1683       1684
              746        473       1192       1189        472       1645       2421       2415       1643
              747       1645       2421       2415       1643       1646       2422       2416       1644
              748       1646       2422       2416       1644        685       1687       1684        686
              749        379         33        382       1190       1623        659       1570       2417
              750       1623        659       1570       2417       1624        660       1571       2418
              751       1624        660       1571       2418        682         73        670       1685
              752        380        379       1190       1191       1625       1623       2417       2419
              753       1625       1623       2417       2419       1626       1624       2418       2420
              754       1626       1624       2418       2420        683        682       1685       1686
              755        381        380       1191       1192       1627       1625       2419       2421
              756       1627       1625       2419       2421       1628       1626       2420       2422
              757       1628       1626       2420       2422        684        683       1686       1687
              758         10        381       1192        473        701       1627       2421       1645
              759        701       1627       2421       1645        702       1628       2422       1646
              760        702       1628       2422       1646         76        684       1687        685
              761       1139        492          9        360       2423       1704        723       1710
              762       2423       1704        723       1710       2424       1705        724       1711
              763       2424       1705        724       1711       1720        715         79        716
              764       1140       1139        360        359       2425       2423       1710       1708
              765       2425       2423       1710       1708       2426       2424       1711       1709
              766       2426       2424       1711       1709       1721       1720        716        717
              767       1141       1140        359        358       2427       2425       1708       1706
              768       2427       2425       1708       1706       2428       2426       1709       1707
              769       2428       2426       1709       1707       1722       1721        717        718
              770        371       1141        358         28       1712       2427       1706        725
              771       1712       2427       1706        725       1713       2428       1707        726
              772       1713       2428       1707        726        719       1722        718         80
              773       1142        491        492       1139       2429       1702       1704       2423
              774       2429       1702       1704       2423       2430       1703       1705       2424
              775       2430       1703       1705       2424       1723        714        715       1720
              776       1143       1142       1139       1140       2431       2429       2423       2425
              777       2431       2429       2423       2425       2432       2430       2424       2426
              778       2432       2430       2424       2426       1724       1723       1720       1721
              779       1144       1143       1140       1141       2433       2431       2425       2427
              780       2433       2431       2425       2427       2434       2432       2426       2428
              781       2434       2432       2426       2428       1725       1724       1721       1722
              782        372       1144       1141        371       1714       2433       2427       1712
              783       1714       2433       2427       1712       1715       2434       2428       1713
              784       1715       2434       2428       1713        720       1725       1722        719
              785       1145        490        491       1142       2435       1700       1702       2429
              786       2435       1700       1702       2429       2436       1701       1703       2430
              787       2436       1701       1703       2430       1726        713        714       1723
              788       1146       1145       1142       1143       2437       2435       2429       2431
              789       2437       2435       2429       2431       2438       2436       2430       2432
              790       2438       2436       2430       2432       1727       1726       1723       1724
              791       1147       1146       1143       1144       2439       2437       2431       2433
              792       2439       2437       2431       2433       2440       2438       2432       2434
              793       2440       2438       2432       2434       1728       1727       1724       1725
              794        373       1147       1144        372       1716       2439       2433       1714
              795       1716       2439       2433       1714       1717       2440       2434       1715
              796       1717       2440       2434       1715        721       1728       1725        720
              797       1148        489        490       1145       2441       1698       1700       2435
              798       2441       1698       1700       2435       2442       1699       1701       2436
              799       2442       1699       1701       2436       1729        712        713       1726
              800       1149       1148       1145       1146       2443       2441       2435       2437
              801       2443       2441       2435       2437       2444       2442       2436       2438
              802       2444       2442       2436       2438       1730       1729       1726       1727
              803       1150       1149       1146       1147       2445       2443       2437       2439
              804       2445       2443       2437       2439       2446       2444       2438       2440
              805       2446       2444       2438       2440       1731       1730       1727       1728
              806        374       1150       1147        373       1718       2445       2439       1716
              807       1718       2445       2439       1716       1719       2446       2440       1717
              808       1719       2446       2440       1717        722       1731       1728        721
              809       1151        488        489       1148       2447       1696       1698       2441
              810       2447       1696       1698       2441       2448       1697       1699       2442
              811       2448       1697       1699       2442       1732        711        712       1729
              812       1152       1151       1148       1149       2449       2447       2441       2443
              813       2449       2447       2441       2443       2450       2448       2442       2444
              814       2450       2448       2442       2444       1733       1732       1729       1730
              815       1153       1152       1149       1150       2451       2449       2443       2445
              816       2451       2449       2443       2445       2452       2450       2444       2446
              817       2452       2450       2444       2446       1734       1733       1730       1731
              818         31       1153       1150        374        661       2451       2445       1718
              819        661       2451       2445       1718        662       2452       2446       1719
              820        662       2452       2446       1719         74       1734       1731        722
              821       1154        487        488       1151       2453       1694       1696       2447
              822       2453       1694       1696       2447       2454       1695       1697       2448
              823       2454       1695       1697       2448       1735        710        711       1732
              824       1155       1154       1151       1152       2455       2453       2447       2449
              825       2455       2453       2447       2449       2456       2454       2448       2450
              826       2456       2454       2448       2450       1736       1735       1732       1733
              827       1156       1155       1152       1153       2457       2455       2449       2451
              828       2457       2455       2449       2451       2458       2456       2450       2452
              829       2458       2456       2450       2452       1737       1736       1733       1734
              830        375       1156       1153         31       1519       2457       2451        661
              831       1519       2457       2451        661       1520       2458       2452        662
              832       1520       2458       2452        662        652       1737       1734         74
              833       1157        486        487       1154       2459       1692       1694       2453
              834       2459       1692       1694       2453       2460       1693       1695       2454
              835       2460       1693       1695       2454       1738        709        710       1735
              836       1158       1157       1154       1155       2461       2459       2453       2455
              837       2461       2459       2453       2455       2462       2460       2454       2456
              838       2462       2460       2454       2456       1739       1738       1735       1736
              839       1159       1158       1155       1156       2463       2461       2455       2457
              840       2463       2461       2455       2457       2464       2462       2456       2458
              841       2464       2462       2456       2458       1740       1739       1736       1737
              842        376       1159       1156        375       1521       2463       2457       1519
              843       1521       2463       2457       1519       1522       2464       2458       1520
              844       1522       2464       2458       1520        651       1740       1737        652
              845       1160        485        486       1157       2465       1690       1692       2459
              846       2465       1690       1692       2459       2466       1691       1693       2460
              847       2466       1691       1693       2460       1741        708        709       1738
              848       1161       1160       1157       1158       2467       2465       2459       2461
              849       2467       2465       2459       2461       2468       2466       2460       2462
              850       2468       2466       2460       2462       1742       1741       1738       1739
              851       1162       1161       1158       1159       2469       2467       2461       2463
              852       2469       2467       2461       2463       2470       2468       2462       2464
              853       2470       2468       2462       2464       1743       1742       1739       1740
              854        377       1162       1159        376       1523       2469       2463       1521
              855       1523       2469       2463       1521       1524       2470       2464       1522
              856       1524       2470       2464       1522        650       1743       1740        651
              857       1163        484        485       1160       2471       1688       1690       2465
              858       2471       1688       1690       2465       2472       1689       1691       2466
              859       2472       1689       1691       2466       1744        707        708       1741
              860       1164       1163       1160       1161       2473       2471       2465       2467
              861       2473       2471       2465       2467       2474       2472       2466       2468
              862       2474       2472       2466       2468       1745       1744       1741       1742
              863       1165       1164       1161       1162       2475       2473       2467       2469
              864       2475       2473       2467       2469       2476       2474       2468       2470
              865       2476       2474       2468       2470       1746       1745       1742       1743
              866        378       1165       1162        377       1525       2475       2469       1523
              867       1525       2475       2469       1523       1526       2476       2470       1524
              868       1526       2476       2470       1524        649       1746       1743        650
              869        381         10        484       1163       1627        701       1688       2471
              870       1627        701       1688       2471       1628        702       1689       2472
              871       1628        702       1689       2472        684         76        707       1744
              872        380        381       1163       1164       1625       1627       2471       2473
              873       1625       1627       2471       2473       1626       1628       2472       2474
              874       1626       1628       2472       2474        683        684       1744       1745
              875        379        380       1164       1165       1623       1625       2473       2475
              876       1623       1625       2473       2475       1624       1626       2474       2476
              877       1624       1626       2474       2476        682        683       1745       1746
              878         33        379       1165        378        659       1623       2475       1525
              879        659       1623       2475       1525        660       1624       2476       1526
              880        660       1624       2476       1526         73        682       1746        649
              881       1220        434          8        361       2477       1785        747       1747
              882       2477       1785        747       1747       2478       1786        748       1748
              883       2478       1786        748       1748       1787        746         81        727
              884       1221       1220        361        362       2479       2477       1747       1749
              885       2479       2477       1747       1749       2480       2478       1748       1750
              886       2480       2478       1748       1750       1788       1787        727        728
              887       1222       1221        362        363       2481       2479       1749       1751
              888       2481       2479       1749       1751       2482       2480       1750       1752
              889       2482       2480       1750       1752       1789       1788        728        729
              890        347       1222        363         34       1759       2481       1751        749
              891       1759       2481       1751        749       1760       2482       1752        750
              892       1760       2482       1752        750        730       1789        729         82
              893       1223        433        434       1220       2483       1783       1785       2477
              894       2483       1783       1785       2477       2484       1784       1786       2478
              895       2484       1784       1786       2478       1790        745        746       1787
              896       1224       1223       1220       1221       2485       2483       2477       2479
              897       2485       2483       2477       2479       2486       2484       2478       2480
              898       2486       2484       2478       2480       1791       1790       1787       1788
              899       1225       1224       1221       1222       2487       2485       2479       2481
              900       2487       2485       2479       2481       2488       2486       2480       2482
              901       2488       2486       2480       2482       1792       1791       1788       1789
              902        346       1225       1222        347       1757       2487       2481       1759
              903       1757       2487       2481       1759       1758       2488       2482       1760
              904       1758       2488       2482       1760        731       1792       1789        730
              905       1226        432        433       1223       2489       1781       1783       2483
              906       2489       1781       1783       2483       2490       1782       1784       2484
              907       2490       1782       1784       2484       1793        744        745       1790
              908       1227       1226       1223       1224       2491       2489       2483       2485
              909       2491       2489       2483       2485       2492       2490       2484       2486
              910       2492       2490       2484       2486       1794       1793       1790       1791
              911       1228       1227       1224       1225       2493       2491       2485       2487
              912       2493       2491       2485       2487       2494       2492       2486       2488
              913       2494       2492       2486       2488       1795       1794       1791       1792
              914        345       1228       1225        346       1755       2493       2487       1757
              915       1755       2493       2487       1757       1756       2494       2488       1758
              916       1756       2494       2488       1758        732       1795       1792        731
              917       1229        431        432       1226       2495       1779       1781       2489
              918       2495       1779       1781       2489       2496       1780       1782       2490
              919       2496       1780       1782       2490       1796        743        744       1793
              920       1230       1229       1226       1227       2497       2495       2489       2491
              921       2497       2495       2489       2491       2498       2496       2490       2492
              922       2498       2496       2490       2492       1797       1796       1793       1794
              923       1231       1230       1227       1228       2499       2497       2491       2493
              924       2499       2497       2491       2493       2500       2498       2492       2494
              925       2500       2498       2492       2494       1798       1797       1794       1795
              926        344       1231       1228        345       1753       2499       2493       1755
              927       1753       2499       2493       1755       1754       2500       2494       1756
              928       1754       2500       2494       1756        733       1798       1795        732
              929       1232        430        431       1229       2501       1777       1779       2495
              930       2501       1777       1779       2495       2502       1778       1780       2496
              931       2502       1778       1780       2496       1799        742        743       1796
              932       1233       1232       1229       1230       2503       2501       2495       2497
              933       2503       2501       2495       2497       2504       2502       2496       2498
              934       2504       2502       2496       2498       1800       1799       1796       1797
              935       1234       1233       1230       1231       2505       2503       2497       2499
              936       2505       2503       2497       2499       2506       2504       2498       2500
              937       2506       2504       2498       2500       1801       1800       1797       1798
              938         29       1234       1231        344        751       2505       2499       1753
              939        751       2505       2499       1753        752       2506       2500       1754
              940        752       2506       2500       1754         83       1801       1798        733
              941       1235        429        430       1232       2507       1775       1777       2501
              942       2507       1775       1777       2501       2508       1776       1778       2502
              943       2508       1776       1778       2502       1802        741        742       1799
              944       1236       1235       1232       1233       2509       2507       2501       2503
              945       2509       2507       2501       2503       2510       2508       2502       2504
              946       2510       2508       2502       2504       1803       1802       1799       1800
              947       1237       1236       1233       1234       2511       2509       2503       2505
              948       2511       2509       2503       2505       2512       2510       2504       2506
              949       2512       2510       2504       2506       1804       1803       1800       1801
              950        354       1237       1234         29       1761       2511       2505        751
              951       1761       2511       2505        751       1762       2512       2506        752
              952       1762       2512       2506        752        734       1804       1801         83
              953       1238        428        429       1235       2513       1773       1775       2507
              954       2513       1773       1775       2507       2514       1774       1776       2508
              955       2514       1774       1776       2508       1805        740        741       1802
              956       1239       1238       1235       1236       2515       2513       2507       2509
              957       2515       2513       2507       2509       2516       2514       2508       2510
              958       2516       2514       2508       2510       1806       1805       1802       1803
              959       1240       1239       1236       1237       2517       2515       2509       2511
              960       2517       2515       2509       2511       2518       2516       2510       2512
              961       2518       2516       2510       2512       1807       1806       1803       1804
              962        355       1240       1237        354       1763       2517       2511       1761
              963       1763       2517       2511       1761       1764       2518       2512       1762
              964       1764       2518       2512       1762        735       1807       1804        734
              965       1241        427        428       1238       2519       1771       1773       2513
              966       2519       1771       1773       2513       2520       1772       1774       2514
              967       2520       1772       1774       2514       1808        739        740       1805
              968       1242       1241       1238       1239       2521       2519       2513       2515
              969       2521       2519       2513       2515       2522       2520       2514       2516
              970       2522       2520       2514       2516       1809       1808       1805       1806
              971       1243       1242       1239       1240       2523       2521       2515       2517
              972       2523       2521       2515       2517       2524       2522       2516       2518
              973       2524       2522       2516       2518       1810       1809       1806       1807
              974        356       1243       1240        355       1765       2523       2517       1763
              975       1765       2523       2517       1763       1766       2524       2518       1764
              976       1766       2524       2518       1764        736       1810       1807        735
              977       1244        426        427       1241       2525       1769       1771       2519
              978       2525       1769       1771       2519       2526       1770       1772       2520
              979       2526       1770       1772       2520       1811        738        739       1808
              980       1245       1244       1241       1242       2527       2525       2519       2521
              981       2527       2525       2519       2521       2528       2526       2520       2522
              982       2528       2526       2520       2522       1812       1811       1808       1809
              983       1246       1245       1242       1243       2529       2527       2521       2523
              984       2529       2527       2521       2523       2530       2528       2522       2524
              985       2530       2528       2522       2524       1813       1812       1809       1810
              986        357       1246       1243        356       1767       2529       2523       1765
              987       1767       2529       2523       1765       1768       2530       2524       1766
              988       1768       2530       2524       1766        737       1813       1810        736
              989        360          9        426       1244       1710        723       1769       2525
              990       1710        723       1769       2525       1711        724       1770       2526
              991       1711        724       1770       2526        716         79        738       1811
              992        359        360       1244       1245       1708       1710       2525       2527
              993       1708       1710       2525       2527       1709       1711       2526       2528
              994       1709       1711       2526       2528        717        716       1811       1812
              995        358        359       1245       1246       1706       1708       2527       2529
              996       1706       1708       2527       2529       1707       1709       2528       2530
              997       1707       1709       2528       2530        718        717       1812       1813
              998         28        358       1246        357        725       1706       2529       1767
              999        725       1706       2529       1767        726       1707       2530       1768
             1000        726       1707       2530       1768         80        718       1813        737
             1001       1193        366         25        367       2531       1651        705       1814
             1002       2531       1651        705       1814       2532       1652        706       1815
             1003       2532       1652        706       1815       1848        696         78        753
             1004       1194       1193        367        368       2533       2531       1814       1816
             1005       2533       2531       1814       1816       2534       2532       1815       1817
             1006       2534       2532       1815       1817       1849       1848        753        754
             1007       1195       1194        368        369       2535       2533       1816       1818
             1008       2535       2533       1816       1818       2536       2534       1817       1819
             1009       2536       2534       1817       1819       1850       1849        754        755
             1010       1196       1195        369        370       2537       2535       1818       1820
             1011       2537       2535       1818       1820       2538       2536       1819       1821
             1012       2538       2536       1819       1821       1851       1850        755        756
             1013       1197       1196        370         30       2539       2537       1820        770
             1014       2539       2537       1820        770       2540       2538       1821        771
             1015       2540       2538       1821        771       1852       1851        756         84
             1016       1198       1197         30        352       2541       2539        770       1828
             1017       2541       2539        770       1828       2542       2540        771       1829
             1018       2542       2540        771       1829       1853       1852         84        757
             1019       1199       1198        352        351       2543       2541       1828       1826
             1020       2543       2541       1828       1826       2544       2542       1829       1827
             1021       2544       2542       1829       1827       1854       1853        757        758
             1022       1200       1199        351        350       2545       2543       1826       1824
             1023       2545       2543       1826       1824       2546       2544       1827       1825
             1024       2546       2544       1827       1825       1855       1854        758        759
             1025       1201       1200        350        349       2547       2545       1824       1822
             1026       2547       2545       1824       1822       2548       2546       1825       1823
             1027       2548       2546       1825       1823       1856       1855        759        760
             1028        363       1201        349         34       1751       2547       1822        749
             1029       1751       2547       1822        749       1752       2548       1823        750
             1030       1752       2548       1823        750        729       1856        760         82
             1031       1202        365        366       1193       2549       1649       1651       2531
             1032       2549       1649       1651       2531       2550       1650       1652       2532
             1033       2550       1650       1652       2532       1857        695        696       1848
             1034       1203       1202       1193       1194       2551       2549       2531       2533
             1035       2551       2549       2531       2533       2552       2550       2532       2534
             1036       2552       2550       2532       2534       1858       1857       1848       1849
             1037       1204       1203       1194       1195       2553       2551       2533       2535
             1038       2553       2551       2533       2535       2554       2552       2534       2536
             1039       2554       2552       2534       2536       1859       1858       1849       1850
             1040       1205       1204       1195       1196       2555       2553       2535       2537
             1041       2555       2553       2535       2537       2556       2554       2536       2538
             1042       2556       2554       2536       2538       1860       1859       1850       1851
             1043       1206       1205       1196       1197       2557       2555       2537       2539
             1044       2557       2555       2537       2539       2558       2556       2538       2540
             1045       2558       2556       2538       2540       1861       1860       1851       1852
             1046       1207       1206       1197       1198       2559       2557       2539       2541
             1047       2559       2557       2539       2541       2560       2558       2540       2542
             1048       2560       2558       2540       2542       1862       1861       1852       1853
             1049       1208       1207       1198       1199       2561       2559       2541       2543
             1050       2561       2559       2541       2543       2562       2560       2542       2544
             1051       2562       2560       2542       2544       1863       1862       1853       1854
             1052       1209       1208       1199       1200       2563       2561       2543       2545
             1053       2563       2561       2543       2545       2564       2562       2544       2546
             1054       2564       2562       2544       2546       1864       1863       1854       1855
             1055       1210       1209       1200       1201       2565       2563       2545       2547
             1056       2565       2563       2545       2547       2566       2564       2546       2548
             1057       2566       2564       2546       2548       1865       1864       1855       1856
             1058        362       1210       1201        363       1749       2565       2547       1751
             1059       1749       2565       2547       1751       1750       2566       2548       1752
             1060       1750       2566       2548       1752        728       1865       1856        729
             1061       1211        364        365       1202       2567       1647       1649       2549
             1062       2567       1647       1649       2549       2568       1648       1650       2550
             1063       2568       1648       1650       2550       1866        694        695       1857
             1064       1212       1211       1202       1203       2569       2567       2549       2551
             1065       2569       2567       2549       2551       2570       2568       2550       2552
             1066       2570       2568       2550       2552       1867       1866       1857       1858
             1067       1213       1212       1203       1204       2571       2569       2551       2553
             1068       2571       2569       2551       2553       2572       2570       2552       2554
             1069       2572       2570       2552       2554       1868       1867       1858       1859
             1070       1214       1213       1204       1205       2573       2571       2553       2555
             1071       2573       2571       2553       2555       2574       2572       2554       2556
             1072       2574       2572       2554       2556       1869       1868       1859       1860
             1073       1215       1214       1205       1206       2575       2573       2555       2557
             1074       2575       2573       2555       2557       2576       2574       2556       2558
             1075       2576       2574       2556       2558       1870       1869       1860       1861
             1076       1216       1215       1206       1207       2577       2575       2557       2559
             1077       2577       2575       2557       2559       2578       2576       2558       2560
             1078       2578       2576       2558       2560       1871       1870       1861       1862
             1079       1217       1216       1207       1208       2579       2577       2559       2561
             1080       2579       2577       2559       2561       2580       2578       2560       2562
             1081       2580       2578       2560       2562       1872       1871       1862       1863
             1082       1218       1217       1208       1209       2581       2579       2561       2563
             1083       2581       2579       2561       2563       2582       2580       2562       2564
             1084       2582       2580       2562       2564       1873       1872       1863       1864
             1085       1219       1218       1209       1210       2583       2581       2563       2565
             1086       2583       2581       2563       2565       2584       2582       2564       2566
             1087       2584       2582       2564       2566       1874       1873       1864       1865
             1088        361       1219       1210        362       1747       2583       2565       1749
             1089       1747       2583       2565       1749       1748       2584       2566       1750
             1090       1748       2584       2566       1750        727       1874       1865        728
             1091        454         11        364       1211       1846        703       1647       2567
             1092       1846        703       1647       2567       1847        704       1648       2568
             1093       1847        704       1648       2568        769         77        694       1866
             1094        453        454       1211       1212       1844       1846       2567       2569
             1095       1844       1846       2567       2569       1845       1847       2568       2570
             1096       1845       1847       2568       2570        768        769       1866       1867
             1097        452        453       1212       1213       1842       1844       2569       2571
             1098       1842       1844       2569       2571       1843       1845       2570       2572
             1099       1843       1845       2570       2572        767        768       1867       1868
             1100        451        452       1213       1214       1840       1842       2571       2573
             1101       1840       1842       2571       2573       1841       1843       2572       2574
             1102       1841       1843       2572       2574        766        767       1868       1869
             1103        450        451       1214       1215       1838       1840       2573       2575
             1104       1838       1840       2573       2575       1839       1841       2574       2576
             1105       1839       1841       2574       2576        765        766       1869       1870
             1106        449        450       1215       1216       1836       1838       2575       2577
             1107       1836       1838       2575       2577       1837       1839       2576       2578
             1108       1837       1839       2576       2578        764        765       1870       1871
             1109        448        449       1216       1217       1834       1836       2577       2579
             1110       1834       1836       2577       2579       1835       1837       2578       2580
             1111       1835       1837       2578       2580        763        764       1871       1872
             1112        447        448       1217       1218       1832       1834       2579       2581
             1113       1832       1834       2579       2581       1833       1835       2580       2582
             1114       1833       1835       2580       2582        762        763       1872       1873
             1115        446        447       1218       1219       1830       1832       2581       2583
             1116       1830       1832       2581       2583       1831       1833       2582       2584
             1117       1831       1833       2582       2584        761        762       1873       1874
             1118          8        446       1219        361        747       1830       2583       1747
             1119        747       1830       2583       1747        748       1831       2584       1748
             1120        748       1831       2584       1748         81        761       1874        727
             1121        987        347         34        348       2585       1759        749       1877
             1122       2585       1759        749       1877       2586       1760        750       1878
             1123       2586       1760        750       1878       1885        730         82        773
             1124        261        987        348         36       1879       2585       1877        779
             1125       1879       2585       1877        779       1880       2586       1878        780
             1126       1880       2586       1878        780        774       1885        773         86
             1127        988        346        347        987       2587       1757       1759       2585
             1128       2587       1757       1759       2585       2588       1758       1760       2586
             1129       2588       1758       1760       2586       1886        731        730       1885
             1130         40        988        987        261        781       2587       2585       1879
             1131        781       2587       2585       1879        782       2588       2586       1880
             1132        782       2588       2586       1880         87       1886       1885        774
             1133        989        345        346        988       2589       1755       1757       2587
             1134       2589       1755       1757       2587       2590       1756       1758       2588
             1135       2590       1756       1758       2588       1887        732        731       1886
             1136        327        989        988         40       1881       2589       2587        781
             1137       1881       2589       2587        781       1882       2590       2588        782
             1138       1882       2590       2588        782        775       1887       1886         87
             1139        990        344        345        989       2591       1753       1755       2589
             1140       2591       1753       1755       2589       2592       1754       1756       2590
             1141       2592       1754       1756       2590       1888        733        732       1887
             1142        328        990        989        327       1883       2591       2589       1881
             1143       1883       2591       2589       1881       1884       2592       2590       1882
             1144       1884       2592       2590       1882        776       1888       1887        775
             1145        343         29        344        990       1875        751       1753       2591
             1146       1875        751       1753       2591       1876        752       1754       2592
             1147       1876        752       1754       2592        772         83        733       1888
             1148         35        343        990        328        777       1875       2591       1883
             1149        777       1875       2591       1883        778       1876       2592       1884
             1150        778       1876       2592       1884         85        772       1888        776
             1151        991        353         37        325       2593       1889        787       1891
             1152       2593       1889        787       1891       2594       1890        788       1892
             1153       2594       1890        788       1892       1897        783         88        784
             1154        992        991        325        326       2595       2593       1891       1893
             1155       2595       2593       1891       1893       2596       2594       1892       1894
             1156       2596       2594       1892       1894       1898       1897        784        785
             1157        993        992        326         41       2597       2595       1893        789
             1158       2597       2595       1893        789       2598       2596       1894        790
             1159       2598       2596       1894        790       1899       1898        785         89
             1160        994        993         41        270       2599       2597        789       1895
             1161       2599       2597        789       1895       2600       2598        790       1896
             1162       2600       2598        790       1896       1900       1899         89        786
             1163        348        994        270         36       1877       2599       1895        779
             1164       1877       2599       1895        779       1878       2600       1896        780
             1165       1878       2600       1896        780        773       1900        786         86
             1166        352         30        353        991       1828        770       1889       2593
             1167       1828        770       1889       2593       1829        771       1890       2594
             1168       1829        771       1890       2594        757         84        783       1897
             1169        351        352        991        992       1826       1828       2593       2595
             1170       1826       1828       2593       2595       1827       1829       2594       2596
             1171       1827       1829       2594       2596        758        757       1897       1898
             1172        350        351        992        993       1824       1826       2595       2597
             1173       1824       1826       2595       2597       1825       1827       2596       2598
             1174       1825       1827       2596       2598        759        758       1898       1899
             1175        349        350        993        994       1822       1824       2597       2599
             1176       1822       1824       2597       2599       1823       1825       2598       2600
             1177       1823       1825       2598       2600        760        759       1899       1900
             1178         34        349        994        348        749       1822       2599       1877
             1179        749       1822       2599       1877        750       1823       2600       1878
             1180        750       1823       2600       1878         82        760       1900        773
             1181        935        324         24        312       2601       1905        797       1903
             1182       2601       1905        797       1903       2602       1906        798       1904
             1183       2602       1906        798       1904       1909        793         91        792
             1184        936        935        312        311       2603       2601       1903       1901
             1185       2603       2601       1903       1901       2604       2602       1904       1902
             1186       2604       2602       1904       1902       1910       1909        792        791
             1187        269        936        311         38       1907       2603       1901        795
             1188       1907       2603       1901        795       1908       2604       1902        796
             1189       1908       2604       1902        796        794       1910        791         90
             1190        325         37        324        935       1891        787       1905       2601
             1191       1891        787       1905       2601       1892        788       1906       2602
             1192       1892        788       1906       2602        784         88        793       1909
             1193        326        325        935        936       1893       1891       2601       2603
             1194       1893       1891       2601       2603       1894       1892       2602       2604
             1195       1894       1892       2602       2604        785        784       1909       1910
             1196         41        326        936        269        789       1893       2603       1907
             1197        789       1893       2603       1907        790       1894       2604       1908
             1198        790       1894       2604       1908         89        785       1910        794
             1199        937        267         18        103       2605       1921        808       1915
             1200       2605       1921        808       1915       2606       1922        809       1916
             1201       2606       1922        809       1916       1925        804         93        803
             1202        938        937        103        104       2607       2605       1915       1917
             1203       2607       2605       1915       1917       2608       2606       1916       1918
             1204       2608       2606       1916       1918       1926       1925        803        802
             1205        939        938        104        105       2609       2607       1917       1919
             1206       2609       2607       1917       1919       2610       2608       1918       1920
             1207       2610       2608       1918       1920       1927       1926        802        801
             1208        263        939        105         19       1913       2609       1919        806
             1209       1913       2609       1919        806       1914       2610       1920        807
             1210       1914       2610       1920        807        800       1927        801         92
             1211        940        268        267        937       2611       1923       1921       2605
             1212       2611       1923       1921       2605       2612       1924       1922       2606
             1213       2612       1924       1922       2606       1928        805        804       1925
             1214        941        940        937        938       2613       2611       2605       2607
             1215       2613       2611       2605       2607       2614       2612       2606       2608
             1216       2614       2612       2606       2608       1929       1928       1925       1926
             1217        942        941        938        939       2615       2613       2607       2609
             1218       2615       2613       2607       2609       2616       2614       2608       2610
             1219       2616       2614       2608       2610       1930       1929       1926       1927
             1220        262        942        939        263       1911       2615       2609       1913
             1221       1911       2615       2609       1913       1912       2616       2610       1914
             1222       1912       2616       2610       1914        799       1930       1927        800
             1223        269         38        268        940       1907        795       1923       2611
             1224       1907        795       1923       2611       1908        796       1924       2612
             1225       1908        796       1924       2612        794         90        805       1928
             1226         41        269        940        941        789       1907       2611       2613
             1227        789       1907       2611       2613        790       1908       2612       2614
             1228        790       1908       2612       2614         89        794       1928       1929
             1229        270         41        941        942       1895        789       2613       2615
             1230       1895        789       2613       2615       1896        790       2614       2616
             1231       1896        790       2614       2616        786         89       1929       1930
             1232         36        270        942        262        779       1895       2615       1911
             1233        779       1895       2615       1911        780       1896       2616       1912
             1234        780       1896       2616       1912         86        786       1930        799
             1235        943        108         20        266       2617       1935        816       1939
             1236       2617       1935        816       1939       2618       1936        817       1940
             1237       2618       1936        817       1940       1943        812         94        813
             1238        944        943        266        265       2619       2617       1939       1937
             1239       2619       2617       1939       1937       2620       2618       1940       1938
             1240       2620       2618       1940       1938       1944       1943        813        814
             1241        264        944        265         39       1941       2619       1937        818
             1242       1941       2619       1937        818       1942       2620       1938        819
             1243       1942       2620       1938        819        815       1944        814         95
             1244        945        107        108        943       2621       1933       1935       2617
             1245       2621       1933       1935       2617       2622       1934       1936       2618
             1246       2622       1934       1936       2618       1945        811        812       1943
             1247        946        945        943        944       2623       2621       2617       2619
             1248       2623       2621       2617       2619       2624       2622       2618       2620
             1249       2624       2622       2618       2620       1946       1945       1943       1944
             1250         40        946        944        264        781       2623       2619       1941
             1251        781       2623       2619       1941        782       2624       2620       1942
             1252        782       2624       2620       1942         87       1946       1944        815
             1253        947        106        107        945       2625       1931       1933       2621
             1254       2625       1931       1933       2621       2626       1932       1934       2622
             1255       2626       1932       1934       2622       1947        810        811       1945
             1256        948        947        945        946       2627       2625       2621       2623
             1257       2627       2625       2621       2623       2628       2626       2622       2624
             1258       2628       2626       2622       2624       1948       1947       1945       1946
             1259        261        948        946         40       1879       2627       2623        781
             1260       1879       2627       2623        781       1880       2628       2624        782
             1261       1880       2628       2624        782        774       1948       1946         87
             1262        263         19        106        947       1913        806       1931       2625
             1263       1913        806       1931       2625       1914        807       1932       2626
             1264       1914        807       1932       2626        800         92        810       1947
             1265        262        263        947        948       1911       1913       2625       2627
             1266       1911       1913       2625       2627       1912       1914       2626       2628
             1267       1912       1914       2626       2628        799        800       1947       1948
             1268         36        262        948        261        779       1911       2627       1879
             1269        779       1911       2627       1879        780       1912       2628       1880
             1270        780       1912       2628       1880         86        799       1948        774
             1271         35        328        949        329        777       1883       2629       1949
             1272        777       1883       2629       1949        778       1884       2630       1950
             1273        778       1884       2630       1950         85        776       1955        820
             1274        329        949        330         23       1949       2629       1951        823
             1275       1949       2629       1951        823       1950       2630       1952        824
             1276       1950       2630       1952        824        820       1955        821         96
             1277        328        327        950        949       1883       1881       2631       2629
             1278       1883       1881       2631       2629       1884       1882       2632       2630
             1279       1884       1882       2632       2630        776        775       1956       1955
             1280        949        950        331        330       2629       2631       1953       1951
             1281       2629       2631       1953       1951       2630       2632       1954       1952
             1282       2630       2632       1954       1952       1955       1956        822        821
             1283        327         40        264        950       1881        781       1941       2631
             1284       1881        781       1941       2631       1882        782       1942       2632
             1285       1882        782       1942       2632        775         87        815       1956
             1286        950        264         39        331       2631       1941        818       1953
             1287       2631       1941        818       1953       2632       1942        819       1954
             1288       2632       1942        819       1954       1956        815         95        822
             1289        951        332         23        330       2633       1979        823       1951
             1290       2633       1979        823       1951       2634       1980        824       1952
             1291       2634       1980        824       1952       1997        844         96        821
             1292        952        951        330        331       2635       2633       1951       1953
             1293       2635       2633       1951       1953       2636       2634       1952       1954
             1294       2636       2634       1952       1954       1998       1997        821        822
             1295        289        952        331         39       1957       2635       1953        818
             1296       1957       2635       1953        818       1958       2636       1954        819
             1297       1958       2636       1954        819        825       1998        822         95
             1298        953        333        332        951       2637       1981       1979       2633
             1299       2637       1981       1979       2633       2638       1982       1980       2634
             1300       2638       1982       1980       2634       1999        843        844       1997
             1301        954        953        951        952       2639       2637       2633       2635
             1302       2639       2637       2633       2635       2640       2638       2634       2636
             1303       2640       2638       2634       2636       2000       1999       1997       1998
             1304        290        954        952        289       1959       2639       2635       1957
             1305       1959       2639       2635       1957       1960       2640       2636       1958
             1306       1960       2640       2636       1958        826       2000       1998        825
             1307        955        334        333        953       2641       1983       1981       2637
             1308       2641       1983       1981       2637       2642       1984       1982       2638
             1309       2642       1984       1982       2638       2001        842        843       1999
             1310        956        955        953        954       2643       2641       2637       2639
             1311       2643       2641       2637       2639       2644       2642       2638       2640
             1312       2644       2642       2638       2640       2002       2001       1999       2000
             1313        291        956        954        290       1961       2643       2639       1959
             1314       1961       2643       2639       1959       1962       2644       2640       1960
             1315       1962       2644       2640       1960        827       2002       2000        826
             1316        957        335        334        955       2645       1985       1983       2641
             1317       2645       1985       1983       2641       2646       1986       1984       2642
             1318       2646       1986       1984       2642       2003        841        842       2001
             1319        958        957        955        956       2647       2645       2641       2643
             1320       2647       2645       2641       2643       2648       2646       2642       2644
             1321       2648       2646       2642       2644       2004       2003       2001       2002
             1322        292        958        956        291       1963       2647       2643       1961
             1323       1963       2647       2643       1961       1964       2648       2644       1962
             1324       1964       2648       2644       1962        828       2004       2002        827
             1325        959        336        335        957       2649       1987       1985       2645
             1326       2649       1987       1985       2645       2650       1988       1986       2646
             1327       2650       1988       1986       2646       2005        840        841       2003
             1328        960        959        957        958       2651       2649       2645       2647
             1329       2651       2649       2645       2647       2652       2650       2646       2648
             1330       2652       2650       2646       2648       2006       2005       2003       2004
             1331        293        960        958        292       1965       2651       2647       1963
             1332       1965       2651       2647       1963       1966       2652       2648       1964
             1333       1966       2652       2648       1964        829       2006       2004        828
             1334        961        337        336        959       2653       1989       1987       2649
             1335       2653       1989       1987       2649       2654       1990       1988       2650
             1336       2654       1990       1988       2650       2007        839        840       2005
             1337        962        961        959        960       2655       2653       2649       2651
             1338       2655       2653       2649       2651       2656       2654       2650       2652
             1339       2656       2654       2650       2652       2008       2007       2005       2006
             1340        294        962        960        293       1967       2655       2651       1965
             1341       1967       2655       2651       1965       1968       2656       2652       1966
             1342       1968       2656       2652       1966        830       2008       2006        829
             1343        963        338        337        961       2657       1991       1989       2653
             1344       2657       1991       1989       2653       2658       1992       1990       2654
             1345       2658       1992       1990       2654       2009        838        839       2007
             1346        964        963        961        962       2659       2657       2653       2655
             1347       2659       2657       2653       2655       2660       2658       2654       2656
             1348       2660       2658       2654       2656       2010       2009       2007       2008
             1349        295        964        962        294       1969       2659       2655       1967
             1350       1969       2659       2655       1967       1970       2660       2656       1968
             1351       1970       2660       2656       1968        831       2010       2008        830
             1352        965        339        338        963       2661       1993       1991       2657
             1353       2661       1993       1991       2657       2662       1994       1992       2658
             1354       2662       1994       1992       2658       2011        837        838       2009
             1355        966        965        963        964       2663       2661       2657       2659
             1356       2663       2661       2657       2659       2664       2662       2658       2660
             1357       2664       2662       2658       2660       2012       2011       2009       2010
             1358        296        966        964        295       1971       2663       2659       1969
             1359       1971       2663       2659       1969       1972       2664       2660       1970
             1360       1972       2664       2660       1970        832       2012       2010        831
             1361        967        340        339        965       2665       1995       1993       2661
             1362       2665       1995       1993       2661       2666       1996       1994       2662
             1363       2666       1996       1994       2662       2013        836        837       2011
             1364        968        967        965        966       2667       2665       2661       2663
             1365       2667       2665       2661       2663       2668       2666       2662       2664
             1366       2668       2666       2662       2664       2014       2013       2011       2012
             1367        297        968        966        296       1973       2667       2663       1971
             1368       1973       2667       2663       1971       1974       2668       2664       1972
             1369       1974       2668       2664       1972        833       2014       2012        832
             1370        341          4        340        967       1975        847       1995       2665
             1371       1975        847       1995       2665       1976        848       1996       2666
             1372       1976        848       1996       2666        835         98        836       2013
             1373        342        341        967        968       1977       1975       2665       2667
             1374       1977       1975       2665       2667       1978       1976       2666       2668
             1375       1978       1976       2666       2668        834        835       2013       2014
             1376         43        342        968        297        845       1977       2667       1973
             1377        845       1977       2667       1973        846       1978       2668       1974
             1378        846       1978       2668       1974         97        834       2014        833
             1379        969        289         39        265       2669       1957        818       1937
             1380       2669       1957        818       1937       2670       1958        819       1938
             1381       2670       1958        819       1938       2037        825         95        814
             1382        970        969        265        266       2671       2669       1937       1939
             1383       2671       2669       1937       1939       2672       2670       1938       1940
             1384       2672       2670       1938       1940       2038       2037        814        813
             1385        271        970        266         20       2015       2671       1939        816
             1386       2015       2671       1939        816       2016       2672       1940        817
             1387       2016       2672       1940        817        849       2038        813         94
             1388        971        290        289        969       2673       1959       1957       2669
             1389       2673       1959       1957       2669       2674       1960       1958       2670
             1390       2674       1960       1958       2670       2039        826        825       2037
             1391        972        971        969        970       2675       2673       2669       2671
             1392       2675       2673       2669       2671       2676       2674       2670       2672
             1393       2676       2674       2670       2672       2040       2039       2037       2038
             1394        272        972        970        271       2017       2675       2671       2015
             1395       2017       2675       2671       2015       2018       2676       2672       2016
             1396       2018       2676       2672       2016        850       2040       2038        849
             1397        973        291        290        971       2677       1961       1959       2673
             1398       2677       1961       1959       2673       2678       1962       1960       2674
             1399       2678       1962       1960       2674       2041        827        826       2039
             1400        974        973        971        972       2679       2677       2673       2675
             1401       2679       2677       2673       2675       2680       2678       2674       2676
             1402       2680       2678       2674       2676       2042       2041       2039       2040
             1403        273        974        972        272       2019       2679       2675       2017
             1404       2019       2679       2675       2017       2020       2680       2676       2018
             1405       2020       2680       2676       2018        851       2042       2040        850
             1406        975        292        291        973       2681       1963       1961       2677
             1407       2681       1963       1961       2677       2682       1964       1962       2678
             1408       2682       1964       1962       2678       2043        828        827       2041
             1409        976        975        973        974       2683       2681       2677       2679
             1410       2683       2681       2677       2679       2684       2682       2678       2680
             1411       2684       2682       2678       2680       2044       2043       2041       2042
             1412        274        976        974        273       2021       2683       2679       2019
             1413       2021       2683       2679       2019       2022       2684       2680       2020
             1414       2022       2684       2680       2020        852       2044       2042        851
             1415        977        293        292        975       2685       1965       1963       2681
             1416       2685       1965       1963       2681       2686       1966       1964       2682
             1417       2686       1966       1964       2682       2045        829        828       2043
             1418        978        977        975        976       2687       2685       2681       2683
             1419       2687       2685       2681       2683       2688       2686       2682       2684
             1420       2688       2686       2682       2684       2046       2045       2043       2044
             1421        275        978        976        274       2023       2687       2683       2021
             1422       2023       2687       2683       2021       2024       2688       2684       2022
             1423       2024       2688       2684       2022        853       2046       2044        852
             1424        979        294        293        977       2689       1967       1965       2685
             1425       2689       1967       1965       2685       2690       1968       1966       2686
             1426       2690       1968       1966       2686       2047        830        829       2045
             1427        980        979        977        978       2691       2689       2685       2687
             1428       2691       2689       2685       2687       2692       2690       2686       2688
             1429       2692       2690       2686       2688       2048       2047       2045       2046
             1430        276        980        978        275       2025       2691       2687       2023
             1431       2025       2691       2687       2023       2026       2692       2688       2024
             1432       2026       2692       2688       2024        854       2048       2046        853
             1433        981        295        294        979       2693       1969       1967       2689
             1434       2693       1969       1967       2689       2694       1970       1968       2690
             1435       2694       1970       1968       2690       2049        831        830       2047
             1436        982        981        979        980       2695       2693       2689       2691
             1437       2695       2693       2689       2691       2696       2694       2690       2692
             1438       2696       2694       2690       2692       2050       2049       2047       2048
             1439        277        982        980        276       2027       2695       2691       2025
             1440       2027       2695       2691       2025       2028       2696       2692       2026
             1441       2028       2696       2692       2026        855       2050       2048        854
             1442        983        296        295        981       2697       1971       1969       2693
             1443       2697       1971       1969       2693       2698       1972       1970       2694
             1444       2698       1972       1970       2694       2051        832        831       2049
             1445        984        983        981        982       2699       2697       2693       2695
             1446       2699       2697       2693       2695       2700       2698       2694       2696
             1447       2700       2698       2694       2696       2052       2051       2049       2050
             1448        278        984        982        277       2029       2699       2695       2027
             1449       2029       2699       2695       2027       2030       2700       2696       2028
             1450       2030       2700       2696       2028        856       2052       2050        855
             1451        985        297        296        983       2701       1973       1971       2697
             1452       2701       1973       1971       2697       2702       1974       1972       2698
             1453       2702       1974       1972       2698       2053        833        832       2051
             1454        986        985        983        984       2703       2701       2697       2699
             1455       2703       2701       2697       2699       2704       2702       2698       2700
             1456       2704       2702       2698       2700       2054       2053       2051       2052
             1457        279        986        984        278       2031       2703       2699       2029
             1458       2031       2703       2699       2029       2032       2704       2700       2030
             1459       2032       2704       2700       2030        857       2054       2052        856
             1460        298         43        297        985       2033        845       1973       2701
             1461       2033        845       1973       2701       2034        846       1974       2702
             1462       2034        846       1974       2702        859         97        833       2053
             1463        299        298        985        986       2035       2033       2701       2703
             1464       2035       2033       2701       2703       2036       2034       2702       2704
             1465       2036       2034       2702       2704        858        859       2053       2054
             1466         22        299        986        279        860       2035       2703       2031
             1467        860       2035       2703       2031        861       2036       2704       2032
             1468        861       2036       2704       2032         99        858       2054        857
             1469        899        280         18        267       2705       2055        808       1921
             1470       2705       2055        808       1921       2706       2056        809       1922
             1471       2706       2056        809       1922       2095        862         93        804
             1472        900        899        267        268       2707       2705       1921       1923
             1473       2707       2705       1921       1923       2708       2706       1922       1924
             1474       2708       2706       1922       1924       2096       2095        804        805
             1475        310        900        268         38       2093       2707       1923        795
             1476       2093       2707       1923        795       2094       2708       1924        796
             1477       2094       2708       1924        796        881       2096        805         90
             1478        901        281        280        899       2709       2057       2055       2705
             1479       2709       2057       2055       2705       2710       2058       2056       2706
             1480       2710       2058       2056       2706       2097        863        862       2095
             1481        902        901        899        900       2711       2709       2705       2707
             1482       2711       2709       2705       2707       2712       2710       2706       2708
             1483       2712       2710       2706       2708       2098       2097       2095       2096
             1484        309        902        900        310       2091       2711       2707       2093
             1485       2091       2711       2707       2093       2092       2712       2708       2094
             1486       2092       2712       2708       2094        880       2098       2096        881
             1487        903        282        281        901       2713       2059       2057       2709
             1488       2713       2059       2057       2709       2714       2060       2058       2710
             1489       2714       2060       2058       2710       2099        864        863       2097
             1490        904        903        901        902       2715       2713       2709       2711
             1491       2715       2713       2709       2711       2716       2714       2710       2712
             1492       2716       2714       2710       2712       2100       2099       2097       2098
             1493        308        904        902        309       2089       2715       2711       2091
             1494       2089       2715       2711       2091       2090       2716       2712       2092
             1495       2090       2716       2712       2092        879       2100       2098        880
             1496        905        283        282        903       2717       2061       2059       2713
             1497       2717       2061       2059       2713       2718       2062       2060       2714
             1498       2718       2062       2060       2714       2101        865        864       2099
             1499        906        905        903        904       2719       2717       2713       2715
             1500       2719       2717       2713       2715       2720       2718       2714       2716
             1501       2720       2718       2714       2716       2102       2101       2099       2100
             1502        307        906        904        308       2087       2719       2715       2089
             1503       2087       2719       2715       2089       2088       2720       2716       2090
             1504       2088       2720       2716       2090        878       2102       2100        879
             1505        907        284        283        905       2721       2063       2061       2717
             1506       2721       2063       2061       2717       2722       2064       2062       2718
             1507       2722       2064       2062       2718       2103        866        865       2101
             1508        908        907        905        906       2723       2721       2717       2719
             1509       2723       2721       2717       2719       2724       2722       2718       2720
             1510       2724       2722       2718       2720       2104       2103       2101       2102
             1511        306        908        906        307       2085       2723       2719       2087
             1512       2085       2723       2719       2087       2086       2724       2720       2088
             1513       2086       2724       2720       2088        877       2104       2102        878
             1514        909        285        284        907       2725       2065       2063       2721
             1515       2725       2065       2063       2721       2726       2066       2064       2722
             1516       2726       2066       2064       2722       2105        867        866       2103
             1517        910        909        907        908       2727       2725       2721       2723
             1518       2727       2725       2721       2723       2728       2726       2722       2724
             1519       2728       2726       2722       2724       2106       2105       2103       2104
             1520        305        910        908        306       2083       2727       2723       2085
             1521       2083       2727       2723       2085       2084       2728       2724       2086
             1522       2084       2728       2724       2086        876       2106       2104        877
             1523        911        286        285        909       2729       2067       2065       2725
             1524       2729       2067       2065       2725       2730       2068       2066       2726
             1525       2730       2068       2066       2726       2107        868        867       2105
             1526        912        911        909        910       2731       2729       2725       2727
             1527       2731       2729       2725       2727       2732       2730       2726       2728
             1528       2732       2730       2726       2728       2108       2107       2105       2106
             1529        304        912        910        305       2081       2731       2727       2083
             1530       2081       2731       2727       2083       2082       2732       2728       2084
             1531       2082       2732       2728       2084        875       2108       2106        876
             1532        913        287        286        911       2733       2069       2067       2729
             1533       2733       2069       2067       2729       2734       2070       2068       2730
             1534       2734       2070       2068       2730       2109        869        868       2107
             1535        914        913        911        912       2735       2733       2729       2731
             1536       2735       2733       2729       2731       2736       2734       2730       2732
             1537       2736       2734       2730       2732       2110       2109       2107       2108
             1538        303        914        912        304       2079       2735       2731       2081
             1539       2079       2735       2731       2081       2080       2736       2732       2082
             1540       2080       2736       2732       2082        874       2110       2108        875
             1541        915        288        287        913       2737       2071       2069       2733
             1542       2737       2071       2069       2733       2738       2072       2070       2734
             1543       2738       2072       2070       2734       2111        870        869       2109
             1544        916        915        913        914       2739       2737       2733       2735
             1545       2739       2737       2733       2735       2740       2738       2734       2736
             1546       2740       2738       2734       2736       2112       2111       2109       2110
             1547        302        916        914        303       2077       2739       2735       2079
             1548       2077       2739       2735       2079       2078       2740       2736       2080
             1549       2078       2740       2736       2080        873       2112       2110        874
             1550        300         21        288        915       2073        882       2071       2737
             1551       2073        882       2071       2737       2074        883       2072       2738
             1552       2074        883       2072       2738        871        100        870       2111
             1553        301        300        915        916       2075       2073       2737       2739
             1554       2075       2073       2737       2739       2076       2074       2738       2740
             1555       2076       2074       2738       2740        872        871       2111       2112
             1556         42        301        916        302        884       2075       2739       2077
             1557        884       2075       2739       2077        885       2076       2740       2078
             1558        885       2076       2740       2078        101        872       2112        873
             1559        917        310         38        311       2741       2093        795       1901
             1560       2741       2093        795       1901       2742       2094        796       1902
             1561       2742       2094        796       1902       2135        881         90        791
             1562        918        917        311        312       2743       2741       1901       1903
             1563       2743       2741       1901       1903       2744       2742       1902       1904
             1564       2744       2742       1902       1904       2136       2135        791        792
             1565        313        918        312         24       2113       2743       1903        797
             1566       2113       2743       1903        797       2114       2744       1904        798
             1567       2114       2744       1904        798        886       2136        792         91
             1568        919        309        310        917       2745       2091       2093       2741
             1569       2745       2091       2093       2741       2746       2092       2094       2742
             1570       2746       2092       2094       2742       2137        880        881       2135
             1571        920        919        917        918       2747       2745       2741       2743
             1572       2747       2745       2741       2743       2748       2746       2742       2744
             1573       2748       2746       2742       2744       2138       2137       2135       2136
             1574        314        920        918        313       2115       2747       2743       2113
             1575       2115       2747       2743       2113       2116       2748       2744       2114
             1576       2116       2748       2744       2114        887       2138       2136        886
             1577        921        308        309        919       2749       2089       2091       2745
             1578       2749       2089       2091       2745       2750       2090       2092       2746
             1579       2750       2090       2092       2746       2139        879        880       2137
             1580        922        921        919        920       2751       2749       2745       2747
             1581       2751       2749       2745       2747       2752       2750       2746       2748
             1582       2752       2750       2746       2748       2140       2139       2137       2138
             1583        315        922        920        314       2117       2751       2747       2115
             1584       2117       2751       2747       2115       2118       2752       2748       2116
             1585       2118       2752       2748       2116        888       2140       2138        887
             1586        923        307        308        921       2753       2087       2089       2749
             1587       2753       2087       2089       2749       2754       2088       2090       2750
             1588       2754       2088       2090       2750       2141        878        879       2139
             1589        924        923        921        922       2755       2753       2749       2751
             1590       2755       2753       2749       2751       2756       2754       2750       2752
             1591       2756       2754       2750       2752       2142       2141       2139       2140
             1592        316        924        922        315       2119       2755       2751       2117
             1593       2119       2755       2751       2117       2120       2756       2752       2118
             1594       2120       2756       2752       2118        889       2142       2140        888
             1595        925        306        307        923       2757       2085       2087       2753
             1596       2757       2085       2087       2753       2758       2086       2088       2754
             1597       2758       2086       2088       2754       2143        877        878       2141
             1598        926        925        923        924       2759       2757       2753       2755
             1599       2759       2757       2753       2755       2760       2758       2754       2756
             1600       2760       2758       2754       2756       2144       2143       2141       2142
             1601        317        926        924        316       2121       2759       2755       2119
             1602       2121       2759       2755       2119       2122       2760       2756       2120
             1603       2122       2760       2756       2120        890       2144       2142        889
             1604        927        305        306        925       2761       2083       2085       2757
             1605       2761       2083       2085       2757       2762       2084       2086       2758
             1606       2762       2084       2086       2758       2145        876        877       2143
             1607        928        927        925        926       2763       2761       2757       2759
             1608       2763       2761       2757       2759       2764       2762       2758       2760
             1609       2764       2762       2758       2760       2146       2145       2143       2144
             1610        318        928        926        317       2123       2763       2759       2121
             1611       2123       2763       2759       2121       2124       2764       2760       2122
             1612       2124       2764       2760       2122        891       2146       2144        890
             1613        929        304        305        927       2765       2081       2083       2761
             1614       2765       2081       2083       2761       2766       2082       2084       2762
             1615       2766       2082       2084       2762       2147        875        876       2145
             1616        930        929        927        928       2767       2765       2761       2763
             1617       2767       2765       2761       2763       2768       2766       2762       2764
             1618       2768       2766       2762       2764       2148       2147       2145       2146
             1619        319        930        928        318       2125       2767       2763       2123
             1620       2125       2767       2763       2123       2126       2768       2764       2124
             1621       2126       2768       2764       2124        892       2148       2146        891
             1622        931        303        304        929       2769       2079       2081       2765
             1623       2769       2079       2081       2765       2770       2080       2082       2766
             1624       2770       2080       2082       2766       2149        874        875       2147
             1625        932        931        929        930       2771       2769       2765       2767
             1626       2771       2769       2765       2767       2772       2770       2766       2768
             1627       2772       2770       2766       2768       2150       2149       2147       2148
             1628        320        932        930        319       2127       2771       2767       2125
             1629       2127       2771       2767       2125       2128       2772       2768       2126
             1630       2128       2772       2768       2126        893       2150       2148        892
             1631        933        302        303        931       2773       2077       2079       2769
             1632       2773       2077       2079       2769       2774       2078       2080       2770
             1633       2774       2078       2080       2770       2151        873        874       2149
             1634        934        933        931        932       2775       2773       2769       2771
             1635       2775       2773       2769       2771       2776       2774       2770       2772
             1636       2776       2774       2770       2772       2152       2151       2149       2150
             1637        321        934        932        320       2129       2775       2771       2127
             1638       2129       2775       2771       2127       2130       2776       2772       2128
             1639       2130       2776       2772       2128        894       2152       2150        893
             1640        323         42        302        933       2133        884       2077       2773
             1641       2133        884       2077       2773       2134        885       2078       2774
             1642       2134        885       2078       2774        896        101        873       2151
             1643        322        323        933        934       2131       2133       2773       2775
             1644       2131       2133       2773       2775       2132       2134       2774       2776
             1645       2132       2134       2774       2776        895        896       2151       2152
             1646          5        322        934        321        897       2131       2775       2129
             1647        897       2131       2775       2129        898       2132       2776       2130
             1648        898       2132       2776       2130        102        895       2152        894
             1649         56        444       1067        445       2777       2778       2779       2780
             1650        444        443       1068       1067       2778       2781       2782       2779
             1651        443        442       1069       1068       2781       2783       2784       2782
             1652        442        441       1070       1069       2783       2785       2786       2784
             1653        441        440       1071       1070       2785       2787       2788       2786
             1654        440        439       1072       1071       2787       2789       2790       2788
             1655        439        438       1073       1072       2789       2791       2792       2790
             1656        438        437       1074       1073       2791       2793       2794       2792
             1657        437        436       1075       1074       2793       2795       2796       2794
             1658        436         59        435       1075       2795       2797       2798       2796
             1659        445       1067        426          9       2780       2779       1769        723
             1660       1067       1068        427        426       2779       2782       1771       1769
             1661       1068       1069        428        427       2782       2784       1773       1771
             1662       1069       1070        429        428       2784       2786       1775       1773
             1663       1070       1071        430        429       2786       2788       1777       1775
             1664       1071       1072        431        430       2788       2790       1779       1777
             1665       1072       1073        432        431       2790       2792       1781       1779
             1666       1073       1074        433        432       2792       2794       1783       1781
             1667       1074       1075        434        433       2794       2796       1785       1783
             1668       1075        435          8        434       2796       2798        747       1785
             1669         11        454       1076        455        703       1846       2799       2800
             1670        454        453       1077       1076       1846       1844       2801       2799
             1671        453        452       1078       1077       1844       1842       2802       2801
             1672        452        451       1079       1078       1842       1840       2803       2802
             1673        451        450       1080       1079       1840       1838       2804       2803
             1674        450        449       1081       1080       1838       1836       2805       2804
             1675        449        448       1082       1081       1836       1834       2806       2805
             1676        448        447       1083       1082       1834       1832       2807       2806
             1677        447        446       1084       1083       1832       1830       2808       2807
             1678        446          8        435       1084       1830        747       2798       2808
             1679        455       1076        456         58       2800       2799       2809       2810
             1680       1076       1077        457        456       2799       2801       2811       2809
             1681       1077       1078        458        457       2801       2802       2812       2811
             1682       1078       1079        459        458       2802       2803       2813       2812
             1683       1079       1080        460        459       2803       2804       2814       2813
             1684       1080       1081        461        460       2804       2805       2815       2814
             1685       1081       1082        462        461       2805       2806       2816       2815
             1686       1082       1083        463        462       2806       2807       2817       2816
             1687       1083       1084        464        463       2807       2808       2818       2817
             1688       1084        435         59        464       2808       2798       2797       2818
             1689         11        455       1085        465        703       2800       2819       1629
             1690        455         58        483       1085       2800       2810       2820       2819
             1691        465       1085       1086        466       1629       2819       2821       1631
             1692       1085        483        482       1086       2819       2820       2822       2821
             1693        466       1086       1087        467       1631       2821       2823       1633
             1694       1086        482        481       1087       2821       2822       2824       2823
             1695        467       1087       1088        468       1633       2823       2825       1635
             1696       1087        481        480       1088       2823       2824       2826       2825
             1697        468       1088       1089        469       1635       2825       2827       1637
             1698       1088        480        479       1089       2825       2826       2828       2827
             1699        469       1089       1090        470       1637       2827       2829       1639
             1700       1089        479        478       1090       2827       2828       2830       2829
             1701        470       1090       1091        471       1639       2829       2831       1641
             1702       1090        478        477       1091       2829       2830       2832       2831
             1703        471       1091       1092        472       1641       2831       2833       1643
             1704       1091        477        476       1092       2831       2832       2834       2833
             1705        472       1092       1093        473       1643       2833       2835       1645
             1706       1092        476        475       1093       2833       2834       2836       2835
             1707        473       1093        474         10       1645       2835       2837        701
             1708       1093        475         57        474       2835       2836       2838       2837
             1709         57        501       1094        474       2838       2839       2840       2837
             1710        501        500       1095       1094       2839       2841       2842       2840
             1711        500        499       1096       1095       2841       2843       2844       2842
             1712        499        498       1097       1096       2843       2845       2846       2844
             1713        498        497       1098       1097       2845       2847       2848       2846
             1714        497        496       1099       1098       2847       2849       2850       2848
             1715        496        495       1100       1099       2849       2851       2852       2850
             1716        495        494       1101       1100       2851       2853       2854       2852
             1717        494        493       1102       1101       2853       2855       2856       2854
             1718        493         56        445       1102       2855       2777       2780       2856
             1719        474       1094        484         10       2837       2840       1688        701
             1720       1094       1095        485        484       2840       2842       1690       1688
             1721       1095       1096        486        485       2842       2844       1692       1690
             1722       1096       1097        487        486       2844       2846       1694       1692
             1723       1097       1098        488        487       2846       2848       1696       1694
             1724       1098       1099        489        488       2848       2850       1698       1696
             1725       1099       1100        490        489       2850       2852       1700       1698
             1726       1100       1101        491        490       2852       2854       1702       1700
             1727       1101       1102        492        491       2854       2856       1704       1702
             1728       1102        445          9        492       2856       2780        723       1704
             1729         55        520       1103        521       2857       2858       2859       2860
             1730        520        519       1104       1103       2858       2861       2862       2859
             1731        519        518       1105       1104       2861       2863       2864       2862
             1732        518        517       1106       1105       2863       2865       2866       2864
             1733        517        516       1107       1106       2865       2867       2868       2866
             1734        516        515       1108       1107       2867       2869       2870       2868
             1735        515        514       1109       1108       2869       2871       2872       2870
             1736        514        513       1110       1109       2871       2873       2874       2872
             1737        513        512       1111       1110       2873       2875       2876       2874
             1738        512         54        511       1111       2875       2877       2878       2876
             1739        521       1103        502         44       2860       2859       1495        633
             1740       1103       1104        503        502       2859       2862       1497       1495
             1741       1104       1105        504        503       2862       2864       1499       1497
             1742       1105       1106        505        504       2864       2866       1501       1499
             1743       1106       1107        506        505       2866       2868       1503       1501
             1744       1107       1108        507        506       2868       2870       1505       1503
             1745       1108       1109        508        507       2870       2872       1507       1505
             1746       1109       1110        509        508       2872       2874       1509       1507
             1747       1110       1111        510        509       2874       2876       1511       1509
             1748       1111        511          6        510       2876       2878        657       1511
             1749         45        530       1112        531        607       1594       2879       2880
             1750        530        529       1113       1112       1594       1592       2881       2879
             1751        529        528       1114       1113       1592       1590       2882       2881
             1752        528        527       1115       1114       1590       1588       2883       2882
             1753        527        526       1116       1115       1588       1586       2884       2883
             1754        526        525       1117       1116       1586       1584       2885       2884
             1755        525        524       1118       1117       1584       1582       2886       2885
             1756        524        523       1119       1118       1582       1580       2887       2886
             1757        523        522       1120       1119       1580       1578       2888       2887
             1758        522          6        511       1120       1578        657       2878       2888
             1759        531       1112        532         53       2880       2879       2889       2890
             1760       1112       1113        533        532       2879       2881       2891       2889
             1761       1113       1114        534        533       2881       2882       2892       2891
             1762       1114       1115        535        534       2882       2883       2893       2892
             1763       1115       1116        536        535       2883       2884       2894       2893
             1764       1116       1117        537        536       2884       2885       2895       2894
             1765       1117       1118        538        537       2885       2886       2896       2895
             1766       1118       1119        539        538       2886       2887       2897       2896
             1767       1119       1120        540        539       2887       2888       2898       2897
             1768       1120        511         54        540       2888       2878       2877       2898
             1769       1121        541         45        531       2899       1369        607       2880
             1770       1122        542        541       1121       2900       1371       1369       2899
             1771       1123        543        542       1122       2901       1373       1371       2900
             1772       1124        544        543       1123       2902       1375       1373       2901
             1773       1125        545        544       1124       2903       1377       1375       2902
             1774       1126        546        545       1125       2904       1379       1377       2903
             1775       1127        547        546       1126       2905       1381       1379       2904
             1776       1128        548        547       1127       2906       1383       1381       2905
             1777       1129        549        548       1128       2907       1385       1383       2906
             1778        550         12        549       1129       2908        605       1385       2907
             1779        559       1121        531         53       2909       2899       2880       2890
             1780        558       1122       1121        559       2910       2900       2899       2909
             1781        557       1123       1122        558       2911       2901       2900       2910
             1782        556       1124       1123        557       2912       2902       2901       2911
             1783        555       1125       1124        556       2913       2903       2902       2912
             1784        554       1126       1125        555       2914       2904       2903       2913
             1785        553       1127       1126        554       2915       2905       2904       2914
             1786        552       1128       1127        553       2916       2906       2905       2915
             1787        551       1129       1128        552       2917       2907       2906       2916
             1788         52        550       1129        551       2918       2908       2907       2917
             1789         52        560       1130        550       2918       2919       2920       2908
             1790        560        561       1131       1130       2919       2921       2922       2920
             1791        561        562       1132       1131       2921       2923       2924       2922
             1792        562        563       1133       1132       2923       2925       2926       2924
             1793        563        564       1134       1133       2925       2927       2928       2926
             1794        564        565       1135       1134       2927       2929       2930       2928
             1795        565        566       1136       1135       2929       2931       2932       2930
             1796        566        567       1137       1136       2931       2933       2934       2932
             1797        567        568       1138       1137       2933       2935       2936       2934
             1798        568         55        521       1138       2935       2857       2860       2936
             1799        550       1130        577         12       2908       2920       1450        605
             1800       1130       1131        576        577       2920       2922       1448       1450
             1801       1131       1132        575        576       2922       2924       1446       1448
             1802       1132       1133        574        575       2924       2926       1444       1446
             1803       1133       1134        573        574       2926       2928       1442       1444
             1804       1134       1135        572        573       2928       2930       1440       1442
             1805       1135       1136        571        572       2930       2932       1438       1440
             1806       1136       1137        570        571       2932       2934       1436       1438
             1807       1137       1138        569        570       2934       2936       1434       1436
             1808       1138        521         44        569       2936       2860        633       1434
             1809       2777       2778       2779       2780       2937       2938       2939       2940
             1810       2778       2781       2782       2779       2938       2941       2942       2939
             1811       2781       2783       2784       2782       2941       2943       2944       2942
             1812       2783       2785       2786       2784       2943       2945       2946       2944
             1813       2785       2787       2788       2786       2945       2947       2948       2946
             1814       2787       2789       2790       2788       2947       2949       2950       2948
             1815       2789       2791       2792       2790       2949       2951       2952       2950
             1816       2791       2793       2794       2792       2951       2953       2954       2952
             1817       2793       2795       2796       2794       2953       2955       2956       2954
             1818       2795       2797       2798       2796       2955       2957       2958       2956
             1819       2780       2779       1769        723       2940       2939       1770        724
             1820       2779       2782       1771       1769       2939       2942       1772       1770
             1821       2782       2784       1773       1771       2942       2944       1774       1772
             1822       2784       2786       1775       1773       2944       2946       1776       1774
             1823       2786       2788       1777       1775       2946       2948       1778       1776
             1824       2788       2790       1779       1777       2948       2950       1780       1778
             1825       2790       2792       1781       1779       2950       2952       1782       1780
             1826       2792       2794       1783       1781       2952       2954       1784       1782
             1827       2794       2796       1785       1783       2954       2956       1786       1784
             1828       2796       2798        747       1785       2956       2958        748       1786
             1829        703       1846       2799       2800        704       1847       2959       2960
             1830       1846       1844       2801       2799       1847       1845       2961       2959
             1831       1844       1842       2802       2801       1845       1843       2962       2961
             1832       1842       1840       2803       2802       1843       1841       2963       2962
             1833       1840       1838       2804       2803       1841       1839       2964       2963
             1834       1838       1836       2805       2804       1839       1837       2965       2964
             1835       1836       1834       2806       2805       1837       1835       2966       2965
             1836       1834       1832       2807       2806       1835       1833       2967       2966
             1837       1832       1830       2808       2807       1833       1831       2968       2967
             1838       1830        747       2798       2808       1831        748       2958       2968
             1839       2800       2799       2809       2810       2960       2959       2969       2970
             1840       2799       2801       2811       2809       2959       2961       2971       2969
             1841       2801       2802       2812       2811       2961       2962       2972       2971
             1842       2802       2803       2813       2812       2962       2963       2973       2972
             1843       2803       2804       2814       2813       2963       2964       2974       2973
             1844       2804       2805       2815       2814       2964       2965       2975       2974
             1845       2805       2806       2816       2815       2965       2966       2976       2975
             1846       2806       2807       2817       2816       2966       2967       2977       2976
             1847       2807       2808       2818       2817       2967       2968       2978       2977
             1848       2808       2798       2797       2818       2968       2958       2957       2978
             1849        703       2800       2819       1629        704       2960       2979       1630
             1850       2800       2810       2820       2819       2960       2970       2980       2979
             1851       1629       2819       2821       1631       1630       2979       2981       1632
             1852       2819       2820       2822       2821       2979       2980       2982       2981
             1853       1631       2821       2823       1633       1632       2981       2983       1634
             1854       2821       2822       2824       2823       2981       2982       2984       2983
             1855       1633       2823       2825       1635       1634       2983       2985       1636
             1856       2823       2824       2826       2825       2983       2984       2986       2985
             1857       1635       2825       2827       1637       1636       2985       2987       1638
             1858       2825       2826       2828       2827       2985       2986       2988       2987
             1859       1637       2827       2829       1639       1638       2987       2989       1640
             1860       2827       2828       2830       2829       2987       2988       2990       2989
             1861       1639       2829       2831       1641       1640       2989       2991       1642
             1862       2829       2830       2832       2831       2989       2990       2992       2991
             1863       1641       2831       2833       1643       1642       2991       2993       1644
             1864       2831       2832       2834       2833       2991       2992       2994       2993
             1865       1643       2833       2835       1645       1644       2993       2995       1646
             1866       2833       2834       2836       2835       2993       2994       2996       2995
             1867       1645       2835       2837        701       1646       2995       2997        702
             1868       2835       2836       2838       2837       2995       2996       2998       2997
             1869       2838       2839       2840       2837       2998       2999       3000       2997
             1870       2839       2841       2842       2840       2999       3001       3002       3000
             1871       2841       2843       2844       2842       3001       3003       3004       3002
             1872       2843       2845       2846       2844       3003       3005       3006       3004
             1873       2845       2847       2848       2846       3005       3007       3008       3006
             1874       2847       2849       2850       2848       3007       3009       3010       3008
             1875       2849       2851       2852       2850       3009       3011       3012       3010
             1876       2851       2853       2854       2852       3011       3013       3014       3012
             1877       2853       2855       2856       2854       3013       3015       3016       3014
             1878       2855       2777       2780       2856       3015       2937       2940       3016
             1879       2837       2840       1688        701       2997       3000       1689        702
             1880       2840       2842       1690       1688       3000       3002       1691       1689
             1881       2842       2844       1692       1690       3002       3004       1693       1691
             1882       2844       2846       1694       1692       3004       3006       1695       1693
             1883       2846       2848       1696       1694       3006       3008       1697       1695
             1884       2848       2850       1698       1696       3008       3010       1699       1697
             1885       2850       2852       1700       1698       3010       3012       1701       1699
             1886       2852       2854       1702       1700       3012       3014       1703       1701
             1887       2854       2856       1704       1702       3014       3016       1705       1703
             1888       2856       2780        723       1704       3016       2940        724       1705
             1889       2857       2858       2859       2860       3017       3018       3019       3020
             1890       2858       2861       2862       2859       3018       3021       3022       3019
             1891       2861       2863       2864       2862       3021       3023       3024       3022
             1892       2863       2865       2866       2864       3023       3025       3026       3024
             1893       2865       2867       2868       2866       3025       3027       3028       3026
             1894       2867       2869       2870       2868       3027       3029       3030       3028
             1895       2869       2871       2872       2870       3029       3031       3032       3030
             1896       2871       2873       2874       2872       3031       3033       3034       3032
             1897       2873       2875       2876       2874       3033       3035       3036       3034
             1898       2875       2877       2878       2876       3035       3037       3038       3036
             1899       2860       2859       1495        633       3020       3019       1496        634
             1900       2859       2862       1497       1495       3019       3022       1498       1496
             1901       2862       2864       1499       1497       3022       3024       1500       1498
             1902       2864       2866       1501       1499       3024       3026       1502       1500
             1903       2866       2868       1503       1501       3026       3028       1504       1502
             1904       2868       2870       1505       1503       3028       3030       1506       1504
             1905       2870       2872       1507       1505       3030       3032       1508       1506
             1906       2872       2874       1509       1507       3032       3034       1510       1508
             1907       2874       2876       1511       1509       3034       3036       1512       1510
             1908       2876       2878        657       1511       3036       3038        658       1512
             1909        607       1594       2879       2880        608       1595       3039       3040
             1910       1594       1592       2881       2879       1595       1593       3041       3039
             1911       1592       1590       2882       2881       1593       1591       3042       3041
             1912       1590       1588       2883       2882       1591       1589       3043       3042
             1913       1588       1586       2884       2883       1589       1587       3044       3043
             1914       1586       1584       2885       2884       1587       1585       3045       3044
             1915       1584       1582       2886       2885       1585       1583       3046       3045
             1916       1582       1580       2887       2886       1583       1581       3047       3046
             1917       1580       1578       2888       2887       1581       1579       3048       3047
             1918       1578        657       2878       2888       1579        658       3038       3048
             1919       2880       2879       2889       2890       3040       3039       3049       3050
             1920       2879       2881       2891       2889       3039       3041       3051       3049
             1921       2881       2882       2892       2891       3041       3042       3052       3051
             1922       2882       2883       2893       2892       3042       3043       3053       3052
             1923       2883       2884       2894       2893       3043       3044       3054       3053
             1924       2884       2885       2895       2894       3044       3045       3055       3054
             1925       2885       2886       2896       2895       3045       3046       3056       3055
             1926       2886       2887       2897       2896       3046       3047       3057       3056
             1927       2887       2888       2898       2897       3047       3048       3058       3057
             1928       2888       2878       2877       2898       3048       3038       3037       3058
             1929       2899       1369        607       2880       3059       1370        608       3040
             1930       2900       1371       1369       2899       3060       1372       1370       3059
             1931       2901       1373       1371       2900       3061       1374       1372       3060
             1932       2902       1375       1373       2901       3062       1376       1374       3061
             1933       2903       1377       1375       2902       3063       1378       1376       3062
             1934       2904       1379       1377       2903       3064       1380       1378       3063
             1935       2905       1381       1379       2904       3065       1382       1380       3064
             1936       2906       1383       1381       2905       3066       1384       1382       3065
             1937       2907       1385       1383       2906       3067       1386       1384       3066
             1938       2908        605       1385       2907       3068        606       1386       3067
             1939       2909       2899       2880       2890       3069       3059       3040       3050
             1940       2910       2900       2899       2909       3070       3060       3059       3069
             1941       2911       2901       2900       2910       3071       3061       3060       3070
             1942       2912       2902       2901       2911       3072       3062       3061       3071
             1943       2913       2903       2902       2912       3073       3063       3062       3072
             1944       2914       2904       2903       2913       3074       3064       3063       3073
             1945       2915       2905       2904       2914       3075       3065       3064       3074
             1946       2916       2906       2905       2915       3076       3066       3065       3075
             1947       2917       2907       2906       2916       3077       3067       3066       3076
             1948       2918       2908       2907       2917       3078       3068       3067       3077
             1949       2918       2919       2920       2908       3078       3079       3080       3068
             1950       2919       2921       2922       2920       3079       3081       3082       3080
             1951       2921       2923       2924       2922       3081       3083       3084       3082
             1952       2923       2925       2926       2924       3083       3085       3086       3084
             1953       2925       2927       2928       2926       3085       3087       3088       3086
             1954       2927       2929       2930       2928       3087       3089       3090       3088
             1955       2929       2931       2932       2930       3089       3091       3092       3090
             1956       2931       2933       2934       2932       3091       3093       3094       3092
             1957       2933       2935       2936       2934       3093       3095       3096       3094
             1958       2935       2857       2860       2936       3095       3017       3020       3096
             1959       2908       2920       1450        605       3068       3080       1451        606
             1960       2920       2922       1448       1450       3080       3082       1449       1451
             1961       2922       2924       1446       1448       3082       3084       1447       1449
             1962       2924       2926       1444       1446       3084       3086       1445       1447
             1963       2926       2928       1442       1444       3086       3088       1443       1445
             1964       2928       2930       1440       1442       3088       3090       1441       1443
             1965       2930       2932       1438       1440       3090       3092       1439       1441
             1966       2932       2934       1436       1438       3092       3094       1437       1439
             1967       2934       2936       1434       1436       3094       3096       1435       1437
             1968       2936       2860        633       1434       3096       3020        634       1435
             1969       2937       2938       2939       2940       3097       3098       3099       3100
             1970       2938       2941       2942       2939       3098       3101       3102       3099
             1971       2941       2943       2944       2942       3101       3103       3104       3102
             1972       2943       2945       2946       2944       3103       3105       3106       3104
             1973       2945       2947       2948       2946       3105       3107       3108       3106
             1974       2947       2949       2950       2948       3107       3109       3110       3108
             1975       2949       2951       2952       2950       3109       3111       3112       3110
             1976       2951       2953       2954       2952       3111       3113       3114       3112
             1977       2953       2955       2956       2954       3113       3115       3116       3114
             1978       2955       2957       2958       2956       3115       3117       3118       3116
             1979       2940       2939       1770        724       3100       3099        738         79
             1980       2939       2942       1772       1770       3099       3102        739        738
             1981       2942       2944       1774       1772       3102       3104        740        739
             1982       2944       2946       1776       1774       3104       3106        741        740
             1983       2946       2948       1778       1776       3106       3108        742        741
             1984       2948       2950       1780       1778       3108       3110        743        742
             1985       2950       2952       1782       1780       3110       3112        744        743
             1986       2952       2954       1784       1782       3112       3114        745        744
             1987       2954       2956       1786       1784       3114       3116        746        745
             1988       2956       2958        748       1786       3116       3118         81        746
             1989        704       1847       2959       2960         77        769       3119       3120
             1990       1847       1845       2961       2959        769        768       3121       3119
             1991       1845       1843       2962       2961        768        767       3122       3121
             1992       1843       1841       2963       2962        767        766       3123       3122
             1993       1841       1839       2964       2963        766        765       3124       3123
             1994       1839       1837       2965       2964        765        764       3125       3124
             1995       1837       1835       2966       2965        764        763       3126       3125
             1996       1835       1833       2967       2966        763        762       3127       3126
             1997       1833       1831       2968       2967        762        761       3128       3127
             1998       1831        748       2958       2968        761         81       3118       3128
             1999       2960       2959       2969       2970       3120       3119       3129       3130
             2000       2959       2961       2971       2969       3119       3121       3131       3129
             2001       2961       2962       2972       2971       3121       3122       3132       3131
             2002       2962       2963       2973       2972       3122       3123       3133       3132
             2003       2963       2964       2974       2973       3123       3124       3134       3133
             2004       2964       2965       2975       2974       3124       3125       3135       3134
             2005       2965       2966       2976       2975       3125       3126       3136       3135
             2006       2966       2967       2977       2976       3126       3127       3137       3136
             2007       2967       2968       2978       2977       3127       3128       3138       3137
             2008       2968       2958       2957       2978       3128       3118       3117       3138
             2009        704       2960       2979       1630         77       3120       3139        693
             2010       2960       2970       2980       2979       3120       3130       3140       3139
             2011       1630       2979       2981       1632        693       3139       3141        692
             2012       2979       2980       2982       2981       3139       3140       3142       3141
             2013       1632       2981       2983       1634        692       3141       3143        691
             2014       2981       2982       2984       2983       3141       3142       3144       3143
             2015       1634       2983       2985       1636        691       3143       3145        690
             2016       2983       2984       2986       2985       3143       3144       3146       3145
             2017       1636       2985       2987       1638        690       3145       3147        689
             2018       2985       2986       2988       2987       3145       3146       3148       3147
             2019       1638       2987       2989       1640        689       3147       3149        688
             2020       2987       2988       2990       2989       3147       3148       3150       3149
             2021       1640       2989       2991       1642        688       3149       3151        687
             2022       2989       2990       2992       2991       3149       3150       3152       3151
             2023       1642       2991       2993       1644        687       3151       3153        686
             2024       2991       2992       2994       2993       3151       3152       3154       3153
             2025       1644       2993       2995       1646        686       3153       3155        685
             2026       2993       2994       2996       2995       3153       3154       3156       3155
             2027       1646       2995       2997        702        685       3155       3157         76
             2028       2995       2996       2998       2997       3155       3156       3158       3157
             2029       2998       2999       3000       2997       3158       3159       3160       3157
             2030       2999       3001       3002       3000       3159       3161       3162       3160
             2031       3001       3003       3004       3002       3161       3163       3164       3162
             2032       3003       3005       3006       3004       3163       3165       3166       3164
             2033       3005       3007       3008       3006       3165       3167       3168       3166
             2034       3007       3009       3010       3008       3167       3169       3170       3168
             2035       3009       3011       3012       3010       3169       3171       3172       3170
             2036       3011       3013       3014       3012       3171       3173       3174       3172
             2037       3013       3015       3016       3014       3173       3175       3176       3174
             2038       3015       2937       2940       3016       3175       3097       3100       3176
             2039       2997       3000       1689        702       3157       3160        707         76
             2040       3000       3002       1691       1689       3160       3162        708        707
             2041       3002       3004       1693       1691       3162       3164        709        708
             2042       3004       3006       1695       1693       3164       3166        710        709
             2043       3006       3008       1697       1695       3166       3168        711        710
             2044       3008       3010       1699       1697       3168       3170        712        711
             2045       3010       3012       1701       1699       3170       3172        713        712
             2046       3012       3014       1703       1701       3172       3174        714        713
             2047       3014       3016       1705       1703       3174       3176        715        714
             2048       3016       2940        724       1705       3176       3100         79        715
             2049       3017       3018       3019       3020       3177       3178       3179       3180
             2050       3018       3021       3022       3019       3178       3181       3182       3179
             2051       3021       3023       3024       3022       3181       3183       3184       3182
             2052       3023       3025       3026       3024       3183       3185       3186       3184
             2053       3025       3027       3028       3026       3185       3187       3188       3186
             2054       3027       3029       3030       3028       3187       3189       3190       3188
             2055       3029       3031       3032       3030       3189       3191       3192       3190
             2056       3031       3033       3034       3032       3191       3193       3194       3192
             2057       3033       3035       3036       3034       3193       3195       3196       3194
             2058       3035       3037       3038       3036       3195       3197       3198       3196
             2059       3020       3019       1496        634       3180       3179        637         70
             2060       3019       3022       1498       1496       3179       3182        638        637
             2061       3022       3024       1500       1498       3182       3184        639        638
             2062       3024       3026       1502       1500       3184       3186        640        639
             2063       3026       3028       1504       1502       3186       3188        641        640
             2064       3028       3030       1506       1504       3188       3190        642        641
             2065       3030       3032       1508       1506       3190       3192        643        642
             2066       3032       3034       1510       1508       3192       3194        644        643
             2067       3034       3036       1512       1510       3194       3196        645        644
             2068       3036       3038        658       1512       3196       3198         72        645
             2069        608       1595       3039       3040         67        679       3199       3200
             2070       1595       1593       3041       3039        679        678       3201       3199
             2071       1593       1591       3042       3041        678        677       3202       3201
             2072       1591       1589       3043       3042        677        676       3203       3202
             2073       1589       1587       3044       3043        676        675       3204       3203
             2074       1587       1585       3045       3044        675        674       3205       3204
             2075       1585       1583       3046       3045        674        673       3206       3205
             2076       1583       1581       3047       3046        673        672       3207       3206
             2077       1581       1579       3048       3047        672        671       3208       3207
             2078       1579        658       3038       3048        671         72       3198       3208
             2079       3040       3039       3049       3050       3200       3199       3209       3210
             2080       3039       3041       3051       3049       3199       3201       3211       3209
             2081       3041       3042       3052       3051       3201       3202       3212       3211
             2082       3042       3043       3053       3052       3202       3203       3213       3212
             2083       3043       3044       3054       3053       3203       3204       3214       3213
             2084       3044       3045       3055       3054       3204       3205       3215       3214
             2085       3045       3046       3056       3055       3205       3206       3216       3215
             2086       3046       3047       3057       3056       3206       3207       3217       3216
             2087       3047       3048       3058       3057       3207       3208       3218       3217
             2088       3048       3038       3037       3058       3208       3198       3197       3218
             2089       3059       1370        608       3040       3219        593         67       3200
             2090       3060       1372       1370       3059       3220        592        593       3219
             2091       3061       1374       1372       3060       3221        591        592       3220
             2092       3062       1376       1374       3061       3222        590        591       3221
             2093       3063       1378       1376       3062       3223        589        590       3222
             2094       3064       1380       1378       3063       3224        588        589       3223
             2095       3065       1382       1380       3064       3225        587        588       3224
             2096       3066       1384       1382       3065       3226        586        587       3225
             2097       3067       1386       1384       3066       3227        585        586       3226
             2098       3068        606       1386       3067       3228         66        585       3227
             2099       3069       3059       3040       3050       3229       3219       3200       3210
             2100       3070       3060       3059       3069       3230       3220       3219       3229
             2101       3071       3061       3060       3070       3231       3221       3220       3230
             2102       3072       3062       3061       3071       3232       3222       3221       3231
             2103       3073       3063       3062       3072       3233       3223       3222       3232
             2104       3074       3064       3063       3073       3234       3224       3223       3233
             2105       3075       3065       3064       3074       3235       3225       3224       3234
             2106       3076       3066       3065       3075       3236       3226       3225       3235
             2107       3077       3067       3066       3076       3237       3227       3226       3236
             2108       3078       3068       3067       3077       3238       3228       3227       3237
             2109       3078       3079       3080       3068       3238       3239       3240       3228
             2110       3079       3081       3082       3080       3239       3241       3242       3240
             2111       3081       3083       3084       3082       3241       3243       3244       3242
             2112       3083       3085       3086       3084       3243       3245       3246       3244
             2113       3085       3087       3088       3086       3245       3247       3248       3246
             2114       3087       3089       3090       3088       3247       3249       3250       3248
             2115       3089       3091       3092       3090       3249       3251       3252       3250
             2116       3091       3093       3094       3092       3251       3253       3254       3252
             2117       3093       3095       3096       3094       3253       3255       3256       3254
             2118       3095       3017       3020       3096       3255       3177       3180       3256
             2119       3068       3080       1451        606       3228       3240        622         66
             2120       3080       3082       1449       1451       3240       3242        621        622
             2121       3082       3084       1447       1449       3242       3244        620        621
             2122       3084       3086       1445       1447       3244       3246        619        620
             2123       3086       3088       1443       1445       3246       3248        618        619
             2124       3088       3090       1441       1443       3248       3250        617        618
             2125       3090       3092       1439       1441       3250       3252        616        617
             2126       3092       3094       1437       1439       3252       3254        615        616
             2127       3094       3096       1435       1437       3254       3256        614        615
             2128       3096       3020        634       1435       3256       3180         70        614
             2129       4220       3371       3299       3501       4283       3680       3306       3681
             2130       4221       3372       3371       4220       4284       3679       3680       4283
             2131       4222       3373       3372       4221       4285       3678       3679       4284
             2132       4223       3374       3373       4222       4286       3677       3678       4285
             2133       4224       3375       3374       4223       4287       3676       3677       4286
             2134       4225       3376       3375       4224       4288       3675       3676       4287
             2135       4226       3377       3376       4225       4289       3674       3675       4288
             2136       4227       3378       3377       4226       4290       3673       3674       4289
             2137       4228       3379       3378       4227       4291       3672       3673       4290
             2138       3504       3270       3379       4228       3671       3309       3672       4291
             2139       3416       4220       3501       3313       3662       4283       3681       3263
             2140       3417       4221       4220       3416       3663       4284       4283       3662
             2141       3418       4222       4221       3417       3664       4285       4284       3663
             2142       3419       4223       4222       3418       3665       4286       4285       3664
             2143       3420       4224       4223       3419       3666       4287       4286       3665
             2144       3421       4225       4224       3420       3667       4288       4287       3666
             2145       3422       4226       4225       3421       3668       4289       4288       3667
             2146       3423       4227       4226       3422       3669       4290       4289       3668
             2147       3424       4228       4227       3423       3670       4291       4290       3669
             2148       3310       3504       4228       3424       3262       3671       4291       3670
             2149       4229       3397       3311       3503       4292       3690       3265       3691
             2150       4230       3396       3397       4229       4293       3689       3690       4292
             2151       4231       3395       3396       4230       4294       3688       3689       4293
             2152       4232       3394       3395       4231       4295       3687       3688       4294
             2153       4233       3393       3394       4232       4296       3686       3687       4295
             2154       4234       3392       3393       4233       4297       3685       3686       4296
             2155       4235       3391       3392       4234       4298       3684       3685       4297
             2156       4236       3390       3391       4235       4299       3683       3684       4298
             2157       4237       3389       3390       4236       4300       3682       3683       4299
             2158       3504       3310       3389       4237       3671       3262       3682       4300
             2159       3388       4229       3503       3298       3692       4292       3691       3308
             2160       3387       4230       4229       3388       3693       4293       4292       3692
             2161       3386       4231       4230       3387       3694       4294       4293       3693
             2162       3385       4232       4231       3386       3695       4295       4294       3694
             2163       3384       4233       4232       3385       3696       4296       4295       3695
             2164       3383       4234       4233       3384       3697       4297       4296       3696
             2165       3382       4235       4234       3383       3698       4298       4297       3697
             2166       3381       4236       4235       3382       3699       4299       4298       3698
             2167       3380       4237       4236       3381       3700       4300       4299       3699
             2168       3270       3504       4237       3380       3309       3671       4300       3700
             2169       4238       3503       3311       3398       4301       3691       3265       3701
             2170       3353       3298       3503       4238       3719       3308       3691       4301
             2171       4239       4238       3398       3399       4302       4301       3701       3702
             2172       3354       3353       4238       4239       3718       3719       4301       4302
             2173       4240       4239       3399       3400       4303       4302       3702       3703
             2174       3355       3354       4239       4240       3717       3718       4302       4303
             2175       4241       4240       3400       3401       4304       4303       3703       3704
             2176       3356       3355       4240       4241       3716       3717       4303       4304
             2177       4242       4241       3401       3402       4305       4304       3704       3705
             2178       3357       3356       4241       4242       3715       3716       4304       4305
             2179       4243       4242       3402       3403       4306       4305       3705       3706
             2180       3358       3357       4242       4243       3714       3715       4305       4306
             2181       4244       4243       3403       3404       4307       4306       3706       3707
             2182       3359       3358       4243       4244       3713       3714       4306       4307
             2183       4245       4244       3404       3405       4308       4307       3707       3708
             2184       3360       3359       4244       4245       3712       3713       4307       4308
             2185       4246       4245       3405       3406       4309       4308       3708       3709
             2186       3361       3360       4245       4246       3711       3712       4308       4309
             2187       3502       4246       3406       3312       3710       4309       3709       3264
             2188       3271       3361       4246       3502       3307       3711       4309       3710
             2189       4211       3362       3271       3502       4310       3737       3307       3710
             2190       4212       3363       3362       4211       4311       3736       3737       4310
             2191       4213       3364       3363       4212       4312       3735       3736       4311
             2192       4214       3365       3364       4213       4313       3734       3735       4312
             2193       4215       3366       3365       4214       4314       3733       3734       4313
             2194       4216       3367       3366       4215       4315       3732       3733       4314
             2195       4217       3368       3367       4216       4316       3731       3732       4315
             2196       4218       3369       3368       4217       4317       3730       3731       4316
             2197       4219       3370       3369       4218       4318       3729       3730       4317
             2198       3501       3299       3370       4219       3681       3306       3729       4318
             2199       3407       4211       3502       3312       3720       4310       3710       3264
             2200       3408       4212       4211       3407       3721       4311       4310       3720
             2201       3409       4213       4212       3408       3722       4312       4311       3721
             2202       3410       4214       4213       3409       3723       4313       4312       3722
             2203       3411       4215       4214       3410       3724       4314       4313       3723
             2204       3412       4216       4215       3411       3725       4315       4314       3724
             2205       3413       4217       4216       3412       3726       4316       4315       3725
             2206       3414       4218       4217       3413       3727       4317       4316       3726
             2207       3415       4219       4218       3414       3728       4318       4317       3727
             2208       3313       3501       4219       3415       3263       3681       4318       3728
             2209       4256       3452       3296       3497       4319       3756       3305       3757
             2210       4257       3453       3452       4256       4320       3755       3756       4319
             2211       4258       3454       3453       4257       4321       3754       3755       4320
             2212       4259       3455       3454       4258       4322       3753       3754       4321
             2213       4260       3456       3455       4259       4323       3752       3753       4322
             2214       4261       3457       3456       4260       4324       3751       3752       4323
             2215       4262       3458       3457       4261       4325       3750       3751       4324
             2216       4263       3459       3458       4262       4326       3749       3750       4325
             2217       4264       3460       3459       4263       4327       3748       3749       4326
             2218       3498       3261       3460       4264       3747       3304       3748       4327
             2219       3488       4256       3497       3267       3738       4319       3757       3294
             2220       3489       4257       4256       3488       3739       4320       4319       3738
             2221       3490       4258       4257       3489       3740       4321       4320       3739
             2222       3491       4259       4258       3490       3741       4322       4321       3740
             2223       3492       4260       4259       3491       3742       4323       4322       3741
             2224       3493       4261       4260       3492       3743       4324       4323       3742
             2225       3494       4262       4261       3493       3744       4325       4324       3743
             2226       3495       4263       4262       3494       3745       4326       4325       3744
             2227       3496       4264       4263       3495       3746       4327       4326       3745
             2228       3301       3498       4264       3496       3260       3747       4327       3746
             2229       4247       3469       3268       3499       4328       3766       3295       3767
             2230       4248       3468       3469       4247       4329       3765       3766       4328
             2231       4249       3467       3468       4248       4330       3764       3765       4329
             2232       4250       3466       3467       4249       4331       3763       3764       4330
             2233       4251       3465       3466       4250       4332       3762       3763       4331
             2234       4252       3464       3465       4251       4333       3761       3762       4332
             2235       4253       3463       3464       4252       4334       3760       3761       4333
             2236       4254       3462       3463       4253       4335       3759       3760       4334
             2237       4255       3461       3462       4254       4336       3758       3759       4335
             2238       3498       3301       3461       4255       3747       3260       3758       4336
             2239       3433       4247       3499       3297       3768       4328       3767       3303
             2240       3432       4248       4247       3433       3769       4329       4328       3768
             2241       3431       4249       4248       3432       3770       4330       4329       3769
             2242       3430       4250       4249       3431       3771       4331       4330       3770
             2243       3429       4251       4250       3430       3772       4332       4331       3771
             2244       3428       4252       4251       3429       3773       4333       4332       3772
             2245       3427       4253       4252       3428       3774       4334       4333       3773
             2246       3426       4254       4253       3427       3775       4335       4334       3774
             2247       3425       4255       4254       3426       3776       4336       4335       3775
             2248       3261       3498       4255       3425       3304       3747       4336       3776
             2249       3268       3470       4274       3499       3295       3777       4337       3767
             2250       3470       3471       4275       4274       3777       3778       4338       4337
             2251       3471       3472       4276       4275       3778       3779       4339       4338
             2252       3472       3473       4277       4276       3779       3780       4340       4339
             2253       3473       3474       4278       4277       3780       3781       4341       4340
             2254       3474       3475       4279       4278       3781       3782       4342       4341
             2255       3475       3476       4280       4279       3782       3783       4343       4342
             2256       3476       3477       4281       4280       3783       3784       4344       4343
             2257       3477       3478       4282       4281       3784       3785       4345       4344
             2258       3478       3300       3500       4282       3785       3266       3786       4345
             2259       3499       4274       3434       3297       3767       4337       3795       3303
             2260       4274       4275       3435       3434       4337       4338       3794       3795
             2261       4275       4276       3436       3435       4338       4339       3793       3794
             2262       4276       4277       3437       3436       4339       4340       3792       3793
             2263       4277       4278       3438       3437       4340       4341       3791       3792
             2264       4278       4279       3439       3438       4341       4342       3790       3791
             2265       4279       4280       3440       3439       4342       4343       3789       3790
             2266       4280       4281       3441       3440       4343       4344       3788       3789
             2267       4281       4282       3442       3441       4344       4345       3787       3788
             2268       4282       3500       3269       3442       4345       3786       3302       3787
             2269       4265       3443       3269       3500       4346       3796       3302       3786
             2270       4266       3444       3443       4265       4347       3797       3796       4346
             2271       4267       3445       3444       4266       4348       3798       3797       4347
             2272       4268       3446       3445       4267       4349       3799       3798       4348
             2273       4269       3447       3446       4268       4350       3800       3799       4349
             2274       4270       3448       3447       4269       4351       3801       3800       4350
             2275       4271       3449       3448       4270       4352       3802       3801       4351
             2276       4272       3450       3449       4271       4353       3803       3802       4352
             2277       4273       3451       3450       4272       4354       3804       3803       4353
             2278       3497       3296       3451       4273       3757       3305       3804       4354
             2279       3479       4265       3500       3300       3813       4346       3786       3266
             2280       3480       4266       4265       3479       3812       4347       4346       3813
             2281       3481       4267       4266       3480       3811       4348       4347       3812
             2282       3482       4268       4267       3481       3810       4349       4348       3811
             2283       3483       4269       4268       3482       3809       4350       4349       3810
             2284       3484       4270       4269       3483       3808       4351       4350       3809
             2285       3485       4271       4270       3484       3807       4352       4351       3808
             2286       3486       4272       4271       3485       3806       4353       4352       3807
             2287       3487       4273       4272       3486       3805       4354       4353       3806
             2288       3267       3497       4273       3487       3294       3757       4354       3805
             2289       3295       3633       4517       3777       3843       4603       5353       4585
             2290       3843       4603       5353       4585       3844       4604       5354       4586
             2291       3844       4604       5354       4586       3317       3830       4617       3829
             2292       3633       3634       4518       4517       4603       4605       5355       5353
             2293       4603       4605       5355       5353       4604       4606       5356       5354
             2294       4604       4606       5356       5354       3830       3831       4618       4617
             2295       3634       3635       4519       4518       4605       4607       5357       5355
             2296       4605       4607       5357       5355       4606       4608       5358       5356
             2297       4606       4608       5358       5356       3831       3832       4619       4618
             2298       3635       3278       3640       4519       4607       3845       4609       5357
             2299       4607       3845       4609       5357       4608       3846       4610       5358
             2300       4608       3846       4610       5358       3832       3318       3833       4619
             2301       3777       4517       4520       3778       4585       5353       5359       4587
             2302       4585       5353       5359       4587       4586       5354       5360       4588
             2303       4586       5354       5360       4588       3829       4617       4620       3828
             2304       4517       4518       4521       4520       5353       5355       5361       5359
             2305       5353       5355       5361       5359       5354       5356       5362       5360
             2306       5354       5356       5362       5360       4617       4618       4621       4620
             2307       4518       4519       4522       4521       5355       5357       5363       5361
             2308       5355       5357       5363       5361       5356       5358       5364       5362
             2309       5356       5358       5364       5362       4618       4619       4622       4621
             2310       4519       3640       3641       4522       5357       4609       4611       5363
             2311       5357       4609       4611       5363       5358       4610       4612       5364
             2312       5358       4610       4612       5364       4619       3833       3834       4622
             2313       3778       4520       4523       3779       4587       5359       5365       4589
             2314       4587       5359       5365       4589       4588       5360       5366       4590
             2315       4588       5360       5366       4590       3828       4620       4623       3827
             2316       4520       4521       4524       4523       5359       5361       5367       5365
             2317       5359       5361       5367       5365       5360       5362       5368       5366
             2318       5360       5362       5368       5366       4620       4621       4624       4623
             2319       4521       4522       4525       4524       5361       5363       5369       5367
             2320       5361       5363       5369       5367       5362       5364       5370       5368
             2321       5362       5364       5370       5368       4621       4622       4625       4624
             2322       4522       3641       3642       4525       5363       4611       4613       5369
             2323       5363       4611       4613       5369       5364       4612       4614       5370
             2324       5364       4612       4614       5370       4622       3834       3835       4625
             2325       3779       4523       4526       3780       4589       5365       5371       4591
             2326       4589       5365       5371       4591       4590       5366       5372       4592
             2327       4590       5366       5372       4592       3827       4623       4626       3826
             2328       4523       4524       4527       4526       5365       5367       5373       5371
             2329       5365       5367       5373       5371       5366       5368       5374       5372
             2330       5366       5368       5374       5372       4623       4624       4627       4626
             2331       4524       4525       4528       4527       5367       5369       5375       5373
             2332       5367       5369       5375       5373       5368       5370       5376       5374
             2333       5368       5370       5376       5374       4624       4625       4628       4627
             2334       4525       3642       3643       4528       5369       4613       4615       5375
             2335       5369       4613       4615       5375       5370       4614       4616       5376
             2336       5370       4614       4616       5376       4625       3835       3836       4628
             2337       3780       4526       4529       3781       4591       5371       5377       4593
             2338       4591       5371       5377       4593       4592       5372       5378       4594
             2339       4592       5372       5378       4594       3826       4626       4629       3825
             2340       4526       4527       4530       4529       5371       5373       5379       5377
             2341       5371       5373       5379       5377       5372       5374       5380       5378
             2342       5372       5374       5380       5378       4626       4627       4630       4629
             2343       4527       4528       4531       4530       5373       5375       5381       5379
             2344       5373       5375       5381       5379       5374       5376       5382       5380
             2345       5374       5376       5382       5380       4627       4628       4631       4630
             2346       4528       3643       3257       4531       5375       4615       3837       5381
             2347       5375       4615       3837       5381       5376       4616       3838       5382
             2348       5376       4616       3838       5382       4628       3836       3314       4631
             2349       3781       4529       4532       3782       4593       5377       5383       4595
             2350       4593       5377       5383       4595       4594       5378       5384       4596
             2351       4594       5378       5384       4596       3825       4629       4632       3824
             2352       4529       4530       4533       4532       5377       5379       5385       5383
             2353       5377       5379       5385       5383       5378       5380       5386       5384
             2354       5378       5380       5386       5384       4629       4630       4633       4632
             2355       4530       4531       4534       4533       5379       5381       5387       5385
             2356       5379       5381       5387       5385       5380       5382       5388       5386
             2357       5380       5382       5388       5386       4630       4631       4634       4633
             2358       4531       3257       3644       4534       5381       3837       4571       5387
             2359       5381       3837       4571       5387       5382       3838       4572       5388
             2360       5382       3838       4572       5388       4631       3314       3814       4634
             2361       3782       4532       4535       3783       4595       5383       5389       4597
             2362       4595       5383       5389       4597       4596       5384       5390       4598
             2363       4596       5384       5390       4598       3824       4632       4635       3823
             2364       4532       4533       4536       4535       5383       5385       5391       5389
             2365       5383       5385       5391       5389       5384       5386       5392       5390
             2366       5384       5386       5392       5390       4632       4633       4636       4635
             2367       4533       4534       4537       4536       5385       5387       5393       5391
             2368       5385       5387       5393       5391       5386       5388       5394       5392
             2369       5386       5388       5394       5392       4633       4634       4637       4636
             2370       4534       3644       3645       4537       5387       4571       4573       5393
             2371       5387       4571       4573       5393       5388       4572       4574       5394
             2372       5388       4572       4574       5394       4634       3814       3815       4637
             2373       3783       4535       4538       3784       4597       5389       5395       4599
             2374       4597       5389       5395       4599       4598       5390       5396       4600
             2375       4598       5390       5396       4600       3823       4635       4638       3822
             2376       4535       4536       4539       4538       5389       5391       5397       5395
             2377       5389       5391       5397       5395       5390       5392       5398       5396
             2378       5390       5392       5398       5396       4635       4636       4639       4638
             2379       4536       4537       4540       4539       5391       5393       5399       5397
             2380       5391       5393       5399       5397       5392       5394       5400       5398
             2381       5392       5394       5400       5398       4636       4637       4640       4639
             2382       4537       3645       3646       4540       5393       4573       4575       5399
             2383       5393       4573       4575       5399       5394       4574       4576       5400
             2384       5394       4574       4576       5400       4637       3815       3816       4640
             2385       3784       4538       4541       3785       4599       5395       5401       4601
             2386       4599       5395       5401       4601       4600       5396       5402       4602
             2387       4600       5396       5402       4602       3822       4638       4641       3821
             2388       4538       4539       4542       4541       5395       5397       5403       5401
             2389       5395       5397       5403       5401       5396       5398       5404       5402
             2390       5396       5398       5404       5402       4638       4639       4642       4641
             2391       4539       4540       4543       4542       5397       5399       5405       5403
             2392       5397       5399       5405       5403       5398       5400       5406       5404
             2393       5398       5400       5406       5404       4639       4640       4643       4642
             2394       4540       3646       3647       4543       5399       4575       4577       5405
             2395       5399       4575       4577       5405       5400       4576       4578       5406
             2396       5400       4576       4578       5406       4640       3816       3817       4643
             2397       3785       4541       3650       3266       4601       5401       4583       3841
             2398       4601       5401       4583       3841       4602       5402       4584       3842
             2399       4602       5402       4584       3842       3821       4641       3820       3316
             2400       4541       4542       3649       3650       5401       5403       4581       4583
             2401       5401       5403       4581       4583       5402       5404       4582       4584
             2402       5402       5404       4582       4584       4641       4642       3819       3820
             2403       4542       4543       3648       3649       5403       5405       4579       4581
             2404       5403       5405       4579       4581       5404       5406       4580       4582
             2405       5404       5406       4580       4582       4642       4643       3818       3819
             2406       4543       3647       3258       3648       5405       4577       3839       4579
             2407       5405       4577       3839       4579       5406       4578       3840       4580
             2408       5406       4578       3840       4580       4643       3817       3315       3818
             2409       4490       3632       3294       3805       5407       4648       3869       4650
             2410       5407       4648       3869       4650       5408       4649       3870       4651
             2411       5408       4649       3870       4651       4684       3849       3320       3850
             2412       4491       3631       3632       4490       5409       4646       4648       5407
             2413       5409       4646       4648       5407       5410       4647       4649       5408
             2414       5410       4647       4649       5408       4685       3848       3849       4684
             2415       4492       3630       3631       4491       5411       4644       4646       5409
             2416       5411       4644       4646       5409       5412       4645       4647       5410
             2417       5412       4645       4647       5410       4686       3847       3848       4685
             2418       3658       3279       3630       4492       4682       3867       4644       5411
             2419       4682       3867       4644       5411       4683       3868       4645       5412
             2420       4683       3868       4645       5412       3866       3319       3847       4686
             2421       4493       4490       3805       3806       5413       5407       4650       4652
             2422       5413       5407       4650       4652       5414       5408       4651       4653
             2423       5414       5408       4651       4653       4687       4684       3850       3851
             2424       4494       4491       4490       4493       5415       5409       5407       5413
             2425       5415       5409       5407       5413       5416       5410       5408       5414
             2426       5416       5410       5408       5414       4688       4685       4684       4687
             2427       4495       4492       4491       4494       5417       5411       5409       5415
             2428       5417       5411       5409       5415       5418       5412       5410       5416
             2429       5418       5412       5410       5416       4689       4686       4685       4688
             2430       3657       3658       4492       4495       4680       4682       5411       5417
             2431       4680       4682       5411       5417       4681       4683       5412       5418
             2432       4681       4683       5412       5418       3865       3866       4686       4689
             2433       4496       4493       3806       3807       5419       5413       4652       4654
             2434       5419       5413       4652       4654       5420       5414       4653       4655
             2435       5420       5414       4653       4655       4690       4687       3851       3852
             2436       4497       4494       4493       4496       5421       5415       5413       5419
             2437       5421       5415       5413       5419       5422       5416       5414       5420
             2438       5422       5416       5414       5420       4691       4688       4687       4690
             2439       4498       4495       4494       4497       5423       5417       5415       5421
             2440       5423       5417       5415       5421       5424       5418       5416       5422
             2441       5424       5418       5416       5422       4692       4689       4688       4691
             2442       3656       3657       4495       4498       4678       4680       5417       5423
             2443       4678       4680       5417       5423       4679       4681       5418       5424
             2444       4679       4681       5418       5424       3864       3865       4689       4692
             2445       4499       4496       3807       3808       5425       5419       4654       4656
             2446       5425       5419       4654       4656       5426       5420       4655       4657
             2447       5426       5420       4655       4657       4693       4690       3852       3853
             2448       4500       4497       4496       4499       5427       5421       5419       5425
             2449       5427       5421       5419       5425       5428       5422       5420       5426
             2450       5428       5422       5420       5426       4694       4691       4690       4693
             2451       4501       4498       4497       4500       5429       5423       5421       5427
             2452       5429       5423       5421       5427       5430       5424       5422       5428
             2453       5430       5424       5422       5428       4695       4692       4691       4694
             2454       3655       3656       4498       4501       4676       4678       5423       5429
             2455       4676       4678       5423       5429       4677       4679       5424       5430
             2456       4677       4679       5424       5430       3863       3864       4692       4695
             2457       4502       4499       3808       3809       5431       5425       4656       4658
             2458       5431       5425       4656       4658       5432       5426       4657       4659
             2459       5432       5426       4657       4659       4696       4693       3853       3854
             2460       4503       4500       4499       4502       5433       5427       5425       5431
             2461       5433       5427       5425       5431       5434       5428       5426       5432
             2462       5434       5428       5426       5432       4697       4694       4693       4696
             2463       4504       4501       4500       4503       5435       5429       5427       5433
             2464       5435       5429       5427       5433       5436       5430       5428       5434
             2465       5436       5430       5428       5434       4698       4695       4694       4697
             2466       3259       3655       4501       4504       3871       4676       5429       5435
             2467       3871       4676       5429       5435       3872       4677       5430       5436
             2468       3872       4677       5430       5436       3321       3863       4695       4698
             2469       4505       4502       3809       3810       5437       5431       4658       4660
             2470       5437       5431       4658       4660       5438       5432       4659       4661
             2471       5438       5432       4659       4661       4699       4696       3854       3855
             2472       4506       4503       4502       4505       5439       5433       5431       5437
             2473       5439       5433       5431       5437       5440       5434       5432       5438
             2474       5440       5434       5432       5438       4700       4697       4696       4699
             2475       4507       4504       4503       4506       5441       5435       5433       5439
             2476       5441       5435       5433       5439       5442       5436       5434       5440
             2477       5442       5436       5434       5440       4701       4698       4697       4700
             2478       3654       3259       4504       4507       4674       3871       5435       5441
             2479       4674       3871       5435       5441       4675       3872       5436       5442
             2480       4675       3872       5436       5442       3862       3321       4698       4701
             2481       4508       4505       3810       3811       5443       5437       4660       4662
             2482       5443       5437       4660       4662       5444       5438       4661       4663
             2483       5444       5438       4661       4663       4702       4699       3855       3856
             2484       4509       4506       4505       4508       5445       5439       5437       5443
             2485       5445       5439       5437       5443       5446       5440       5438       5444
             2486       5446       5440       5438       5444       4703       4700       4699       4702
             2487       4510       4507       4506       4509       5447       5441       5439       5445
             2488       5447       5441       5439       5445       5448       5442       5440       5446
             2489       5448       5442       5440       5446       4704       4701       4700       4703
             2490       3653       3654       4507       4510       4672       4674       5441       5447
             2491       4672       4674       5441       5447       4673       4675       5442       5448
             2492       4673       4675       5442       5448       3861       3862       4701       4704
             2493       4511       4508       3811       3812       5449       5443       4662       4664
             2494       5449       5443       4662       4664       5450       5444       4663       4665
             2495       5450       5444       4663       4665       4705       4702       3856       3857
             2496       4512       4509       4508       4511       5451       5445       5443       5449
             2497       5451       5445       5443       5449       5452       5446       5444       5450
             2498       5452       5446       5444       5450       4706       4703       4702       4705
             2499       4513       4510       4509       4512       5453       5447       5445       5451
             2500       5453       5447       5445       5451       5454       5448       5446       5452
             2501       5454       5448       5446       5452       4707       4704       4703       4706
             2502       3652       3653       4510       4513       4670       4672       5447       5453
             2503       4670       4672       5447       5453       4671       4673       5448       5454
             2504       4671       4673       5448       5454       3860       3861       4704       4707
             2505       4514       4511       3812       3813       5455       5449       4664       4666
             2506       5455       5449       4664       4666       5456       5450       4665       4667
             2507       5456       5450       4665       4667       4708       4705       3857       3858
             2508       4515       4512       4511       4514       5457       5451       5449       5455
             2509       5457       5451       5449       5455       5458       5452       5450       5456
             2510       5458       5452       5450       5456       4709       4706       4705       4708
             2511       4516       4513       4512       4515       5459       5453       5451       5457
             2512       5459       5453       5451       5457       5460       5454       5452       5458
             2513       5460       5454       5452       5458       4710       4707       4706       4709
             2514       3651       3652       4513       4516       4668       4670       5453       5459
             2515       4668       4670       5453       5459       4669       4671       5454       5460
             2516       4669       4671       5454       5460       3859       3860       4707       4710
             2517       3650       4514       3813       3266       4583       5455       4666       3841
             2518       4583       5455       4666       3841       4584       5456       4667       3842
             2519       4584       5456       4667       3842       3820       4708       3858       3316
             2520       3649       4515       4514       3650       4581       5457       5455       4583
             2521       4581       5457       5455       4583       4582       5458       5456       4584
             2522       4582       5458       5456       4584       3819       4709       4708       3820
             2523       3648       4516       4515       3649       4579       5459       5457       4581
             2524       4579       5459       5457       4581       4580       5460       5458       4582
             2525       4580       5460       5458       4582       3818       4710       4709       3819
             2526       3258       3651       4516       3648       3839       4668       5459       4579
             2527       3839       4668       5459       4579       3840       4669       5460       4580
             2528       3840       4669       5460       4580       3315       3859       4710       3818
             2529       4463       3659       3260       3746       5461       4729       3893       4727
             2530       5461       4729       3893       4727       5462       4730       3894       4728
             2531       5462       4730       3894       4728       4751       3882       3322       3881
             2532       4464       3660       3659       4463       5463       4731       4729       5461
             2533       5463       4731       4729       5461       5464       4732       4730       5462
             2534       5464       4732       4730       5462       4752       3883       3882       4751
             2535       4465       3661       3660       4464       5465       4733       4731       5463
             2536       5465       4733       4731       5463       5466       4734       4732       5464
             2537       5466       4734       4732       5464       4753       3884       3883       4752
             2538       3614       3285       3661       4465       4741       3895       4733       5465
             2539       4741       3895       4733       5465       4742       3896       4734       5466
             2540       4742       3896       4734       5466       3885       3323       3884       4753
             2541       4466       4463       3746       3745       5467       5461       4727       4725
             2542       5467       5461       4727       4725       5468       5462       4728       4726
             2543       5468       5462       4728       4726       4754       4751       3881       3880
             2544       4467       4464       4463       4466       5469       5463       5461       5467
             2545       5469       5463       5461       5467       5470       5464       5462       5468
             2546       5470       5464       5462       5468       4755       4752       4751       4754
             2547       4468       4465       4464       4467       5471       5465       5463       5469
             2548       5471       5465       5463       5469       5472       5466       5464       5470
             2549       5472       5466       5464       5470       4756       4753       4752       4755
             2550       3613       3614       4465       4468       4739       4741       5465       5471
             2551       4739       4741       5465       5471       4740       4742       5466       5472
             2552       4740       4742       5466       5472       3886       3885       4753       4756
             2553       4469       4466       3745       3744       5473       5467       4725       4723
             2554       5473       5467       4725       4723       5474       5468       4726       4724
             2555       5474       5468       4726       4724       4757       4754       3880       3879
             2556       4470       4467       4466       4469       5475       5469       5467       5473
             2557       5475       5469       5467       5473       5476       5470       5468       5474
             2558       5476       5470       5468       5474       4758       4755       4754       4757
             2559       4471       4468       4467       4470       5477       5471       5469       5475
             2560       5477       5471       5469       5475       5478       5472       5470       5476
             2561       5478       5472       5470       5476       4759       4756       4755       4758
             2562       3612       3613       4468       4471       4737       4739       5471       5477
             2563       4737       4739       5471       5477       4738       4740       5472       5478
             2564       4738       4740       5472       5478       3887       3886       4756       4759
             2565       4472       4469       3744       3743       5479       5473       4723       4721
             2566       5479       5473       4723       4721       5480       5474       4724       4722
             2567       5480       5474       4724       4722       4760       4757       3879       3878
             2568       4473       4470       4469       4472       5481       5475       5473       5479
             2569       5481       5475       5473       5479       5482       5476       5474       5480
             2570       5482       5476       5474       5480       4761       4758       4757       4760
             2571       4474       4471       4470       4473       5483       5477       5475       5481
             2572       5483       5477       5475       5481       5484       5478       5476       5482
             2573       5484       5478       5476       5482       4762       4759       4758       4761
             2574       3611       3612       4471       4474       4735       4737       5477       5483
             2575       4735       4737       5477       5483       4736       4738       5478       5484
             2576       4736       4738       5478       5484       3888       3887       4759       4762
             2577       4475       4472       3743       3742       5485       5479       4721       4719
             2578       5485       5479       4721       4719       5486       5480       4722       4720
             2579       5486       5480       4722       4720       4763       4760       3878       3877
             2580       4476       4473       4472       4475       5487       5481       5479       5485
             2581       5487       5481       5479       5485       5488       5482       5480       5486
             2582       5488       5482       5480       5486       4764       4761       4760       4763
             2583       4477       4474       4473       4476       5489       5483       5481       5487
             2584       5489       5483       5481       5487       5490       5484       5482       5488
             2585       5490       5484       5482       5488       4765       4762       4761       4764
             2586       3283       3611       4474       4477       3897       4735       5483       5489
             2587       3897       4735       5483       5489       3898       4736       5484       5490
             2588       3898       4736       5484       5490       3324       3888       4762       4765
             2589       4478       4475       3742       3741       5491       5485       4719       4717
             2590       5491       5485       4719       4717       5492       5486       4720       4718
             2591       5492       5486       4720       4718       4766       4763       3877       3876
             2592       4479       4476       4475       4478       5493       5487       5485       5491
             2593       5493       5487       5485       5491       5494       5488       5486       5492
             2594       5494       5488       5486       5492       4767       4764       4763       4766
             2595       4480       4477       4476       4479       5495       5489       5487       5493
             2596       5495       5489       5487       5493       5496       5490       5488       5494
             2597       5496       5490       5488       5494       4768       4765       4764       4767
             2598       3629       3283       4477       4480       4749       3897       5489       5495
             2599       4749       3897       5489       5495       4750       3898       5490       5496
             2600       4750       3898       5490       5496       3889       3324       4765       4768
             2601       4481       4478       3741       3740       5497       5491       4717       4715
             2602       5497       5491       4717       4715       5498       5492       4718       4716
             2603       5498       5492       4718       4716       4769       4766       3876       3875
             2604       4482       4479       4478       4481       5499       5493       5491       5497
             2605       5499       5493       5491       5497       5500       5494       5492       5498
             2606       5500       5494       5492       5498       4770       4767       4766       4769
             2607       4483       4480       4479       4482       5501       5495       5493       5499
             2608       5501       5495       5493       5499       5502       5496       5494       5500
             2609       5502       5496       5494       5500       4771       4768       4767       4770
             2610       3628       3629       4480       4483       4747       4749       5495       5501
             2611       4747       4749       5495       5501       4748       4750       5496       5502
             2612       4748       4750       5496       5502       3890       3889       4768       4771
             2613       4484       4481       3740       3739       5503       5497       4715       4713
             2614       5503       5497       4715       4713       5504       5498       4716       4714
             2615       5504       5498       4716       4714       4772       4769       3875       3874
             2616       4485       4482       4481       4484       5505       5499       5497       5503
             2617       5505       5499       5497       5503       5506       5500       5498       5504
             2618       5506       5500       5498       5504       4773       4770       4769       4772
             2619       4486       4483       4482       4485       5507       5501       5499       5505
             2620       5507       5501       5499       5505       5508       5502       5500       5506
             2621       5508       5502       5500       5506       4774       4771       4770       4773
             2622       3627       3628       4483       4486       4745       4747       5501       5507
             2623       4745       4747       5501       5507       4746       4748       5502       5508
             2624       4746       4748       5502       5508       3891       3890       4771       4774
             2625       4487       4484       3739       3738       5509       5503       4713       4711
             2626       5509       5503       4713       4711       5510       5504       4714       4712
             2627       5510       5504       4714       4712       4775       4772       3874       3873
             2628       4488       4485       4484       4487       5511       5505       5503       5509
             2629       5511       5505       5503       5509       5512       5506       5504       5510
             2630       5512       5506       5504       5510       4776       4773       4772       4775
             2631       4489       4486       4485       4488       5513       5507       5505       5511
             2632       5513       5507       5505       5511       5514       5508       5506       5512
             2633       5514       5508       5506       5512       4777       4774       4773       4776
             2634       3626       3627       4486       4489       4743       4745       5507       5513
             2635       4743       4745       5507       5513       4744       4746       5508       5514
             2636       4744       4746       5508       5514       3892       3891       4774       4777
             2637       3632       4487       3738       3294       4648       5509       4711       3869
             2638       4648       5509       4711       3869       4649       5510       4712       3870
             2639       4649       5510       4712       3870       3849       4775       3873       3320
             2640       3631       4488       4487       3632       4646       5511       5509       4648
             2641       4646       5511       5509       4648       4647       5512       5510       4649
             2642       4647       5512       5510       4649       3848       4776       4775       3849
             2643       3630       4489       4488       3631       4644       5513       5511       4646
             2644       4644       5513       5511       4646       4645       5514       5512       4647
             2645       4645       5514       5512       4647       3847       4777       4776       3848
             2646       3279       3626       4489       3630       3867       4743       5513       4644
             2647       3867       4743       5513       4644       3868       4744       5514       4645
             2648       3868       4744       5514       4645       3319       3892       4777       3847
             2649       4544       3633       3295       3766       5515       4603       3843       4810
             2650       5515       4603       3843       4810       5516       4604       3844       4811
             2651       5516       4604       3844       4811       4812       3830       3317       3915
             2652       4545       3634       3633       4544       5517       4605       4603       5515
             2653       5517       4605       4603       5515       5518       4606       4604       5516
             2654       5518       4606       4604       5516       4813       3831       3830       4812
             2655       4546       3635       3634       4545       5519       4607       4605       5517
             2656       5519       4607       4605       5517       5520       4608       4606       5518
             2657       5520       4608       4606       5518       4814       3832       3831       4813
             2658       3636       3278       3635       4546       4778       3845       4607       5519
             2659       4778       3845       4607       5519       4779       3846       4608       5520
             2660       4779       3846       4608       5520       3899       3318       3832       4814
             2661       4547       4544       3766       3765       5521       5515       4810       4808
             2662       5521       5515       4810       4808       5522       5516       4811       4809
             2663       5522       5516       4811       4809       4815       4812       3915       3914
             2664       4548       4545       4544       4547       5523       5517       5515       5521
             2665       5523       5517       5515       5521       5524       5518       5516       5522
             2666       5524       5518       5516       5522       4816       4813       4812       4815
             2667       4549       4546       4545       4548       5525       5519       5517       5523
             2668       5525       5519       5517       5523       5526       5520       5518       5524
             2669       5526       5520       5518       5524       4817       4814       4813       4816
             2670       3637       3636       4546       4549       4780       4778       5519       5525
             2671       4780       4778       5519       5525       4781       4779       5520       5526
             2672       4781       4779       5520       5526       3900       3899       4814       4817
             2673       4550       4547       3765       3764       5527       5521       4808       4806
             2674       5527       5521       4808       4806       5528       5522       4809       4807
             2675       5528       5522       4809       4807       4818       4815       3914       3913
             2676       4551       4548       4547       4550       5529       5523       5521       5527
             2677       5529       5523       5521       5527       5530       5524       5522       5528
             2678       5530       5524       5522       5528       4819       4816       4815       4818
             2679       4552       4549       4548       4551       5531       5525       5523       5529
             2680       5531       5525       5523       5529       5532       5526       5524       5530
             2681       5532       5526       5524       5530       4820       4817       4816       4819
             2682       3638       3637       4549       4552       4782       4780       5525       5531
             2683       4782       4780       5525       5531       4783       4781       5526       5532
             2684       4783       4781       5526       5532       3901       3900       4817       4820
             2685       4553       4550       3764       3763       5533       5527       4806       4804
             2686       5533       5527       4806       4804       5534       5528       4807       4805
             2687       5534       5528       4807       4805       4821       4818       3913       3912
             2688       4554       4551       4550       4553       5535       5529       5527       5533
             2689       5535       5529       5527       5533       5536       5530       5528       5534
             2690       5536       5530       5528       5534       4822       4819       4818       4821
             2691       4555       4552       4551       4554       5537       5531       5529       5535
             2692       5537       5531       5529       5535       5538       5532       5530       5536
             2693       5538       5532       5530       5536       4823       4820       4819       4822
             2694       3639       3638       4552       4555       4784       4782       5531       5537
             2695       4784       4782       5531       5537       4785       4783       5532       5538
             2696       4785       4783       5532       5538       3902       3901       4820       4823
             2697       4556       4553       3763       3762       5539       5533       4804       4802
             2698       5539       5533       4804       4802       5540       5534       4805       4803
             2699       5540       5534       4805       4803       4824       4821       3912       3911
             2700       4557       4554       4553       4556       5541       5535       5533       5539
             2701       5541       5535       5533       5539       5542       5536       5534       5540
             2702       5542       5536       5534       5540       4825       4822       4821       4824
             2703       4558       4555       4554       4557       5543       5537       5535       5541
             2704       5543       5537       5535       5541       5544       5538       5536       5542
             2705       5544       5538       5536       5542       4826       4823       4822       4825
             2706       3284       3639       4555       4558       3916       4784       5537       5543
             2707       3916       4784       5537       5543       3917       4785       5538       5544
             2708       3917       4785       5538       5544       3325       3902       4823       4826
             2709       4559       4556       3762       3761       5545       5539       4802       4800
             2710       5545       5539       4802       4800       5546       5540       4803       4801
             2711       5546       5540       4803       4801       4827       4824       3911       3910
             2712       4560       4557       4556       4559       5547       5541       5539       5545
             2713       5547       5541       5539       5545       5548       5542       5540       5546
             2714       5548       5542       5540       5546       4828       4825       4824       4827
             2715       4561       4558       4557       4560       5549       5543       5541       5547
             2716       5549       5543       5541       5547       5550       5544       5542       5548
             2717       5550       5544       5542       5548       4829       4826       4825       4828
             2718       3621       3284       4558       4561       4792       3916       5543       5549
             2719       4792       3916       5543       5549       4793       3917       5544       5550
             2720       4793       3917       5544       5550       3903       3325       4826       4829
             2721       4562       4559       3761       3760       5551       5545       4800       4798
             2722       5551       5545       4800       4798       5552       5546       4801       4799
             2723       5552       5546       4801       4799       4830       4827       3910       3909
             2724       4563       4560       4559       4562       5553       5547       5545       5551
             2725       5553       5547       5545       5551       5554       5548       5546       5552
             2726       5554       5548       5546       5552       4831       4828       4827       4830
             2727       4564       4561       4560       4563       5555       5549       5547       5553
             2728       5555       5549       5547       5553       5556       5550       5548       5554
             2729       5556       5550       5548       5554       4832       4829       4828       4831
             2730       3620       3621       4561       4564       4790       4792       5549       5555
             2731       4790       4792       5549       5555       4791       4793       5550       5556
             2732       4791       4793       5550       5556       3904       3903       4829       4832
             2733       4565       4562       3760       3759       5557       5551       4798       4796
             2734       5557       5551       4798       4796       5558       5552       4799       4797
             2735       5558       5552       4799       4797       4833       4830       3909       3908
             2736       4566       4563       4562       4565       5559       5553       5551       5557
             2737       5559       5553       5551       5557       5560       5554       5552       5558
             2738       5560       5554       5552       5558       4834       4831       4830       4833
             2739       4567       4564       4563       4566       5561       5555       5553       5559
             2740       5561       5555       5553       5559       5562       5556       5554       5560
             2741       5562       5556       5554       5560       4835       4832       4831       4834
             2742       3619       3620       4564       4567       4788       4790       5555       5561
             2743       4788       4790       5555       5561       4789       4791       5556       5562
             2744       4789       4791       5556       5562       3905       3904       4832       4835
             2745       4568       4565       3759       3758       5563       5557       4796       4794
             2746       5563       5557       4796       4794       5564       5558       4797       4795
             2747       5564       5558       4797       4795       4836       4833       3908       3907
             2748       4569       4566       4565       4568       5565       5559       5557       5563
             2749       5565       5559       5557       5563       5566       5560       5558       5564
             2750       5566       5560       5558       5564       4837       4834       4833       4836
             2751       4570       4567       4566       4569       5567       5561       5559       5565
             2752       5567       5561       5559       5565       5568       5562       5560       5566
             2753       5568       5562       5560       5566       4838       4835       4834       4837
             2754       3618       3619       4567       4570       4786       4788       5561       5567
             2755       4786       4788       5561       5567       4787       4789       5562       5568
             2756       4787       4789       5562       5568       3906       3905       4835       4838
             2757       3659       4568       3758       3260       4729       5563       4794       3893
             2758       4729       5563       4794       3893       4730       5564       4795       3894
             2759       4730       5564       4795       3894       3882       4836       3907       3322
             2760       3660       4569       4568       3659       4731       5565       5563       4729
             2761       4731       5565       5563       4729       4732       5566       5564       4730
             2762       4732       5566       5564       4730       3883       4837       4836       3882
             2763       3661       4570       4569       3660       4733       5567       5565       4731
             2764       4733       5567       5565       4731       4734       5568       5566       4732
             2765       4734       5568       5566       4732       3884       4838       4837       3883
             2766       3285       3618       4570       3661       3895       4786       5567       4733
             2767       3895       4786       5567       4733       3896       4787       5568       4734
             2768       3896       4787       5568       4734       3323       3906       4838       3884
             2769       4382       3602       3277       3625       5569       4867       3941       4875
             2770       5569       4867       3941       4875       5570       4868       3942       4876
             2771       5570       4868       3942       4876       4877       3932       3328       3933
             2772       4383       3601       3602       4382       5571       4865       4867       5569
             2773       5571       4865       4867       5569       5572       4866       4868       5570
             2774       5572       4866       4868       5570       4878       3931       3932       4877
             2775       4384       3600       3601       4383       5573       4863       4865       5571
             2776       5573       4863       4865       5571       5574       4864       4866       5572
             2777       5574       4864       4866       5572       4879       3930       3931       4878
             2778       3701       3265       3600       4384       4845       3939       4863       5573
             2779       4845       3939       4863       5573       4846       3940       4864       5574
             2780       4846       3940       4864       5574       3929       3327       3930       4879
             2781       4385       4382       3625       3624       5575       5569       4875       4873
             2782       5575       5569       4875       4873       5576       5570       4876       4874
             2783       5576       5570       4876       4874       4880       4877       3933       3934
             2784       4386       4383       4382       4385       5577       5571       5569       5575
             2785       5577       5571       5569       5575       5578       5572       5570       5576
             2786       5578       5572       5570       5576       4881       4878       4877       4880
             2787       4387       4384       4383       4386       5579       5573       5571       5577
             2788       5579       5573       5571       5577       5580       5574       5572       5578
             2789       5580       5574       5572       5578       4882       4879       4878       4881
             2790       3702       3701       4384       4387       4847       4845       5573       5579
             2791       4847       4845       5573       5579       4848       4846       5574       5580
             2792       4848       4846       5574       5580       3928       3929       4879       4882
             2793       4388       4385       3624       3623       5581       5575       4873       4871
             2794       5581       5575       4873       4871       5582       5576       4874       4872
             2795       5582       5576       4874       4872       4883       4880       3934       3935
             2796       4389       4386       4385       4388       5583       5577       5575       5581
             2797       5583       5577       5575       5581       5584       5578       5576       5582
             2798       5584       5578       5576       5582       4884       4881       4880       4883
             2799       4390       4387       4386       4389       5585       5579       5577       5583
             2800       5585       5579       5577       5583       5586       5580       5578       5584
             2801       5586       5580       5578       5584       4885       4882       4881       4884
             2802       3703       3702       4387       4390       4849       4847       5579       5585
             2803       4849       4847       5579       5585       4850       4848       5580       5586
             2804       4850       4848       5580       5586       3927       3928       4882       4885
             2805       4391       4388       3623       3622       5587       5581       4871       4869
             2806       5587       5581       4871       4869       5588       5582       4872       4870
             2807       5588       5582       4872       4870       4886       4883       3935       3936
             2808       4392       4389       4388       4391       5589       5583       5581       5587
             2809       5589       5583       5581       5587       5590       5584       5582       5588
             2810       5590       5584       5582       5588       4887       4884       4883       4886
             2811       4393       4390       4389       4392       5591       5585       5583       5589
             2812       5591       5585       5583       5589       5592       5586       5584       5590
             2813       5592       5586       5584       5590       4888       4885       4884       4887
             2814       3704       3703       4390       4393       4851       4849       5585       5591
             2815       4851       4849       5585       5591       4852       4850       5586       5592
             2816       4852       4850       5586       5592       3926       3927       4885       4888
             2817       4394       4391       3622       3284       5593       5587       4869       3916
             2818       5593       5587       4869       3916       5594       5588       4870       3917
             2819       5594       5588       4870       3917       4889       4886       3936       3325
             2820       4395       4392       4391       4394       5595       5589       5587       5593
             2821       5595       5589       5587       5593       5596       5590       5588       5594
             2822       5596       5590       5588       5594       4890       4887       4886       4889
             2823       4396       4393       4392       4395       5597       5591       5589       5595
             2824       5597       5591       5589       5595       5598       5592       5590       5596
             2825       5598       5592       5590       5596       4891       4888       4887       4890
             2826       3705       3704       4393       4396       4853       4851       5591       5597
             2827       4853       4851       5591       5597       4854       4852       5592       5598
             2828       4854       4852       5592       5598       3925       3926       4888       4891
             2829       4397       4394       3284       3621       5599       5593       3916       4792
             2830       5599       5593       3916       4792       5600       5594       3917       4793
             2831       5600       5594       3917       4793       4892       4889       3325       3903
             2832       4398       4395       4394       4397       5601       5595       5593       5599
             2833       5601       5595       5593       5599       5602       5596       5594       5600
             2834       5602       5596       5594       5600       4893       4890       4889       4892
             2835       4399       4396       4395       4398       5603       5597       5595       5601
             2836       5603       5597       5595       5601       5604       5598       5596       5602
             2837       5604       5598       5596       5602       4894       4891       4890       4893
             2838       3706       3705       4396       4399       4855       4853       5597       5603
             2839       4855       4853       5597       5603       4856       4854       5598       5604
             2840       4856       4854       5598       5604       3924       3925       4891       4894
             2841       4400       4397       3621       3620       5605       5599       4792       4790
             2842       5605       5599       4792       4790       5606       5600       4793       4791
             2843       5606       5600       4793       4791       4895       4892       3903       3904
             2844       4401       4398       4397       4400       5607       5601       5599       5605
             2845       5607       5601       5599       5605       5608       5602       5600       5606
             2846       5608       5602       5600       5606       4896       4893       4892       4895
             2847       4402       4399       4398       4401       5609       5603       5601       5607
             2848       5609       5603       5601       5607       5610       5604       5602       5608
             2849       5610       5604       5602       5608       4897       4894       4893       4896
             2850       3707       3706       4399       4402       4857       4855       5603       5609
             2851       4857       4855       5603       5609       4858       4856       5604       5610
             2852       4858       4856       5604       5610       3923       3924       4894       4897
             2853       4403       4400       3620       3619       5611       5605       4790       4788
             2854       5611       5605       4790       4788       5612       5606       4791       4789
             2855       5612       5606       4791       4789       4898       4895       3904       3905
             2856       4404       4401       4400       4403       5613       5607       5605       5611
             2857       5613       5607       5605       5611       5614       5608       5606       5612
             2858       5614       5608       5606       5612       4899       4896       4895       4898
             2859       4405       4402       4401       4404       5615       5609       5607       5613
             2860       5615       5609       5607       5613       5616       5610       5608       5614
             2861       5616       5610       5608       5614       4900       4897       4896       4899
             2862       3708       3707       4402       4405       4859       4857       5609       5615
             2863       4859       4857       5609       5615       4860       4858       5610       5616
             2864       4860       4858       5610       5616       3922       3923       4897       4900
             2865       4406       4403       3619       3618       5617       5611       4788       4786
             2866       5617       5611       4788       4786       5618       5612       4789       4787
             2867       5618       5612       4789       4787       4901       4898       3905       3906
             2868       4407       4404       4403       4406       5619       5613       5611       5617
             2869       5619       5613       5611       5617       5620       5614       5612       5618
             2870       5620       5614       5612       5618       4902       4899       4898       4901
             2871       4408       4405       4404       4407       5621       5615       5613       5619
             2872       5621       5615       5613       5619       5622       5616       5614       5620
             2873       5622       5616       5614       5620       4903       4900       4899       4902
             2874       3709       3708       4405       4408       4861       4859       5615       5621
             2875       4861       4859       5615       5621       4862       4860       5616       5622
             2876       4862       4860       5616       5622       3921       3922       4900       4903
             2877       3615       4406       3618       3285       4839       5617       4786       3895
             2878       4839       5617       4786       3895       4840       5618       4787       3896
             2879       4840       5618       4787       3896       3918       4901       3906       3323
             2880       3616       4407       4406       3615       4841       5619       5617       4839
             2881       4841       5619       5617       4839       4842       5620       5618       4840
             2882       4842       5620       5618       4840       3919       4902       4901       3918
             2883       3617       4408       4407       3616       4843       5621       5619       4841
             2884       4843       5621       5619       4841       4844       5622       5620       4842
             2885       4844       5622       5620       4842       3920       4903       4902       3919
             2886       3264       3709       4408       3617       3937       4861       5621       4843
             2887       3937       4861       5621       4843       3938       4862       5622       4844
             2888       3938       4862       5622       4844       3326       3921       4903       3920
             2889       4355       3596       3263       3728       5623       4926       3959       4920
             2890       5623       4926       3959       4920       5624       4927       3960       4921
             2891       5624       4927       3960       4921       4936       3952       3329       3951
             2892       4356       3595       3596       4355       5625       4924       4926       5623
             2893       5625       4924       4926       5623       5626       4925       4927       5624
             2894       5626       4925       4927       5624       4937       3953       3952       4936
             2895       4357       3594       3595       4356       5627       4922       4924       5625
             2896       5627       4922       4924       5625       5628       4923       4925       5626
             2897       5628       4923       4925       5626       4938       3954       3953       4937
             2898       3607       3280       3594       4357       4928       3961       4922       5627
             2899       4928       3961       4922       5627       4929       3962       4923       5628
             2900       4929       3962       4923       5628       3955       3330       3954       4938
             2901       4358       4355       3728       3727       5629       5623       4920       4918
             2902       5629       5623       4920       4918       5630       5624       4921       4919
             2903       5630       5624       4921       4919       4939       4936       3951       3950
             2904       4359       4356       4355       4358       5631       5625       5623       5629
             2905       5631       5625       5623       5629       5632       5626       5624       5630
             2906       5632       5626       5624       5630       4940       4937       4936       4939
             2907       4360       4357       4356       4359       5633       5627       5625       5631
             2908       5633       5627       5625       5631       5634       5628       5626       5632
             2909       5634       5628       5626       5632       4941       4938       4937       4940
             2910       3608       3607       4357       4360       4930       4928       5627       5633
             2911       4930       4928       5627       5633       4931       4929       5628       5634
             2912       4931       4929       5628       5634       3956       3955       4938       4941
             2913       4361       4358       3727       3726       5635       5629       4918       4916
             2914       5635       5629       4918       4916       5636       5630       4919       4917
             2915       5636       5630       4919       4917       4942       4939       3950       3949
             2916       4362       4359       4358       4361       5637       5631       5629       5635
             2917       5637       5631       5629       5635       5638       5632       5630       5636
             2918       5638       5632       5630       5636       4943       4940       4939       4942
             2919       4363       4360       4359       4362       5639       5633       5631       5637
             2920       5639       5633       5631       5637       5640       5634       5632       5638
             2921       5640       5634       5632       5638       4944       4941       4940       4943
             2922       3609       3608       4360       4363       4932       4930       5633       5639
             2923       4932       4930       5633       5639       4933       4931       5634       5640
             2924       4933       4931       5634       5640       3957       3956       4941       4944
             2925       4364       4361       3726       3725       5641       5635       4916       4914
             2926       5641       5635       4916       4914       5642       5636       4917       4915
             2927       5642       5636       4917       4915       4945       4942       3949       3948
             2928       4365       4362       4361       4364       5643       5637       5635       5641
             2929       5643       5637       5635       5641       5644       5638       5636       5642
             2930       5644       5638       5636       5642       4946       4943       4942       4945
             2931       4366       4363       4362       4365       5645       5639       5637       5643
             2932       5645       5639       5637       5643       5646       5640       5638       5644
             2933       5646       5640       5638       5644       4947       4944       4943       4946
             2934       3610       3609       4363       4366       4934       4932       5639       5645
             2935       4934       4932       5639       5645       4935       4933       5640       5646
             2936       4935       4933       5640       5646       3958       3957       4944       4947
             2937       4367       4364       3725       3724       5647       5641       4914       4912
             2938       5647       5641       4914       4912       5648       5642       4915       4913
             2939       5648       5642       4915       4913       4948       4945       3948       3947
             2940       4368       4365       4364       4367       5649       5643       5641       5647
             2941       5649       5643       5641       5647       5650       5644       5642       5648
             2942       5650       5644       5642       5648       4949       4946       4945       4948
             2943       4369       4366       4365       4368       5651       5645       5643       5649
             2944       5651       5645       5643       5649       5652       5646       5644       5650
             2945       5652       5646       5644       5650       4950       4947       4946       4949
             2946       3283       3610       4366       4369       3897       4934       5645       5651
             2947       3897       4934       5645       5651       3898       4935       5646       5652
             2948       3898       4935       5646       5652       3324       3958       4947       4950
             2949       4370       4367       3724       3723       5653       5647       4912       4910
             2950       5653       5647       4912       4910       5654       5648       4913       4911
             2951       5654       5648       4913       4911       4951       4948       3947       3946
             2952       4371       4368       4367       4370       5655       5649       5647       5653
             2953       5655       5649       5647       5653       5656       5650       5648       5654
             2954       5656       5650       5648       5654       4952       4949       4948       4951
             2955       4372       4369       4368       4371       5657       5651       5649       5655
             2956       5657       5651       5649       5655       5658       5652       5650       5656
             2957       5658       5652       5650       5656       4953       4950       4949       4952
             2958       3611       3283       4369       4372       4735       3897       5651       5657
             2959       4735       3897       5651       5657       4736       3898       5652       5658
             2960       4736       3898       5652       5658       3888       3324       4950       4953
             2961       4373       4370       3723       3722       5659       5653       4910       4908
             2962       5659       5653       4910       4908       5660       5654       4911       4909
             2963       5660       5654       4911       4909       4954       4951       3946       3945
             2964       4374       4371       4370       4373       5661       5655       5653       5659
             2965       5661       5655       5653       5659       5662       5656       5654       5660
             2966       5662       5656       5654       5660       4955       4952       4951       4954
             2967       4375       4372       4371       4374       5663       5657       5655       5661
             2968       5663       5657       5655       5661       5664       5658       5656       5662
             2969       5664       5658       5656       5662       4956       4953       4952       4955
             2970       3612       3611       4372       4375       4737       4735       5657       5663
             2971       4737       4735       5657       5663       4738       4736       5658       5664
             2972       4738       4736       5658       5664       3887       3888       4953       4956
             2973       4376       4373       3722       3721       5665       5659       4908       4906
             2974       5665       5659       4908       4906       5666       5660       4909       4907
             2975       5666       5660       4909       4907       4957       4954       3945       3944
             2976       4377       4374       4373       4376       5667       5661       5659       5665
             2977       5667       5661       5659       5665       5668       5662       5660       5666
             2978       5668       5662       5660       5666       4958       4955       4954       4957
             2979       4378       4375       4374       4377       5669       5663       5661       5667
             2980       5669       5663       5661       5667       5670       5664       5662       5668
             2981       5670       5664       5662       5668       4959       4956       4955       4958
             2982       3613       3612       4375       4378       4739       4737       5663       5669
             2983       4739       4737       5663       5669       4740       4738       5664       5670
             2984       4740       4738       5664       5670       3886       3887       4956       4959
             2985       4379       4376       3721       3720       5671       5665       4906       4904
             2986       5671       5665       4906       4904       5672       5666       4907       4905
             2987       5672       5666       4907       4905       4960       4957       3944       3943
             2988       4380       4377       4376       4379       5673       5667       5665       5671
             2989       5673       5667       5665       5671       5674       5668       5666       5672
             2990       5674       5668       5666       5672       4961       4958       4957       4960
             2991       4381       4378       4377       4380       5675       5669       5667       5673
             2992       5675       5669       5667       5673       5676       5670       5668       5674
             2993       5676       5670       5668       5674       4962       4959       4958       4961
             2994       3614       3613       4378       4381       4741       4739       5669       5675
             2995       4741       4739       5669       5675       4742       4740       5670       5676
             2996       4742       4740       5670       5676       3885       3886       4959       4962
             2997       3617       4379       3720       3264       4843       5671       4904       3937
             2998       4843       5671       4904       3937       4844       5672       4905       3938
             2999       4844       5672       4905       3938       3920       4960       3943       3326
             3000       3616       4380       4379       3617       4841       5673       5671       4843
             3001       4841       5673       5671       4843       4842       5674       5672       4844
             3002       4842       5674       5672       4844       3919       4961       4960       3920
             3003       3615       4381       4380       3616       4839       5675       5673       4841
             3004       4839       5675       5673       4841       4840       5676       5674       4842
             3005       4840       5676       5674       4842       3918       4962       4961       3919
             3006       3285       3614       4381       3615       3895       4741       5675       4839
             3007       3895       4741       5675       4839       3896       4742       5676       4840
             3008       3896       4742       5676       4840       3323       3885       4962       3918
             3009       4436       3597       3262       3670       5677       4963       3983       5001
             3010       5677       4963       3983       5001       5678       4964       3984       5002
             3011       5678       4964       3984       5002       5003       3963       3331       3982
             3012       4437       3598       3597       4436       5679       4965       4963       5677
             3013       5679       4965       4963       5677       5680       4966       4964       5678
             3014       5680       4966       4964       5678       5004       3964       3963       5003
             3015       4438       3599       3598       4437       5681       4967       4965       5679
             3016       5681       4967       4965       5679       5682       4968       4966       5680
             3017       5682       4968       4966       5680       5005       3965       3964       5004
             3018       3583       3286       3599       4438       4975       3985       4967       5681
             3019       4975       3985       4967       5681       4976       3986       4968       5682
             3020       4976       3986       4968       5682       3966       3332       3965       5005
             3021       4439       4436       3670       3669       5683       5677       5001       4999
             3022       5683       5677       5001       4999       5684       5678       5002       5000
             3023       5684       5678       5002       5000       5006       5003       3982       3981
             3024       4440       4437       4436       4439       5685       5679       5677       5683
             3025       5685       5679       5677       5683       5686       5680       5678       5684
             3026       5686       5680       5678       5684       5007       5004       5003       5006
             3027       4441       4438       4437       4440       5687       5681       5679       5685
             3028       5687       5681       5679       5685       5688       5682       5680       5686
             3029       5688       5682       5680       5686       5008       5005       5004       5007
             3030       3582       3583       4438       4441       4973       4975       5681       5687
             3031       4973       4975       5681       5687       4974       4976       5682       5688
             3032       4974       4976       5682       5688       3967       3966       5005       5008
             3033       4442       4439       3669       3668       5689       5683       4999       4997
             3034       5689       5683       4999       4997       5690       5684       5000       4998
             3035       5690       5684       5000       4998       5009       5006       3981       3980
             3036       4443       4440       4439       4442       5691       5685       5683       5689
             3037       5691       5685       5683       5689       5692       5686       5684       5690
             3038       5692       5686       5684       5690       5010       5007       5006       5009
             3039       4444       4441       4440       4443       5693       5687       5685       5691
             3040       5693       5687       5685       5691       5694       5688       5686       5692
             3041       5694       5688       5686       5692       5011       5008       5007       5010
             3042       3581       3582       4441       4444       4971       4973       5687       5693
             3043       4971       4973       5687       5693       4972       4974       5688       5694
             3044       4972       4974       5688       5694       3968       3967       5008       5011
             3045       4445       4442       3668       3667       5695       5689       4997       4995
             3046       5695       5689       4997       4995       5696       5690       4998       4996
             3047       5696       5690       4998       4996       5012       5009       3980       3979
             3048       4446       4443       4442       4445       5697       5691       5689       5695
             3049       5697       5691       5689       5695       5698       5692       5690       5696
             3050       5698       5692       5690       5696       5013       5010       5009       5012
             3051       4447       4444       4443       4446       5699       5693       5691       5697
             3052       5699       5693       5691       5697       5700       5694       5692       5698
             3053       5700       5694       5692       5698       5014       5011       5010       5013
             3054       3580       3581       4444       4447       4969       4971       5693       5699
             3055       4969       4971       5693       5699       4970       4972       5694       5700
             3056       4970       4972       5694       5700       3969       3968       5011       5014
             3057       4448       4445       3667       3666       5701       5695       4995       4993
             3058       5701       5695       4995       4993       5702       5696       4996       4994
             3059       5702       5696       4996       4994       5015       5012       3979       3978
             3060       4449       4446       4445       4448       5703       5697       5695       5701
             3061       5703       5697       5695       5701       5704       5698       5696       5702
             3062       5704       5698       5696       5702       5016       5013       5012       5015
             3063       4450       4447       4446       4449       5705       5699       5697       5703
             3064       5705       5699       5697       5703       5706       5700       5698       5704
             3065       5706       5700       5698       5704       5017       5014       5013       5016
             3066       3281       3580       4447       4450       3987       4969       5699       5705
             3067       3987       4969       5699       5705       3988       4970       5700       5706
             3068       3988       4970       5700       5706       3333       3969       5014       5017
             3069       4451       4448       3666       3665       5707       5701       4993       4991
             3070       5707       5701       4993       4991       5708       5702       4994       4992
             3071       5708       5702       4994       4992       5018       5015       3978       3977
             3072       4452       4449       4448       4451       5709       5703       5701       5707
             3073       5709       5703       5701       5707       5710       5704       5702       5708
             3074       5710       5704       5702       5708       5019       5016       5015       5018
             3075       4453       4450       4449       4452       5711       5705       5703       5709
             3076       5711       5705       5703       5709       5712       5706       5704       5710
             3077       5712       5706       5704       5710       5020       5017       5016       5019
             3078       3590       3281       4450       4453       4977       3987       5705       5711
             3079       4977       3987       5705       5711       4978       3988       5706       5712
             3080       4978       3988       5706       5712       3970       3333       5017       5020
             3081       4454       4451       3665       3664       5713       5707       4991       4989
             3082       5713       5707       4991       4989       5714       5708       4992       4990
             3083       5714       5708       4992       4990       5021       5018       3977       3976
             3084       4455       4452       4451       4454       5715       5709       5707       5713
             3085       5715       5709       5707       5713       5716       5710       5708       5714
             3086       5716       5710       5708       5714       5022       5019       5018       5021
             3087       4456       4453       4452       4455       5717       5711       5709       5715
             3088       5717       5711       5709       5715       5718       5712       5710       5716
             3089       5718       5712       5710       5716       5023       5020       5019       5022
             3090       3591       3590       4453       4456       4979       4977       5711       5717
             3091       4979       4977       5711       5717       4980       4978       5712       5718
             3092       4980       4978       5712       5718       3971       3970       5020       5023
             3093       4457       4454       3664       3663       5719       5713       4989       4987
             3094       5719       5713       4989       4987       5720       5714       4990       4988
             3095       5720       5714       4990       4988       5024       5021       3976       3975
             3096       4458       4455       4454       4457       5721       5715       5713       5719
             3097       5721       5715       5713       5719       5722       5716       5714       5720
             3098       5722       5716       5714       5720       5025       5022       5021       5024
             3099       4459       4456       4455       4458       5723       5717       5715       5721
             3100       5723       5717       5715       5721       5724       5718       5716       5722
             3101       5724       5718       5716       5722       5026       5023       5022       5025
             3102       3592       3591       4456       4459       4981       4979       5717       5723
             3103       4981       4979       5717       5723       4982       4980       5718       5724
             3104       4982       4980       5718       5724       3972       3971       5023       5026
             3105       4460       4457       3663       3662       5725       5719       4987       4985
             3106       5725       5719       4987       4985       5726       5720       4988       4986
             3107       5726       5720       4988       4986       5027       5024       3975       3974
             3108       4461       4458       4457       4460       5727       5721       5719       5725
             3109       5727       5721       5719       5725       5728       5722       5720       5726
             3110       5728       5722       5720       5726       5028       5025       5024       5027
             3111       4462       4459       4458       4461       5729       5723       5721       5727
             3112       5729       5723       5721       5727       5730       5724       5722       5728
             3113       5730       5724       5722       5728       5029       5026       5025       5028
             3114       3593       3592       4459       4462       4983       4981       5723       5729
             3115       4983       4981       5723       5729       4984       4982       5724       5730
             3116       4984       4982       5724       5730       3973       3972       5026       5029
             3117       3596       4460       3662       3263       4926       5725       4985       3959
             3118       4926       5725       4985       3959       4927       5726       4986       3960
             3119       4927       5726       4986       3960       3952       5027       3974       3329
             3120       3595       4461       4460       3596       4924       5727       5725       4926
             3121       4924       5727       5725       4926       4925       5728       5726       4927
             3122       4925       5728       5726       4927       3953       5028       5027       3952
             3123       3594       4462       4461       3595       4922       5729       5727       4924
             3124       4922       5729       5727       4924       4923       5730       5728       4925
             3125       4923       5730       5728       4925       3954       5029       5028       3953
             3126       3280       3593       4462       3594       3961       4983       5729       4922
             3127       3961       4983       5729       4922       3962       4984       5730       4923
             3128       3962       4984       5730       4923       3330       3973       5029       3954
             3129       4409       3603       3277       3602       5731       5030       3941       4867
             3130       5731       5030       3941       4867       5732       5031       3942       4868
             3131       5732       5031       3942       4868       5064       3989       3328       3932
             3132       4410       3604       3603       4409       5733       5032       5030       5731
             3133       5733       5032       5030       5731       5734       5033       5031       5732
             3134       5734       5033       5031       5732       5065       3990       3989       5064
             3135       4411       3605       3604       4410       5735       5034       5032       5733
             3136       5735       5034       5032       5733       5736       5035       5033       5734
             3137       5736       5035       5033       5734       5066       3991       3990       5065
             3138       4412       3606       3605       4411       5737       5036       5034       5735
             3139       5737       5036       5034       5735       5738       5037       5035       5736
             3140       5738       5037       5035       5736       5067       3992       3991       5066
             3141       4413       3282       3606       4412       5739       4006       5036       5737
             3142       5739       4006       5036       5737       5740       4007       5037       5738
             3143       5740       4007       5037       5738       5068       3334       3992       5067
             3144       4414       3588       3282       4413       5741       5044       4006       5739
             3145       5741       5044       4006       5739       5742       5045       4007       5740
             3146       5742       5045       4007       5740       5069       3993       3334       5068
             3147       4415       3587       3588       4414       5743       5042       5044       5741
             3148       5743       5042       5044       5741       5744       5043       5045       5742
             3149       5744       5043       5045       5742       5070       3994       3993       5069
             3150       4416       3586       3587       4415       5745       5040       5042       5743
             3151       5745       5040       5042       5743       5746       5041       5043       5744
             3152       5746       5041       5043       5744       5071       3995       3994       5070
             3153       4417       3585       3586       4416       5747       5038       5040       5745
             3154       5747       5038       5040       5745       5748       5039       5041       5746
             3155       5748       5039       5041       5746       5072       3996       3995       5071
             3156       3599       3286       3585       4417       4967       3985       5038       5747
             3157       4967       3985       5038       5747       4968       3986       5039       5748
             3158       4968       3986       5039       5748       3965       3332       3996       5072
             3159       4418       4409       3602       3601       5749       5731       4867       4865
             3160       5749       5731       4867       4865       5750       5732       4868       4866
             3161       5750       5732       4868       4866       5073       5064       3932       3931
             3162       4419       4410       4409       4418       5751       5733       5731       5749
             3163       5751       5733       5731       5749       5752       5734       5732       5750
             3164       5752       5734       5732       5750       5074       5065       5064       5073
             3165       4420       4411       4410       4419       5753       5735       5733       5751
             3166       5753       5735       5733       5751       5754       5736       5734       5752
             3167       5754       5736       5734       5752       5075       5066       5065       5074
             3168       4421       4412       4411       4420       5755       5737       5735       5753
             3169       5755       5737       5735       5753       5756       5738       5736       5754
             3170       5756       5738       5736       5754       5076       5067       5066       5075
             3171       4422       4413       4412       4421       5757       5739       5737       5755
             3172       5757       5739       5737       5755       5758       5740       5738       5756
             3173       5758       5740       5738       5756       5077       5068       5067       5076
             3174       4423       4414       4413       4422       5759       5741       5739       5757
             3175       5759       5741       5739       5757       5760       5742       5740       5758
             3176       5760       5742       5740       5758       5078       5069       5068       5077
             3177       4424       4415       4414       4423       5761       5743       5741       5759
             3178       5761       5743       5741       5759       5762       5744       5742       5760
             3179       5762       5744       5742       5760       5079       5070       5069       5078
             3180       4425       4416       4415       4424       5763       5745       5743       5761
             3181       5763       5745       5743       5761       5764       5746       5744       5762
             3182       5764       5746       5744       5762       5080       5071       5070       5079
             3183       4426       4417       4416       4425       5765       5747       5745       5763
             3184       5765       5747       5745       5763       5766       5748       5746       5764
             3185       5766       5748       5746       5764       5081       5072       5071       5080
             3186       3598       3599       4417       4426       4965       4967       5747       5765
             3187       4965       4967       5747       5765       4966       4968       5748       5766
             3188       4966       4968       5748       5766       3964       3965       5072       5081
             3189       4427       4418       3601       3600       5767       5749       4865       4863
             3190       5767       5749       4865       4863       5768       5750       4866       4864
             3191       5768       5750       4866       4864       5082       5073       3931       3930
             3192       4428       4419       4418       4427       5769       5751       5749       5767
             3193       5769       5751       5749       5767       5770       5752       5750       5768
             3194       5770       5752       5750       5768       5083       5074       5073       5082
             3195       4429       4420       4419       4428       5771       5753       5751       5769
             3196       5771       5753       5751       5769       5772       5754       5752       5770
             3197       5772       5754       5752       5770       5084       5075       5074       5083
             3198       4430       4421       4420       4429       5773       5755       5753       5771
             3199       5773       5755       5753       5771       5774       5756       5754       5772
             3200       5774       5756       5754       5772       5085       5076       5075       5084
             3201       4431       4422       4421       4430       5775       5757       5755       5773
             3202       5775       5757       5755       5773       5776       5758       5756       5774
             3203       5776       5758       5756       5774       5086       5077       5076       5085
             3204       4432       4423       4422       4431       5777       5759       5757       5775
             3205       5777       5759       5757       5775       5778       5760       5758       5776
             3206       5778       5760       5758       5776       5087       5078       5077       5086
             3207       4433       4424       4423       4432       5779       5761       5759       5777
             3208       5779       5761       5759       5777       5780       5762       5760       5778
             3209       5780       5762       5760       5778       5088       5079       5078       5087
             3210       4434       4425       4424       4433       5781       5763       5761       5779
             3211       5781       5763       5761       5779       5782       5764       5762       5780
             3212       5782       5764       5762       5780       5089       5080       5079       5088
             3213       4435       4426       4425       4434       5783       5765       5763       5781
             3214       5783       5765       5763       5781       5784       5766       5764       5782
             3215       5784       5766       5764       5782       5090       5081       5080       5089
             3216       3597       3598       4426       4435       4963       4965       5765       5783
             3217       4963       4965       5765       5783       4964       4966       5766       5784
             3218       4964       4966       5766       5784       3963       3964       5081       5090
             3219       3690       4427       3600       3265       5062       5767       4863       3939
             3220       5062       5767       4863       3939       5063       5768       4864       3940
             3221       5063       5768       4864       3940       4005       5082       3930       3327
             3222       3689       4428       4427       3690       5060       5769       5767       5062
             3223       5060       5769       5767       5062       5061       5770       5768       5063
             3224       5061       5770       5768       5063       4004       5083       5082       4005
             3225       3688       4429       4428       3689       5058       5771       5769       5060
             3226       5058       5771       5769       5060       5059       5772       5770       5061
             3227       5059       5772       5770       5061       4003       5084       5083       4004
             3228       3687       4430       4429       3688       5056       5773       5771       5058
             3229       5056       5773       5771       5058       5057       5774       5772       5059
             3230       5057       5774       5772       5059       4002       5085       5084       4003
             3231       3686       4431       4430       3687       5054       5775       5773       5056
             3232       5054       5775       5773       5056       5055       5776       5774       5057
             3233       5055       5776       5774       5057       4001       5086       5085       4002
             3234       3685       4432       4431       3686       5052       5777       5775       5054
             3235       5052       5777       5775       5054       5053       5778       5776       5055
             3236       5053       5778       5776       5055       4000       5087       5086       4001
             3237       3684       4433       4432       3685       5050       5779       5777       5052
             3238       5050       5779       5777       5052       5051       5780       5778       5053
             3239       5051       5780       5778       5053       3999       5088       5087       4000
             3240       3683       4434       4433       3684       5048       5781       5779       5050
             3241       5048       5781       5779       5050       5049       5782       5780       5051
             3242       5049       5782       5780       5051       3998       5089       5088       3999
             3243       3682       4435       4434       3683       5046       5783       5781       5048
             3244       5046       5783       5781       5048       5047       5784       5782       5049
             3245       5047       5784       5782       5049       3997       5090       5089       3998
             3246       3262       3597       4435       3682       3983       4963       5783       5046
             3247       3983       4963       5783       5046       3984       4964       5784       5047
             3248       3984       4964       5784       5047       3331       3963       5090       3997
             3249       4203       3584       3286       3583       5785       5093       3985       4975
             3250       5785       5093       3985       4975       5786       5094       3986       4976
             3251       5786       5094       3986       4976       5101       4009       3332       3966
             3252       3505       3288       3584       4203       5095       4015       5093       5785
             3253       5095       4015       5093       5785       5096       4016       5094       5786
             3254       5096       4016       5094       5786       4010       3336       4009       5101
             3255       4204       4203       3583       3582       5787       5785       4975       4973
             3256       5787       5785       4975       4973       5788       5786       4976       4974
             3257       5788       5786       4976       4974       5102       5101       3966       3967
             3258       3292       3505       4203       4204       4017       5095       5785       5787
             3259       4017       5095       5785       5787       4018       5096       5786       5788
             3260       4018       5096       5786       5788       3337       4010       5101       5102
             3261       4205       4204       3582       3581       5789       5787       4973       4971
             3262       5789       5787       4973       4971       5790       5788       4974       4972
             3263       5790       5788       4974       4972       5103       5102       3967       3968
             3264       3565       3292       4204       4205       5097       4017       5787       5789
             3265       5097       4017       5787       5789       5098       4018       5788       5790
             3266       5098       4018       5788       5790       4011       3337       5102       5103
             3267       4206       4205       3581       3580       5791       5789       4971       4969
             3268       5791       5789       4971       4969       5792       5790       4972       4970
             3269       5792       5790       4972       4970       5104       5103       3968       3969
             3270       3566       3565       4205       4206       5099       5097       5789       5791
             3271       5099       5097       5789       5791       5100       5098       5790       5792
             3272       5100       5098       5790       5792       4012       4011       5103       5104
             3273       3579       4206       3580       3281       5091       5791       4969       3987
             3274       5091       5791       4969       3987       5092       5792       4970       3988
             3275       5092       5792       4970       3988       4008       5104       3969       3333
             3276       3287       3566       4206       3579       4013       5099       5791       5091
             3277       4013       5099       5791       5091       4014       5100       5792       5092
             3278       4014       5100       5792       5092       3335       4012       5104       4008
             3279       4207       3563       3289       3589       5793       5107       4023       5105
             3280       5793       5107       4023       5105       5794       5108       4024       5106
             3281       5794       5108       4024       5106       5113       4020       3338       4019
             3282       4208       3564       3563       4207       5795       5109       5107       5793
             3283       5795       5109       5107       5793       5796       5110       5108       5794
             3284       5796       5110       5108       5794       5114       4021       4020       5113
             3285       4209       3293       3564       4208       5797       4025       5109       5795
             3286       5797       4025       5109       5795       5798       4026       5110       5796
             3287       5798       4026       5110       5796       5115       3339       4021       5114
             3288       4210       3514       3293       4209       5799       5111       4025       5797
             3289       5799       5111       4025       5797       5800       5112       4026       5798
             3290       5800       5112       4026       5798       5116       4022       3339       5115
             3291       3584       3288       3514       4210       5093       4015       5111       5799
             3292       5093       4015       5111       5799       5094       4016       5112       5800
             3293       5094       4016       5112       5800       4009       3336       4022       5116
             3294       3588       4207       3589       3282       5044       5793       5105       4006
             3295       5044       5793       5105       4006       5045       5794       5106       4007
             3296       5045       5794       5106       4007       3993       5113       4019       3334
             3297       3587       4208       4207       3588       5042       5795       5793       5044
             3298       5042       5795       5793       5044       5043       5796       5794       5045
             3299       5043       5796       5794       5045       3994       5114       5113       3993
             3300       3586       4209       4208       3587       5040       5797       5795       5042
             3301       5040       5797       5795       5042       5041       5798       5796       5043
             3302       5041       5798       5796       5043       3995       5115       5114       3994
             3303       3585       4210       4209       3586       5038       5799       5797       5040
             3304       5038       5799       5797       5040       5039       5800       5798       5041
             3305       5039       5800       5798       5041       3996       5116       5115       3995
             3306       3286       3584       4210       3585       3985       5093       5799       5038
             3307       3985       5093       5799       5038       3986       5094       5800       5039
             3308       3986       5094       5800       5039       3332       4009       5116       3996
             3309       4151       3552       3276       3562       5801       5119       4033       5121
             3310       5801       5119       4033       5121       5802       5120       4034       5122
             3311       5802       5120       4034       5122       5125       4028       3341       4029
             3312       4152       3551       3552       4151       5803       5117       5119       5801
             3313       5803       5117       5119       5801       5804       5118       5120       5802
             3314       5804       5118       5120       5802       5126       4027       4028       5125
             3315       3513       3290       3551       4152       5123       4031       5117       5803
             3316       5123       4031       5117       5803       5124       4032       5118       5804
             3317       5124       4032       5118       5804       4030       3340       4027       5126
             3318       3563       4151       3562       3289       5107       5801       5121       4023
             3319       5107       5801       5121       4023       5108       5802       5122       4024
             3320       5108       5802       5122       4024       4020       5125       4029       3338
             3321       3564       4152       4151       3563       5109       5803       5801       5107
             3322       5109       5803       5801       5107       5110       5804       5802       5108
             3323       5110       5804       5802       5108       4021       5126       5125       4020
             3324       3293       3513       4152       3564       4025       5123       5803       5109
             3325       4025       5123       5803       5109       4026       5124       5804       5110
             3326       4026       5124       5804       5110       3339       4030       5126       4021
             3327       4153       3347       3272       3511       5805       5131       4044       5137
             3328       5805       5131       4044       5137       5806       5132       4045       5138
             3329       5806       5132       4045       5138       5141       4039       3343       4040
             3330       4154       3348       3347       4153       5807       5133       5131       5805
             3331       5807       5133       5131       5805       5808       5134       5132       5806
             3332       5808       5134       5132       5806       5142       4038       4039       5141
             3333       4155       3349       3348       4154       5809       5135       5133       5807
             3334       5809       5135       5133       5807       5810       5136       5134       5808
             3335       5810       5136       5134       5808       5143       4037       4038       5142
             3336       3507       3273       3349       4155       5129       4042       5135       5809
             3337       5129       4042       5135       5809       5130       4043       5136       5810
             3338       5130       4043       5136       5810       4036       3342       4037       5143
             3339       4156       4153       3511       3512       5811       5805       5137       5139
             3340       5811       5805       5137       5139       5812       5806       5138       5140
             3341       5812       5806       5138       5140       5144       5141       4040       4041
             3342       4157       4154       4153       4156       5813       5807       5805       5811
             3343       5813       5807       5805       5811       5814       5808       5806       5812
             3344       5814       5808       5806       5812       5145       5142       5141       5144
             3345       4158       4155       4154       4157       5815       5809       5807       5813
             3346       5815       5809       5807       5813       5816       5810       5808       5814
             3347       5816       5810       5808       5814       5146       5143       5142       5145
             3348       3506       3507       4155       4158       5127       5129       5809       5815
             3349       5127       5129       5809       5815       5128       5130       5810       5816
             3350       5128       5130       5810       5816       4035       4036       5143       5146
             3351       3513       4156       3512       3290       5123       5811       5139       4031
             3352       5123       5811       5139       4031       5124       5812       5140       4032
             3353       5124       5812       5140       4032       4030       5144       4041       3340
             3354       3293       4157       4156       3513       4025       5813       5811       5123
             3355       4025       5813       5811       5123       4026       5814       5812       5124
             3356       4026       5814       5812       5124       3339       5145       5144       4030
             3357       3514       4158       4157       3293       5111       5815       5813       4025
             3358       5111       5815       5813       4025       5112       5816       5814       4026
             3359       5112       5816       5814       4026       4022       5146       5145       3339
             3360       3288       3506       4158       3514       4015       5127       5815       5111
             3361       4015       5127       5815       5111       4016       5128       5816       5112
             3362       4016       5128       5816       5112       3336       4035       5146       4022
             3363       4159       3510       3274       3352       5817       5155       4052       5151
             3364       5817       5155       4052       5151       5818       5156       4053       5152
             3365       5818       5156       4053       5152       5159       4049       3344       4048
             3366       4160       3509       3510       4159       5819       5153       5155       5817
             3367       5819       5153       5155       5817       5820       5154       5156       5818
             3368       5820       5154       5156       5818       5160       4050       4049       5159
             3369       3508       3291       3509       4160       5157       4054       5153       5819
             3370       5157       4054       5153       5819       5158       4055       5154       5820
             3371       5158       4055       5154       5820       4051       3345       4050       5160
             3372       4161       4159       3352       3351       5821       5817       5151       5149
             3373       5821       5817       5151       5149       5822       5818       5152       5150
             3374       5822       5818       5152       5150       5161       5159       4048       4047
             3375       4162       4160       4159       4161       5823       5819       5817       5821
             3376       5823       5819       5817       5821       5824       5820       5818       5822
             3377       5824       5820       5818       5822       5162       5160       5159       5161
             3378       3292       3508       4160       4162       4017       5157       5819       5823
             3379       4017       5157       5819       5823       4018       5158       5820       5824
             3380       4018       5158       5820       5824       3337       4051       5160       5162
             3381       4163       4161       3351       3350       5825       5821       5149       5147
             3382       5825       5821       5149       5147       5826       5822       5150       5148
             3383       5826       5822       5150       5148       5163       5161       4047       4046
             3384       4164       4162       4161       4163       5827       5823       5821       5825
             3385       5827       5823       5821       5825       5828       5824       5822       5826
             3386       5828       5824       5822       5826       5164       5162       5161       5163
             3387       3505       3292       4162       4164       5095       4017       5823       5827
             3388       5095       4017       5823       5827       5096       4018       5824       5828
             3389       5096       4018       5824       5828       4010       3337       5162       5164
             3390       3507       4163       3350       3273       5129       5825       5147       4042
             3391       5129       5825       5147       4042       5130       5826       5148       4043
             3392       5130       5826       5148       4043       4036       5163       4046       3342
             3393       3506       4164       4163       3507       5127       5827       5825       5129
             3394       5127       5827       5825       5129       5128       5828       5826       5130
             3395       5128       5828       5826       5130       4035       5164       5163       4036
             3396       3288       3505       4164       3506       4015       5095       5827       5127
             3397       4015       5095       5827       5127       4016       5096       5828       5128
             3398       4016       5096       5828       5128       3336       4010       5164       4035
             3399       3287       3567       4165       3566       4013       5165       5829       5099
             3400       4013       5165       5829       5099       4014       5166       5830       5100
             3401       4014       5166       5830       5100       3335       4056       5171       4012
             3402       3567       3275       3568       4165       5165       4059       5167       5829
             3403       5165       4059       5167       5829       5166       4060       5168       5830
             3404       5166       4060       5168       5830       4056       3346       4057       5171
             3405       3566       4165       4166       3565       5099       5829       5831       5097
             3406       5099       5829       5831       5097       5100       5830       5832       5098
             3407       5100       5830       5832       5098       4012       5171       5172       4011
             3408       4165       3568       3569       4166       5829       5167       5169       5831
             3409       5829       5167       5169       5831       5830       5168       5170       5832
             3410       5830       5168       5170       5832       5171       4057       4058       5172
             3411       3565       4166       3508       3292       5097       5831       5157       4017
             3412       5097       5831       5157       4017       5098       5832       5158       4018
             3413       5098       5832       5158       4018       4011       5172       4051       3337
             3414       4166       3569       3291       3508       5831       5169       4054       5157
             3415       5831       5169       4054       5157       5832       5170       4055       5158
             3416       5832       5170       4055       5158       5172       4058       3345       4051
             3417       4167       3568       3275       3570       5833       5167       4059       5191
             3418       5833       5167       4059       5191       5834       5168       4060       5192
             3419       5834       5168       4060       5192       5209       4057       3346       4078
             3420       4168       3569       3568       4167       5835       5169       5167       5833
             3421       5835       5169       5167       5833       5836       5170       5168       5834
             3422       5836       5170       5168       5834       5210       4058       4057       5209
             3423       3533       3291       3569       4168       5173       4054       5169       5835
             3424       5173       4054       5169       5835       5174       4055       5170       5836
             3425       5174       4055       5170       5836       4061       3345       4058       5210
             3426       4169       4167       3570       3571       5837       5833       5191       5193
             3427       5837       5833       5191       5193       5838       5834       5192       5194
             3428       5838       5834       5192       5194       5211       5209       4078       4077
             3429       4170       4168       4167       4169       5839       5835       5833       5837
             3430       5839       5835       5833       5837       5840       5836       5834       5838
             3431       5840       5836       5834       5838       5212       5210       5209       5211
             3432       3534       3533       4168       4170       5175       5173       5835       5839
             3433       5175       5173       5835       5839       5176       5174       5836       5840
             3434       5176       5174       5836       5840       4062       4061       5210       5212
             3435       4171       4169       3571       3572       5841       5837       5193       5195
             3436       5841       5837       5193       5195       5842       5838       5194       5196
             3437       5842       5838       5194       5196       5213       5211       4077       4076
             3438       4172       4170       4169       4171       5843       5839       5837       5841
             3439       5843       5839       5837       5841       5844       5840       5838       5842
             3440       5844       5840       5838       5842       5214       5212       5211       5213
             3441       3535       3534       4170       4172       5177       5175       5839       5843
             3442       5177       5175       5839       5843       5178       5176       5840       5844
             3443       5178       5176       5840       5844       4063       4062       5212       5214
             3444       4173       4171       3572       3573       5845       5841       5195       5197
             3445       5845       5841       5195       5197       5846       5842       5196       5198
             3446       5846       5842       5196       5198       5215       5213       4076       4075
             3447       4174       4172       4171       4173       5847       5843       5841       5845
             3448       5847       5843       5841       5845       5848       5844       5842       5846
             3449       5848       5844       5842       5846       5216       5214       5213       5215
             3450       3536       3535       4172       4174       5179       5177       5843       5847
             3451       5179       5177       5843       5847       5180       5178       5844       5848
             3452       5180       5178       5844       5848       4064       4063       5214       5216
             3453       4175       4173       3573       3574       5849       5845       5197       5199
             3454       5849       5845       5197       5199       5850       5846       5198       5200
             3455       5850       5846       5198       5200       5217       5215       4075       4074
             3456       4176       4174       4173       4175       5851       5847       5845       5849
             3457       5851       5847       5845       5849       5852       5848       5846       5850
             3458       5852       5848       5846       5850       5218       5216       5215       5217
             3459       3537       3536       4174       4176       5181       5179       5847       5851
             3460       5181       5179       5847       5851       5182       5180       5848       5852
             3461       5182       5180       5848       5852       4065       4064       5216       5218
             3462       4177       4175       3574       3575       5853       5849       5199       5201
             3463       5853       5849       5199       5201       5854       5850       5200       5202
             3464       5854       5850       5200       5202       5219       5217       4074       4073
             3465       4178       4176       4175       4177       5855       5851       5849       5853
             3466       5855       5851       5849       5853       5856       5852       5850       5854
             3467       5856       5852       5850       5854       5220       5218       5217       5219
             3468       3538       3537       4176       4178       5183       5181       5851       5855
             3469       5183       5181       5851       5855       5184       5182       5852       5856
             3470       5184       5182       5852       5856       4066       4065       5218       5220
             3471       4179       4177       3575       3576       5857       5853       5201       5203
             3472       5857       5853       5201       5203       5858       5854       5202       5204
             3473       5858       5854       5202       5204       5221       5219       4073       4072
             3474       4180       4178       4177       4179       5859       5855       5853       5857
             3475       5859       5855       5853       5857       5860       5856       5854       5858
             3476       5860       5856       5854       5858       5222       5220       5219       5221
             3477       3539       3538       4178       4180       5185       5183       5855       5859
             3478       5185       5183       5855       5859       5186       5184       5856       5860
             3479       5186       5184       5856       5860       4067       4066       5220       5222
             3480       4181       4179       3576       3577       5861       5857       5203       5205
             3481       5861       5857       5203       5205       5862       5858       5204       5206
             3482       5862       5858       5204       5206       5223       5221       4072       4071
             3483       4182       4180       4179       4181       5863       5859       5857       5861
             3484       5863       5859       5857       5861       5864       5860       5858       5862
             3485       5864       5860       5858       5862       5224       5222       5221       5223
             3486       3540       3539       4180       4182       5187       5185       5859       5863
             3487       5187       5185       5859       5863       5188       5186       5860       5864
             3488       5188       5186       5860       5864       4068       4067       5222       5224
             3489       4183       4181       3577       3578       5865       5861       5205       5207
             3490       5865       5861       5205       5207       5866       5862       5206       5208
             3491       5866       5862       5206       5208       5225       5223       4071       4070
             3492       4184       4182       4181       4183       5867       5863       5861       5865
             3493       5867       5863       5861       5865       5868       5864       5862       5866
             3494       5868       5864       5862       5866       5226       5224       5223       5225
             3495       3541       3540       4182       4184       5189       5187       5863       5867
             3496       5189       5187       5863       5867       5190       5188       5864       5868
             3497       5190       5188       5864       5868       4069       4068       5224       5226
             3498        341       4183       3578          4       1975       5865       5207        847
             3499       1975       5865       5207        847       1976       5866       5208        848
             3500       1976       5866       5208        848        835       5225       4070         98
             3501        342       4184       4183        341       1977       5867       5865       1975
             3502       1977       5867       5865       1975       1978       5868       5866       1976
             3503       1978       5868       5866       1976        834       5226       5225        835
             3504         43       3541       4184        342        845       5189       5867       1977
             3505        845       5189       5867       1977        846       5190       5868       1978
             3506        846       5190       5868       1978         97       4069       5226        834
             3507       4185       3509       3291       3533       5869       5153       4054       5173
             3508       5869       5153       4054       5173       5870       5154       4055       5174
             3509       5870       5154       4055       5174       5245       4050       3345       4061
             3510       4186       3510       3509       4185       5871       5155       5153       5869
             3511       5871       5155       5153       5869       5872       5156       5154       5870
             3512       5872       5156       5154       5870       5246       4049       4050       5245
             3513       3515       3274       3510       4186       5227       4052       5155       5871
             3514       5227       4052       5155       5871       5228       4053       5156       5872
             3515       5228       4053       5156       5872       4079       3344       4049       5246
             3516       4187       4185       3533       3534       5873       5869       5173       5175
             3517       5873       5869       5173       5175       5874       5870       5174       5176
             3518       5874       5870       5174       5176       5247       5245       4061       4062
             3519       4188       4186       4185       4187       5875       5871       5869       5873
             3520       5875       5871       5869       5873       5876       5872       5870       5874
             3521       5876       5872       5870       5874       5248       5246       5245       5247
             3522       3516       3515       4186       4188       5229       5227       5871       5875
             3523       5229       5227       5871       5875       5230       5228       5872       5876
             3524       5230       5228       5872       5876       4080       4079       5246       5248
             3525       4189       4187       3534       3535       5877       5873       5175       5177
             3526       5877       5873       5175       5177       5878       5874       5176       5178
             3527       5878       5874       5176       5178       5249       5247       4062       4063
             3528       4190       4188       4187       4189       5879       5875       5873       5877
             3529       5879       5875       5873       5877       5880       5876       5874       5878
             3530       5880       5876       5874       5878       5250       5248       5247       5249
             3531       3517       3516       4188       4190       5231       5229       5875       5879
             3532       5231       5229       5875       5879       5232       5230       5876       5880
             3533       5232       5230       5876       5880       4081       4080       5248       5250
             3534       4191       4189       3535       3536       5881       5877       5177       5179
             3535       5881       5877       5177       5179       5882       5878       5178       5180
             3536       5882       5878       5178       5180       5251       5249       4063       4064
             3537       4192       4190       4189       4191       5883       5879       5877       5881
             3538       5883       5879       5877       5881       5884       5880       5878       5882
             3539       5884       5880       5878       5882       5252       5250       5249       5251
             3540       3518       3517       4190       4192       5233       5231       5879       5883
             3541       5233       5231       5879       5883       5234       5232       5880       5884
             3542       5234       5232       5880       5884       4082       4081       5250       5252
             3543       4193       4191       3536       3537       5885       5881       5179       5181
             3544       5885       5881       5179       5181       5886       5882       5180       5182
             3545       5886       5882       5180       5182       5253       5251       4064       4065
             3546       4194       4192       4191       4193       5887       5883       5881       5885
             3547       5887       5883       5881       5885       5888       5884       5882       5886
             3548       5888       5884       5882       5886       5254       5252       5251       5253
             3549       3519       3518       4192       4194       5235       5233       5883       5887
             3550       5235       5233       5883       5887       5236       5234       5884       5888
             3551       5236       5234       5884       5888       4083       4082       5252       5254
             3552       4195       4193       3537       3538       5889       5885       5181       5183
             3553       5889       5885       5181       5183       5890       5886       5182       5184
             3554       5890       5886       5182       5184       5255       5253       4065       4066
             3555       4196       4194       4193       4195       5891       5887       5885       5889
             3556       5891       5887       5885       5889       5892       5888       5886       5890
             3557       5892       5888       5886       5890       5256       5254       5253       5255
             3558       3520       3519       4194       4196       5237       5235       5887       5891
             3559       5237       5235       5887       5891       5238       5236       5888       5892
             3560       5238       5236       5888       5892       4084       4083       5254       5256
             3561       4197       4195       3538       3539       5893       5889       5183       5185
             3562       5893       5889       5183       5185       5894       5890       5184       5186
             3563       5894       5890       5184       5186       5257       5255       4066       4067
             3564       4198       4196       4195       4197       5895       5891       5889       5893
             3565       5895       5891       5889       5893       5896       5892       5890       5894
             3566       5896       5892       5890       5894       5258       5256       5255       5257
             3567       3521       3520       4196       4198       5239       5237       5891       5895
             3568       5239       5237       5891       5895       5240       5238       5892       5896
             3569       5240       5238       5892       5896       4085       4084       5256       5258
             3570       4199       4197       3539       3540       5897       5893       5185       5187
             3571       5897       5893       5185       5187       5898       5894       5186       5188
             3572       5898       5894       5186       5188       5259       5257       4067       4068
             3573       4200       4198       4197       4199       5899       5895       5893       5897
             3574       5899       5895       5893       5897       5900       5896       5894       5898
             3575       5900       5896       5894       5898       5260       5258       5257       5259
             3576       3522       3521       4198       4200       5241       5239       5895       5899
             3577       5241       5239       5895       5899       5242       5240       5896       5900
             3578       5242       5240       5896       5900       4086       4085       5258       5260
             3579       4201       4199       3540       3541       5901       5897       5187       5189
             3580       5901       5897       5187       5189       5902       5898       5188       5190
             3581       5902       5898       5188       5190       5261       5259       4068       4069
             3582       4202       4200       4199       4201       5903       5899       5897       5901
             3583       5903       5899       5897       5901       5904       5900       5898       5902
             3584       5904       5900       5898       5902       5262       5260       5259       5261
             3585       3523       3522       4200       4202       5243       5241       5899       5903
             3586       5243       5241       5899       5903       5244       5242       5900       5904
             3587       5244       5242       5900       5904       4087       4086       5260       5262
             3588        298       4201       3541         43       2033       5901       5189        845
             3589       2033       5901       5189        845       2034       5902       5190        846
             3590       2034       5902       5190        846        859       5261       4069         97
             3591        299       4202       4201        298       2035       5903       5901       2033
             3592       2035       5903       5901       2033       2036       5904       5902       2034
             3593       2036       5904       5902       2034        858       5262       5261        859
             3594         22       3523       4202        299        860       5243       5903       2035
             3595        860       5243       5903       2035        861       5244       5904       2036
             3596        861       5244       5904       2036         99       4087       5262        858
             3597       4115       3511       3272       3524       5905       5137       4044       5263
             3598       5905       5137       4044       5263       5906       5138       4045       5264
             3599       5906       5138       4045       5264       5299       4040       3343       4088
             3600       4116       3512       3511       4115       5907       5139       5137       5905
             3601       5907       5139       5137       5905       5908       5140       5138       5906
             3602       5908       5140       5138       5906       5300       4041       4040       5299
             3603       3550       3290       3512       4116       5297       4031       5139       5907
             3604       5297       4031       5139       5907       5298       4032       5140       5908
             3605       5298       4032       5140       5908       4105       3340       4041       5300
             3606       4117       4115       3524       3525       5909       5905       5263       5265
             3607       5909       5905       5263       5265       5910       5906       5264       5266
             3608       5910       5906       5264       5266       5301       5299       4088       4089
             3609       4118       4116       4115       4117       5911       5907       5905       5909
             3610       5911       5907       5905       5909       5912       5908       5906       5910
             3611       5912       5908       5906       5910       5302       5300       5299       5301
             3612       3549       3550       4116       4118       5295       5297       5907       5911
             3613       5295       5297       5907       5911       5296       5298       5908       5912
             3614       5296       5298       5908       5912       4104       4105       5300       5302
             3615       4119       4117       3525       3526       5913       5909       5265       5267
             3616       5913       5909       5265       5267       5914       5910       5266       5268
             3617       5914       5910       5266       5268       5303       5301       4089       4090
             3618       4120       4118       4117       4119       5915       5911       5909       5913
             3619       5915       5911       5909       5913       5916       5912       5910       5914
             3620       5916       5912       5910       5914       5304       5302       5301       5303
             3621       3548       3549       4118       4120       5293       5295       5911       5915
             3622       5293       5295       5911       5915       5294       5296       5912       5916
             3623       5294       5296       5912       5916       4103       4104       5302       5304
             3624       4121       4119       3526       3527       5917       5913       5267       5269
             3625       5917       5913       5267       5269       5918       5914       5268       5270
             3626       5918       5914       5268       5270       5305       5303       4090       4091
             3627       4122       4120       4119       4121       5919       5915       5913       5917
             3628       5919       5915       5913       5917       5920       5916       5914       5918
             3629       5920       5916       5914       5918       5306       5304       5303       5305
             3630       3547       3548       4120       4122       5291       5293       5915       5919
             3631       5291       5293       5915       5919       5292       5294       5916       5920
             3632       5292       5294       5916       5920       4102       4103       5304       5306
             3633       4123       4121       3527       3528       5921       5917       5269       5271
             3634       5921       5917       5269       5271       5922       5918       5270       5272
             3635       5922       5918       5270       5272       5307       5305       4091       4092
             3636       4124       4122       4121       4123       5923       5919       5917       5921
             3637       5923       5919       5917       5921       5924       5920       5918       5922
             3638       5924       5920       5918       5922       5308       5306       5305       5307
             3639       3546       3547       4122       4124       5289       5291       5919       5923
             3640       5289       5291       5919       5923       5290       5292       5920       5924
             3641       5290       5292       5920       5924       4101       4102       5306       5308
             3642       4125       4123       3528       3529       5925       5921       5271       5273
             3643       5925       5921       5271       5273       5926       5922       5272       5274
             3644       5926       5922       5272       5274       5309       5307       4092       4093
             3645       4126       4124       4123       4125       5927       5923       5921       5925
             3646       5927       5923       5921       5925       5928       5924       5922       5926
             3647       5928       5924       5922       5926       5310       5308       5307       5309
             3648       3545       3546       4124       4126       5287       5289       5923       5927
             3649       5287       5289       5923       5927       5288       5290       5924       5928
             3650       5288       5290       5924       5928       4100       4101       5308       5310
             3651       4127       4125       3529       3530       5929       5925       5273       5275
             3652       5929       5925       5273       5275       5930       5926       5274       5276
             3653       5930       5926       5274       5276       5311       5309       4093       4094
             3654       4128       4126       4125       4127       5931       5927       5925       5929
             3655       5931       5927       5925       5929       5932       5928       5926       5930
             3656       5932       5928       5926       5930       5312       5310       5309       5311
             3657       3544       3545       4126       4128       5285       5287       5927       5931
             3658       5285       5287       5927       5931       5286       5288       5928       5932
             3659       5286       5288       5928       5932       4099       4100       5310       5312
             3660       4129       4127       3530       3531       5933       5929       5275       5277
             3661       5933       5929       5275       5277       5934       5930       5276       5278
             3662       5934       5930       5276       5278       5313       5311       4094       4095
             3663       4130       4128       4127       4129       5935       5931       5929       5933
             3664       5935       5931       5929       5933       5936       5932       5930       5934
             3665       5936       5932       5930       5934       5314       5312       5311       5313
             3666       3543       3544       4128       4130       5283       5285       5931       5935
             3667       5283       5285       5931       5935       5284       5286       5932       5936
             3668       5284       5286       5932       5936       4098       4099       5312       5314
             3669       4131       4129       3531       3532       5937       5933       5277       5279
             3670       5937       5933       5277       5279       5938       5934       5278       5280
             3671       5938       5934       5278       5280       5315       5313       4095       4096
             3672       4132       4130       4129       4131       5939       5935       5933       5937
             3673       5939       5935       5933       5937       5940       5936       5934       5938
             3674       5940       5936       5934       5938       5316       5314       5313       5315
             3675       3542       3543       4130       4132       5281       5283       5935       5939
             3676       5281       5283       5935       5939       5282       5284       5936       5940
             3677       5282       5284       5936       5940       4097       4098       5314       5316
             3678        300       4131       3532         21       2073       5937       5279        882
             3679       2073       5937       5279        882       2074       5938       5280        883
             3680       2074       5938       5280        883        871       5315       4096        100
             3681        301       4132       4131        300       2075       5939       5937       2073
             3682       2075       5939       5937       2073       2076       5940       5938       2074
             3683       2076       5940       5938       2074        872       5316       5315        871
             3684         42       3542       4132        301        884       5281       5939       2075
             3685        884       5281       5939       2075        885       5282       5940       2076
             3686        885       5282       5940       2076        101       4097       5316        872
             3687       4133       3551       3290       3550       5941       5117       4031       5297
             3688       5941       5117       4031       5297       5942       5118       4032       5298
             3689       5942       5118       4032       5298       5335       4027       3340       4105
             3690       4134       3552       3551       4133       5943       5119       5117       5941
             3691       5943       5119       5117       5941       5944       5120       5118       5942
             3692       5944       5120       5118       5942       5336       4028       4027       5335
             3693       3553       3276       3552       4134       5317       4033       5119       5943
             3694       5317       4033       5119       5943       5318       4034       5120       5944
             3695       5318       4034       5120       5944       4106       3341       4028       5336
             3696       4135       4133       3550       3549       5945       5941       5297       5295
             3697       5945       5941       5297       5295       5946       5942       5298       5296
             3698       5946       5942       5298       5296       5337       5335       4105       4104
             3699       4136       4134       4133       4135       5947       5943       5941       5945
             3700       5947       5943       5941       5945       5948       5944       5942       5946
             3701       5948       5944       5942       5946       5338       5336       5335       5337
             3702       3554       3553       4134       4136       5319       5317       5943       5947
             3703       5319       5317       5943       5947       5320       5318       5944       5948
             3704       5320       5318       5944       5948       4107       4106       5336       5338
             3705       4137       4135       3549       3548       5949       5945       5295       5293
             3706       5949       5945       5295       5293       5950       5946       5296       5294
             3707       5950       5946       5296       5294       5339       5337       4104       4103
             3708       4138       4136       4135       4137       5951       5947       5945       5949
             3709       5951       5947       5945       5949       5952       5948       5946       5950
             3710       5952       5948       5946       5950       5340       5338       5337       5339
             3711       3555       3554       4136       4138       5321       5319       5947       5951
             3712       5321       5319       5947       5951       5322       5320       5948       5952
             3713       5322       5320       5948       5952       4108       4107       5338       5340
             3714       4139       4137       3548       3547       5953       5949       5293       5291
             3715       5953       5949       5293       5291       5954       5950       5294       5292
             3716       5954       5950       5294       5292       5341       5339       4103       4102
             3717       4140       4138       4137       4139       5955       5951       5949       5953
             3718       5955       5951       5949       5953       5956       5952       5950       5954
             3719       5956       5952       5950       5954       5342       5340       5339       5341
             3720       3556       3555       4138       4140       5323       5321       5951       5955
             3721       5323       5321       5951       5955       5324       5322       5952       5956
             3722       5324       5322       5952       5956       4109       4108       5340       5342
             3723       4141       4139       3547       3546       5957       5953       5291       5289
             3724       5957       5953       5291       5289       5958       5954       5292       5290
             3725       5958       5954       5292       5290       5343       5341       4102       4101
             3726       4142       4140       4139       4141       5959       5955       5953       5957
             3727       5959       5955       5953       5957       5960       5956       5954       5958
             3728       5960       5956       5954       5958       5344       5342       5341       5343
             3729       3557       3556       4140       4142       5325       5323       5955       5959
             3730       5325       5323       5955       5959       5326       5324       5956       5960
             3731       5326       5324       5956       5960       4110       4109       5342       5344
             3732       4143       4141       3546       3545       5961       5957       5289       5287
             3733       5961       5957       5289       5287       5962       5958       5290       5288
             3734       5962       5958       5290       5288       5345       5343       4101       4100
             3735       4144       4142       4141       4143       5963       5959       5957       5961
             3736       5963       5959       5957       5961       5964       5960       5958       5962
             3737       5964       5960       5958       5962       5346       5344       5343       5345
             3738       3558       3557       4142       4144       5327       5325       5959       5963
             3739       5327       5325       5959       5963       5328       5326       5960       5964
             3740       5328       5326       5960       5964       4111       4110       5344       5346
             3741       4145       4143       3545       3544       5965       5961       5287       5285
             3742       5965       5961       5287       5285       5966       5962       5288       5286
             3743       5966       5962       5288       5286       5347       5345       4100       4099
             3744       4146       4144       4143       4145       5967       5963       5961       5965
             3745       5967       5963       5961       5965       5968       5964       5962       5966
             3746       5968       5964       5962       5966       5348       5346       5345       5347
             3747       3559       3558       4144       4146       5329       5327       5963       5967
             3748       5329       5327       5963       5967       5330       5328       5964       5968
             3749       5330       5328       5964       5968       4112       4111       5346       5348
             3750       4147       4145       3544       3543       5969       5965       5285       5283
             3751       5969       5965       5285       5283       5970       5966       5286       5284
             3752       5970       5966       5286       5284       5349       5347       4099       4098
             3753       4148       4146       4145       4147       5971       5967       5965       5969
             3754       5971       5967       5965       5969       5972       5968       5966       5970
             3755       5972       5968       5966       5970       5350       5348       5347       5349
             3756       3560       3559       4146       4148       5331       5329       5967       5971
             3757       5331       5329       5967       5971       5332       5330       5968       5972
             3758       5332       5330       5968       5972       4113       4112       5348       5350
             3759       4149       4147       3543       3542       5973       5969       5283       5281
             3760       5973       5969       5283       5281       5974       5970       5284       5282
             3761       5974       5970       5284       5282       5351       5349       4098       4097
             3762       4150       4148       4147       4149       5975       5971       5969       5973
             3763       5975       5971       5969       5973       5976       5972       5970       5974
             3764       5976       5972       5970       5974       5352       5350       5349       5351
             3765       3561       3560       4148       4150       5333       5331       5971       5975
             3766       5333       5331       5971       5975       5334       5332       5972       5976
             3767       5334       5332       5972       5976       4114       4113       5350       5352
             3768        323       4149       3542         42       2133       5973       5281        884
             3769       2133       5973       5281        884       2134       5974       5282        885
             3770       2134       5974       5282        885        896       5351       4097        101
             3771        322       4150       4149        323       2131       5975       5973       2133
             3772       2131       5975       5973       2133       2132       5976       5974       2134
             3773       2132       5976       5974       2134        895       5352       5351        896
             3774          5       3561       4150        322        897       5333       5975       2131
             3775        897       5333       5975       2131        898       5334       5976       2132
             3776        898       5334       5976       2132        102       4114       5352        895
             3777       3306       3681       4283       3680       5977       5980       5979       5978
             3778       3680       4283       4284       3679       5978       5979       5982       5981
             3779       3679       4284       4285       3678       5981       5982       5984       5983
             3780       3678       4285       4286       3677       5983       5984       5986       5985
             3781       3677       4286       4287       3676       5985       5986       5988       5987
             3782       3676       4287       4288       3675       5987       5988       5990       5989
             3783       3675       4288       4289       3674       5989       5990       5992       5991
             3784       3674       4289       4290       3673       5991       5992       5994       5993
             3785       3673       4290       4291       3672       5993       5994       5996       5995
             3786       3672       4291       3671       3309       5995       5996       5998       5997
             3787       3681       3263       3662       4283       5980       3959       4985       5979
             3788       4283       3662       3663       4284       5979       4985       4987       5982
             3789       4284       3663       3664       4285       5982       4987       4989       5984
             3790       4285       3664       3665       4286       5984       4989       4991       5986
             3791       4286       3665       3666       4287       5986       4991       4993       5988
             3792       4287       3666       3667       4288       5988       4993       4995       5990
             3793       4288       3667       3668       4289       5990       4995       4997       5992
             3794       4289       3668       3669       4290       5992       4997       4999       5994
             3795       4290       3669       3670       4291       5994       4999       5001       5996
             3796       4291       3670       3262       3671       5996       5001       3983       5998
             3797       3265       3691       4292       3690       3939       6000       5999       5062
             3798       3690       4292       4293       3689       5062       5999       6001       5060
             3799       3689       4293       4294       3688       5060       6001       6002       5058
             3800       3688       4294       4295       3687       5058       6002       6003       5056
             3801       3687       4295       4296       3686       5056       6003       6004       5054
             3802       3686       4296       4297       3685       5054       6004       6005       5052
             3803       3685       4297       4298       3684       5052       6005       6006       5050
             3804       3684       4298       4299       3683       5050       6006       6007       5048
             3805       3683       4299       4300       3682       5048       6007       6008       5046
             3806       3682       4300       3671       3262       5046       6008       5998       3983
             3807       3691       3308       3692       4292       6000       6010       6009       5999
             3808       4292       3692       3693       4293       5999       6009       6011       6001
             3809       4293       3693       3694       4294       6001       6011       6012       6002
             3810       4294       3694       3695       4295       6002       6012       6013       6003
             3811       4295       3695       3696       4296       6003       6013       6014       6004
             3812       4296       3696       3697       4297       6004       6014       6015       6005
             3813       4297       3697       3698       4298       6005       6015       6016       6006
             3814       4298       3698       3699       4299       6006       6016       6017       6007
             3815       4299       3699       3700       4300       6007       6017       6018       6008
             3816       4300       3700       3309       3671       6008       6018       5997       5998
             3817       3265       3701       4301       3691       3939       4845       6019       6000
             3818       3691       4301       3719       3308       6000       6019       6020       6010
             3819       3701       3702       4302       4301       4845       4847       6021       6019
             3820       4301       4302       3718       3719       6019       6021       6022       6020
             3821       3702       3703       4303       4302       4847       4849       6023       6021
             3822       4302       4303       3717       3718       6021       6023       6024       6022
             3823       3703       3704       4304       4303       4849       4851       6025       6023
             3824       4303       4304       3716       3717       6023       6025       6026       6024
             3825       3704       3705       4305       4304       4851       4853       6027       6025
             3826       4304       4305       3715       3716       6025       6027       6028       6026
             3827       3705       3706       4306       4305       4853       4855       6029       6027
             3828       4305       4306       3714       3715       6027       6029       6030       6028
             3829       3706       3707       4307       4306       4855       4857       6031       6029
             3830       4306       4307       3713       3714       6029       6031       6032       6030
             3831       3707       3708       4308       4307       4857       4859       6033       6031
             3832       4307       4308       3712       3713       6031       6033       6034       6032
             3833       3708       3709       4309       4308       4859       4861       6035       6033
             3834       4308       4309       3711       3712       6033       6035       6036       6034
             3835       3709       3264       3710       4309       4861       3937       6037       6035
             3836       4309       3710       3307       3711       6035       6037       6038       6036
             3837       3307       3710       4310       3737       6038       6037       6040       6039
             3838       3737       4310       4311       3736       6039       6040       6042       6041
             3839       3736       4311       4312       3735       6041       6042       6044       6043
             3840       3735       4312       4313       3734       6043       6044       6046       6045
             3841       3734       4313       4314       3733       6045       6046       6048       6047
             3842       3733       4314       4315       3732       6047       6048       6050       6049
             3843       3732       4315       4316       3731       6049       6050       6052       6051
             3844       3731       4316       4317       3730       6051       6052       6054       6053
             3845       3730       4317       4318       3729       6053       6054       6056       6055
             3846       3729       4318       3681       3306       6055       6056       5980       5977
             3847       3710       3264       3720       4310       6037       3937       4904       6040
             3848       4310       3720       3721       4311       6040       4904       4906       6042
             3849       4311       3721       3722       4312       6042       4906       4908       6044
             3850       4312       3722       3723       4313       6044       4908       4910       6046
             3851       4313       3723       3724       4314       6046       4910       4912       6048
             3852       4314       3724       3725       4315       6048       4912       4914       6050
             3853       4315       3725       3726       4316       6050       4914       4916       6052
             3854       4316       3726       3727       4317       6052       4916       4918       6054
             3855       4317       3727       3728       4318       6054       4918       4920       6056
             3856       4318       3728       3263       3681       6056       4920       3959       5980
             3857       3305       3757       4319       3756       6057       6060       6059       6058
             3858       3756       4319       4320       3755       6058       6059       6062       6061
             3859       3755       4320       4321       3754       6061       6062       6064       6063
             3860       3754       4321       4322       3753       6063       6064       6066       6065
             3861       3753       4322       4323       3752       6065       6066       6068       6067
             3862       3752       4323       4324       3751       6067       6068       6070       6069
             3863       3751       4324       4325       3750       6069       6070       6072       6071
             3864       3750       4325       4326       3749       6071       6072       6074       6073
             3865       3749       4326       4327       3748       6073       6074       6076       6075
             3866       3748       4327       3747       3304       6075       6076       6078       6077
             3867       3757       3294       3738       4319       6060       3869       4711       6059
             3868       4319       3738       3739       4320       6059       4711       4713       6062
             3869       4320       3739       3740       4321       6062       4713       4715       6064
             3870       4321       3740       3741       4322       6064       4715       4717       6066
             3871       4322       3741       3742       4323       6066       4717       4719       6068
             3872       4323       3742       3743       4324       6068       4719       4721       6070
             3873       4324       3743       3744       4325       6070       4721       4723       6072
             3874       4325       3744       3745       4326       6072       4723       4725       6074
             3875       4326       3745       3746       4327       6074       4725       4727       6076
             3876       4327       3746       3260       3747       6076       4727       3893       6078
             3877       3295       3767       4328       3766       3843       6080       6079       4810
             3878       3766       4328       4329       3765       4810       6079       6081       4808
             3879       3765       4329       4330       3764       4808       6081       6082       4806
             3880       3764       4330       4331       3763       4806       6082       6083       4804
             3881       3763       4331       4332       3762       4804       6083       6084       4802
             3882       3762       4332       4333       3761       4802       6084       6085       4800
             3883       3761       4333       4334       3760       4800       6085       6086       4798
             3884       3760       4334       4335       3759       4798       6086       6087       4796
             3885       3759       4335       4336       3758       4796       6087       6088       4794
             3886       3758       4336       3747       3260       4794       6088       6078       3893
             3887       3767       3303       3768       4328       6080       6090       6089       6079
             3888       4328       3768       3769       4329       6079       6089       6091       6081
             3889       4329       3769       3770       4330       6081       6091       6092       6082
             3890       4330       3770       3771       4331       6082       6092       6093       6083
             3891       4331       3771       3772       4332       6083       6093       6094       6084
             3892       4332       3772       3773       4333       6084       6094       6095       6085
             3893       4333       3773       3774       4334       6085       6095       6096       6086
             3894       4334       3774       3775       4335       6086       6096       6097       6087
             3895       4335       3775       3776       4336       6087       6097       6098       6088
             3896       4336       3776       3304       3747       6088       6098       6077       6078
             3897       4337       3767       3295       3777       6099       6080       3843       4585
             3898       4338       4337       3777       3778       6100       6099       4585       4587
             3899       4339       4338       3778       3779       6101       6100       4587       4589
             3900       4340       4339       3779       3780       6102       6101       4589       4591
             3901       4341       4340       3780       3781       6103       6102       4591       4593
             3902       4342       4341       3781       3782       6104       6103       4593       4595
             3903       4343       4342       3782       3783       6105       6104       4595       4597
             3904       4344       4343       3783       3784       6106       6105       4597       4599
             3905       4345       4344       3784       3785       6107       6106       4599       4601
             3906       3786       4345       3785       3266       6108       6107       4601       3841
             3907       3795       3303       3767       4337       6109       6090       6080       6099
             3908       3794       3795       4337       4338       6110       6109       6099       6100
             3909       3793       3794       4338       4339       6111       6110       6100       6101
             3910       3792       3793       4339       4340       6112       6111       6101       6102
             3911       3791       3792       4340       4341       6113       6112       6102       6103
             3912       3790       3791       4341       4342       6114       6113       6103       6104
             3913       3789       3790       4342       4343       6115       6114       6104       6105
             3914       3788       3789       4343       4344       6116       6115       6105       6106
             3915       3787       3788       4344       4345       6117       6116       6106       6107
             3916       3302       3787       4345       3786       6118       6117       6107       6108
             3917       3302       3786       4346       3796       6118       6108       6120       6119
             3918       3796       4346       4347       3797       6119       6120       6122       6121
             3919       3797       4347       4348       3798       6121       6122       6124       6123
             3920       3798       4348       4349       3799       6123       6124       6126       6125
             3921       3799       4349       4350       3800       6125       6126       6128       6127
             3922       3800       4350       4351       3801       6127       6128       6130       6129
             3923       3801       4351       4352       3802       6129       6130       6132       6131
             3924       3802       4352       4353       3803       6131       6132       6134       6133
             3925       3803       4353       4354       3804       6133       6134       6136       6135
             3926       3804       4354       3757       3305       6135       6136       6060       6057
             3927       3786       3266       3813       4346       6108       3841       4666       6120
             3928       4346       3813       3812       4347       6120       4666       4664       6122
             3929       4347       3812       3811       4348       6122       4664       4662       6124
             3930       4348       3811       3810       4349       6124       4662       4660       6126
             3931       4349       3810       3809       4350       6126       4660       4658       6128
             3932       4350       3809       3808       4351       6128       4658       4656       6130
             3933       4351       3808       3807       4352       6130       4656       4654       6132
             3934       4352       3807       3806       4353       6132       4654       4652       6134
             3935       4353       3806       3805       4354       6134       4652       4650       6136
             3936       4354       3805       3294       3757       6136       4650       3869       6060
             3937       5977       5980       5979       5978       6137       6140       6139       6138
             3938       5978       5979       5982       5981       6138       6139       6142       6141
             3939       5981       5982       5984       5983       6141       6142       6144       6143
             3940       5983       5984       5986       5985       6143       6144       6146       6145
             3941       5985       5986       5988       5987       6145       6146       6148       6147
             3942       5987       5988       5990       5989       6147       6148       6150       6149
             3943       5989       5990       5992       5991       6149       6150       6152       6151
             3944       5991       5992       5994       5993       6151       6152       6154       6153
             3945       5993       5994       5996       5995       6153       6154       6156       6155
             3946       5995       5996       5998       5997       6155       6156       6158       6157
             3947       5980       3959       4985       5979       6140       3960       4986       6139
             3948       5979       4985       4987       5982       6139       4986       4988       6142
             3949       5982       4987       4989       5984       6142       4988       4990       6144
             3950       5984       4989       4991       5986       6144       4990       4992       6146
             3951       5986       4991       4993       5988       6146       4992       4994       6148
             3952       5988       4993       4995       5990       6148       4994       4996       6150
             3953       5990       4995       4997       5992       6150       4996       4998       6152
             3954       5992       4997       4999       5994       6152       4998       5000       6154
             3955       5994       4999       5001       5996       6154       5000       5002       6156
             3956       5996       5001       3983       5998       6156       5002       3984       6158
             3957       3939       6000       5999       5062       3940       6160       6159       5063
             3958       5062       5999       6001       5060       5063       6159       6161       5061
             3959       5060       6001       6002       5058       5061       6161       6162       5059
             3960       5058       6002       6003       5056       5059       6162       6163       5057
             3961       5056       6003       6004       5054       5057       6163       6164       5055
             3962       5054       6004       6005       5052       5055       6164       6165       5053
             3963       5052       6005       6006       5050       5053       6165       6166       5051
             3964       5050       6006       6007       5048       5051       6166       6167       5049
             3965       5048       6007       6008       5046       5049       6167       6168       5047
             3966       5046       6008       5998       3983       5047       6168       6158       3984
             3967       6000       6010       6009       5999       6160       6170       6169       6159
             3968       5999       6009       6011       6001       6159       6169       6171       6161
             3969       6001       6011       6012       6002       6161       6171       6172       6162
             3970       6002       6012       6013       6003       6162       6172       6173       6163
             3971       6003       6013       6014       6004       6163       6173       6174       6164
             3972       6004       6014       6015       6005       6164       6174       6175       6165
             3973       6005       6015       6016       6006       6165       6175       6176       6166
             3974       6006       6016       6017       6007       6166       6176       6177       6167
             3975       6007       6017       6018       6008       6167       6177       6178       6168
             3976       6008       6018       5997       5998       6168       6178       6157       6158
             3977       3939       4845       6019       6000       3940       4846       6179       6160
             3978       6000       6019       6020       6010       6160       6179       6180       6170
             3979       4845       4847       6021       6019       4846       4848       6181       6179
             3980       6019       6021       6022       6020       6179       6181       6182       6180
             3981       4847       4849       6023       6021       4848       4850       6183       6181
             3982       6021       6023       6024       6022       6181       6183       6184       6182
             3983       4849       4851       6025       6023       4850       4852       6185       6183
             3984       6023       6025       6026       6024       6183       6185       6186       6184
             3985       4851       4853       6027       6025       4852       4854       6187       6185
             3986       6025       6027       6028       6026       6185       6187       6188       6186
             3987       4853       4855       6029       6027       4854       4856       6189       6187
             3988       6027       6029       6030       6028       6187       6189       6190       6188
             3989       4855       4857       6031       6029       4856       4858       6191       6189
             3990       6029       6031       6032       6030       6189       6191       6192       6190
             3991       4857       4859       6033       6031       4858       4860       6193       6191
             3992       6031       6033       6034       6032       6191       6193       6194       6192
             3993       4859       4861       6035       6033       4860       4862       6195       6193
             3994       6033       6035       6036       6034       6193       6195       6196       6194
             3995       4861       3937       6037       6035       4862       3938       6197       6195
             3996       6035       6037       6038       6036       6195       6197       6198       6196
             3997       6038       6037       6040       6039       6198       6197       6200       6199
             3998       6039       6040       6042       6041       6199       6200       6202       6201
             3999       6041       6042       6044       6043       6201       6202       6204       6203
             4000       6043       6044       6046       6045       6203       6204       6206       6205
             4001       6045       6046       6048       6047       6205       6206       6208       6207
             4002       6047       6048       6050       6049       6207       6208       6210       6209
             4003       6049       6050       6052       6051       6209       6210       6212       6211
             4004       6051       6052       6054       6053       6211       6212       6214       6213
             4005       6053       6054       6056       6055       6213       6214       6216       6215
             4006       6055       6056       5980       5977       6215       6216       6140       6137
             4007       6037       3937       4904       6040       6197       3938       4905       6200
             4008       6040       4904       4906       6042       6200       4905       4907       6202
             4009       6042       4906       4908       6044       6202       4907       4909       6204
             4010       6044       4908       4910       6046       6204       4909       4911       6206
             4011       6046       4910       4912       6048       6206       4911       4913       6208
             4012       6048       4912       4914       6050       6208       4913       4915       6210
             4013       6050       4914       4916       6052       6210       4915       4917       6212
             4014       6052       4916       4918       6054       6212       4917       4919       6214
             4015       6054       4918       4920       6056       6214       4919       4921       6216
             4016       6056       4920       3959       5980       6216       4921       3960       6140
             4017       6057       6060       6059       6058       6217       6220       6219       6218
             4018       6058       6059       6062       6061       6218       6219       6222       6221
             4019       6061       6062       6064       6063       6221       6222       6224       6223
             4020       6063       6064       6066       6065       6223       6224       6226       6225
             4021       6065       6066       6068       6067       6225       6226       6228       6227
             4022       6067       6068       6070       6069       6227       6228       6230       6229
             4023       6069       6070       6072       6071       6229       6230       6232       6231
             4024       6071       6072       6074       6073       6231       6232       6234       6233
             4025       6073       6074       6076       6075       6233       6234       6236       6235
             4026       6075       6076       6078       6077       6235       6236       6238       6237
             4027       6060       3869       4711       6059       6220       3870       4712       6219
             4028       6059       4711       4713       6062       6219       4712       4714       6222
             4029       6062       4713       4715       6064       6222       4714       4716       6224
             4030       6064       4715       4717       6066       6224       4716       4718       6226
             4031       6066       4717       4719       6068       6226       4718       4720       6228
             4032       6068       4719       4721       6070       6228       4720       4722       6230
             4033       6070       4721       4723       6072       6230       4722       4724       6232
             4034       6072       4723       4725       6074       6232       4724       4726       6234
             4035       6074       4725       4727       6076       6234       4726       4728       6236
             4036       6076       4727       3893       6078       6236       4728       3894       6238
             4037       3843       6080       6079       4810       3844       6240       6239       4811
             4038       4810       6079       6081       4808       4811       6239       6241       4809
             4039       4808       6081       6082       4806       4809       6241       6242       4807
             4040       4806       6082       6083       4804       4807       6242       6243       4805
             4041       4804       6083       6084       4802       4805       6243       6244       4803
             4042       4802       6084       6085       4800       4803       6244       6245       4801
             4043       4800       6085       6086       4798       4801       6245       6246       4799
             4044       4798       6086       6087       4796       4799       6246       6247       4797
             4045       4796       6087       6088       4794       4797       6247       6248       4795
             4046       4794       6088       6078       3893       4795       6248       6238       3894
             4047       6080       6090       6089       6079       6240       6250       6249       6239
             4048       6079       6089       6091       6081       6239       6249       6251       6241
             4049       6081       6091       6092       6082       6241       6251       6252       6242
             4050       6082       6092       6093       6083       6242       6252       6253       6243
             4051       6083       6093       6094       6084       6243       6253       6254       6244
             4052       6084       6094       6095       6085       6244       6254       6255       6245
             4053       6085       6095       6096       6086       6245       6255       6256       6246
             4054       6086       6096       6097       6087       6246       6256       6257       6247
             4055       6087       6097       6098       6088       6247       6257       6258       6248
             4056       6088       6098       6077       6078       6248       6258       6237       6238
             4057       6099       6080       3843       4585       6259       6240       3844       4586
             4058       6100       6099       4585       4587       6260       6259       4586       4588
             4059       6101       6100       4587       4589       6261       6260       4588       4590
             4060       6102       6101       4589       4591       6262       6261       4590       4592
             4061       6103       6102       4591       4593       6263       6262       4592       4594
             4062       6104       6103       4593       4595       6264       6263       4594       4596
             4063       6105       6104       4595       4597       6265       6264       4596       4598
             4064       6106       6105       4597       4599       6266       6265       4598       4600
             4065       6107       6106       4599       4601       6267       6266       4600       4602
             4066       6108       6107       4601       3841       6268       6267       4602       3842
             4067       6109       6090       6080       6099       6269       6250       6240       6259
             4068       6110       6109       6099       6100       6270       6269       6259       6260
             4069       6111       6110       6100       6101       6271       6270       6260       6261
             4070       6112       6111       6101       6102       6272       6271       6261       6262
             4071       6113       6112       6102       6103       6273       6272       6262       6263
             4072       6114       6113       6103       6104       6274       6273       6263       6264
             4073       6115       6114       6104       6105       6275       6274       6264       6265
             4074       6116       6115       6105       6106       6276       6275       6265       6266
             4075       6117       6116       6106       6107       6277       6276       6266       6267
             4076       6118       6117       6107       6108       6278       6277       6267       6268
             4077       6118       6108       6120       6119       6278       6268       6280       6279
             4078       6119       6120       6122       6121       6279       6280       6282       6281
             4079       6121       6122       6124       6123       6281       6282       6284       6283
             4080       6123       6124       6126       6125       6283       6284       6286       6285
             4081       6125       6126       6128       6127       6285       6286       6288       6287
             4082       6127       6128       6130       6129       6287       6288       6290       6289
             4083       6129       6130       6132       6131       6289       6290       6292       6291
             4084       6131       6132       6134       6133       6291       6292       6294       6293
             4085       6133       6134       6136       6135       6293       6294       6296       6295
             4086       6135       6136       6060       6057       6295       6296       6220       6217
             4087       6108       3841       4666       6120       6268       3842       4667       6280
             4088       6120       4666       4664       6122       6280       4667       4665       6282
             4089       6122       4664       4662       6124       6282       4665       4663       6284
             4090       6124       4662       4660       6126       6284       4663       4661       6286
             4091       6126       4660       4658       6128       6286       4661       4659       6288
             4092       6128       4658       4656       6130       6288       4659       4657       6290
             4093       6130       4656       4654       6132       6290       4657       4655       6292
             4094       6132       4654       4652       6134       6292       4655       4653       6294
             4095       6134       4652       4650       6136       6294       4653       4651       6296
             4096       6136       4650       3869       6060       6296       4651       3870       6220
             4097       6137       6140       6139       6138       6297       6300       6299       6298
             4098       6138       6139       6142       6141       6298       6299       6302       6301
             4099       6141       6142       6144       6143       6301       6302       6304       6303
             4100       6143       6144       6146       6145       6303       6304       6306       6305
             4101       6145       6146       6148       6147       6305       6306       6308       6307
             4102       6147       6148       6150       6149       6307       6308       6310       6309
             4103       6149       6150       6152       6151       6309       6310       6312       6311
             4104       6151       6152       6154       6153       6311       6312       6314       6313
             4105       6153       6154       6156       6155       6313       6314       6316       6315
             4106       6155       6156       6158       6157       6315       6316       6318       6317
             4107       6140       3960       4986       6139       6300       3329       3974       6299
             4108       6139       4986       4988       6142       6299       3974       3975       6302
             4109       6142       4988       4990       6144       6302       3975       3976       6304
             4110       6144       4990       4992       6146       6304       3976       3977       6306
             4111       6146       4992       4994       6148       6306       3977       3978       6308
             4112       6148       4994       4996       6150       6308       3978       3979       6310
             4113       6150       4996       4998       6152       6310       3979       3980       6312
             4114       6152       4998       5000       6154       6312       3980       3981       6314
             4115       6154       5000       5002       6156       6314       3981       3982       6316
             4116       6156       5002       3984       6158       6316       3982       3331       6318
             4117       3940       6160       6159       5063       3327       6320       6319       4005
             4118       5063       6159       6161       5061       4005       6319       6321       4004
             4119       5061       6161       6162       5059       4004       6321       6322       4003
             4120       5059       6162       6163       5057       4003       6322       6323       4002
             4121       5057       6163       6164       5055       4002       6323       6324       4001
             4122       5055       6164       6165       5053       4001       6324       6325       4000
             4123       5053       6165       6166       5051       4000       6325       6326       3999
             4124       5051       6166       6167       5049       3999       6326       6327       3998
             4125       5049       6167       6168       5047       3998       6327       6328       3997
             4126       5047       6168       6158       3984       3997       6328       6318       3331
             4127       6160       6170       6169       6159       6320       6330       6329       6319
             4128       6159       6169       6171       6161       6319       6329       6331       6321
             4129       6161       6171       6172       6162       6321       6331       6332       6322
             4130       6162       6172       6173       6163       6322       6332       6333       6323
             4131       6163       6173       6174       6164       6323       6333       6334       6324
             4132       6164       6174       6175       6165       6324       6334       6335       6325
             4133       6165       6175       6176       6166       6325       6335       6336       6326
             4134       6166       6176       6177       6167       6326       6336       6337       6327
             4135       6167       6177       6178       6168       6327       6337       6338       6328
             4136       6168       6178       6157       6158       6328       6338       6317       6318
             4137       3940       4846       6179       6160       3327       3929       6339       6320
             4138       6160       6179       6180       6170       6320       6339       6340       6330
             4139       4846       4848       6181       6179       3929       3928       6341       6339
             4140       6179       6181       6182       6180       6339       6341       6342       6340
             4141       4848       4850       6183       6181       3928       3927       6343       6341
             4142       6181       6183       6184       6182       6341       6343       6344       6342
             4143       4850       4852       6185       6183       3927       3926       6345       6343
             4144       6183       6185       6186       6184       6343       6345       6346       6344
             4145       4852       4854       6187       6185       3926       3925       6347       6345
             4146       6185       6187       6188       6186       6345       6347       6348       6346
             4147       4854       4856       6189       6187       3925       3924       6349       6347
             4148       6187       6189       6190       6188       6347       6349       6350       6348
             4149       4856       4858       6191       6189       3924       3923       6351       6349
             4150       6189       6191       6192       6190       6349       6351       6352       6350
             4151       4858       4860       6193       6191       3923       3922       6353       6351
             4152       6191       6193       6194       6192       6351       6353       6354       6352
             4153       4860       4862       6195       6193       3922       3921       6355       6353
             4154       6193       6195       6196       6194       6353       6355       6356       6354
             4155       4862       3938       6197       6195       3921       3326       6357       6355
             4156       6195       6197       6198       6196       6355       6357       6358       6356
             4157       6198       6197       6200       6199       6358       6357       6360       6359
             4158       6199       6200       6202       6201       6359       6360       6362       6361
             4159       6201       6202       6204       6203       6361       6362       6364       6363
             4160       6203       6204       6206       6205       6363       6364       6366       6365
             4161       6205       6206       6208       6207       6365       6366       6368       6367
             4162       6207       6208       6210       6209       6367       6368       6370       6369
             4163       6209       6210       6212       6211       6369       6370       6372       6371
             4164       6211       6212       6214       6213       6371       6372       6374       6373
             4165       6213       6214       6216       6215       6373       6374       6376       6375
             4166       6215       6216       6140       6137       6375       6376       6300       6297
             4167       6197       3938       4905       6200       6357       3326       3943       6360
             4168       6200       4905       4907       6202       6360       3943       3944       6362
             4169       6202       4907       4909       6204       6362       3944       3945       6364
             4170       6204       4909       4911       6206       6364       3945       3946       6366
             4171       6206       4911       4913       6208       6366       3946       3947       6368
             4172       6208       4913       4915       6210       6368       3947       3948       6370
             4173       6210       4915       4917       6212       6370       3948       3949       6372
             4174       6212       4917       4919       6214       6372       3949       3950       6374
             4175       6214       4919       4921       6216       6374       3950       3951       6376
             4176       6216       4921       3960       6140       6376       3951       3329       6300
             4177       6217       6220       6219       6218       6377       6380       6379       6378
             4178       6218       6219       6222       6221       6378       6379       6382       6381
             4179       6221       6222       6224       6223       6381       6382       6384       6383
             4180       6223       6224       6226       6225       6383       6384       6386       6385
             4181       6225       6226       6228       6227       6385       6386       6388       6387
             4182       6227       6228       6230       6229       6387       6388       6390       6389
             4183       6229       6230       6232       6231       6389       6390       6392       6391
             4184       6231       6232       6234       6233       6391       6392       6394       6393
             4185       6233       6234       6236       6235       6393       6394       6396       6395
             4186       6235       6236       6238       6237       6395       6396       6398       6397
             4187       6220       3870       4712       6219       6380       3320       3873       6379
             4188       6219       4712       4714       6222       6379       3873       3874       6382
             4189       6222       4714       4716       6224       6382       3874       3875       6384
             4190       6224       4716       4718       6226       6384       3875       3876       6386
             4191       6226       4718       4720       6228       6386       3876       3877       6388
             4192       6228       4720       4722       6230       6388       3877       3878       6390
             4193       6230       4722       4724       6232       6390       3878       3879       6392
             4194       6232       4724       4726       6234       6392       3879       3880       6394
             4195       6234       4726       4728       6236       6394       3880       3881       6396
             4196       6236       4728       3894       6238       6396       3881       3322       6398
             4197       3844       6240       6239       4811       3317       6400       6399       3915
             4198       4811       6239       6241       4809       3915       6399       6401       3914
             4199       4809       6241       6242       4807       3914       6401       6402       3913
             4200       4807       6242       6243       4805       3913       6402       6403       3912
             4201       4805       6243       6244       4803       3912       6403       6404       3911
             4202       4803       6244       6245       4801       3911       6404       6405       3910
             4203       4801       6245       6246       4799       3910       6405       6406       3909
             4204       4799       6246       6247       4797       3909       6406       6407       3908
             4205       4797       6247       6248       4795       3908       6407       6408       3907
             4206       4795       6248       6238       3894       3907       6408       6398       3322
             4207       6240       6250       6249       6239       6400       6410       6409       6399
             4208       6239       6249       6251       6241       6399       6409       6411       6401
             4209       6241       6251       6252       6242       6401       6411       6412       6402
             4210       6242       6252       6253       6243       6402       6412       6413       6403
             4211       6243       6253       6254       6244       6403       6413       6414       6404
             4212       6244       6254       6255       6245       6404       6414       6415       6405
             4213       6245       6255       6256       6246       6405       6415       6416       6406
             4214       6246       6256       6257       6247       6406       6416       6417       6407
             4215       6247       6257       6258       6248       6407       6417       6418       6408
             4216       6248       6258       6237       6238       6408       6418       6397       6398
             4217       6259       6240       3844       4586       6419       6400       3317       3829
             4218       6260       6259       4586       4588       6420       6419       3829       3828
             4219       6261       6260       4588       4590       6421       6420       3828       3827
             4220       6262       6261       4590       4592       6422       6421       3827       3826
             4221       6263       6262       4592       4594       6423       6422       3826       3825
             4222       6264       6263       4594       4596       6424       6423       3825       3824
             4223       6265       6264       4596       4598       6425       6424       3824       3823
             4224       6266       6265       4598       4600       6426       6425       3823       3822
             4225       6267       6266       4600       4602       6427       6426       3822       3821
             4226       6268       6267       4602       3842       6428       6427       3821       3316
             4227       6269       6250       6240       6259       6429       6410       6400       6419
             4228       6270       6269       6259       6260       6430       6429       6419       6420
             4229       6271       6270       6260       6261       6431       6430       6420       6421
             4230       6272       6271       6261       6262       6432       6431       6421       6422
             4231       6273       6272       6262       6263       6433       6432       6422       6423
             4232       6274       6273       6263       6264       6434       6433       6423       6424
             4233       6275       6274       6264       6265       6435       6434       6424       6425
             4234       6276       6275       6265       6266       6436       6435       6425       6426
             4235       6277       6276       6266       6267       6437       6436       6426       6427
             4236       6278       6277       6267       6268       6438       6437       6427       6428
             4237       6278       6268       6280       6279       6438       6428       6440       6439
             4238       6279       6280       6282       6281       6439       6440       6442       6441
             4239       6281       6282       6284       6283       6441       6442       6444       6443
             4240       6283       6284       6286       6285       6443       6444       6446       6445
             4241       6285       6286       6288       6287       6445       6446       6448       6447
             4242       6287       6288       6290       6289       6447       6448       6450       6449
             4243       6289       6290       6292       6291       6449       6450       6452       6451
             4244       6291       6292       6294       6293       6451       6452       6454       6453
             4245       6293       6294       6296       6295       6453       6454       6456       6455
             4246       6295       6296       6220       6217       6455       6456       6380       6377
             4247       6268       3842       4667       6280       6428       3316       3858       6440
             4248       6280       4667       4665       6282       6440       3858       3857       6442
             4249       6282       4665       4663       6284       6442       3857       3856       6444
             4250       6284       4663       4661       6286       6444       3856       3855       6446
             4251       6286       4661       4659       6288       6446       3855       3854       6448
             4252       6288       4659       4657       6290       6448       3854       3853       6450
             4253       6290       4657       4655       6292       6450       3853       3852       6452
             4254       6292       4655       4653       6294       6452       3852       3851       6454
             4255       6294       4653       4651       6296       6454       3851       3850       6456
             4256       6296       4651       3870       6220       6456       3850       3320       6380
!
      $COOR
                1 -1.900000E+02  2.250000E+01  3.000000E+00
                2 -1.900000E+02  0.000000E+00  3.000000E+00
                3 -1.900000E+02 -2.250000E+01  3.000000E+00
                4  0.000000E+00 -2.250000E+01  3.000000E+00
                5  0.000000E+00  2.250000E+01  3.000000E+00
                6 -1.560000E+02  0.000000E+00  3.000000E+00
                7 -1.600000E+02  1.224647E-15  5.000000E+00
                8 -1.060000E+02  0.000000E+00  3.000000E+00
                9 -1.150000E+02 -9.000000E+00  3.000000E+00
               10 -1.240000E+02  1.102182E-15  3.000000E+00
               11 -1.150000E+02  9.000000E+00  3.000000E+00
               12 -1.740000E+02 -1.861408E-12  3.000000E+00
               13 -1.650000E+02 -9.000000E+00  5.000000E+00
               14 -1.650000E+02  9.000000E+00  5.000000E+00
               15 -1.700000E+02 -1.035340E-12  5.000000E+00
               16 -1.100000E+02  2.069456E-12  5.000000E+00
               17 -1.200000E+02 -1.035340E-12  5.000000E+00
               18 -6.500000E+01  5.000000E+00  3.000000E+00
               19 -7.000000E+01  1.036090E-12  3.000000E+00
               20 -6.500000E+01 -5.000000E+00  3.000000E+00
               21  0.000000E+00  5.000000E+00  3.000000E+00
               22  0.000000E+00 -5.000000E+00  3.000000E+00
               23 -6.500000E+01 -2.250000E+01  3.000000E+00
               24 -6.500000E+01  2.250000E+01  3.000000E+00
               25 -1.150000E+02  2.250000E+01  3.000000E+00
               26 -1.650000E+02  2.250000E+01  3.000000E+00
               27 -1.650000E+02 -2.250000E+01  3.000000E+00
               28 -1.150000E+02 -2.250000E+01  3.000000E+00
               29 -8.800000E+01 -2.250000E+01  3.000000E+00
               30 -8.800000E+01  2.250000E+01  3.000000E+00
               31 -1.400000E+02 -2.250000E+01  3.000000E+00
               32 -1.400000E+02  2.250000E+01  3.000000E+00
               33 -1.400000E+02  0.000000E+00  3.000000E+00
               34 -8.800000E+01  0.000000E+00  3.000000E+00
               35 -7.500000E+01 -2.250000E+01  3.000000E+00
               36 -7.500000E+01  1.036090E-12  3.000000E+00
               37 -7.500000E+01  2.250000E+01  3.000000E+00
               38 -6.500000E+01  1.000000E+01  3.000000E+00
               39 -6.500000E+01 -1.000000E+01  3.000000E+00
               40 -7.500000E+01 -1.000000E+01  3.000000E+00
               41 -7.500000E+01  1.000000E+01  3.000000E+00
               42  0.000000E+00  1.000000E+01  3.000000E+00
               43  0.000000E+00 -1.000000E+01  3.000000E+00
               44 -1.650000E+02 -9.000000E+00  3.000000E+00
               45 -1.650000E+02  9.000000E+00  3.000000E+00
               46 -1.650000E+02 -5.000000E+00  5.000000E+00
               47 -1.650000E+02  5.000000E+00  5.000000E+00
               48 -1.150000E+02  5.000000E+00  5.000000E+00
               49 -1.150000E+02 -5.000000E+00  5.000000E+00
               50 -1.740000E+02 -1.861408E-12  5.000000E+00
               51 -1.560000E+02  0.000000E+00  5.000000E+00
               52 -1.700000E+02 -1.033840E-12  3.000000E+00
               53 -1.650000E+02  5.000000E+00  3.000000E+00
               54 -1.600000E+02  0.000000E+00  3.000000E+00
               55 -1.650000E+02 -5.000000E+00  3.000000E+00
               56 -1.150000E+02 -5.000000E+00  3.000000E+00
               57 -1.200000E+02 -1.033840E-12  3.000000E+00
               58 -1.150000E+02  5.000000E+00  3.000000E+00
               59 -1.100000E+02  2.067679E-12  3.000000E+00
               60 -1.060000E+02  0.000000E+00  5.000000E+00
               61 -1.150000E+02  9.000000E+00  5.000000E+00
               62 -1.240000E+02  1.102182E-15  5.000000E+00
               63 -1.150000E+02 -9.000000E+00  5.000000E+00
               64 -1.900000E+02  2.250000E+01 -3.000000E+00
               65 -1.900000E+02  0.000000E+00 -3.000000E+00
               66 -1.740000E+02 -1.861408E-12 -3.000000E+00
               67 -1.650000E+02  9.000000E+00 -3.000000E+00
               68 -1.650000E+02  2.250000E+01 -3.000000E+00
               69 -1.650000E+02 -2.250000E+01 -3.000000E+00
               70 -1.650000E+02 -9.000000E+00 -3.000000E+00
               71 -1.900000E+02 -2.250000E+01 -3.000000E+00
               72 -1.560000E+02  0.000000E+00 -3.000000E+00
               73 -1.400000E+02  0.000000E+00 -3.000000E+00
               74 -1.400000E+02 -2.250000E+01 -3.000000E+00
               75 -1.400000E+02  2.250000E+01 -3.000000E+00
               76 -1.240000E+02  1.102182E-15 -3.000000E+00
               77 -1.150000E+02  9.000000E+00 -3.000000E+00
               78 -1.150000E+02  2.250000E+01 -3.000000E+00
               79 -1.150000E+02 -9.000000E+00 -3.000000E+00
               80 -1.150000E+02 -2.250000E+01 -3.000000E+00
               81 -1.060000E+02  0.000000E+00 -3.000000E+00
               82 -8.800000E+01  0.000000E+00 -3.000000E+00
               83 -8.800000E+01 -2.250000E+01 -3.000000E+00
               84 -8.800000E+01  2.250000E+01 -3.000000E+00
               85 -7.500000E+01 -2.250000E+01 -3.000000E+00
               86 -7.500000E+01  1.036090E-12 -3.000000E+00
               87 -7.500000E+01 -1.000000E+01 -3.000000E+00
               88 -7.500000E+01  2.250000E+01 -3.000000E+00
               89 -7.500000E+01  1.000000E+01 -3.000000E+00
               90 -6.500000E+01  1.000000E+01 -3.000000E+00
               91 -6.500000E+01  2.250000E+01 -3.000000E+00
               92 -7.000000E+01  1.036090E-12 -3.000000E+00
               93 -6.500000E+01  5.000000E+00 -3.000000E+00
               94 -6.500000E+01 -5.000000E+00 -3.000000E+00
               95 -6.500000E+01 -1.000000E+01 -3.000000E+00
               96 -6.500000E+01 -2.250000E+01 -3.000000E+00
               97  0.000000E+00 -1.000000E+01 -3.000000E+00
               98  0.000000E+00 -2.250000E+01 -3.000000E+00
               99  0.000000E+00 -5.000000E+00 -3.000000E+00
              100  0.000000E+00  5.000000E+00 -3.000000E+00
              101  0.000000E+00  1.000000E+01 -3.000000E+00
              102  0.000000E+00  2.250000E+01 -3.000000E+00
              103 -6.691341E+01  4.619398E+00  3.000000E+00
              104 -6.853553E+01  3.535534E+00  3.000000E+00
              105 -6.961940E+01  1.913417E+00  3.000000E+00
              106 -6.961940E+01 -1.913417E+00  3.000000E+00
              107 -6.853553E+01 -3.535534E+00  3.000000E+00
              108 -6.691341E+01 -4.619398E+00  3.000000E+00
              109 -1.157822E+02  4.938442E+00  5.000000E+00
              110 -1.165451E+02  4.755282E+00  5.000000E+00
              111 -1.172700E+02  4.455033E+00  5.000000E+00
              112 -1.179389E+02  4.045085E+00  5.000000E+00
              113 -1.185355E+02  3.535534E+00  5.000000E+00
              114 -1.190451E+02  2.938926E+00  5.000000E+00
              115 -1.194550E+02  2.269953E+00  5.000000E+00
              116 -1.197553E+02  1.545085E+00  5.000000E+00
              117 -1.199384E+02  7.821723E-01  5.000000E+00
              118 -1.199384E+02 -7.821723E-01  5.000000E+00
              119 -1.197553E+02 -1.545085E+00  5.000000E+00
              120 -1.194550E+02 -2.269953E+00  5.000000E+00
              121 -1.190451E+02 -2.938926E+00  5.000000E+00
              122 -1.185355E+02 -3.535534E+00  5.000000E+00
              123 -1.179389E+02 -4.045085E+00  5.000000E+00
              124 -1.172700E+02 -4.455033E+00  5.000000E+00
              125 -1.165451E+02 -4.755282E+00  5.000000E+00
              126 -1.157822E+02 -4.938442E+00  5.000000E+00
              127 -1.142178E+02 -4.938442E+00  5.000000E+00
              128 -1.134549E+02 -4.755282E+00  5.000000E+00
              129 -1.127300E+02 -4.455033E+00  5.000000E+00
              130 -1.120611E+02 -4.045085E+00  5.000000E+00
              131 -1.114645E+02 -3.535534E+00  5.000000E+00
              132 -1.109549E+02 -2.938926E+00  5.000000E+00
              133 -1.105450E+02 -2.269953E+00  5.000000E+00
              134 -1.102447E+02 -1.545085E+00  5.000000E+00
              135 -1.100616E+02 -7.821723E-01  5.000000E+00
              136 -1.100616E+02  7.821723E-01  5.000000E+00
              137 -1.102447E+02  1.545085E+00  5.000000E+00
              138 -1.105450E+02  2.269953E+00  5.000000E+00
              139 -1.109549E+02  2.938926E+00  5.000000E+00
              140 -1.114645E+02  3.535534E+00  5.000000E+00
              141 -1.120611E+02  4.045085E+00  5.000000E+00
              142 -1.127300E+02  4.455033E+00  5.000000E+00
              143 -1.134549E+02  4.755282E+00  5.000000E+00
              144 -1.142178E+02  4.938442E+00  5.000000E+00
              145 -1.061108E+02  1.407910E+00  5.000000E+00
              146 -1.064405E+02  2.781153E+00  5.000000E+00
              147 -1.069809E+02  4.085915E+00  5.000000E+00
              148 -1.077188E+02  5.290067E+00  5.000000E+00
              149 -1.086360E+02  6.363961E+00  5.000000E+00
              150 -1.097099E+02  7.281153E+00  5.000000E+00
              151 -1.109141E+02  8.019058E+00  5.000000E+00
              152 -1.122188E+02  8.559508E+00  5.000000E+00
              153 -1.135921E+02  8.889194E+00  5.000000E+00
              154 -1.164079E+02  8.889194E+00  5.000000E+00
              155 -1.177812E+02  8.559508E+00  5.000000E+00
              156 -1.190859E+02  8.019058E+00  5.000000E+00
              157 -1.202901E+02  7.281153E+00  5.000000E+00
              158 -1.213640E+02  6.363961E+00  5.000000E+00
              159 -1.222812E+02  5.290067E+00  5.000000E+00
              160 -1.230191E+02  4.085915E+00  5.000000E+00
              161 -1.235595E+02  2.781153E+00  5.000000E+00
              162 -1.238892E+02  1.407910E+00  5.000000E+00
              163 -1.238892E+02 -1.407910E+00  5.000000E+00
              164 -1.235595E+02 -2.781153E+00  5.000000E+00
              165 -1.230191E+02 -4.085915E+00  5.000000E+00
              166 -1.222812E+02 -5.290067E+00  5.000000E+00
              167 -1.213640E+02 -6.363961E+00  5.000000E+00
              168 -1.202901E+02 -7.281153E+00  5.000000E+00
              169 -1.190859E+02 -8.019058E+00  5.000000E+00
              170 -1.177812E+02 -8.559508E+00  5.000000E+00
              171 -1.164079E+02 -8.889194E+00  5.000000E+00
              172 -1.135921E+02 -8.889194E+00  5.000000E+00
              173 -1.122188E+02 -8.559508E+00  5.000000E+00
              174 -1.109141E+02 -8.019058E+00  5.000000E+00
              175 -1.097099E+02 -7.281153E+00  5.000000E+00
              176 -1.086360E+02 -6.363961E+00  5.000000E+00
              177 -1.077188E+02 -5.290067E+00  5.000000E+00
              178 -1.069809E+02 -4.085915E+00  5.000000E+00
              179 -1.064405E+02 -2.781153E+00  5.000000E+00
              180 -1.061108E+02 -1.407910E+00  5.000000E+00
              181 -1.600616E+02  7.821723E-01  5.000000E+00
              182 -1.602447E+02  1.545085E+00  5.000000E+00
              183 -1.605450E+02  2.269953E+00  5.000000E+00
              184 -1.609549E+02  2.938926E+00  5.000000E+00
              185 -1.614645E+02  3.535534E+00  5.000000E+00
              186 -1.620611E+02  4.045085E+00  5.000000E+00
              187 -1.627300E+02  4.455033E+00  5.000000E+00
              188 -1.634549E+02  4.755282E+00  5.000000E+00
              189 -1.642178E+02  4.938442E+00  5.000000E+00
              190 -1.657822E+02  4.938442E+00  5.000000E+00
              191 -1.665451E+02  4.755282E+00  5.000000E+00
              192 -1.672700E+02  4.455033E+00  5.000000E+00
              193 -1.679389E+02  4.045085E+00  5.000000E+00
              194 -1.685355E+02  3.535534E+00  5.000000E+00
              195 -1.690451E+02  2.938926E+00  5.000000E+00
              196 -1.694550E+02  2.269953E+00  5.000000E+00
              197 -1.697553E+02  1.545085E+00  5.000000E+00
              198 -1.699384E+02  7.821723E-01  5.000000E+00
              199 -1.699384E+02 -7.821723E-01  5.000000E+00
              200 -1.697553E+02 -1.545085E+00  5.000000E+00
              201 -1.694550E+02 -2.269953E+00  5.000000E+00
              202 -1.690451E+02 -2.938926E+00  5.000000E+00
              203 -1.685355E+02 -3.535534E+00  5.000000E+00
              204 -1.679389E+02 -4.045085E+00  5.000000E+00
              205 -1.672700E+02 -4.455033E+00  5.000000E+00
              206 -1.665451E+02 -4.755282E+00  5.000000E+00
              207 -1.657822E+02 -4.938442E+00  5.000000E+00
              208 -1.642178E+02 -4.938442E+00  5.000000E+00
              209 -1.634549E+02 -4.755282E+00  5.000000E+00
              210 -1.627300E+02 -4.455033E+00  5.000000E+00
              211 -1.620611E+02 -4.045085E+00  5.000000E+00
              212 -1.614645E+02 -3.535534E+00  5.000000E+00
              213 -1.609549E+02 -2.938926E+00  5.000000E+00
              214 -1.605450E+02 -2.269953E+00  5.000000E+00
              215 -1.602447E+02 -1.545085E+00  5.000000E+00
              216 -1.600616E+02 -7.821723E-01  5.000000E+00
              217 -1.561108E+02  1.407910E+00  5.000000E+00
              218 -1.564405E+02  2.781153E+00  5.000000E+00
              219 -1.569809E+02  4.085915E+00  5.000000E+00
              220 -1.577188E+02  5.290067E+00  5.000000E+00
              221 -1.586360E+02  6.363961E+00  5.000000E+00
              222 -1.597099E+02  7.281153E+00  5.000000E+00
              223 -1.609141E+02  8.019058E+00  5.000000E+00
              224 -1.622188E+02  8.559508E+00  5.000000E+00
              225 -1.635921E+02  8.889194E+00  5.000000E+00
              226 -1.664079E+02  8.889194E+00  5.000000E+00
              227 -1.677812E+02  8.559508E+00  5.000000E+00
              228 -1.690859E+02  8.019058E+00  5.000000E+00
              229 -1.702901E+02  7.281153E+00  5.000000E+00
              230 -1.713640E+02  6.363961E+00  5.000000E+00
              231 -1.722812E+02  5.290067E+00  5.000000E+00
              232 -1.730191E+02  4.085915E+00  5.000000E+00
              233 -1.735595E+02  2.781153E+00  5.000000E+00
              234 -1.738892E+02  1.407910E+00  5.000000E+00
              235 -1.738892E+02 -1.407910E+00  5.000000E+00
              236 -1.735595E+02 -2.781153E+00  5.000000E+00
              237 -1.730191E+02 -4.085915E+00  5.000000E+00
              238 -1.722812E+02 -5.290067E+00  5.000000E+00
              239 -1.713640E+02 -6.363961E+00  5.000000E+00
              240 -1.702901E+02 -7.281153E+00  5.000000E+00
              241 -1.690859E+02 -8.019058E+00  5.000000E+00
              242 -1.677812E+02 -8.559508E+00  5.000000E+00
              243 -1.664079E+02 -8.889194E+00  5.000000E+00
              244 -1.635921E+02 -8.889194E+00  5.000000E+00
              245 -1.622188E+02 -8.559508E+00  5.000000E+00
              246 -1.609141E+02 -8.019058E+00  5.000000E+00
              247 -1.597099E+02 -7.281153E+00  5.000000E+00
              248 -1.586360E+02 -6.363961E+00  5.000000E+00
              249 -1.577188E+02 -5.290067E+00  5.000000E+00
              250 -1.569809E+02 -4.085915E+00  5.000000E+00
              251 -1.564405E+02 -2.781153E+00  5.000000E+00
              252 -1.561108E+02 -1.407910E+00  5.000000E+00
              253 -1.650000E+02 -7.000000E+00  5.000000E+00
              254 -1.580000E+02  6.123235E-16  5.000000E+00
              255 -1.650000E+02  7.000000E+00  5.000000E+00
              256 -1.720000E+02 -1.448374E-12  5.000000E+00
              257 -1.150000E+02 -7.000000E+00  5.000000E+00
              258 -1.220000E+02 -5.171189E-13  5.000000E+00
              259 -1.150000E+02  7.000000E+00  5.000000E+00
              260 -1.080000E+02  1.034728E-12  5.000000E+00
              261 -7.500000E+01 -5.000000E+00  3.000000E+00
              262 -7.333333E+01  1.036090E-12  3.000000E+00
              263 -7.166667E+01  1.036090E-12  3.000000E+00
              264 -7.000000E+01 -1.000000E+01  3.000000E+00
              265 -6.500000E+01 -8.333333E+00  3.000000E+00
              266 -6.500000E+01 -6.666667E+00  3.000000E+00
              267 -6.500000E+01  6.666667E+00  3.000000E+00
              268 -6.500000E+01  8.333333E+00  3.000000E+00
              269 -7.000000E+01  1.000000E+01  3.000000E+00
              270 -7.500000E+01  5.000000E+00  3.000000E+00
              271 -5.850000E+01 -5.000000E+00  3.000000E+00
              272 -5.200000E+01 -5.000000E+00  3.000000E+00
              273 -4.550000E+01 -5.000000E+00  3.000000E+00
              274 -3.900000E+01 -5.000000E+00  3.000000E+00
              275 -3.250000E+01 -5.000000E+00  3.000000E+00
              276 -2.600000E+01 -5.000000E+00  3.000000E+00
              277 -1.950000E+01 -5.000000E+00  3.000000E+00
              278 -1.300000E+01 -5.000000E+00  3.000000E+00
              279 -6.500000E+00 -5.000000E+00  3.000000E+00
              280 -5.850000E+01  5.000000E+00  3.000000E+00
              281 -5.200000E+01  5.000000E+00  3.000000E+00
              282 -4.550000E+01  5.000000E+00  3.000000E+00
              283 -3.900000E+01  5.000000E+00  3.000000E+00
              284 -3.250000E+01  5.000000E+00  3.000000E+00
              285 -2.600000E+01  5.000000E+00  3.000000E+00
              286 -1.950000E+01  5.000000E+00  3.000000E+00
              287 -1.300000E+01  5.000000E+00  3.000000E+00
              288 -6.500000E+00  5.000000E+00  3.000000E+00
              289 -5.850000E+01 -1.000000E+01  3.000000E+00
              290 -5.200000E+01 -1.000000E+01  3.000000E+00
              291 -4.550000E+01 -1.000000E+01  3.000000E+00
              292 -3.900000E+01 -1.000000E+01  3.000000E+00
              293 -3.250000E+01 -1.000000E+01  3.000000E+00
              294 -2.600000E+01 -1.000000E+01  3.000000E+00
              295 -1.950000E+01 -1.000000E+01  3.000000E+00
              296 -1.300000E+01 -1.000000E+01  3.000000E+00
              297 -6.500000E+00 -1.000000E+01  3.000000E+00
              298  0.000000E+00 -8.333333E+00  3.000000E+00
              299  0.000000E+00 -6.666667E+00  3.000000E+00
              300  0.000000E+00  6.666667E+00  3.000000E+00
              301  0.000000E+00  8.333333E+00  3.000000E+00
              302 -6.500000E+00  1.000000E+01  3.000000E+00
              303 -1.300000E+01  1.000000E+01  3.000000E+00
              304 -1.950000E+01  1.000000E+01  3.000000E+00
              305 -2.600000E+01  1.000000E+01  3.000000E+00
              306 -3.250000E+01  1.000000E+01  3.000000E+00
              307 -3.900000E+01  1.000000E+01  3.000000E+00
              308 -4.550000E+01  1.000000E+01  3.000000E+00
              309 -5.200000E+01  1.000000E+01  3.000000E+00
              310 -5.850000E+01  1.000000E+01  3.000000E+00
              311 -6.500000E+01  1.416667E+01  3.000000E+00
              312 -6.500000E+01  1.833333E+01  3.000000E+00
              313 -5.850000E+01  2.250000E+01  3.000000E+00
              314 -5.200000E+01  2.250000E+01  3.000000E+00
              315 -4.550000E+01  2.250000E+01  3.000000E+00
              316 -3.900000E+01  2.250000E+01  3.000000E+00
              317 -3.250000E+01  2.250000E+01  3.000000E+00
              318 -2.600000E+01  2.250000E+01  3.000000E+00
              319 -1.950000E+01  2.250000E+01  3.000000E+00
              320 -1.300000E+01  2.250000E+01  3.000000E+00
              321 -6.500000E+00  2.250000E+01  3.000000E+00
              322  0.000000E+00  1.833333E+01  3.000000E+00
              323  0.000000E+00  1.416667E+01  3.000000E+00
              324 -7.000000E+01  2.250000E+01  3.000000E+00
              325 -7.500000E+01  1.833333E+01  3.000000E+00
              326 -7.500000E+01  1.416667E+01  3.000000E+00
              327 -7.500000E+01 -1.416667E+01  3.000000E+00
              328 -7.500000E+01 -1.833333E+01  3.000000E+00
              329 -7.000000E+01 -2.250000E+01  3.000000E+00
              330 -6.500000E+01 -1.833333E+01  3.000000E+00
              331 -6.500000E+01 -1.416667E+01  3.000000E+00
              332 -5.850000E+01 -2.250000E+01  3.000000E+00
              333 -5.200000E+01 -2.250000E+01  3.000000E+00
              334 -4.550000E+01 -2.250000E+01  3.000000E+00
              335 -3.900000E+01 -2.250000E+01  3.000000E+00
              336 -3.250000E+01 -2.250000E+01  3.000000E+00
              337 -2.600000E+01 -2.250000E+01  3.000000E+00
              338 -1.950000E+01 -2.250000E+01  3.000000E+00
              339 -1.300000E+01 -2.250000E+01  3.000000E+00
              340 -6.500000E+00 -2.250000E+01  3.000000E+00
              341  0.000000E+00 -1.833333E+01  3.000000E+00
              342  0.000000E+00 -1.416667E+01  3.000000E+00
              343 -8.150000E+01 -2.250000E+01  3.000000E+00
              344 -8.800000E+01 -1.800000E+01  3.000000E+00
              345 -8.800000E+01 -1.350000E+01  3.000000E+00
              346 -8.800000E+01 -9.000000E+00  3.000000E+00
              347 -8.800000E+01 -4.500000E+00  3.000000E+00
              348 -8.150000E+01  5.180450E-13  3.000000E+00
              349 -8.800000E+01  4.500000E+00  3.000000E+00
              350 -8.800000E+01  9.000000E+00  3.000000E+00
              351 -8.800000E+01  1.350000E+01  3.000000E+00
              352 -8.800000E+01  1.800000E+01  3.000000E+00
              353 -8.150000E+01  2.250000E+01  3.000000E+00
              354 -9.340000E+01 -2.250000E+01  3.000000E+00
              355 -9.880000E+01 -2.250000E+01  3.000000E+00
              356 -1.042000E+02 -2.250000E+01  3.000000E+00
              357 -1.096000E+02 -2.250000E+01  3.000000E+00
              358 -1.150000E+02 -1.912500E+01  3.000000E+00
              359 -1.150000E+02 -1.575000E+01  3.000000E+00
              360 -1.150000E+02 -1.237500E+01  3.000000E+00
              361 -1.015000E+02  0.000000E+00  3.000000E+00
              362 -9.700000E+01  0.000000E+00  3.000000E+00
              363 -9.250000E+01  0.000000E+00  3.000000E+00
              364 -1.150000E+02  1.237500E+01  3.000000E+00
              365 -1.150000E+02  1.575000E+01  3.000000E+00
              366 -1.150000E+02  1.912500E+01  3.000000E+00
              367 -1.096000E+02  2.250000E+01  3.000000E+00
              368 -1.042000E+02  2.250000E+01  3.000000E+00
              369 -9.880000E+01  2.250000E+01  3.000000E+00
              370 -9.340000E+01  2.250000E+01  3.000000E+00
              371 -1.200000E+02 -2.250000E+01  3.000000E+00
              372 -1.250000E+02 -2.250000E+01  3.000000E+00
              373 -1.300000E+02 -2.250000E+01  3.000000E+00
              374 -1.350000E+02 -2.250000E+01  3.000000E+00
              375 -1.400000E+02 -1.800000E+01  3.000000E+00
              376 -1.400000E+02 -1.350000E+01  3.000000E+00
              377 -1.400000E+02 -9.000000E+00  3.000000E+00
              378 -1.400000E+02 -4.500000E+00  3.000000E+00
              379 -1.360000E+02  2.755455E-16  3.000000E+00
              380 -1.320000E+02  5.510910E-16  3.000000E+00
              381 -1.280000E+02  8.266365E-16  3.000000E+00
              382 -1.400000E+02  4.500000E+00  3.000000E+00
              383 -1.400000E+02  9.000000E+00  3.000000E+00
              384 -1.400000E+02  1.350000E+01  3.000000E+00
              385 -1.400000E+02  1.800000E+01  3.000000E+00
              386 -1.350000E+02  2.250000E+01  3.000000E+00
              387 -1.300000E+02  2.250000E+01  3.000000E+00
              388 -1.250000E+02  2.250000E+01  3.000000E+00
              389 -1.200000E+02  2.250000E+01  3.000000E+00
              390 -1.600000E+02 -2.250000E+01  3.000000E+00
              391 -1.550000E+02 -2.250000E+01  3.000000E+00
              392 -1.500000E+02 -2.250000E+01  3.000000E+00
              393 -1.450000E+02 -2.250000E+01  3.000000E+00
              394 -1.650000E+02 -1.912500E+01  3.000000E+00
              395 -1.650000E+02 -1.575000E+01  3.000000E+00
              396 -1.650000E+02 -1.237500E+01  3.000000E+00
              397 -1.650000E+02  1.237500E+01  3.000000E+00
              398 -1.650000E+02  1.575000E+01  3.000000E+00
              399 -1.650000E+02  1.912500E+01  3.000000E+00
              400 -1.600000E+02  2.250000E+01  3.000000E+00
              401 -1.550000E+02  2.250000E+01  3.000000E+00
              402 -1.500000E+02  2.250000E+01  3.000000E+00
              403 -1.450000E+02  2.250000E+01  3.000000E+00
              404 -1.700000E+02  2.250000E+01  3.000000E+00
              405 -1.750000E+02  2.250000E+01  3.000000E+00
              406 -1.800000E+02  2.250000E+01  3.000000E+00
              407 -1.850000E+02  2.250000E+01  3.000000E+00
              408 -1.900000E+02  1.800000E+01  3.000000E+00
              409 -1.900000E+02  1.350000E+01  3.000000E+00
              410 -1.900000E+02  9.000000E+00  3.000000E+00
              411 -1.900000E+02  4.500000E+00  3.000000E+00
              412 -1.860000E+02 -4.653520E-13  3.000000E+00
              413 -1.820000E+02 -9.307040E-13  3.000000E+00
              414 -1.780000E+02 -1.396056E-12  3.000000E+00
              415 -1.900000E+02 -4.500000E+00  3.000000E+00
              416 -1.900000E+02 -9.000000E+00  3.000000E+00
              417 -1.900000E+02 -1.350000E+01  3.000000E+00
              418 -1.900000E+02 -1.800000E+01  3.000000E+00
              419 -1.850000E+02 -2.250000E+01  3.000000E+00
              420 -1.800000E+02 -2.250000E+01  3.000000E+00
              421 -1.750000E+02 -2.250000E+01  3.000000E+00
              422 -1.700000E+02 -2.250000E+01  3.000000E+00
              423 -1.520000E+02  0.000000E+00  3.000000E+00
              424 -1.480000E+02  0.000000E+00  3.000000E+00
              425 -1.440000E+02  0.000000E+00  3.000000E+00
              426 -1.135921E+02 -8.889194E+00  3.000000E+00
              427 -1.122188E+02 -8.559508E+00  3.000000E+00
              428 -1.109141E+02 -8.019058E+00  3.000000E+00
              429 -1.097099E+02 -7.281153E+00  3.000000E+00
              430 -1.086360E+02 -6.363961E+00  3.000000E+00
              431 -1.077188E+02 -5.290067E+00  3.000000E+00
              432 -1.069809E+02 -4.085915E+00  3.000000E+00
              433 -1.064405E+02 -2.781153E+00  3.000000E+00
              434 -1.061108E+02 -1.407910E+00  3.000000E+00
              435 -1.080000E+02  1.034728E-12  3.000000E+00
              436 -1.100616E+02 -7.821723E-01  3.000000E+00
              437 -1.102447E+02 -1.545085E+00  3.000000E+00
              438 -1.105450E+02 -2.269953E+00  3.000000E+00
              439 -1.109549E+02 -2.938926E+00  3.000000E+00
              440 -1.114645E+02 -3.535534E+00  3.000000E+00
              441 -1.120611E+02 -4.045085E+00  3.000000E+00
              442 -1.127300E+02 -4.455033E+00  3.000000E+00
              443 -1.134549E+02 -4.755282E+00  3.000000E+00
              444 -1.142178E+02 -4.938442E+00  3.000000E+00
              445 -1.150000E+02 -7.000000E+00  3.000000E+00
              446 -1.061108E+02  1.407910E+00  3.000000E+00
              447 -1.064405E+02  2.781153E+00  3.000000E+00
              448 -1.069809E+02  4.085915E+00  3.000000E+00
              449 -1.077188E+02  5.290067E+00  3.000000E+00
              450 -1.086360E+02  6.363961E+00  3.000000E+00
              451 -1.097099E+02  7.281153E+00  3.000000E+00
              452 -1.109141E+02  8.019058E+00  3.000000E+00
              453 -1.122188E+02  8.559508E+00  3.000000E+00
              454 -1.135921E+02  8.889194E+00  3.000000E+00
              455 -1.150000E+02  7.000000E+00  3.000000E+00
              456 -1.142178E+02  4.938442E+00  3.000000E+00
              457 -1.134549E+02  4.755282E+00  3.000000E+00
              458 -1.127300E+02  4.455033E+00  3.000000E+00
              459 -1.120611E+02  4.045085E+00  3.000000E+00
              460 -1.114645E+02  3.535534E+00  3.000000E+00
              461 -1.109549E+02  2.938926E+00  3.000000E+00
              462 -1.105450E+02  2.269953E+00  3.000000E+00
              463 -1.102447E+02  1.545085E+00  3.000000E+00
              464 -1.100616E+02  7.821723E-01  3.000000E+00
              465 -1.164079E+02  8.889194E+00  3.000000E+00
              466 -1.177812E+02  8.559508E+00  3.000000E+00
              467 -1.190859E+02  8.019058E+00  3.000000E+00
              468 -1.202901E+02  7.281153E+00  3.000000E+00
              469 -1.213640E+02  6.363961E+00  3.000000E+00
              470 -1.222812E+02  5.290067E+00  3.000000E+00
              471 -1.230191E+02  4.085915E+00  3.000000E+00
              472 -1.235595E+02  2.781153E+00  3.000000E+00
              473 -1.238892E+02  1.407910E+00  3.000000E+00
              474 -1.220000E+02 -5.171189E-13  3.000000E+00
              475 -1.199384E+02  7.821723E-01  3.000000E+00
              476 -1.197553E+02  1.545085E+00  3.000000E+00
              477 -1.194550E+02  2.269953E+00  3.000000E+00
              478 -1.190451E+02  2.938926E+00  3.000000E+00
              479 -1.185355E+02  3.535534E+00  3.000000E+00
              480 -1.179389E+02  4.045085E+00  3.000000E+00
              481 -1.172700E+02  4.455033E+00  3.000000E+00
              482 -1.165451E+02  4.755282E+00  3.000000E+00
              483 -1.157822E+02  4.938442E+00  3.000000E+00
              484 -1.238892E+02 -1.407910E+00  3.000000E+00
              485 -1.235595E+02 -2.781153E+00  3.000000E+00
              486 -1.230191E+02 -4.085915E+00  3.000000E+00
              487 -1.222812E+02 -5.290067E+00  3.000000E+00
              488 -1.213640E+02 -6.363961E+00  3.000000E+00
              489 -1.202901E+02 -7.281153E+00  3.000000E+00
              490 -1.190859E+02 -8.019058E+00  3.000000E+00
              491 -1.177812E+02 -8.559508E+00  3.000000E+00
              492 -1.164079E+02 -8.889194E+00  3.000000E+00
              493 -1.157822E+02 -4.938442E+00  3.000000E+00
              494 -1.165451E+02 -4.755282E+00  3.000000E+00
              495 -1.172700E+02 -4.455033E+00  3.000000E+00
              496 -1.179389E+02 -4.045085E+00  3.000000E+00
              497 -1.185355E+02 -3.535534E+00  3.000000E+00
              498 -1.190451E+02 -2.938926E+00  3.000000E+00
              499 -1.194550E+02 -2.269953E+00  3.000000E+00
              500 -1.197553E+02 -1.545085E+00  3.000000E+00
              501 -1.199384E+02 -7.821723E-01  3.000000E+00
              502 -1.635921E+02 -8.889194E+00  3.000000E+00
              503 -1.622188E+02 -8.559508E+00  3.000000E+00
              504 -1.609141E+02 -8.019058E+00  3.000000E+00
              505 -1.597099E+02 -7.281153E+00  3.000000E+00
              506 -1.586360E+02 -6.363961E+00  3.000000E+00
              507 -1.577188E+02 -5.290067E+00  3.000000E+00
              508 -1.569809E+02 -4.085915E+00  3.000000E+00
              509 -1.564405E+02 -2.781153E+00  3.000000E+00
              510 -1.561108E+02 -1.407910E+00  3.000000E+00
              511 -1.580000E+02  6.123235E-16  3.000000E+00
              512 -1.600616E+02 -7.821723E-01  3.000000E+00
              513 -1.602447E+02 -1.545085E+00  3.000000E+00
              514 -1.605450E+02 -2.269953E+00  3.000000E+00
              515 -1.609549E+02 -2.938926E+00  3.000000E+00
              516 -1.614645E+02 -3.535534E+00  3.000000E+00
              517 -1.620611E+02 -4.045085E+00  3.000000E+00
              518 -1.627300E+02 -4.455033E+00  3.000000E+00
              519 -1.634549E+02 -4.755282E+00  3.000000E+00
              520 -1.642178E+02 -4.938442E+00  3.000000E+00
              521 -1.650000E+02 -7.000000E+00  3.000000E+00
              522 -1.561108E+02  1.407910E+00  3.000000E+00
              523 -1.564405E+02  2.781153E+00  3.000000E+00
              524 -1.569809E+02  4.085915E+00  3.000000E+00
              525 -1.577188E+02  5.290067E+00  3.000000E+00
              526 -1.586360E+02  6.363961E+00  3.000000E+00
              527 -1.597099E+02  7.281153E+00  3.000000E+00
              528 -1.609141E+02  8.019058E+00  3.000000E+00
              529 -1.622188E+02  8.559508E+00  3.000000E+00
              530 -1.635921E+02  8.889194E+00  3.000000E+00
              531 -1.650000E+02  7.000000E+00  3.000000E+00
              532 -1.642178E+02  4.938442E+00  3.000000E+00
              533 -1.634549E+02  4.755282E+00  3.000000E+00
              534 -1.627300E+02  4.455033E+00  3.000000E+00
              535 -1.620611E+02  4.045085E+00  3.000000E+00
              536 -1.614645E+02  3.535534E+00  3.000000E+00
              537 -1.609549E+02  2.938926E+00  3.000000E+00
              538 -1.605450E+02  2.269953E+00  3.000000E+00
              539 -1.602447E+02  1.545085E+00  3.000000E+00
              540 -1.600616E+02  7.821723E-01  3.000000E+00
              541 -1.664079E+02  8.889194E+00  3.000000E+00
              542 -1.677812E+02  8.559508E+00  3.000000E+00
              543 -1.690859E+02  8.019058E+00  3.000000E+00
              544 -1.702901E+02  7.281153E+00  3.000000E+00
              545 -1.713640E+02  6.363961E+00  3.000000E+00
              546 -1.722812E+02  5.290067E+00  3.000000E+00
              547 -1.730191E+02  4.085915E+00  3.000000E+00
              548 -1.735595E+02  2.781153E+00  3.000000E+00
              549 -1.738892E+02  1.407910E+00  3.000000E+00
              550 -1.720000E+02 -1.448374E-12  3.000000E+00
              551 -1.699384E+02  7.821723E-01  3.000000E+00
              552 -1.697553E+02  1.545085E+00  3.000000E+00
              553 -1.694550E+02  2.269953E+00  3.000000E+00
              554 -1.690451E+02  2.938926E+00  3.000000E+00
              555 -1.685355E+02  3.535534E+00  3.000000E+00
              556 -1.679389E+02  4.045085E+00  3.000000E+00
              557 -1.672700E+02  4.455033E+00  3.000000E+00
              558 -1.665451E+02  4.755282E+00  3.000000E+00
              559 -1.657822E+02  4.938442E+00  3.000000E+00
              560 -1.699384E+02 -7.821723E-01  3.000000E+00
              561 -1.697553E+02 -1.545085E+00  3.000000E+00
              562 -1.694550E+02 -2.269953E+00  3.000000E+00
              563 -1.690451E+02 -2.938926E+00  3.000000E+00
              564 -1.685355E+02 -3.535534E+00  3.000000E+00
              565 -1.679389E+02 -4.045085E+00  3.000000E+00
              566 -1.672700E+02 -4.455033E+00  3.000000E+00
              567 -1.665451E+02 -4.755282E+00  3.000000E+00
              568 -1.657822E+02 -4.938442E+00  3.000000E+00
              569 -1.664079E+02 -8.889194E+00  3.000000E+00
              570 -1.677812E+02 -8.559508E+00  3.000000E+00
              571 -1.690859E+02 -8.019058E+00  3.000000E+00
              572 -1.702901E+02 -7.281153E+00  3.000000E+00
              573 -1.713640E+02 -6.363961E+00  3.000000E+00
              574 -1.722812E+02 -5.290067E+00  3.000000E+00
              575 -1.730191E+02 -4.085915E+00  3.000000E+00
              576 -1.735595E+02 -2.781153E+00  3.000000E+00
              577 -1.738892E+02 -1.407910E+00  3.000000E+00
              578 -1.900000E+02  1.800000E+01 -3.000000E+00
              579 -1.900000E+02  1.350000E+01 -3.000000E+00
              580 -1.900000E+02  9.000000E+00 -3.000000E+00
              581 -1.900000E+02  4.500000E+00 -3.000000E+00
              582 -1.860000E+02 -4.653520E-13 -3.000000E+00
              583 -1.820000E+02 -9.307040E-13 -3.000000E+00
              584 -1.780000E+02 -1.396056E-12 -3.000000E+00
              585 -1.738892E+02  1.407910E+00 -3.000000E+00
              586 -1.735595E+02  2.781153E+00 -3.000000E+00
              587 -1.730191E+02  4.085915E+00 -3.000000E+00
              588 -1.722812E+02  5.290067E+00 -3.000000E+00
              589 -1.713640E+02  6.363961E+00 -3.000000E+00
              590 -1.702901E+02  7.281153E+00 -3.000000E+00
              591 -1.690859E+02  8.019058E+00 -3.000000E+00
              592 -1.677812E+02  8.559508E+00 -3.000000E+00
              593 -1.664079E+02  8.889194E+00 -3.000000E+00
              594 -1.650000E+02  1.237500E+01 -3.000000E+00
              595 -1.650000E+02  1.575000E+01 -3.000000E+00
              596 -1.650000E+02  1.912500E+01 -3.000000E+00
              597 -1.700000E+02  2.250000E+01 -3.000000E+00
              598 -1.750000E+02  2.250000E+01 -3.000000E+00
              599 -1.800000E+02  2.250000E+01 -3.000000E+00
              600 -1.850000E+02  2.250000E+01 -3.000000E+00
              601 -1.900000E+02  2.250000E+01  1.000000E+00
              602 -1.900000E+02  2.250000E+01 -1.000000E+00
              603 -1.900000E+02  0.000000E+00  1.000000E+00
              604 -1.900000E+02  0.000000E+00 -1.000000E+00
              605 -1.740000E+02 -1.861408E-12  1.000000E+00
              606 -1.740000E+02 -1.861408E-12 -1.000000E+00
              607 -1.650000E+02  9.000000E+00  1.000000E+00
              608 -1.650000E+02  9.000000E+00 -1.000000E+00
              609 -1.650000E+02  2.250000E+01  1.000000E+00
              610 -1.650000E+02  2.250000E+01 -1.000000E+00
              611 -1.650000E+02 -1.912500E+01 -3.000000E+00
              612 -1.650000E+02 -1.575000E+01 -3.000000E+00
              613 -1.650000E+02 -1.237500E+01 -3.000000E+00
              614 -1.664079E+02 -8.889194E+00 -3.000000E+00
              615 -1.677812E+02 -8.559508E+00 -3.000000E+00
              616 -1.690859E+02 -8.019058E+00 -3.000000E+00
              617 -1.702901E+02 -7.281153E+00 -3.000000E+00
              618 -1.713640E+02 -6.363961E+00 -3.000000E+00
              619 -1.722812E+02 -5.290067E+00 -3.000000E+00
              620 -1.730191E+02 -4.085915E+00 -3.000000E+00
              621 -1.735595E+02 -2.781153E+00 -3.000000E+00
              622 -1.738892E+02 -1.407910E+00 -3.000000E+00
              623 -1.900000E+02 -4.500000E+00 -3.000000E+00
              624 -1.900000E+02 -9.000000E+00 -3.000000E+00
              625 -1.900000E+02 -1.350000E+01 -3.000000E+00
              626 -1.900000E+02 -1.800000E+01 -3.000000E+00
              627 -1.850000E+02 -2.250000E+01 -3.000000E+00
              628 -1.800000E+02 -2.250000E+01 -3.000000E+00
              629 -1.750000E+02 -2.250000E+01 -3.000000E+00
              630 -1.700000E+02 -2.250000E+01 -3.000000E+00
              631 -1.650000E+02 -2.250000E+01  1.000000E+00
              632 -1.650000E+02 -2.250000E+01 -1.000000E+00
              633 -1.650000E+02 -9.000000E+00  1.000000E+00
              634 -1.650000E+02 -9.000000E+00 -1.000000E+00
              635 -1.900000E+02 -2.250000E+01  1.000000E+00
              636 -1.900000E+02 -2.250000E+01 -1.000000E+00
              637 -1.635921E+02 -8.889194E+00 -3.000000E+00
              638 -1.622188E+02 -8.559508E+00 -3.000000E+00
              639 -1.609141E+02 -8.019058E+00 -3.000000E+00
              640 -1.597099E+02 -7.281153E+00 -3.000000E+00
              641 -1.586360E+02 -6.363961E+00 -3.000000E+00
              642 -1.577188E+02 -5.290067E+00 -3.000000E+00
              643 -1.569809E+02 -4.085915E+00 -3.000000E+00
              644 -1.564405E+02 -2.781153E+00 -3.000000E+00
              645 -1.561108E+02 -1.407910E+00 -3.000000E+00
              646 -1.520000E+02  0.000000E+00 -3.000000E+00
              647 -1.480000E+02  0.000000E+00 -3.000000E+00
              648 -1.440000E+02  0.000000E+00 -3.000000E+00
              649 -1.400000E+02 -4.500000E+00 -3.000000E+00
              650 -1.400000E+02 -9.000000E+00 -3.000000E+00
              651 -1.400000E+02 -1.350000E+01 -3.000000E+00
              652 -1.400000E+02 -1.800000E+01 -3.000000E+00
              653 -1.450000E+02 -2.250000E+01 -3.000000E+00
              654 -1.500000E+02 -2.250000E+01 -3.000000E+00
              655 -1.550000E+02 -2.250000E+01 -3.000000E+00
              656 -1.600000E+02 -2.250000E+01 -3.000000E+00
              657 -1.560000E+02  0.000000E+00  1.000000E+00
              658 -1.560000E+02  0.000000E+00 -1.000000E+00
              659 -1.400000E+02  0.000000E+00  1.000000E+00
              660 -1.400000E+02  0.000000E+00 -1.000000E+00
              661 -1.400000E+02 -2.250000E+01  1.000000E+00
              662 -1.400000E+02 -2.250000E+01 -1.000000E+00
              663 -1.600000E+02  2.250000E+01 -3.000000E+00
              664 -1.550000E+02  2.250000E+01 -3.000000E+00
              665 -1.500000E+02  2.250000E+01 -3.000000E+00
              666 -1.450000E+02  2.250000E+01 -3.000000E+00
              667 -1.400000E+02  1.800000E+01 -3.000000E+00
              668 -1.400000E+02  1.350000E+01 -3.000000E+00
              669 -1.400000E+02  9.000000E+00 -3.000000E+00
              670 -1.400000E+02  4.500000E+00 -3.000000E+00
              671 -1.561108E+02  1.407910E+00 -3.000000E+00
              672 -1.564405E+02  2.781153E+00 -3.000000E+00
              673 -1.569809E+02  4.085915E+00 -3.000000E+00
              674 -1.577188E+02  5.290067E+00 -3.000000E+00
              675 -1.586360E+02  6.363961E+00 -3.000000E+00
              676 -1.597099E+02  7.281153E+00 -3.000000E+00
              677 -1.609141E+02  8.019058E+00 -3.000000E+00
              678 -1.622188E+02  8.559508E+00 -3.000000E+00
              679 -1.635921E+02  8.889194E+00 -3.000000E+00
              680 -1.400000E+02  2.250000E+01  1.000000E+00
              681 -1.400000E+02  2.250000E+01 -1.000000E+00
              682 -1.360000E+02  2.755455E-16 -3.000000E+00
              683 -1.320000E+02  5.510910E-16 -3.000000E+00
              684 -1.280000E+02  8.266365E-16 -3.000000E+00
              685 -1.238892E+02  1.407910E+00 -3.000000E+00
              686 -1.235595E+02  2.781153E+00 -3.000000E+00
              687 -1.230191E+02  4.085915E+00 -3.000000E+00
              688 -1.222812E+02  5.290067E+00 -3.000000E+00
              689 -1.213640E+02  6.363961E+00 -3.000000E+00
              690 -1.202901E+02  7.281153E+00 -3.000000E+00
              691 -1.190859E+02  8.019058E+00 -3.000000E+00
              692 -1.177812E+02  8.559508E+00 -3.000000E+00
              693 -1.164079E+02  8.889194E+00 -3.000000E+00
              694 -1.150000E+02  1.237500E+01 -3.000000E+00
              695 -1.150000E+02  1.575000E+01 -3.000000E+00
              696 -1.150000E+02  1.912500E+01 -3.000000E+00
              697 -1.200000E+02  2.250000E+01 -3.000000E+00
              698 -1.250000E+02  2.250000E+01 -3.000000E+00
              699 -1.300000E+02  2.250000E+01 -3.000000E+00
              700 -1.350000E+02  2.250000E+01 -3.000000E+00
              701 -1.240000E+02  1.102182E-15  1.000000E+00
              702 -1.240000E+02  1.102182E-15 -1.000000E+00
              703 -1.150000E+02  9.000000E+00  1.000000E+00
              704 -1.150000E+02  9.000000E+00 -1.000000E+00
              705 -1.150000E+02  2.250000E+01  1.000000E+00
              706 -1.150000E+02  2.250000E+01 -1.000000E+00
              707 -1.238892E+02 -1.407910E+00 -3.000000E+00
              708 -1.235595E+02 -2.781153E+00 -3.000000E+00
              709 -1.230191E+02 -4.085915E+00 -3.000000E+00
              710 -1.222812E+02 -5.290067E+00 -3.000000E+00
              711 -1.213640E+02 -6.363961E+00 -3.000000E+00
              712 -1.202901E+02 -7.281153E+00 -3.000000E+00
              713 -1.190859E+02 -8.019058E+00 -3.000000E+00
              714 -1.177812E+02 -8.559508E+00 -3.000000E+00
              715 -1.164079E+02 -8.889194E+00 -3.000000E+00
              716 -1.150000E+02 -1.237500E+01 -3.000000E+00
              717 -1.150000E+02 -1.575000E+01 -3.000000E+00
              718 -1.150000E+02 -1.912500E+01 -3.000000E+00
              719 -1.200000E+02 -2.250000E+01 -3.000000E+00
              720 -1.250000E+02 -2.250000E+01 -3.000000E+00
              721 -1.300000E+02 -2.250000E+01 -3.000000E+00
              722 -1.350000E+02 -2.250000E+01 -3.000000E+00
              723 -1.150000E+02 -9.000000E+00  1.000000E+00
              724 -1.150000E+02 -9.000000E+00 -1.000000E+00
              725 -1.150000E+02 -2.250000E+01  1.000000E+00
              726 -1.150000E+02 -2.250000E+01 -1.000000E+00
              727 -1.015000E+02  0.000000E+00 -3.000000E+00
              728 -9.700000E+01  0.000000E+00 -3.000000E+00
              729 -9.250000E+01  0.000000E+00 -3.000000E+00
              730 -8.800000E+01 -4.500000E+00 -3.000000E+00
              731 -8.800000E+01 -9.000000E+00 -3.000000E+00
              732 -8.800000E+01 -1.350000E+01 -3.000000E+00
              733 -8.800000E+01 -1.800000E+01 -3.000000E+00
              734 -9.340000E+01 -2.250000E+01 -3.000000E+00
              735 -9.880000E+01 -2.250000E+01 -3.000000E+00
              736 -1.042000E+02 -2.250000E+01 -3.000000E+00
              737 -1.096000E+02 -2.250000E+01 -3.000000E+00
              738 -1.135921E+02 -8.889194E+00 -3.000000E+00
              739 -1.122188E+02 -8.559508E+00 -3.000000E+00
              740 -1.109141E+02 -8.019058E+00 -3.000000E+00
              741 -1.097099E+02 -7.281153E+00 -3.000000E+00
              742 -1.086360E+02 -6.363961E+00 -3.000000E+00
              743 -1.077188E+02 -5.290067E+00 -3.000000E+00
              744 -1.069809E+02 -4.085915E+00 -3.000000E+00
              745 -1.064405E+02 -2.781153E+00 -3.000000E+00
              746 -1.061108E+02 -1.407910E+00 -3.000000E+00
              747 -1.060000E+02  0.000000E+00  1.000000E+00
              748 -1.060000E+02  0.000000E+00 -1.000000E+00
              749 -8.800000E+01  0.000000E+00  1.000000E+00
              750 -8.800000E+01  0.000000E+00 -1.000000E+00
              751 -8.800000E+01 -2.250000E+01  1.000000E+00
              752 -8.800000E+01 -2.250000E+01 -1.000000E+00
              753 -1.096000E+02  2.250000E+01 -3.000000E+00
              754 -1.042000E+02  2.250000E+01 -3.000000E+00
              755 -9.880000E+01  2.250000E+01 -3.000000E+00
              756 -9.340000E+01  2.250000E+01 -3.000000E+00
              757 -8.800000E+01  1.800000E+01 -3.000000E+00
              758 -8.800000E+01  1.350000E+01 -3.000000E+00
              759 -8.800000E+01  9.000000E+00 -3.000000E+00
              760 -8.800000E+01  4.500000E+00 -3.000000E+00
              761 -1.061108E+02  1.407910E+00 -3.000000E+00
              762 -1.064405E+02  2.781153E+00 -3.000000E+00
              763 -1.069809E+02  4.085915E+00 -3.000000E+00
              764 -1.077188E+02  5.290067E+00 -3.000000E+00
              765 -1.086360E+02  6.363961E+00 -3.000000E+00
              766 -1.097099E+02  7.281153E+00 -3.000000E+00
              767 -1.109141E+02  8.019058E+00 -3.000000E+00
              768 -1.122188E+02  8.559508E+00 -3.000000E+00
              769 -1.135921E+02  8.889194E+00 -3.000000E+00
              770 -8.800000E+01  2.250000E+01  1.000000E+00
              771 -8.800000E+01  2.250000E+01 -1.000000E+00
              772 -8.150000E+01 -2.250000E+01 -3.000000E+00
              773 -8.150000E+01  5.180450E-13 -3.000000E+00
              774 -7.500000E+01 -5.000000E+00 -3.000000E+00
              775 -7.500000E+01 -1.416667E+01 -3.000000E+00
              776 -7.500000E+01 -1.833333E+01 -3.000000E+00
              777 -7.500000E+01 -2.250000E+01  1.000000E+00
              778 -7.500000E+01 -2.250000E+01 -1.000000E+00
              779 -7.500000E+01  1.036090E-12  1.000000E+00
              780 -7.500000E+01  1.036090E-12 -1.000000E+00
              781 -7.500000E+01 -1.000000E+01  1.000000E+00
              782 -7.500000E+01 -1.000000E+01 -1.000000E+00
              783 -8.150000E+01  2.250000E+01 -3.000000E+00
              784 -7.500000E+01  1.833333E+01 -3.000000E+00
              785 -7.500000E+01  1.416667E+01 -3.000000E+00
              786 -7.500000E+01  5.000000E+00 -3.000000E+00
              787 -7.500000E+01  2.250000E+01  1.000000E+00
              788 -7.500000E+01  2.250000E+01 -1.000000E+00
              789 -7.500000E+01  1.000000E+01  1.000000E+00
              790 -7.500000E+01  1.000000E+01 -1.000000E+00
              791 -6.500000E+01  1.416667E+01 -3.000000E+00
              792 -6.500000E+01  1.833333E+01 -3.000000E+00
              793 -7.000000E+01  2.250000E+01 -3.000000E+00
              794 -7.000000E+01  1.000000E+01 -3.000000E+00
              795 -6.500000E+01  1.000000E+01  1.000000E+00
              796 -6.500000E+01  1.000000E+01 -1.000000E+00
              797 -6.500000E+01  2.250000E+01  1.000000E+00
              798 -6.500000E+01  2.250000E+01 -1.000000E+00
              799 -7.333333E+01  1.036090E-12 -3.000000E+00
              800 -7.166667E+01  1.036090E-12 -3.000000E+00
              801 -6.961940E+01  1.913417E+00 -3.000000E+00
              802 -6.853553E+01  3.535534E+00 -3.000000E+00
              803 -6.691341E+01  4.619398E+00 -3.000000E+00
              804 -6.500000E+01  6.666667E+00 -3.000000E+00
              805 -6.500000E+01  8.333333E+00 -3.000000E+00
              806 -7.000000E+01  1.036090E-12  1.000000E+00
              807 -7.000000E+01  1.036090E-12 -1.000000E+00
              808 -6.500000E+01  5.000000E+00  1.000000E+00
              809 -6.500000E+01  5.000000E+00 -1.000000E+00
              810 -6.961940E+01 -1.913417E+00 -3.000000E+00
              811 -6.853553E+01 -3.535534E+00 -3.000000E+00
              812 -6.691341E+01 -4.619398E+00 -3.000000E+00
              813 -6.500000E+01 -6.666667E+00 -3.000000E+00
              814 -6.500000E+01 -8.333333E+00 -3.000000E+00
              815 -7.000000E+01 -1.000000E+01 -3.000000E+00
              816 -6.500000E+01 -5.000000E+00  1.000000E+00
              817 -6.500000E+01 -5.000000E+00 -1.000000E+00
              818 -6.500000E+01 -1.000000E+01  1.000000E+00
              819 -6.500000E+01 -1.000000E+01 -1.000000E+00
              820 -7.000000E+01 -2.250000E+01 -3.000000E+00
              821 -6.500000E+01 -1.833333E+01 -3.000000E+00
              822 -6.500000E+01 -1.416667E+01 -3.000000E+00
              823 -6.500000E+01 -2.250000E+01  1.000000E+00
              824 -6.500000E+01 -2.250000E+01 -1.000000E+00
              825 -5.850000E+01 -1.000000E+01 -3.000000E+00
              826 -5.200000E+01 -1.000000E+01 -3.000000E+00
              827 -4.550000E+01 -1.000000E+01 -3.000000E+00
              828 -3.900000E+01 -1.000000E+01 -3.000000E+00
              829 -3.250000E+01 -1.000000E+01 -3.000000E+00
              830 -2.600000E+01 -1.000000E+01 -3.000000E+00
              831 -1.950000E+01 -1.000000E+01 -3.000000E+00
              832 -1.300000E+01 -1.000000E+01 -3.000000E+00
              833 -6.500000E+00 -1.000000E+01 -3.000000E+00
              834  0.000000E+00 -1.416667E+01 -3.000000E+00
              835  0.000000E+00 -1.833333E+01 -3.000000E+00
              836 -6.500000E+00 -2.250000E+01 -3.000000E+00
              837 -1.300000E+01 -2.250000E+01 -3.000000E+00
              838 -1.950000E+01 -2.250000E+01 -3.000000E+00
              839 -2.600000E+01 -2.250000E+01 -3.000000E+00
              840 -3.250000E+01 -2.250000E+01 -3.000000E+00
              841 -3.900000E+01 -2.250000E+01 -3.000000E+00
              842 -4.550000E+01 -2.250000E+01 -3.000000E+00
              843 -5.200000E+01 -2.250000E+01 -3.000000E+00
              844 -5.850000E+01 -2.250000E+01 -3.000000E+00
              845  0.000000E+00 -1.000000E+01  1.000000E+00
              846  0.000000E+00 -1.000000E+01 -1.000000E+00
              847  0.000000E+00 -2.250000E+01  1.000000E+00
              848  0.000000E+00 -2.250000E+01 -1.000000E+00
              849 -5.850000E+01 -5.000000E+00 -3.000000E+00
              850 -5.200000E+01 -5.000000E+00 -3.000000E+00
              851 -4.550000E+01 -5.000000E+00 -3.000000E+00
              852 -3.900000E+01 -5.000000E+00 -3.000000E+00
              853 -3.250000E+01 -5.000000E+00 -3.000000E+00
              854 -2.600000E+01 -5.000000E+00 -3.000000E+00
              855 -1.950000E+01 -5.000000E+00 -3.000000E+00
              856 -1.300000E+01 -5.000000E+00 -3.000000E+00
              857 -6.500000E+00 -5.000000E+00 -3.000000E+00
              858  0.000000E+00 -6.666667E+00 -3.000000E+00
              859  0.000000E+00 -8.333333E+00 -3.000000E+00
              860  0.000000E+00 -5.000000E+00  1.000000E+00
              861  0.000000E+00 -5.000000E+00 -1.000000E+00
              862 -5.850000E+01  5.000000E+00 -3.000000E+00
              863 -5.200000E+01  5.000000E+00 -3.000000E+00
              864 -4.550000E+01  5.000000E+00 -3.000000E+00
              865 -3.900000E+01  5.000000E+00 -3.000000E+00
              866 -3.250000E+01  5.000000E+00 -3.000000E+00
              867 -2.600000E+01  5.000000E+00 -3.000000E+00
              868 -1.950000E+01  5.000000E+00 -3.000000E+00
              869 -1.300000E+01  5.000000E+00 -3.000000E+00
              870 -6.500000E+00  5.000000E+00 -3.000000E+00
              871  0.000000E+00  6.666667E+00 -3.000000E+00
              872  0.000000E+00  8.333333E+00 -3.000000E+00
              873 -6.500000E+00  1.000000E+01 -3.000000E+00
              874 -1.300000E+01  1.000000E+01 -3.000000E+00
              875 -1.950000E+01  1.000000E+01 -3.000000E+00
              876 -2.600000E+01  1.000000E+01 -3.000000E+00
              877 -3.250000E+01  1.000000E+01 -3.000000E+00
              878 -3.900000E+01  1.000000E+01 -3.000000E+00
              879 -4.550000E+01  1.000000E+01 -3.000000E+00
              880 -5.200000E+01  1.000000E+01 -3.000000E+00
              881 -5.850000E+01  1.000000E+01 -3.000000E+00
              882  0.000000E+00  5.000000E+00  1.000000E+00
              883  0.000000E+00  5.000000E+00 -1.000000E+00
              884  0.000000E+00  1.000000E+01  1.000000E+00
              885  0.000000E+00  1.000000E+01 -1.000000E+00
              886 -5.850000E+01  2.250000E+01 -3.000000E+00
              887 -5.200000E+01  2.250000E+01 -3.000000E+00
              888 -4.550000E+01  2.250000E+01 -3.000000E+00
              889 -3.900000E+01  2.250000E+01 -3.000000E+00
              890 -3.250000E+01  2.250000E+01 -3.000000E+00
              891 -2.600000E+01  2.250000E+01 -3.000000E+00
              892 -1.950000E+01  2.250000E+01 -3.000000E+00
              893 -1.300000E+01  2.250000E+01 -3.000000E+00
              894 -6.500000E+00  2.250000E+01 -3.000000E+00
              895  0.000000E+00  1.833333E+01 -3.000000E+00
              896  0.000000E+00  1.416667E+01 -3.000000E+00
              897  0.000000E+00  2.250000E+01  1.000000E+00
              898  0.000000E+00  2.250000E+01 -1.000000E+00
              899 -5.850000E+01  6.666667E+00  3.000000E+00
              900 -5.850000E+01  8.333333E+00  3.000000E+00
              901 -5.200000E+01  6.666667E+00  3.000000E+00
              902 -5.200000E+01  8.333333E+00  3.000000E+00
              903 -4.550000E+01  6.666667E+00  3.000000E+00
              904 -4.550000E+01  8.333333E+00  3.000000E+00
              905 -3.900000E+01  6.666667E+00  3.000000E+00
              906 -3.900000E+01  8.333333E+00  3.000000E+00
              907 -3.250000E+01  6.666667E+00  3.000000E+00
              908 -3.250000E+01  8.333333E+00  3.000000E+00
              909 -2.600000E+01  6.666667E+00  3.000000E+00
              910 -2.600000E+01  8.333333E+00  3.000000E+00
              911 -1.950000E+01  6.666667E+00  3.000000E+00
              912 -1.950000E+01  8.333333E+00  3.000000E+00
              913 -1.300000E+01  6.666667E+00  3.000000E+00
              914 -1.300000E+01  8.333333E+00  3.000000E+00
              915 -6.500000E+00  6.666667E+00  3.000000E+00
              916 -6.500000E+00  8.333333E+00  3.000000E+00
              917 -5.850000E+01  1.416667E+01  3.000000E+00
              918 -5.850000E+01  1.833333E+01  3.000000E+00
              919 -5.200000E+01  1.416667E+01  3.000000E+00
              920 -5.200000E+01  1.833333E+01  3.000000E+00
              921 -4.550000E+01  1.416667E+01  3.000000E+00
              922 -4.550000E+01  1.833333E+01  3.000000E+00
              923 -3.900000E+01  1.416667E+01  3.000000E+00
              924 -3.900000E+01  1.833333E+01  3.000000E+00
              925 -3.250000E+01  1.416667E+01  3.000000E+00
              926 -3.250000E+01  1.833333E+01  3.000000E+00
              927 -2.600000E+01  1.416667E+01  3.000000E+00
              928 -2.600000E+01  1.833333E+01  3.000000E+00
              929 -1.950000E+01  1.416667E+01  3.000000E+00
              930 -1.950000E+01  1.833333E+01  3.000000E+00
              931 -1.300000E+01  1.416667E+01  3.000000E+00
              932 -1.300000E+01  1.833333E+01  3.000000E+00
              933 -6.500000E+00  1.416667E+01  3.000000E+00
              934 -6.500000E+00  1.833333E+01  3.000000E+00
              935 -7.000000E+01  1.833333E+01  3.000000E+00
              936 -7.000000E+01  1.416667E+01  3.000000E+00
              937 -6.794228E+01  6.412932E+00  3.000000E+00
              938 -7.069035E+01  5.690356E+00  3.000000E+00
              939 -7.141293E+01  2.942278E+00  3.000000E+00
              940 -6.897114E+01  8.206466E+00  3.000000E+00
              941 -7.284518E+01  7.845178E+00  3.000000E+00
              942 -7.320647E+01  3.971139E+00  3.000000E+00
              943 -6.794228E+01 -6.412932E+00  3.000000E+00
              944 -6.897114E+01 -8.206466E+00  3.000000E+00
              945 -7.069035E+01 -5.690356E+00  3.000000E+00
              946 -7.284518E+01 -7.845178E+00  3.000000E+00
              947 -7.141293E+01 -2.942278E+00  3.000000E+00
              948 -7.320647E+01 -3.971139E+00  3.000000E+00
              949 -7.000000E+01 -1.833333E+01  3.000000E+00
              950 -7.000000E+01 -1.416667E+01  3.000000E+00
              951 -5.850000E+01 -1.833333E+01  3.000000E+00
              952 -5.850000E+01 -1.416667E+01  3.000000E+00
              953 -5.200000E+01 -1.833333E+01  3.000000E+00
              954 -5.200000E+01 -1.416667E+01  3.000000E+00
              955 -4.550000E+01 -1.833333E+01  3.000000E+00
              956 -4.550000E+01 -1.416667E+01  3.000000E+00
              957 -3.900000E+01 -1.833333E+01  3.000000E+00
              958 -3.900000E+01 -1.416667E+01  3.000000E+00
              959 -3.250000E+01 -1.833333E+01  3.000000E+00
              960 -3.250000E+01 -1.416667E+01  3.000000E+00
              961 -2.600000E+01 -1.833333E+01  3.000000E+00
              962 -2.600000E+01 -1.416667E+01  3.000000E+00
              963 -1.950000E+01 -1.833333E+01  3.000000E+00
              964 -1.950000E+01 -1.416667E+01  3.000000E+00
              965 -1.300000E+01 -1.833333E+01  3.000000E+00
              966 -1.300000E+01 -1.416667E+01  3.000000E+00
              967 -6.500000E+00 -1.833333E+01  3.000000E+00
              968 -6.500000E+00 -1.416667E+01  3.000000E+00
              969 -5.850000E+01 -8.333333E+00  3.000000E+00
              970 -5.850000E+01 -6.666667E+00  3.000000E+00
              971 -5.200000E+01 -8.333333E+00  3.000000E+00
              972 -5.200000E+01 -6.666667E+00  3.000000E+00
              973 -4.550000E+01 -8.333333E+00  3.000000E+00
              974 -4.550000E+01 -6.666667E+00  3.000000E+00
              975 -3.900000E+01 -8.333333E+00  3.000000E+00
              976 -3.900000E+01 -6.666667E+00  3.000000E+00
              977 -3.250000E+01 -8.333333E+00  3.000000E+00
              978 -3.250000E+01 -6.666667E+00  3.000000E+00
              979 -2.600000E+01 -8.333333E+00  3.000000E+00
              980 -2.600000E+01 -6.666667E+00  3.000000E+00
              981 -1.950000E+01 -8.333333E+00  3.000000E+00
              982 -1.950000E+01 -6.666667E+00  3.000000E+00
              983 -1.300000E+01 -8.333333E+00  3.000000E+00
              984 -1.300000E+01 -6.666667E+00  3.000000E+00
              985 -6.500000E+00 -8.333333E+00  3.000000E+00
              986 -6.500000E+00 -6.666667E+00  3.000000E+00
              987 -8.150000E+01 -4.750000E+00  3.000000E+00
              988 -8.150000E+01 -9.500000E+00  3.000000E+00
              989 -8.150000E+01 -1.383333E+01  3.000000E+00
              990 -8.150000E+01 -1.816667E+01  3.000000E+00
              991 -8.150000E+01  1.816667E+01  3.000000E+00
              992 -8.150000E+01  1.383333E+01  3.000000E+00
              993 -8.150000E+01  9.500000E+00  3.000000E+00
              994 -8.150000E+01  4.750000E+00  3.000000E+00
              995 -1.219138E+02 -1.095041E+00  5.000000E+00
              996 -1.216574E+02 -2.163119E+00  5.000000E+00
              997 -1.212370E+02 -3.177933E+00  5.000000E+00
              998 -1.206631E+02 -4.114497E+00  5.000000E+00
              999 -1.199497E+02 -4.949748E+00  5.000000E+00
             1000 -1.191145E+02 -5.663119E+00  5.000000E+00
             1001 -1.181779E+02 -6.237046E+00  5.000000E+00
             1002 -1.171631E+02 -6.657396E+00  5.000000E+00
             1003 -1.160950E+02 -6.913818E+00  5.000000E+00
             1004 -1.139050E+02 -6.913818E+00  5.000000E+00
             1005 -1.128369E+02 -6.657396E+00  5.000000E+00
             1006 -1.118221E+02 -6.237046E+00  5.000000E+00
             1007 -1.108855E+02 -5.663119E+00  5.000000E+00
             1008 -1.100503E+02 -4.949748E+00  5.000000E+00
             1009 -1.093369E+02 -4.114497E+00  5.000000E+00
             1010 -1.087630E+02 -3.177933E+00  5.000000E+00
             1011 -1.083426E+02 -2.163119E+00  5.000000E+00
             1012 -1.080862E+02 -1.095041E+00  5.000000E+00
             1013 -1.139050E+02  6.913818E+00  5.000000E+00
             1014 -1.128369E+02  6.657396E+00  5.000000E+00
             1015 -1.118221E+02  6.237046E+00  5.000000E+00
             1016 -1.108855E+02  5.663119E+00  5.000000E+00
             1017 -1.100503E+02  4.949748E+00  5.000000E+00
             1018 -1.093369E+02  4.114497E+00  5.000000E+00
             1019 -1.087630E+02  3.177933E+00  5.000000E+00
             1020 -1.083426E+02  2.163119E+00  5.000000E+00
             1021 -1.080862E+02  1.095041E+00  5.000000E+00
             1022 -1.160950E+02  6.913818E+00  5.000000E+00
             1023 -1.171631E+02  6.657396E+00  5.000000E+00
             1024 -1.181779E+02  6.237046E+00  5.000000E+00
             1025 -1.191145E+02  5.663119E+00  5.000000E+00
             1026 -1.199497E+02  4.949748E+00  5.000000E+00
             1027 -1.206631E+02  4.114497E+00  5.000000E+00
             1028 -1.212370E+02  3.177933E+00  5.000000E+00
             1029 -1.216574E+02  2.163119E+00  5.000000E+00
             1030 -1.219138E+02  1.095041E+00  5.000000E+00
             1031 -1.639050E+02  6.913818E+00  5.000000E+00
             1032 -1.628369E+02  6.657396E+00  5.000000E+00
             1033 -1.618221E+02  6.237046E+00  5.000000E+00
             1034 -1.608855E+02  5.663119E+00  5.000000E+00
             1035 -1.600502E+02  4.949748E+00  5.000000E+00
             1036 -1.593369E+02  4.114497E+00  5.000000E+00
             1037 -1.587630E+02  3.177933E+00  5.000000E+00
             1038 -1.583426E+02  2.163119E+00  5.000000E+00
             1039 -1.580862E+02  1.095041E+00  5.000000E+00
             1040 -1.639050E+02 -6.913818E+00  5.000000E+00
             1041 -1.628369E+02 -6.657396E+00  5.000000E+00
             1042 -1.618221E+02 -6.237046E+00  5.000000E+00
             1043 -1.608855E+02 -5.663119E+00  5.000000E+00
             1044 -1.600502E+02 -4.949748E+00  5.000000E+00
             1045 -1.593369E+02 -4.114497E+00  5.000000E+00
             1046 -1.587630E+02 -3.177933E+00  5.000000E+00
             1047 -1.583426E+02 -2.163119E+00  5.000000E+00
             1048 -1.580862E+02 -1.095041E+00  5.000000E+00
             1049 -1.719138E+02 -1.095041E+00  5.000000E+00
             1050 -1.716574E+02 -2.163119E+00  5.000000E+00
             1051 -1.712370E+02 -3.177933E+00  5.000000E+00
             1052 -1.706631E+02 -4.114497E+00  5.000000E+00
             1053 -1.699498E+02 -4.949748E+00  5.000000E+00
             1054 -1.691145E+02 -5.663119E+00  5.000000E+00
             1055 -1.681779E+02 -6.237046E+00  5.000000E+00
             1056 -1.671631E+02 -6.657396E+00  5.000000E+00
             1057 -1.660950E+02 -6.913818E+00  5.000000E+00
             1058 -1.660950E+02  6.913818E+00  5.000000E+00
             1059 -1.671631E+02  6.657396E+00  5.000000E+00
             1060 -1.681779E+02  6.237046E+00  5.000000E+00
             1061 -1.691145E+02  5.663119E+00  5.000000E+00
             1062 -1.699498E+02  4.949748E+00  5.000000E+00
             1063 -1.706631E+02  4.114497E+00  5.000000E+00
             1064 -1.712370E+02  3.177933E+00  5.000000E+00
             1065 -1.716574E+02  2.163119E+00  5.000000E+00
             1066 -1.719138E+02  1.095041E+00  5.000000E+00
             1067 -1.139050E+02 -6.913818E+00  3.000000E+00
             1068 -1.128369E+02 -6.657396E+00  3.000000E+00
             1069 -1.118221E+02 -6.237046E+00  3.000000E+00
             1070 -1.108855E+02 -5.663119E+00  3.000000E+00
             1071 -1.100503E+02 -4.949748E+00  3.000000E+00
             1072 -1.093369E+02 -4.114497E+00  3.000000E+00
             1073 -1.087630E+02 -3.177933E+00  3.000000E+00
             1074 -1.083426E+02 -2.163119E+00  3.000000E+00
             1075 -1.080862E+02 -1.095041E+00  3.000000E+00
             1076 -1.139050E+02  6.913818E+00  3.000000E+00
             1077 -1.128369E+02  6.657396E+00  3.000000E+00
             1078 -1.118221E+02  6.237046E+00  3.000000E+00
             1079 -1.108855E+02  5.663119E+00  3.000000E+00
             1080 -1.100503E+02  4.949748E+00  3.000000E+00
             1081 -1.093369E+02  4.114497E+00  3.000000E+00
             1082 -1.087630E+02  3.177933E+00  3.000000E+00
             1083 -1.083426E+02  2.163119E+00  3.000000E+00
             1084 -1.080862E+02  1.095041E+00  3.000000E+00
             1085 -1.160950E+02  6.913818E+00  3.000000E+00
             1086 -1.171631E+02  6.657396E+00  3.000000E+00
             1087 -1.181779E+02  6.237046E+00  3.000000E+00
             1088 -1.191145E+02  5.663119E+00  3.000000E+00
             1089 -1.199497E+02  4.949748E+00  3.000000E+00
             1090 -1.206631E+02  4.114497E+00  3.000000E+00
             1091 -1.212370E+02  3.177933E+00  3.000000E+00
             1092 -1.216574E+02  2.163119E+00  3.000000E+00
             1093 -1.219138E+02  1.095041E+00  3.000000E+00
             1094 -1.219138E+02 -1.095041E+00  3.000000E+00
             1095 -1.216574E+02 -2.163119E+00  3.000000E+00
             1096 -1.212370E+02 -3.177933E+00  3.000000E+00
             1097 -1.206631E+02 -4.114497E+00  3.000000E+00
             1098 -1.199497E+02 -4.949748E+00  3.000000E+00
             1099 -1.191145E+02 -5.663119E+00  3.000000E+00
             1100 -1.181779E+02 -6.237046E+00  3.000000E+00
             1101 -1.171631E+02 -6.657396E+00  3.000000E+00
             1102 -1.160950E+02 -6.913818E+00  3.000000E+00
             1103 -1.639050E+02 -6.913818E+00  3.000000E+00
             1104 -1.628369E+02 -6.657396E+00  3.000000E+00
             1105 -1.618221E+02 -6.237046E+00  3.000000E+00
             1106 -1.608855E+02 -5.663119E+00  3.000000E+00
             1107 -1.600502E+02 -4.949748E+00  3.000000E+00
             1108 -1.593369E+02 -4.114497E+00  3.000000E+00
             1109 -1.587630E+02 -3.177933E+00  3.000000E+00
             1110 -1.583426E+02 -2.163119E+00  3.000000E+00
             1111 -1.580862E+02 -1.095041E+00  3.000000E+00
             1112 -1.639050E+02  6.913818E+00  3.000000E+00
             1113 -1.628369E+02  6.657396E+00  3.000000E+00
             1114 -1.618221E+02  6.237046E+00  3.000000E+00
             1115 -1.608855E+02  5.663119E+00  3.000000E+00
             1116 -1.600502E+02  4.949748E+00  3.000000E+00
             1117 -1.593369E+02  4.114497E+00  3.000000E+00
             1118 -1.587630E+02  3.177933E+00  3.000000E+00
             1119 -1.583426E+02  2.163119E+00  3.000000E+00
             1120 -1.580862E+02  1.095041E+00  3.000000E+00
             1121 -1.660950E+02  6.913818E+00  3.000000E+00
             1122 -1.671631E+02  6.657396E+00  3.000000E+00
             1123 -1.681779E+02  6.237046E+00  3.000000E+00
             1124 -1.691145E+02  5.663119E+00  3.000000E+00
             1125 -1.699498E+02  4.949748E+00  3.000000E+00
             1126 -1.706631E+02  4.114497E+00  3.000000E+00
             1127 -1.712370E+02  3.177933E+00  3.000000E+00
             1128 -1.716574E+02  2.163119E+00  3.000000E+00
             1129 -1.719138E+02  1.095041E+00  3.000000E+00
             1130 -1.719138E+02 -1.095041E+00  3.000000E+00
             1131 -1.716574E+02 -2.163119E+00  3.000000E+00
             1132 -1.712370E+02 -3.177933E+00  3.000000E+00
             1133 -1.706631E+02 -4.114497E+00  3.000000E+00
             1134 -1.699498E+02 -4.949748E+00  3.000000E+00
             1135 -1.691145E+02 -5.663119E+00  3.000000E+00
             1136 -1.681779E+02 -6.237046E+00  3.000000E+00
             1137 -1.671631E+02 -6.657396E+00  3.000000E+00
             1138 -1.660950E+02 -6.913818E+00  3.000000E+00
             1139 -1.173059E+02 -1.229190E+01  3.000000E+00
             1140 -1.182040E+02 -1.569460E+01  3.000000E+00
             1141 -1.191020E+02 -1.909730E+01  3.000000E+00
             1142 -1.195859E+02 -1.204463E+01  3.000000E+00
             1143 -1.213906E+02 -1.552975E+01  3.000000E+00
             1144 -1.231953E+02 -1.901488E+01  3.000000E+00
             1145 -1.218144E+02 -1.163929E+01  3.000000E+00
             1146 -1.245430E+02 -1.525953E+01  3.000000E+00
             1147 -1.272715E+02 -1.887976E+01  3.000000E+00
             1148 -1.239676E+02 -1.108587E+01  3.000000E+00
             1149 -1.276450E+02 -1.489058E+01  3.000000E+00
             1150 -1.313225E+02 -1.869529E+01  3.000000E+00
             1151 -1.260230E+02 -1.039797E+01  3.000000E+00
             1152 -1.306820E+02 -1.443198E+01  3.000000E+00
             1153 -1.353410E+02 -1.846599E+01  3.000000E+00
             1154 -1.267109E+02 -8.467550E+00  3.000000E+00
             1155 -1.311406E+02 -1.164503E+01  3.000000E+00
             1156 -1.355703E+02 -1.482252E+01  3.000000E+00
             1157 -1.272643E+02 -6.439436E+00  3.000000E+00
             1158 -1.315095E+02 -8.792957E+00  3.000000E+00
             1159 -1.357548E+02 -1.114648E+01  3.000000E+00
             1160 -1.276696E+02 -4.335865E+00  3.000000E+00
             1161 -1.317798E+02 -5.890577E+00  3.000000E+00
             1162 -1.358899E+02 -7.445288E+00  3.000000E+00
             1163 -1.279169E+02 -2.180933E+00  3.000000E+00
             1164 -1.319446E+02 -2.953955E+00  3.000000E+00
             1165 -1.359723E+02 -3.726978E+00  3.000000E+00
             1166 -1.191020E+02  1.909730E+01  3.000000E+00
             1167 -1.182040E+02  1.569460E+01  3.000000E+00
             1168 -1.173059E+02  1.229190E+01  3.000000E+00
             1169 -1.231953E+02  1.901488E+01  3.000000E+00
             1170 -1.213906E+02  1.552975E+01  3.000000E+00
             1171 -1.195859E+02  1.204463E+01  3.000000E+00
             1172 -1.272715E+02  1.887976E+01  3.000000E+00
             1173 -1.245430E+02  1.525953E+01  3.000000E+00
             1174 -1.218144E+02  1.163929E+01  3.000000E+00
             1175 -1.313225E+02  1.869529E+01  3.000000E+00
             1176 -1.276450E+02  1.489058E+01  3.000000E+00
             1177 -1.239676E+02  1.108587E+01  3.000000E+00
             1178 -1.353410E+02  1.846599E+01  3.000000E+00
             1179 -1.306820E+02  1.443198E+01  3.000000E+00
             1180 -1.260230E+02  1.039797E+01  3.000000E+00
             1181 -1.355703E+02  1.482252E+01  3.000000E+00
             1182 -1.311406E+02  1.164503E+01  3.000000E+00
             1183 -1.267109E+02  8.467550E+00  3.000000E+00
             1184 -1.357548E+02  1.114648E+01  3.000000E+00
             1185 -1.315095E+02  8.792957E+00  3.000000E+00
             1186 -1.272643E+02  6.439436E+00  3.000000E+00
             1187 -1.358899E+02  7.445288E+00  3.000000E+00
             1188 -1.317798E+02  5.890577E+00  3.000000E+00
             1189 -1.276696E+02  4.335865E+00  3.000000E+00
             1190 -1.359723E+02  3.726978E+00  3.000000E+00
             1191 -1.319446E+02  2.953955E+00  3.000000E+00
             1192 -1.279169E+02  2.180933E+00  3.000000E+00
             1193 -1.105980E+02  1.909730E+01  3.000000E+00
             1194 -1.062047E+02  1.901488E+01  3.000000E+00
             1195 -1.018285E+02  1.887976E+01  3.000000E+00
             1196 -9.747749E+01  1.869529E+01  3.000000E+00
             1197 -9.315900E+01  1.846599E+01  3.000000E+00
             1198 -9.292971E+01  1.482252E+01  3.000000E+00
             1199 -9.274523E+01  1.114648E+01  3.000000E+00
             1200 -9.261012E+01  7.445288E+00  3.000000E+00
             1201 -9.252770E+01  3.726978E+00  3.000000E+00
             1202 -1.115960E+02  1.569460E+01  3.000000E+00
             1203 -1.082094E+02  1.552975E+01  3.000000E+00
             1204 -1.048570E+02  1.525953E+01  3.000000E+00
             1205 -1.015550E+02  1.489058E+01  3.000000E+00
             1206 -9.831802E+01  1.443198E+01  3.000000E+00
             1207 -9.785942E+01  1.164503E+01  3.000000E+00
             1208 -9.749047E+01  8.792957E+00  3.000000E+00
             1209 -9.722025E+01  5.890577E+00  3.000000E+00
             1210 -9.705540E+01  2.953955E+00  3.000000E+00
             1211 -1.125941E+02  1.229190E+01  3.000000E+00
             1212 -1.102141E+02  1.204463E+01  3.000000E+00
             1213 -1.078856E+02  1.163929E+01  3.000000E+00
             1214 -1.056324E+02  1.108587E+01  3.000000E+00
             1215 -1.034770E+02  1.039797E+01  3.000000E+00
             1216 -1.027891E+02  8.467550E+00  3.000000E+00
             1217 -1.022357E+02  6.439436E+00  3.000000E+00
             1218 -1.018304E+02  4.335865E+00  3.000000E+00
             1219 -1.015831E+02  2.180933E+00  3.000000E+00
             1220 -1.015831E+02 -2.180933E+00  3.000000E+00
             1221 -9.705540E+01 -2.953955E+00  3.000000E+00
             1222 -9.252770E+01 -3.726978E+00  3.000000E+00
             1223 -1.018304E+02 -4.335865E+00  3.000000E+00
             1224 -9.722025E+01 -5.890577E+00  3.000000E+00
             1225 -9.261012E+01 -7.445288E+00  3.000000E+00
             1226 -1.022357E+02 -6.439436E+00  3.000000E+00
             1227 -9.749047E+01 -8.792957E+00  3.000000E+00
             1228 -9.274523E+01 -1.114648E+01  3.000000E+00
             1229 -1.027891E+02 -8.467550E+00  3.000000E+00
             1230 -9.785942E+01 -1.164503E+01  3.000000E+00
             1231 -9.292971E+01 -1.482252E+01  3.000000E+00
             1232 -1.034770E+02 -1.039797E+01  3.000000E+00
             1233 -9.831802E+01 -1.443198E+01  3.000000E+00
             1234 -9.315900E+01 -1.846599E+01  3.000000E+00
             1235 -1.056324E+02 -1.108587E+01  3.000000E+00
             1236 -1.015550E+02 -1.489058E+01  3.000000E+00
             1237 -9.747749E+01 -1.869529E+01  3.000000E+00
             1238 -1.078856E+02 -1.163929E+01  3.000000E+00
             1239 -1.048570E+02 -1.525953E+01  3.000000E+00
             1240 -1.018285E+02 -1.887976E+01  3.000000E+00
             1241 -1.102141E+02 -1.204463E+01  3.000000E+00
             1242 -1.082094E+02 -1.552975E+01  3.000000E+00
             1243 -1.062047E+02 -1.901488E+01  3.000000E+00
             1244 -1.125941E+02 -1.229190E+01  3.000000E+00
             1245 -1.115960E+02 -1.569460E+01  3.000000E+00
             1246 -1.105980E+02 -1.909730E+01  3.000000E+00
             1247 -1.520831E+02 -2.180933E+00  3.000000E+00
             1248 -1.480554E+02 -2.953955E+00  3.000000E+00
             1249 -1.440277E+02 -3.726978E+00  3.000000E+00
             1250 -1.523304E+02 -4.335865E+00  3.000000E+00
             1251 -1.482202E+02 -5.890577E+00  3.000000E+00
             1252 -1.441101E+02 -7.445288E+00  3.000000E+00
             1253 -1.527357E+02 -6.439436E+00  3.000000E+00
             1254 -1.484905E+02 -8.792957E+00  3.000000E+00
             1255 -1.442452E+02 -1.114648E+01  3.000000E+00
             1256 -1.532891E+02 -8.467550E+00  3.000000E+00
             1257 -1.488594E+02 -1.164503E+01  3.000000E+00
             1258 -1.444297E+02 -1.482252E+01  3.000000E+00
             1259 -1.539770E+02 -1.039797E+01  3.000000E+00
             1260 -1.493180E+02 -1.443198E+01  3.000000E+00
             1261 -1.446590E+02 -1.846599E+01  3.000000E+00
             1262 -1.560325E+02 -1.108587E+01  3.000000E+00
             1263 -1.523550E+02 -1.489058E+01  3.000000E+00
             1264 -1.486775E+02 -1.869529E+01  3.000000E+00
             1265 -1.581856E+02 -1.163929E+01  3.000000E+00
             1266 -1.554570E+02 -1.525953E+01  3.000000E+00
             1267 -1.527285E+02 -1.887976E+01  3.000000E+00
             1268 -1.604141E+02 -1.204463E+01  3.000000E+00
             1269 -1.586094E+02 -1.552975E+01  3.000000E+00
             1270 -1.568047E+02 -1.901488E+01  3.000000E+00
             1271 -1.626941E+02 -1.229190E+01  3.000000E+00
             1272 -1.617961E+02 -1.569460E+01  3.000000E+00
             1273 -1.608980E+02 -1.909730E+01  3.000000E+00
             1274 -1.673059E+02 -1.229190E+01  3.000000E+00
             1275 -1.682039E+02 -1.569460E+01  3.000000E+00
             1276 -1.691020E+02 -1.909730E+01  3.000000E+00
             1277 -1.695859E+02 -1.204463E+01  3.000000E+00
             1278 -1.713906E+02 -1.552975E+01  3.000000E+00
             1279 -1.731953E+02 -1.901488E+01  3.000000E+00
             1280 -1.718144E+02 -1.163929E+01  3.000000E+00
             1281 -1.745430E+02 -1.525953E+01  3.000000E+00
             1282 -1.772715E+02 -1.887976E+01  3.000000E+00
             1283 -1.739675E+02 -1.108587E+01  3.000000E+00
             1284 -1.776450E+02 -1.489058E+01  3.000000E+00
             1285 -1.813225E+02 -1.869529E+01  3.000000E+00
             1286 -1.760230E+02 -1.039797E+01  3.000000E+00
             1287 -1.806820E+02 -1.443198E+01  3.000000E+00
             1288 -1.853410E+02 -1.846599E+01  3.000000E+00
             1289 -1.767109E+02 -8.467550E+00  3.000000E+00
             1290 -1.811406E+02 -1.164503E+01  3.000000E+00
             1291 -1.855703E+02 -1.482252E+01  3.000000E+00
             1292 -1.772643E+02 -6.439436E+00  3.000000E+00
             1293 -1.815095E+02 -8.792957E+00  3.000000E+00
             1294 -1.857548E+02 -1.114648E+01  3.000000E+00
             1295 -1.776696E+02 -4.335865E+00  3.000000E+00
             1296 -1.817798E+02 -5.890577E+00  3.000000E+00
             1297 -1.858899E+02 -7.445288E+00  3.000000E+00
             1298 -1.779169E+02 -2.180933E+00  3.000000E+00
             1299 -1.819446E+02 -2.953955E+00  3.000000E+00
             1300 -1.859723E+02 -3.726978E+00  3.000000E+00
             1301 -1.673059E+02  1.229190E+01  3.000000E+00
             1302 -1.682039E+02  1.569460E+01  3.000000E+00
             1303 -1.691020E+02  1.909730E+01  3.000000E+00
             1304 -1.695859E+02  1.204463E+01  3.000000E+00
             1305 -1.713906E+02  1.552975E+01  3.000000E+00
             1306 -1.731953E+02  1.901488E+01  3.000000E+00
             1307 -1.718144E+02  1.163929E+01  3.000000E+00
             1308 -1.745430E+02  1.525953E+01  3.000000E+00
             1309 -1.772715E+02  1.887976E+01  3.000000E+00
             1310 -1.739675E+02  1.108587E+01  3.000000E+00
             1311 -1.776450E+02  1.489058E+01  3.000000E+00
             1312 -1.813225E+02  1.869529E+01  3.000000E+00
             1313 -1.760230E+02  1.039797E+01  3.000000E+00
             1314 -1.806820E+02  1.443198E+01  3.000000E+00
             1315 -1.853410E+02  1.846599E+01  3.000000E+00
             1316 -1.767109E+02  8.467550E+00  3.000000E+00
             1317 -1.811406E+02  1.164503E+01  3.000000E+00
             1318 -1.855703E+02  1.482252E+01  3.000000E+00
             1319 -1.772643E+02  6.439436E+00  3.000000E+00
             1320 -1.815095E+02  8.792957E+00  3.000000E+00
             1321 -1.857548E+02  1.114648E+01  3.000000E+00
             1322 -1.776696E+02  4.335865E+00  3.000000E+00
             1323 -1.817798E+02  5.890577E+00  3.000000E+00
             1324 -1.858899E+02  7.445288E+00  3.000000E+00
             1325 -1.779169E+02  2.180933E+00  3.000000E+00
             1326 -1.819446E+02  2.953955E+00  3.000000E+00
             1327 -1.859723E+02  3.726978E+00  3.000000E+00
             1328 -1.626941E+02  1.229190E+01  3.000000E+00
             1329 -1.617961E+02  1.569460E+01  3.000000E+00
             1330 -1.608980E+02  1.909730E+01  3.000000E+00
             1331 -1.604141E+02  1.204463E+01  3.000000E+00
             1332 -1.586094E+02  1.552975E+01  3.000000E+00
             1333 -1.568047E+02  1.901488E+01  3.000000E+00
             1334 -1.581856E+02  1.163929E+01  3.000000E+00
             1335 -1.554570E+02  1.525953E+01  3.000000E+00
             1336 -1.527285E+02  1.887976E+01  3.000000E+00
             1337 -1.560325E+02  1.108587E+01  3.000000E+00
             1338 -1.523550E+02  1.489058E+01  3.000000E+00
             1339 -1.486775E+02  1.869529E+01  3.000000E+00
             1340 -1.539770E+02  1.039797E+01  3.000000E+00
             1341 -1.493180E+02  1.443198E+01  3.000000E+00
             1342 -1.446590E+02  1.846599E+01  3.000000E+00
             1343 -1.532891E+02  8.467550E+00  3.000000E+00
             1344 -1.488594E+02  1.164503E+01  3.000000E+00
             1345 -1.444297E+02  1.482252E+01  3.000000E+00
             1346 -1.527357E+02  6.439436E+00  3.000000E+00
             1347 -1.484905E+02  8.792957E+00  3.000000E+00
             1348 -1.442452E+02  1.114648E+01  3.000000E+00
             1349 -1.523304E+02  4.335865E+00  3.000000E+00
             1350 -1.482202E+02  5.890577E+00  3.000000E+00
             1351 -1.441101E+02  7.445288E+00  3.000000E+00
             1352 -1.520831E+02  2.180933E+00  3.000000E+00
             1353 -1.480554E+02  2.953955E+00  3.000000E+00
             1354 -1.440277E+02  3.726978E+00  3.000000E+00
             1355 -1.900000E+02  1.800000E+01  1.000000E+00
             1356 -1.900000E+02  1.800000E+01 -1.000000E+00
             1357 -1.900000E+02  1.350000E+01  1.000000E+00
             1358 -1.900000E+02  1.350000E+01 -1.000000E+00
             1359 -1.900000E+02  9.000000E+00  1.000000E+00
             1360 -1.900000E+02  9.000000E+00 -1.000000E+00
             1361 -1.900000E+02  4.500000E+00  1.000000E+00
             1362 -1.900000E+02  4.500000E+00 -1.000000E+00
             1363 -1.860000E+02 -4.653520E-13  1.000000E+00
             1364 -1.860000E+02 -4.653520E-13 -1.000000E+00
             1365 -1.820000E+02 -9.307040E-13  1.000000E+00
             1366 -1.820000E+02 -9.307040E-13 -1.000000E+00
             1367 -1.780000E+02 -1.396056E-12  1.000000E+00
             1368 -1.780000E+02 -1.396056E-12 -1.000000E+00
             1369 -1.664079E+02  8.889194E+00  1.000000E+00
             1370 -1.664079E+02  8.889194E+00 -1.000000E+00
             1371 -1.677812E+02  8.559508E+00  1.000000E+00
             1372 -1.677812E+02  8.559508E+00 -1.000000E+00
             1373 -1.690859E+02  8.019058E+00  1.000000E+00
             1374 -1.690859E+02  8.019058E+00 -1.000000E+00
             1375 -1.702901E+02  7.281153E+00  1.000000E+00
             1376 -1.702901E+02  7.281153E+00 -1.000000E+00
             1377 -1.713640E+02  6.363961E+00  1.000000E+00
             1378 -1.713640E+02  6.363961E+00 -1.000000E+00
             1379 -1.722812E+02  5.290067E+00  1.000000E+00
             1380 -1.722812E+02  5.290067E+00 -1.000000E+00
             1381 -1.730191E+02  4.085915E+00  1.000000E+00
             1382 -1.730191E+02  4.085915E+00 -1.000000E+00
             1383 -1.735595E+02  2.781153E+00  1.000000E+00
             1384 -1.735595E+02  2.781153E+00 -1.000000E+00
             1385 -1.738892E+02  1.407910E+00  1.000000E+00
             1386 -1.738892E+02  1.407910E+00 -1.000000E+00
             1387 -1.650000E+02  1.237500E+01  1.000000E+00
             1388 -1.650000E+02  1.237500E+01 -1.000000E+00
             1389 -1.650000E+02  1.575000E+01  1.000000E+00
             1390 -1.650000E+02  1.575000E+01 -1.000000E+00
             1391 -1.650000E+02  1.912500E+01  1.000000E+00
             1392 -1.650000E+02  1.912500E+01 -1.000000E+00
             1393 -1.700000E+02  2.250000E+01  1.000000E+00
             1394 -1.700000E+02  2.250000E+01 -1.000000E+00
             1395 -1.750000E+02  2.250000E+01  1.000000E+00
             1396 -1.750000E+02  2.250000E+01 -1.000000E+00
             1397 -1.800000E+02  2.250000E+01  1.000000E+00
             1398 -1.800000E+02  2.250000E+01 -1.000000E+00
             1399 -1.850000E+02  2.250000E+01  1.000000E+00
             1400 -1.850000E+02  2.250000E+01 -1.000000E+00
             1401 -1.673059E+02  1.229190E+01 -3.000000E+00
             1402 -1.682039E+02  1.569460E+01 -3.000000E+00
             1403 -1.691020E+02  1.909730E+01 -3.000000E+00
             1404 -1.695859E+02  1.204463E+01 -3.000000E+00
             1405 -1.713906E+02  1.552975E+01 -3.000000E+00
             1406 -1.731953E+02  1.901488E+01 -3.000000E+00
             1407 -1.718144E+02  1.163929E+01 -3.000000E+00
             1408 -1.745430E+02  1.525953E+01 -3.000000E+00
             1409 -1.772715E+02  1.887976E+01 -3.000000E+00
             1410 -1.739675E+02  1.108587E+01 -3.000000E+00
             1411 -1.776450E+02  1.489058E+01 -3.000000E+00
             1412 -1.813225E+02  1.869529E+01 -3.000000E+00
             1413 -1.760230E+02  1.039797E+01 -3.000000E+00
             1414 -1.806820E+02  1.443198E+01 -3.000000E+00
             1415 -1.853410E+02  1.846599E+01 -3.000000E+00
             1416 -1.767109E+02  8.467550E+00 -3.000000E+00
             1417 -1.811406E+02  1.164503E+01 -3.000000E+00
             1418 -1.855703E+02  1.482252E+01 -3.000000E+00
             1419 -1.772643E+02  6.439436E+00 -3.000000E+00
             1420 -1.815095E+02  8.792957E+00 -3.000000E+00
             1421 -1.857548E+02  1.114648E+01 -3.000000E+00
             1422 -1.776696E+02  4.335865E+00 -3.000000E+00
             1423 -1.817798E+02  5.890577E+00 -3.000000E+00
             1424 -1.858899E+02  7.445288E+00 -3.000000E+00
             1425 -1.779169E+02  2.180933E+00 -3.000000E+00
             1426 -1.819446E+02  2.953955E+00 -3.000000E+00
             1427 -1.859723E+02  3.726978E+00 -3.000000E+00
             1428 -1.650000E+02 -1.912500E+01  1.000000E+00
             1429 -1.650000E+02 -1.912500E+01 -1.000000E+00
             1430 -1.650000E+02 -1.575000E+01  1.000000E+00
             1431 -1.650000E+02 -1.575000E+01 -1.000000E+00
             1432 -1.650000E+02 -1.237500E+01  1.000000E+00
             1433 -1.650000E+02 -1.237500E+01 -1.000000E+00
             1434 -1.664079E+02 -8.889194E+00  1.000000E+00
             1435 -1.664079E+02 -8.889194E+00 -1.000000E+00
             1436 -1.677812E+02 -8.559508E+00  1.000000E+00
             1437 -1.677812E+02 -8.559508E+00 -1.000000E+00
             1438 -1.690859E+02 -8.019058E+00  1.000000E+00
             1439 -1.690859E+02 -8.019058E+00 -1.000000E+00
             1440 -1.702901E+02 -7.281153E+00  1.000000E+00
             1441 -1.702901E+02 -7.281153E+00 -1.000000E+00
             1442 -1.713640E+02 -6.363961E+00  1.000000E+00
             1443 -1.713640E+02 -6.363961E+00 -1.000000E+00
             1444 -1.722812E+02 -5.290067E+00  1.000000E+00
             1445 -1.722812E+02 -5.290067E+00 -1.000000E+00
             1446 -1.730191E+02 -4.085915E+00  1.000000E+00
             1447 -1.730191E+02 -4.085915E+00 -1.000000E+00
             1448 -1.735595E+02 -2.781153E+00  1.000000E+00
             1449 -1.735595E+02 -2.781153E+00 -1.000000E+00
             1450 -1.738892E+02 -1.407910E+00  1.000000E+00
             1451 -1.738892E+02 -1.407910E+00 -1.000000E+00
             1452 -1.900000E+02 -4.500000E+00  1.000000E+00
             1453 -1.900000E+02 -4.500000E+00 -1.000000E+00
             1454 -1.900000E+02 -9.000000E+00  1.000000E+00
             1455 -1.900000E+02 -9.000000E+00 -1.000000E+00
             1456 -1.900000E+02 -1.350000E+01  1.000000E+00
             1457 -1.900000E+02 -1.350000E+01 -1.000000E+00
             1458 -1.900000E+02 -1.800000E+01  1.000000E+00
             1459 -1.900000E+02 -1.800000E+01 -1.000000E+00
             1460 -1.850000E+02 -2.250000E+01  1.000000E+00
             1461 -1.850000E+02 -2.250000E+01 -1.000000E+00
             1462 -1.800000E+02 -2.250000E+01  1.000000E+00
             1463 -1.800000E+02 -2.250000E+01 -1.000000E+00
             1464 -1.750000E+02 -2.250000E+01  1.000000E+00
             1465 -1.750000E+02 -2.250000E+01 -1.000000E+00
             1466 -1.700000E+02 -2.250000E+01  1.000000E+00
             1467 -1.700000E+02 -2.250000E+01 -1.000000E+00
             1468 -1.673059E+02 -1.229190E+01 -3.000000E+00
             1469 -1.682039E+02 -1.569460E+01 -3.000000E+00
             1470 -1.691020E+02 -1.909730E+01 -3.000000E+00
             1471 -1.695859E+02 -1.204463E+01 -3.000000E+00
             1472 -1.713906E+02 -1.552975E+01 -3.000000E+00
             1473 -1.731953E+02 -1.901488E+01 -3.000000E+00
             1474 -1.718144E+02 -1.163929E+01 -3.000000E+00
             1475 -1.745430E+02 -1.525953E+01 -3.000000E+00
             1476 -1.772715E+02 -1.887976E+01 -3.000000E+00
             1477 -1.739675E+02 -1.108587E+01 -3.000000E+00
             1478 -1.776450E+02 -1.489058E+01 -3.000000E+00
             1479 -1.813225E+02 -1.869529E+01 -3.000000E+00
             1480 -1.760230E+02 -1.039797E+01 -3.000000E+00
             1481 -1.806820E+02 -1.443198E+01 -3.000000E+00
             1482 -1.853410E+02 -1.846599E+01 -3.000000E+00
             1483 -1.767109E+02 -8.467550E+00 -3.000000E+00
             1484 -1.811406E+02 -1.164503E+01 -3.000000E+00
             1485 -1.855703E+02 -1.482252E+01 -3.000000E+00
             1486 -1.772643E+02 -6.439436E+00 -3.000000E+00
             1487 -1.815095E+02 -8.792957E+00 -3.000000E+00
             1488 -1.857548E+02 -1.114648E+01 -3.000000E+00
             1489 -1.776696E+02 -4.335865E+00 -3.000000E+00
             1490 -1.817798E+02 -5.890577E+00 -3.000000E+00
             1491 -1.858899E+02 -7.445288E+00 -3.000000E+00
             1492 -1.779169E+02 -2.180933E+00 -3.000000E+00
             1493 -1.819446E+02 -2.953955E+00 -3.000000E+00
             1494 -1.859723E+02 -3.726978E+00 -3.000000E+00
             1495 -1.635921E+02 -8.889194E+00  1.000000E+00
             1496 -1.635921E+02 -8.889194E+00 -1.000000E+00
             1497 -1.622188E+02 -8.559508E+00  1.000000E+00
             1498 -1.622188E+02 -8.559508E+00 -1.000000E+00
             1499 -1.609141E+02 -8.019058E+00  1.000000E+00
             1500 -1.609141E+02 -8.019058E+00 -1.000000E+00
             1501 -1.597099E+02 -7.281153E+00  1.000000E+00
             1502 -1.597099E+02 -7.281153E+00 -1.000000E+00
             1503 -1.586360E+02 -6.363961E+00  1.000000E+00
             1504 -1.586360E+02 -6.363961E+00 -1.000000E+00
             1505 -1.577188E+02 -5.290067E+00  1.000000E+00
             1506 -1.577188E+02 -5.290067E+00 -1.000000E+00
             1507 -1.569809E+02 -4.085915E+00  1.000000E+00
             1508 -1.569809E+02 -4.085915E+00 -1.000000E+00
             1509 -1.564405E+02 -2.781153E+00  1.000000E+00
             1510 -1.564405E+02 -2.781153E+00 -1.000000E+00
             1511 -1.561108E+02 -1.407910E+00  1.000000E+00
             1512 -1.561108E+02 -1.407910E+00 -1.000000E+00
             1513 -1.520000E+02  0.000000E+00  1.000000E+00
             1514 -1.520000E+02  0.000000E+00 -1.000000E+00
             1515 -1.480000E+02  0.000000E+00  1.000000E+00
             1516 -1.480000E+02  0.000000E+00 -1.000000E+00
             1517 -1.440000E+02  0.000000E+00  1.000000E+00
             1518 -1.440000E+02  0.000000E+00 -1.000000E+00
             1519 -1.400000E+02 -1.800000E+01  1.000000E+00
             1520 -1.400000E+02 -1.800000E+01 -1.000000E+00
             1521 -1.400000E+02 -1.350000E+01  1.000000E+00
             1522 -1.400000E+02 -1.350000E+01 -1.000000E+00
             1523 -1.400000E+02 -9.000000E+00  1.000000E+00
             1524 -1.400000E+02 -9.000000E+00 -1.000000E+00
             1525 -1.400000E+02 -4.500000E+00  1.000000E+00
             1526 -1.400000E+02 -4.500000E+00 -1.000000E+00
             1527 -1.600000E+02 -2.250000E+01  1.000000E+00
             1528 -1.600000E+02 -2.250000E+01 -1.000000E+00
             1529 -1.550000E+02 -2.250000E+01  1.000000E+00
             1530 -1.550000E+02 -2.250000E+01 -1.000000E+00
             1531 -1.500000E+02 -2.250000E+01  1.000000E+00
             1532 -1.500000E+02 -2.250000E+01 -1.000000E+00
             1533 -1.450000E+02 -2.250000E+01  1.000000E+00
             1534 -1.450000E+02 -2.250000E+01 -1.000000E+00
             1535 -1.520831E+02 -2.180933E+00 -3.000000E+00
             1536 -1.480554E+02 -2.953955E+00 -3.000000E+00
             1537 -1.440277E+02 -3.726978E+00 -3.000000E+00
             1538 -1.523304E+02 -4.335865E+00 -3.000000E+00
             1539 -1.482202E+02 -5.890577E+00 -3.000000E+00
             1540 -1.441101E+02 -7.445288E+00 -3.000000E+00
             1541 -1.527357E+02 -6.439436E+00 -3.000000E+00
             1542 -1.484905E+02 -8.792957E+00 -3.000000E+00
             1543 -1.442452E+02 -1.114648E+01 -3.000000E+00
             1544 -1.532891E+02 -8.467550E+00 -3.000000E+00
             1545 -1.488594E+02 -1.164503E+01 -3.000000E+00
             1546 -1.444297E+02 -1.482252E+01 -3.000000E+00
             1547 -1.539770E+02 -1.039797E+01 -3.000000E+00
             1548 -1.493180E+02 -1.443198E+01 -3.000000E+00
             1549 -1.446590E+02 -1.846599E+01 -3.000000E+00
             1550 -1.560325E+02 -1.108587E+01 -3.000000E+00
             1551 -1.523550E+02 -1.489058E+01 -3.000000E+00
             1552 -1.486775E+02 -1.869529E+01 -3.000000E+00
             1553 -1.581856E+02 -1.163929E+01 -3.000000E+00
             1554 -1.554570E+02 -1.525953E+01 -3.000000E+00
             1555 -1.527285E+02 -1.887976E+01 -3.000000E+00
             1556 -1.604141E+02 -1.204463E+01 -3.000000E+00
             1557 -1.586094E+02 -1.552975E+01 -3.000000E+00
             1558 -1.568047E+02 -1.901488E+01 -3.000000E+00
             1559 -1.626941E+02 -1.229190E+01 -3.000000E+00
             1560 -1.617961E+02 -1.569460E+01 -3.000000E+00
             1561 -1.608980E+02 -1.909730E+01 -3.000000E+00
             1562 -1.600000E+02  2.250000E+01  1.000000E+00
             1563 -1.600000E+02  2.250000E+01 -1.000000E+00
             1564 -1.550000E+02  2.250000E+01  1.000000E+00
             1565 -1.550000E+02  2.250000E+01 -1.000000E+00
             1566 -1.500000E+02  2.250000E+01  1.000000E+00
             1567 -1.500000E+02  2.250000E+01 -1.000000E+00
             1568 -1.450000E+02  2.250000E+01  1.000000E+00
             1569 -1.450000E+02  2.250000E+01 -1.000000E+00
             1570 -1.400000E+02  4.500000E+00  1.000000E+00
             1571 -1.400000E+02  4.500000E+00 -1.000000E+00
             1572 -1.400000E+02  9.000000E+00  1.000000E+00
             1573 -1.400000E+02  9.000000E+00 -1.000000E+00
             1574 -1.400000E+02  1.350000E+01  1.000000E+00
             1575 -1.400000E+02  1.350000E+01 -1.000000E+00
             1576 -1.400000E+02  1.800000E+01  1.000000E+00
             1577 -1.400000E+02  1.800000E+01 -1.000000E+00
             1578 -1.561108E+02  1.407910E+00  1.000000E+00
             1579 -1.561108E+02  1.407910E+00 -1.000000E+00
             1580 -1.564405E+02  2.781153E+00  1.000000E+00
             1581 -1.564405E+02  2.781153E+00 -1.000000E+00
             1582 -1.569809E+02  4.085915E+00  1.000000E+00
             1583 -1.569809E+02  4.085915E+00 -1.000000E+00
             1584 -1.577188E+02  5.290067E+00  1.000000E+00
             1585 -1.577188E+02  5.290067E+00 -1.000000E+00
             1586 -1.586360E+02  6.363961E+00  1.000000E+00
             1587 -1.586360E+02  6.363961E+00 -1.000000E+00
             1588 -1.597099E+02  7.281153E+00  1.000000E+00
             1589 -1.597099E+02  7.281153E+00 -1.000000E+00
             1590 -1.609141E+02  8.019058E+00  1.000000E+00
             1591 -1.609141E+02  8.019058E+00 -1.000000E+00
             1592 -1.622188E+02  8.559508E+00  1.000000E+00
             1593 -1.622188E+02  8.559508E+00 -1.000000E+00
             1594 -1.635921E+02  8.889194E+00  1.000000E+00
             1595 -1.635921E+02  8.889194E+00 -1.000000E+00
             1596 -1.626941E+02  1.229190E+01 -3.000000E+00
             1597 -1.617961E+02  1.569460E+01 -3.000000E+00
             1598 -1.608980E+02  1.909730E+01 -3.000000E+00
             1599 -1.604141E+02  1.204463E+01 -3.000000E+00
             1600 -1.586094E+02  1.552975E+01 -3.000000E+00
             1601 -1.568047E+02  1.901488E+01 -3.000000E+00
             1602 -1.581856E+02  1.163929E+01 -3.000000E+00
             1603 -1.554570E+02  1.525953E+01 -3.000000E+00
             1604 -1.527285E+02  1.887976E+01 -3.000000E+00
             1605 -1.560325E+02  1.108587E+01 -3.000000E+00
             1606 -1.523550E+02  1.489058E+01 -3.000000E+00
             1607 -1.486775E+02  1.869529E+01 -3.000000E+00
             1608 -1.539770E+02  1.039797E+01 -3.000000E+00
             1609 -1.493180E+02  1.443198E+01 -3.000000E+00
             1610 -1.446590E+02  1.846599E+01 -3.000000E+00
             1611 -1.532891E+02  8.467550E+00 -3.000000E+00
             1612 -1.488594E+02  1.164503E+01 -3.000000E+00
             1613 -1.444297E+02  1.482252E+01 -3.000000E+00
             1614 -1.527357E+02  6.439436E+00 -3.000000E+00
             1615 -1.484905E+02  8.792957E+00 -3.000000E+00
             1616 -1.442452E+02  1.114648E+01 -3.000000E+00
             1617 -1.523304E+02  4.335865E+00 -3.000000E+00
             1618 -1.482202E+02  5.890577E+00 -3.000000E+00
             1619 -1.441101E+02  7.445288E+00 -3.000000E+00
             1620 -1.520831E+02  2.180933E+00 -3.000000E+00
             1621 -1.480554E+02  2.953955E+00 -3.000000E+00
             1622 -1.440277E+02  3.726978E+00 -3.000000E+00
             1623 -1.360000E+02  2.755455E-16  1.000000E+00
             1624 -1.360000E+02  2.755455E-16 -1.000000E+00
             1625 -1.320000E+02  5.510910E-16  1.000000E+00
             1626 -1.320000E+02  5.510910E-16 -1.000000E+00
             1627 -1.280000E+02  8.266365E-16  1.000000E+00
             1628 -1.280000E+02  8.266365E-16 -1.000000E+00
             1629 -1.164079E+02  8.889194E+00  1.000000E+00
             1630 -1.164079E+02  8.889194E+00 -1.000000E+00
             1631 -1.177812E+02  8.559508E+00  1.000000E+00
             1632 -1.177812E+02  8.559508E+00 -1.000000E+00
             1633 -1.190859E+02  8.019058E+00  1.000000E+00
             1634 -1.190859E+02  8.019058E+00 -1.000000E+00
             1635 -1.202901E+02  7.281153E+00  1.000000E+00
             1636 -1.202901E+02  7.281153E+00 -1.000000E+00
             1637 -1.213640E+02  6.363961E+00  1.000000E+00
             1638 -1.213640E+02  6.363961E+00 -1.000000E+00
             1639 -1.222812E+02  5.290067E+00  1.000000E+00
             1640 -1.222812E+02  5.290067E+00 -1.000000E+00
             1641 -1.230191E+02  4.085915E+00  1.000000E+00
             1642 -1.230191E+02  4.085915E+00 -1.000000E+00
             1643 -1.235595E+02  2.781153E+00  1.000000E+00
             1644 -1.235595E+02  2.781153E+00 -1.000000E+00
             1645 -1.238892E+02  1.407910E+00  1.000000E+00
             1646 -1.238892E+02  1.407910E+00 -1.000000E+00
             1647 -1.150000E+02  1.237500E+01  1.000000E+00
             1648 -1.150000E+02  1.237500E+01 -1.000000E+00
             1649 -1.150000E+02  1.575000E+01  1.000000E+00
             1650 -1.150000E+02  1.575000E+01 -1.000000E+00
             1651 -1.150000E+02  1.912500E+01  1.000000E+00
             1652 -1.150000E+02  1.912500E+01 -1.000000E+00
             1653 -1.350000E+02  2.250000E+01  1.000000E+00
             1654 -1.350000E+02  2.250000E+01 -1.000000E+00
             1655 -1.300000E+02  2.250000E+01  1.000000E+00
             1656 -1.300000E+02  2.250000E+01 -1.000000E+00
             1657 -1.250000E+02  2.250000E+01  1.000000E+00
             1658 -1.250000E+02  2.250000E+01 -1.000000E+00
             1659 -1.200000E+02  2.250000E+01  1.000000E+00
             1660 -1.200000E+02  2.250000E+01 -1.000000E+00
             1661 -1.191020E+02  1.909730E+01 -3.000000E+00
             1662 -1.182040E+02  1.569460E+01 -3.000000E+00
             1663 -1.173059E+02  1.229190E+01 -3.000000E+00
             1664 -1.231953E+02  1.901488E+01 -3.000000E+00
             1665 -1.213906E+02  1.552975E+01 -3.000000E+00
             1666 -1.195859E+02  1.204463E+01 -3.000000E+00
             1667 -1.272715E+02  1.887976E+01 -3.000000E+00
             1668 -1.245430E+02  1.525953E+01 -3.000000E+00
             1669 -1.218144E+02  1.163929E+01 -3.000000E+00
             1670 -1.313225E+02  1.869529E+01 -3.000000E+00
             1671 -1.276450E+02  1.489058E+01 -3.000000E+00
             1672 -1.239676E+02  1.108587E+01 -3.000000E+00
             1673 -1.353410E+02  1.846599E+01 -3.000000E+00
             1674 -1.306820E+02  1.443198E+01 -3.000000E+00
             1675 -1.260230E+02  1.039797E+01 -3.000000E+00
             1676 -1.355703E+02  1.482252E+01 -3.000000E+00
             1677 -1.311406E+02  1.164503E+01 -3.000000E+00
             1678 -1.267109E+02  8.467550E+00 -3.000000E+00
             1679 -1.357548E+02  1.114648E+01 -3.000000E+00
             1680 -1.315095E+02  8.792957E+00 -3.000000E+00
             1681 -1.272643E+02  6.439436E+00 -3.000000E+00
             1682 -1.358899E+02  7.445288E+00 -3.000000E+00
             1683 -1.317798E+02  5.890577E+00 -3.000000E+00
             1684 -1.276696E+02  4.335865E+00 -3.000000E+00
             1685 -1.359723E+02  3.726978E+00 -3.000000E+00
             1686 -1.319446E+02  2.953955E+00 -3.000000E+00
             1687 -1.279169E+02  2.180933E+00 -3.000000E+00
             1688 -1.238892E+02 -1.407910E+00  1.000000E+00
             1689 -1.238892E+02 -1.407910E+00 -1.000000E+00
             1690 -1.235595E+02 -2.781153E+00  1.000000E+00
             1691 -1.235595E+02 -2.781153E+00 -1.000000E+00
             1692 -1.230191E+02 -4.085915E+00  1.000000E+00
             1693 -1.230191E+02 -4.085915E+00 -1.000000E+00
             1694 -1.222812E+02 -5.290067E+00  1.000000E+00
             1695 -1.222812E+02 -5.290067E+00 -1.000000E+00
             1696 -1.213640E+02 -6.363961E+00  1.000000E+00
             1697 -1.213640E+02 -6.363961E+00 -1.000000E+00
             1698 -1.202901E+02 -7.281153E+00  1.000000E+00
             1699 -1.202901E+02 -7.281153E+00 -1.000000E+00
             1700 -1.190859E+02 -8.019058E+00  1.000000E+00
             1701 -1.190859E+02 -8.019058E+00 -1.000000E+00
             1702 -1.177812E+02 -8.559508E+00  1.000000E+00
             1703 -1.177812E+02 -8.559508E+00 -1.000000E+00
             1704 -1.164079E+02 -8.889194E+00  1.000000E+00
             1705 -1.164079E+02 -8.889194E+00 -1.000000E+00
             1706 -1.150000E+02 -1.912500E+01  1.000000E+00
             1707 -1.150000E+02 -1.912500E+01 -1.000000E+00
             1708 -1.150000E+02 -1.575000E+01  1.000000E+00
             1709 -1.150000E+02 -1.575000E+01 -1.000000E+00
             1710 -1.150000E+02 -1.237500E+01  1.000000E+00
             1711 -1.150000E+02 -1.237500E+01 -1.000000E+00
             1712 -1.200000E+02 -2.250000E+01  1.000000E+00
             1713 -1.200000E+02 -2.250000E+01 -1.000000E+00
             1714 -1.250000E+02 -2.250000E+01  1.000000E+00
             1715 -1.250000E+02 -2.250000E+01 -1.000000E+00
             1716 -1.300000E+02 -2.250000E+01  1.000000E+00
             1717 -1.300000E+02 -2.250000E+01 -1.000000E+00
             1718 -1.350000E+02 -2.250000E+01  1.000000E+00
             1719 -1.350000E+02 -2.250000E+01 -1.000000E+00
             1720 -1.173059E+02 -1.229190E+01 -3.000000E+00
             1721 -1.182040E+02 -1.569460E+01 -3.000000E+00
             1722 -1.191020E+02 -1.909730E+01 -3.000000E+00
             1723 -1.195859E+02 -1.204463E+01 -3.000000E+00
             1724 -1.213906E+02 -1.552975E+01 -3.000000E+00
             1725 -1.231953E+02 -1.901488E+01 -3.000000E+00
             1726 -1.218144E+02 -1.163929E+01 -3.000000E+00
             1727 -1.245430E+02 -1.525953E+01 -3.000000E+00
             1728 -1.272715E+02 -1.887976E+01 -3.000000E+00
             1729 -1.239676E+02 -1.108587E+01 -3.000000E+00
             1730 -1.276450E+02 -1.489058E+01 -3.000000E+00
             1731 -1.313225E+02 -1.869529E+01 -3.000000E+00
             1732 -1.260230E+02 -1.039797E+01 -3.000000E+00
             1733 -1.306820E+02 -1.443198E+01 -3.000000E+00
             1734 -1.353410E+02 -1.846599E+01 -3.000000E+00
             1735 -1.267109E+02 -8.467550E+00 -3.000000E+00
             1736 -1.311406E+02 -1.164503E+01 -3.000000E+00
             1737 -1.355703E+02 -1.482252E+01 -3.000000E+00
             1738 -1.272643E+02 -6.439436E+00 -3.000000E+00
             1739 -1.315095E+02 -8.792957E+00 -3.000000E+00
             1740 -1.357548E+02 -1.114648E+01 -3.000000E+00
             1741 -1.276696E+02 -4.335865E+00 -3.000000E+00
             1742 -1.317798E+02 -5.890577E+00 -3.000000E+00
             1743 -1.358899E+02 -7.445288E+00 -3.000000E+00
             1744 -1.279169E+02 -2.180933E+00 -3.000000E+00
             1745 -1.319446E+02 -2.953955E+00 -3.000000E+00
             1746 -1.359723E+02 -3.726978E+00 -3.000000E+00
             1747 -1.015000E+02  0.000000E+00  1.000000E+00
             1748 -1.015000E+02  0.000000E+00 -1.000000E+00
             1749 -9.700000E+01  0.000000E+00  1.000000E+00
             1750 -9.700000E+01  0.000000E+00 -1.000000E+00
             1751 -9.250000E+01  0.000000E+00  1.000000E+00
             1752 -9.250000E+01  0.000000E+00 -1.000000E+00
             1753 -8.800000E+01 -1.800000E+01  1.000000E+00
             1754 -8.800000E+01 -1.800000E+01 -1.000000E+00
             1755 -8.800000E+01 -1.350000E+01  1.000000E+00
             1756 -8.800000E+01 -1.350000E+01 -1.000000E+00
             1757 -8.800000E+01 -9.000000E+00  1.000000E+00
             1758 -8.800000E+01 -9.000000E+00 -1.000000E+00
             1759 -8.800000E+01 -4.500000E+00  1.000000E+00
             1760 -8.800000E+01 -4.500000E+00 -1.000000E+00
             1761 -9.340000E+01 -2.250000E+01  1.000000E+00
             1762 -9.340000E+01 -2.250000E+01 -1.000000E+00
             1763 -9.880000E+01 -2.250000E+01  1.000000E+00
             1764 -9.880000E+01 -2.250000E+01 -1.000000E+00
             1765 -1.042000E+02 -2.250000E+01  1.000000E+00
             1766 -1.042000E+02 -2.250000E+01 -1.000000E+00
             1767 -1.096000E+02 -2.250000E+01  1.000000E+00
             1768 -1.096000E+02 -2.250000E+01 -1.000000E+00
             1769 -1.135921E+02 -8.889194E+00  1.000000E+00
             1770 -1.135921E+02 -8.889194E+00 -1.000000E+00
             1771 -1.122188E+02 -8.559508E+00  1.000000E+00
             1772 -1.122188E+02 -8.559508E+00 -1.000000E+00
             1773 -1.109141E+02 -8.019058E+00  1.000000E+00
             1774 -1.109141E+02 -8.019058E+00 -1.000000E+00
             1775 -1.097099E+02 -7.281153E+00  1.000000E+00
             1776 -1.097099E+02 -7.281153E+00 -1.000000E+00
             1777 -1.086360E+02 -6.363961E+00  1.000000E+00
             1778 -1.086360E+02 -6.363961E+00 -1.000000E+00
             1779 -1.077188E+02 -5.290067E+00  1.000000E+00
             1780 -1.077188E+02 -5.290067E+00 -1.000000E+00
             1781 -1.069809E+02 -4.085915E+00  1.000000E+00
             1782 -1.069809E+02 -4.085915E+00 -1.000000E+00
             1783 -1.064405E+02 -2.781153E+00  1.000000E+00
             1784 -1.064405E+02 -2.781153E+00 -1.000000E+00
             1785 -1.061108E+02 -1.407910E+00  1.000000E+00
             1786 -1.061108E+02 -1.407910E+00 -1.000000E+00
             1787 -1.015831E+02 -2.180933E+00 -3.000000E+00
             1788 -9.705540E+01 -2.953955E+00 -3.000000E+00
             1789 -9.252770E+01 -3.726978E+00 -3.000000E+00
             1790 -1.018304E+02 -4.335865E+00 -3.000000E+00
             1791 -9.722025E+01 -5.890577E+00 -3.000000E+00
             1792 -9.261012E+01 -7.445288E+00 -3.000000E+00
             1793 -1.022357E+02 -6.439436E+00 -3.000000E+00
             1794 -9.749047E+01 -8.792957E+00 -3.000000E+00
             1795 -9.274523E+01 -1.114648E+01 -3.000000E+00
             1796 -1.027891E+02 -8.467550E+00 -3.000000E+00
             1797 -9.785942E+01 -1.164503E+01 -3.000000E+00
             1798 -9.292971E+01 -1.482252E+01 -3.000000E+00
             1799 -1.034770E+02 -1.039797E+01 -3.000000E+00
             1800 -9.831802E+01 -1.443198E+01 -3.000000E+00
             1801 -9.315900E+01 -1.846599E+01 -3.000000E+00
             1802 -1.056324E+02 -1.108587E+01 -3.000000E+00
             1803 -1.015550E+02 -1.489058E+01 -3.000000E+00
             1804 -9.747749E+01 -1.869529E+01 -3.000000E+00
             1805 -1.078856E+02 -1.163929E+01 -3.000000E+00
             1806 -1.048570E+02 -1.525953E+01 -3.000000E+00
             1807 -1.018285E+02 -1.887976E+01 -3.000000E+00
             1808 -1.102141E+02 -1.204463E+01 -3.000000E+00
             1809 -1.082094E+02 -1.552975E+01 -3.000000E+00
             1810 -1.062047E+02 -1.901488E+01 -3.000000E+00
             1811 -1.125941E+02 -1.229190E+01 -3.000000E+00
             1812 -1.115960E+02 -1.569460E+01 -3.000000E+00
             1813 -1.105980E+02 -1.909730E+01 -3.000000E+00
             1814 -1.096000E+02  2.250000E+01  1.000000E+00
             1815 -1.096000E+02  2.250000E+01 -1.000000E+00
             1816 -1.042000E+02  2.250000E+01  1.000000E+00
             1817 -1.042000E+02  2.250000E+01 -1.000000E+00
             1818 -9.880000E+01  2.250000E+01  1.000000E+00
             1819 -9.880000E+01  2.250000E+01 -1.000000E+00
             1820 -9.340000E+01  2.250000E+01  1.000000E+00
             1821 -9.340000E+01  2.250000E+01 -1.000000E+00
             1822 -8.800000E+01  4.500000E+00  1.000000E+00
             1823 -8.800000E+01  4.500000E+00 -1.000000E+00
             1824 -8.800000E+01  9.000000E+00  1.000000E+00
             1825 -8.800000E+01  9.000000E+00 -1.000000E+00
             1826 -8.800000E+01  1.350000E+01  1.000000E+00
             1827 -8.800000E+01  1.350000E+01 -1.000000E+00
             1828 -8.800000E+01  1.800000E+01  1.000000E+00
             1829 -8.800000E+01  1.800000E+01 -1.000000E+00
             1830 -1.061108E+02  1.407910E+00  1.000000E+00
             1831 -1.061108E+02  1.407910E+00 -1.000000E+00
             1832 -1.064405E+02  2.781153E+00  1.000000E+00
             1833 -1.064405E+02  2.781153E+00 -1.000000E+00
             1834 -1.069809E+02  4.085915E+00  1.000000E+00
             1835 -1.069809E+02  4.085915E+00 -1.000000E+00
             1836 -1.077188E+02  5.290067E+00  1.000000E+00
             1837 -1.077188E+02  5.290067E+00 -1.000000E+00
             1838 -1.086360E+02  6.363961E+00  1.000000E+00
             1839 -1.086360E+02  6.363961E+00 -1.000000E+00
             1840 -1.097099E+02  7.281153E+00  1.000000E+00
             1841 -1.097099E+02  7.281153E+00 -1.000000E+00
             1842 -1.109141E+02  8.019058E+00  1.000000E+00
             1843 -1.109141E+02  8.019058E+00 -1.000000E+00
             1844 -1.122188E+02  8.559508E+00  1.000000E+00
             1845 -1.122188E+02  8.559508E+00 -1.000000E+00
             1846 -1.135921E+02  8.889194E+00  1.000000E+00
             1847 -1.135921E+02  8.889194E+00 -1.000000E+00
             1848 -1.105980E+02  1.909730E+01 -3.000000E+00
             1849 -1.062047E+02  1.901488E+01 -3.000000E+00
             1850 -1.018285E+02  1.887976E+01 -3.000000E+00
             1851 -9.747749E+01  1.869529E+01 -3.000000E+00
             1852 -9.315900E+01  1.846599E+01 -3.000000E+00
             1853 -9.292971E+01  1.482252E+01 -3.000000E+00
             1854 -9.274523E+01  1.114648E+01 -3.000000E+00
             1855 -9.261012E+01  7.445288E+00 -3.000000E+00
             1856 -9.252770E+01  3.726978E+00 -3.000000E+00
             1857 -1.115960E+02  1.569460E+01 -3.000000E+00
             1858 -1.082094E+02  1.552975E+01 -3.000000E+00
             1859 -1.048570E+02  1.525953E+01 -3.000000E+00
             1860 -1.015550E+02  1.489058E+01 -3.000000E+00
             1861 -9.831802E+01  1.443198E+01 -3.000000E+00
             1862 -9.785942E+01  1.164503E+01 -3.000000E+00
             1863 -9.749047E+01  8.792957E+00 -3.000000E+00
             1864 -9.722025E+01  5.890577E+00 -3.000000E+00
             1865 -9.705540E+01  2.953955E+00 -3.000000E+00
             1866 -1.125941E+02  1.229190E+01 -3.000000E+00
             1867 -1.102141E+02  1.204463E+01 -3.000000E+00
             1868 -1.078856E+02  1.163929E+01 -3.000000E+00
             1869 -1.056324E+02  1.108587E+01 -3.000000E+00
             1870 -1.034770E+02  1.039797E+01 -3.000000E+00
             1871 -1.027891E+02  8.467550E+00 -3.000000E+00
             1872 -1.022357E+02  6.439436E+00 -3.000000E+00
             1873 -1.018304E+02  4.335865E+00 -3.000000E+00
             1874 -1.015831E+02  2.180933E+00 -3.000000E+00
             1875 -8.150000E+01 -2.250000E+01  1.000000E+00
             1876 -8.150000E+01 -2.250000E+01 -1.000000E+00
             1877 -8.150000E+01  5.180450E-13  1.000000E+00
             1878 -8.150000E+01  5.180450E-13 -1.000000E+00
             1879 -7.500000E+01 -5.000000E+00  1.000000E+00
             1880 -7.500000E+01 -5.000000E+00 -1.000000E+00
             1881 -7.500000E+01 -1.416667E+01  1.000000E+00
             1882 -7.500000E+01 -1.416667E+01 -1.000000E+00
             1883 -7.500000E+01 -1.833333E+01  1.000000E+00
             1884 -7.500000E+01 -1.833333E+01 -1.000000E+00
             1885 -8.150000E+01 -4.750000E+00 -3.000000E+00
             1886 -8.150000E+01 -9.500000E+00 -3.000000E+00
             1887 -8.150000E+01 -1.383333E+01 -3.000000E+00
             1888 -8.150000E+01 -1.816667E+01 -3.000000E+00
             1889 -8.150000E+01  2.250000E+01  1.000000E+00
             1890 -8.150000E+01  2.250000E+01 -1.000000E+00
             1891 -7.500000E+01  1.833333E+01  1.000000E+00
             1892 -7.500000E+01  1.833333E+01 -1.000000E+00
             1893 -7.500000E+01  1.416667E+01  1.000000E+00
             1894 -7.500000E+01  1.416667E+01 -1.000000E+00
             1895 -7.500000E+01  5.000000E+00  1.000000E+00
             1896 -7.500000E+01  5.000000E+00 -1.000000E+00
             1897 -8.150000E+01  1.816667E+01 -3.000000E+00
             1898 -8.150000E+01  1.383333E+01 -3.000000E+00
             1899 -8.150000E+01  9.500000E+00 -3.000000E+00
             1900 -8.150000E+01  4.750000E+00 -3.000000E+00
             1901 -6.500000E+01  1.416667E+01  1.000000E+00
             1902 -6.500000E+01  1.416667E+01 -1.000000E+00
             1903 -6.500000E+01  1.833333E+01  1.000000E+00
             1904 -6.500000E+01  1.833333E+01 -1.000000E+00
             1905 -7.000000E+01  2.250000E+01  1.000000E+00
             1906 -7.000000E+01  2.250000E+01 -1.000000E+00
             1907 -7.000000E+01  1.000000E+01  1.000000E+00
             1908 -7.000000E+01  1.000000E+01 -1.000000E+00
             1909 -7.000000E+01  1.833333E+01 -3.000000E+00
             1910 -7.000000E+01  1.416667E+01 -3.000000E+00
             1911 -7.333333E+01  1.036090E-12  1.000000E+00
             1912 -7.333333E+01  1.036090E-12 -1.000000E+00
             1913 -7.166667E+01  1.036090E-12  1.000000E+00
             1914 -7.166667E+01  1.036090E-12 -1.000000E+00
             1915 -6.691341E+01  4.619398E+00  1.000000E+00
             1916 -6.691341E+01  4.619398E+00 -1.000000E+00
             1917 -6.853553E+01  3.535534E+00  1.000000E+00
             1918 -6.853553E+01  3.535534E+00 -1.000000E+00
             1919 -6.961940E+01  1.913417E+00  1.000000E+00
             1920 -6.961940E+01  1.913417E+00 -1.000000E+00
             1921 -6.500000E+01  6.666667E+00  1.000000E+00
             1922 -6.500000E+01  6.666667E+00 -1.000000E+00
             1923 -6.500000E+01  8.333333E+00  1.000000E+00
             1924 -6.500000E+01  8.333333E+00 -1.000000E+00
             1925 -6.794228E+01  6.412932E+00 -3.000000E+00
             1926 -7.069035E+01  5.690356E+00 -3.000000E+00
             1927 -7.141293E+01  2.942278E+00 -3.000000E+00
             1928 -6.897114E+01  8.206466E+00 -3.000000E+00
             1929 -7.284518E+01  7.845178E+00 -3.000000E+00
             1930 -7.320647E+01  3.971139E+00 -3.000000E+00
             1931 -6.961940E+01 -1.913417E+00  1.000000E+00
             1932 -6.961940E+01 -1.913417E+00 -1.000000E+00
             1933 -6.853553E+01 -3.535534E+00  1.000000E+00
             1934 -6.853553E+01 -3.535534E+00 -1.000000E+00
             1935 -6.691341E+01 -4.619398E+00  1.000000E+00
             1936 -6.691341E+01 -4.619398E+00 -1.000000E+00
             1937 -6.500000E+01 -8.333333E+00  1.000000E+00
             1938 -6.500000E+01 -8.333333E+00 -1.000000E+00
             1939 -6.500000E+01 -6.666667E+00  1.000000E+00
             1940 -6.500000E+01 -6.666667E+00 -1.000000E+00
             1941 -7.000000E+01 -1.000000E+01  1.000000E+00
             1942 -7.000000E+01 -1.000000E+01 -1.000000E+00
             1943 -6.794228E+01 -6.412932E+00 -3.000000E+00
             1944 -6.897114E+01 -8.206466E+00 -3.000000E+00
             1945 -7.069035E+01 -5.690356E+00 -3.000000E+00
             1946 -7.284518E+01 -7.845178E+00 -3.000000E+00
             1947 -7.141293E+01 -2.942278E+00 -3.000000E+00
             1948 -7.320647E+01 -3.971139E+00 -3.000000E+00
             1949 -7.000000E+01 -2.250000E+01  1.000000E+00
             1950 -7.000000E+01 -2.250000E+01 -1.000000E+00
             1951 -6.500000E+01 -1.833333E+01  1.000000E+00
             1952 -6.500000E+01 -1.833333E+01 -1.000000E+00
             1953 -6.500000E+01 -1.416667E+01  1.000000E+00
             1954 -6.500000E+01 -1.416667E+01 -1.000000E+00
             1955 -7.000000E+01 -1.833333E+01 -3.000000E+00
             1956 -7.000000E+01 -1.416667E+01 -3.000000E+00
             1957 -5.850000E+01 -1.000000E+01  1.000000E+00
             1958 -5.850000E+01 -1.000000E+01 -1.000000E+00
             1959 -5.200000E+01 -1.000000E+01  1.000000E+00
             1960 -5.200000E+01 -1.000000E+01 -1.000000E+00
             1961 -4.550000E+01 -1.000000E+01  1.000000E+00
             1962 -4.550000E+01 -1.000000E+01 -1.000000E+00
             1963 -3.900000E+01 -1.000000E+01  1.000000E+00
             1964 -3.900000E+01 -1.000000E+01 -1.000000E+00
             1965 -3.250000E+01 -1.000000E+01  1.000000E+00
             1966 -3.250000E+01 -1.000000E+01 -1.000000E+00
             1967 -2.600000E+01 -1.000000E+01  1.000000E+00
             1968 -2.600000E+01 -1.000000E+01 -1.000000E+00
             1969 -1.950000E+01 -1.000000E+01  1.000000E+00
             1970 -1.950000E+01 -1.000000E+01 -1.000000E+00
             1971 -1.300000E+01 -1.000000E+01  1.000000E+00
             1972 -1.300000E+01 -1.000000E+01 -1.000000E+00
             1973 -6.500000E+00 -1.000000E+01  1.000000E+00
             1974 -6.500000E+00 -1.000000E+01 -1.000000E+00
             1975  0.000000E+00 -1.833333E+01  1.000000E+00
             1976  0.000000E+00 -1.833333E+01 -1.000000E+00
             1977  0.000000E+00 -1.416667E+01  1.000000E+00
             1978  0.000000E+00 -1.416667E+01 -1.000000E+00
             1979 -5.850000E+01 -2.250000E+01  1.000000E+00
             1980 -5.850000E+01 -2.250000E+01 -1.000000E+00
             1981 -5.200000E+01 -2.250000E+01  1.000000E+00
             1982 -5.200000E+01 -2.250000E+01 -1.000000E+00
             1983 -4.550000E+01 -2.250000E+01  1.000000E+00
             1984 -4.550000E+01 -2.250000E+01 -1.000000E+00
             1985 -3.900000E+01 -2.250000E+01  1.000000E+00
             1986 -3.900000E+01 -2.250000E+01 -1.000000E+00
             1987 -3.250000E+01 -2.250000E+01  1.000000E+00
             1988 -3.250000E+01 -2.250000E+01 -1.000000E+00
             1989 -2.600000E+01 -2.250000E+01  1.000000E+00
             1990 -2.600000E+01 -2.250000E+01 -1.000000E+00
             1991 -1.950000E+01 -2.250000E+01  1.000000E+00
             1992 -1.950000E+01 -2.250000E+01 -1.000000E+00
             1993 -1.300000E+01 -2.250000E+01  1.000000E+00
             1994 -1.300000E+01 -2.250000E+01 -1.000000E+00
             1995 -6.500000E+00 -2.250000E+01  1.000000E+00
             1996 -6.500000E+00 -2.250000E+01 -1.000000E+00
             1997 -5.850000E+01 -1.833333E+01 -3.000000E+00
             1998 -5.850000E+01 -1.416667E+01 -3.000000E+00
             1999 -5.200000E+01 -1.833333E+01 -3.000000E+00
             2000 -5.200000E+01 -1.416667E+01 -3.000000E+00
             2001 -4.550000E+01 -1.833333E+01 -3.000000E+00
             2002 -4.550000E+01 -1.416667E+01 -3.000000E+00
             2003 -3.900000E+01 -1.833333E+01 -3.000000E+00
             2004 -3.900000E+01 -1.416667E+01 -3.000000E+00
             2005 -3.250000E+01 -1.833333E+01 -3.000000E+00
             2006 -3.250000E+01 -1.416667E+01 -3.000000E+00
             2007 -2.600000E+01 -1.833333E+01 -3.000000E+00
             2008 -2.600000E+01 -1.416667E+01 -3.000000E+00
             2009 -1.950000E+01 -1.833333E+01 -3.000000E+00
             2010 -1.950000E+01 -1.416667E+01 -3.000000E+00
             2011 -1.300000E+01 -1.833333E+01 -3.000000E+00
             2012 -1.300000E+01 -1.416667E+01 -3.000000E+00
             2013 -6.500000E+00 -1.833333E+01 -3.000000E+00
             2014 -6.500000E+00 -1.416667E+01 -3.000000E+00
             2015 -5.850000E+01 -5.000000E+00  1.000000E+00
             2016 -5.850000E+01 -5.000000E+00 -1.000000E+00
             2017 -5.200000E+01 -5.000000E+00  1.000000E+00
             2018 -5.200000E+01 -5.000000E+00 -1.000000E+00
             2019 -4.550000E+01 -5.000000E+00  1.000000E+00
             2020 -4.550000E+01 -5.000000E+00 -1.000000E+00
             2021 -3.900000E+01 -5.000000E+00  1.000000E+00
             2022 -3.900000E+01 -5.000000E+00 -1.000000E+00
             2023 -3.250000E+01 -5.000000E+00  1.000000E+00
             2024 -3.250000E+01 -5.000000E+00 -1.000000E+00
             2025 -2.600000E+01 -5.000000E+00  1.000000E+00
             2026 -2.600000E+01 -5.000000E+00 -1.000000E+00
             2027 -1.950000E+01 -5.000000E+00  1.000000E+00
             2028 -1.950000E+01 -5.000000E+00 -1.000000E+00
             2029 -1.300000E+01 -5.000000E+00  1.000000E+00
             2030 -1.300000E+01 -5.000000E+00 -1.000000E+00
             2031 -6.500000E+00 -5.000000E+00  1.000000E+00
             2032 -6.500000E+00 -5.000000E+00 -1.000000E+00
             2033  0.000000E+00 -8.333333E+00  1.000000E+00
             2034  0.000000E+00 -8.333333E+00 -1.000000E+00
             2035  0.000000E+00 -6.666667E+00  1.000000E+00
             2036  0.000000E+00 -6.666667E+00 -1.000000E+00
             2037 -5.850000E+01 -8.333333E+00 -3.000000E+00
             2038 -5.850000E+01 -6.666667E+00 -3.000000E+00
             2039 -5.200000E+01 -8.333333E+00 -3.000000E+00
             2040 -5.200000E+01 -6.666667E+00 -3.000000E+00
             2041 -4.550000E+01 -8.333333E+00 -3.000000E+00
             2042 -4.550000E+01 -6.666667E+00 -3.000000E+00
             2043 -3.900000E+01 -8.333333E+00 -3.000000E+00
             2044 -3.900000E+01 -6.666667E+00 -3.000000E+00
             2045 -3.250000E+01 -8.333333E+00 -3.000000E+00
             2046 -3.250000E+01 -6.666667E+00 -3.000000E+00
             2047 -2.600000E+01 -8.333333E+00 -3.000000E+00
             2048 -2.600000E+01 -6.666667E+00 -3.000000E+00
             2049 -1.950000E+01 -8.333333E+00 -3.000000E+00
             2050 -1.950000E+01 -6.666667E+00 -3.000000E+00
             2051 -1.300000E+01 -8.333333E+00 -3.000000E+00
             2052 -1.300000E+01 -6.666667E+00 -3.000000E+00
             2053 -6.500000E+00 -8.333333E+00 -3.000000E+00
             2054 -6.500000E+00 -6.666667E+00 -3.000000E+00
             2055 -5.850000E+01  5.000000E+00  1.000000E+00
             2056 -5.850000E+01  5.000000E+00 -1.000000E+00
             2057 -5.200000E+01  5.000000E+00  1.000000E+00
             2058 -5.200000E+01  5.000000E+00 -1.000000E+00
             2059 -4.550000E+01  5.000000E+00  1.000000E+00
             2060 -4.550000E+01  5.000000E+00 -1.000000E+00
             2061 -3.900000E+01  5.000000E+00  1.000000E+00
             2062 -3.900000E+01  5.000000E+00 -1.000000E+00
             2063 -3.250000E+01  5.000000E+00  1.000000E+00
             2064 -3.250000E+01  5.000000E+00 -1.000000E+00
             2065 -2.600000E+01  5.000000E+00  1.000000E+00
             2066 -2.600000E+01  5.000000E+00 -1.000000E+00
             2067 -1.950000E+01  5.000000E+00  1.000000E+00
             2068 -1.950000E+01  5.000000E+00 -1.000000E+00
             2069 -1.300000E+01  5.000000E+00  1.000000E+00
             2070 -1.300000E+01  5.000000E+00 -1.000000E+00
             2071 -6.500000E+00  5.000000E+00  1.000000E+00
             2072 -6.500000E+00  5.000000E+00 -1.000000E+00
             2073  0.000000E+00  6.666667E+00  1.000000E+00
             2074  0.000000E+00  6.666667E+00 -1.000000E+00
             2075  0.000000E+00  8.333333E+00  1.000000E+00
             2076  0.000000E+00  8.333333E+00 -1.000000E+00
             2077 -6.500000E+00  1.000000E+01  1.000000E+00
             2078 -6.500000E+00  1.000000E+01 -1.000000E+00
             2079 -1.300000E+01  1.000000E+01  1.000000E+00
             2080 -1.300000E+01  1.000000E+01 -1.000000E+00
             2081 -1.950000E+01  1.000000E+01  1.000000E+00
             2082 -1.950000E+01  1.000000E+01 -1.000000E+00
             2083 -2.600000E+01  1.000000E+01  1.000000E+00
             2084 -2.600000E+01  1.000000E+01 -1.000000E+00
             2085 -3.250000E+01  1.000000E+01  1.000000E+00
             2086 -3.250000E+01  1.000000E+01 -1.000000E+00
             2087 -3.900000E+01  1.000000E+01  1.000000E+00
             2088 -3.900000E+01  1.000000E+01 -1.000000E+00
             2089 -4.550000E+01  1.000000E+01  1.000000E+00
             2090 -4.550000E+01  1.000000E+01 -1.000000E+00
             2091 -5.200000E+01  1.000000E+01  1.000000E+00
             2092 -5.200000E+01  1.000000E+01 -1.000000E+00
             2093 -5.850000E+01  1.000000E+01  1.000000E+00
             2094 -5.850000E+01  1.000000E+01 -1.000000E+00
             2095 -5.850000E+01  6.666667E+00 -3.000000E+00
             2096 -5.850000E+01  8.333333E+00 -3.000000E+00
             2097 -5.200000E+01  6.666667E+00 -3.000000E+00
             2098 -5.200000E+01  8.333333E+00 -3.000000E+00
             2099 -4.550000E+01  6.666667E+00 -3.000000E+00
             2100 -4.550000E+01  8.333333E+00 -3.000000E+00
             2101 -3.900000E+01  6.666667E+00 -3.000000E+00
             2102 -3.900000E+01  8.333333E+00 -3.000000E+00
             2103 -3.250000E+01  6.666667E+00 -3.000000E+00
             2104 -3.250000E+01  8.333333E+00 -3.000000E+00
             2105 -2.600000E+01  6.666667E+00 -3.000000E+00
             2106 -2.600000E+01  8.333333E+00 -3.000000E+00
             2107 -1.950000E+01  6.666667E+00 -3.000000E+00
             2108 -1.950000E+01  8.333333E+00 -3.000000E+00
             2109 -1.300000E+01  6.666667E+00 -3.000000E+00
             2110 -1.300000E+01  8.333333E+00 -3.000000E+00
             2111 -6.500000E+00  6.666667E+00 -3.000000E+00
             2112 -6.500000E+00  8.333333E+00 -3.000000E+00
             2113 -5.850000E+01  2.250000E+01  1.000000E+00
             2114 -5.850000E+01  2.250000E+01 -1.000000E+00
             2115 -5.200000E+01  2.250000E+01  1.000000E+00
             2116 -5.200000E+01  2.250000E+01 -1.000000E+00
             2117 -4.550000E+01  2.250000E+01  1.000000E+00
             2118 -4.550000E+01  2.250000E+01 -1.000000E+00
             2119 -3.900000E+01  2.250000E+01  1.000000E+00
             2120 -3.900000E+01  2.250000E+01 -1.000000E+00
             2121 -3.250000E+01  2.250000E+01  1.000000E+00
             2122 -3.250000E+01  2.250000E+01 -1.000000E+00
             2123 -2.600000E+01  2.250000E+01  1.000000E+00
             2124 -2.600000E+01  2.250000E+01 -1.000000E+00
             2125 -1.950000E+01  2.250000E+01  1.000000E+00
             2126 -1.950000E+01  2.250000E+01 -1.000000E+00
             2127 -1.300000E+01  2.250000E+01  1.000000E+00
             2128 -1.300000E+01  2.250000E+01 -1.000000E+00
             2129 -6.500000E+00  2.250000E+01  1.000000E+00
             2130 -6.500000E+00  2.250000E+01 -1.000000E+00
             2131  0.000000E+00  1.833333E+01  1.000000E+00
             2132  0.000000E+00  1.833333E+01 -1.000000E+00
             2133  0.000000E+00  1.416667E+01  1.000000E+00
             2134  0.000000E+00  1.416667E+01 -1.000000E+00
             2135 -5.850000E+01  1.416667E+01 -3.000000E+00
             2136 -5.850000E+01  1.833333E+01 -3.000000E+00
             2137 -5.200000E+01  1.416667E+01 -3.000000E+00
             2138 -5.200000E+01  1.833333E+01 -3.000000E+00
             2139 -4.550000E+01  1.416667E+01 -3.000000E+00
             2140 -4.550000E+01  1.833333E+01 -3.000000E+00
             2141 -3.900000E+01  1.416667E+01 -3.000000E+00
             2142 -3.900000E+01  1.833333E+01 -3.000000E+00
             2143 -3.250000E+01  1.416667E+01 -3.000000E+00
             2144 -3.250000E+01  1.833333E+01 -3.000000E+00
             2145 -2.600000E+01  1.416667E+01 -3.000000E+00
             2146 -2.600000E+01  1.833333E+01 -3.000000E+00
             2147 -1.950000E+01  1.416667E+01 -3.000000E+00
             2148 -1.950000E+01  1.833333E+01 -3.000000E+00
             2149 -1.300000E+01  1.416667E+01 -3.000000E+00
             2150 -1.300000E+01  1.833333E+01 -3.000000E+00
             2151 -6.500000E+00  1.416667E+01 -3.000000E+00
             2152 -6.500000E+00  1.833333E+01 -3.000000E+00
             2153 -1.673059E+02  1.229190E+01  1.000000E+00
             2154 -1.673059E+02  1.229190E+01 -1.000000E+00
             2155 -1.682039E+02  1.569460E+01  1.000000E+00
             2156 -1.682039E+02  1.569460E+01 -1.000000E+00
             2157 -1.691020E+02  1.909730E+01  1.000000E+00
             2158 -1.691020E+02  1.909730E+01 -1.000000E+00
             2159 -1.695859E+02  1.204463E+01  1.000000E+00
             2160 -1.695859E+02  1.204463E+01 -1.000000E+00
             2161 -1.713906E+02  1.552975E+01  1.000000E+00
             2162 -1.713906E+02  1.552975E+01 -1.000000E+00
             2163 -1.731953E+02  1.901488E+01  1.000000E+00
             2164 -1.731953E+02  1.901488E+01 -1.000000E+00
             2165 -1.718144E+02  1.163929E+01  1.000000E+00
             2166 -1.718144E+02  1.163929E+01 -1.000000E+00
             2167 -1.745430E+02  1.525953E+01  1.000000E+00
             2168 -1.745430E+02  1.525953E+01 -1.000000E+00
             2169 -1.772715E+02  1.887976E+01  1.000000E+00
             2170 -1.772715E+02  1.887976E+01 -1.000000E+00
             2171 -1.739675E+02  1.108587E+01  1.000000E+00
             2172 -1.739675E+02  1.108587E+01 -1.000000E+00
             2173 -1.776450E+02  1.489058E+01  1.000000E+00
             2174 -1.776450E+02  1.489058E+01 -1.000000E+00
             2175 -1.813225E+02  1.869529E+01  1.000000E+00
             2176 -1.813225E+02  1.869529E+01 -1.000000E+00
             2177 -1.760230E+02  1.039797E+01  1.000000E+00
             2178 -1.760230E+02  1.039797E+01 -1.000000E+00
             2179 -1.806820E+02  1.443198E+01  1.000000E+00
             2180 -1.806820E+02  1.443198E+01 -1.000000E+00
             2181 -1.853410E+02  1.846599E+01  1.000000E+00
             2182 -1.853410E+02  1.846599E+01 -1.000000E+00
             2183 -1.767109E+02  8.467550E+00  1.000000E+00
             2184 -1.767109E+02  8.467550E+00 -1.000000E+00
             2185 -1.811406E+02  1.164503E+01  1.000000E+00
             2186 -1.811406E+02  1.164503E+01 -1.000000E+00
             2187 -1.855703E+02  1.482252E+01  1.000000E+00
             2188 -1.855703E+02  1.482252E+01 -1.000000E+00
             2189 -1.772643E+02  6.439436E+00  1.000000E+00
             2190 -1.772643E+02  6.439436E+00 -1.000000E+00
             2191 -1.815095E+02  8.792957E+00  1.000000E+00
             2192 -1.815095E+02  8.792957E+00 -1.000000E+00
             2193 -1.857548E+02  1.114648E+01  1.000000E+00
             2194 -1.857548E+02  1.114648E+01 -1.000000E+00
             2195 -1.776696E+02  4.335865E+00  1.000000E+00
             2196 -1.776696E+02  4.335865E+00 -1.000000E+00
             2197 -1.817798E+02  5.890577E+00  1.000000E+00
             2198 -1.817798E+02  5.890577E+00 -1.000000E+00
             2199 -1.858899E+02  7.445288E+00  1.000000E+00
             2200 -1.858899E+02  7.445288E+00 -1.000000E+00
             2201 -1.779169E+02  2.180933E+00  1.000000E+00
             2202 -1.779169E+02  2.180933E+00 -1.000000E+00
             2203 -1.819446E+02  2.953955E+00  1.000000E+00
             2204 -1.819446E+02  2.953955E+00 -1.000000E+00
             2205 -1.859723E+02  3.726978E+00  1.000000E+00
             2206 -1.859723E+02  3.726978E+00 -1.000000E+00
             2207 -1.673059E+02 -1.229190E+01  1.000000E+00
             2208 -1.673059E+02 -1.229190E+01 -1.000000E+00
             2209 -1.682039E+02 -1.569460E+01  1.000000E+00
             2210 -1.682039E+02 -1.569460E+01 -1.000000E+00
             2211 -1.691020E+02 -1.909730E+01  1.000000E+00
             2212 -1.691020E+02 -1.909730E+01 -1.000000E+00
             2213 -1.695859E+02 -1.204463E+01  1.000000E+00
             2214 -1.695859E+02 -1.204463E+01 -1.000000E+00
             2215 -1.713906E+02 -1.552975E+01  1.000000E+00
             2216 -1.713906E+02 -1.552975E+01 -1.000000E+00
             2217 -1.731953E+02 -1.901488E+01  1.000000E+00
             2218 -1.731953E+02 -1.901488E+01 -1.000000E+00
             2219 -1.718144E+02 -1.163929E+01  1.000000E+00
             2220 -1.718144E+02 -1.163929E+01 -1.000000E+00
             2221 -1.745430E+02 -1.525953E+01  1.000000E+00
             2222 -1.745430E+02 -1.525953E+01 -1.000000E+00
             2223 -1.772715E+02 -1.887976E+01  1.000000E+00
             2224 -1.772715E+02 -1.887976E+01 -1.000000E+00
             2225 -1.739675E+02 -1.108587E+01  1.000000E+00
             2226 -1.739675E+02 -1.108587E+01 -1.000000E+00
             2227 -1.776450E+02 -1.489058E+01  1.000000E+00
             2228 -1.776450E+02 -1.489058E+01 -1.000000E+00
             2229 -1.813225E+02 -1.869529E+01  1.000000E+00
             2230 -1.813225E+02 -1.869529E+01 -1.000000E+00
             2231 -1.760230E+02 -1.039797E+01  1.000000E+00
             2232 -1.760230E+02 -1.039797E+01 -1.000000E+00
             2233 -1.806820E+02 -1.443198E+01  1.000000E+00
             2234 -1.806820E+02 -1.443198E+01 -1.000000E+00
             2235 -1.853410E+02 -1.846599E+01  1.000000E+00
             2236 -1.853410E+02 -1.846599E+01 -1.000000E+00
             2237 -1.767109E+02 -8.467550E+00  1.000000E+00
             2238 -1.767109E+02 -8.467550E+00 -1.000000E+00
             2239 -1.811406E+02 -1.164503E+01  1.000000E+00
             2240 -1.811406E+02 -1.164503E+01 -1.000000E+00
             2241 -1.855703E+02 -1.482252E+01  1.000000E+00
             2242 -1.855703E+02 -1.482252E+01 -1.000000E+00
             2243 -1.772643E+02 -6.439436E+00  1.000000E+00
             2244 -1.772643E+02 -6.439436E+00 -1.000000E+00
             2245 -1.815095E+02 -8.792957E+00  1.000000E+00
             2246 -1.815095E+02 -8.792957E+00 -1.000000E+00
             2247 -1.857548E+02 -1.114648E+01  1.000000E+00
             2248 -1.857548E+02 -1.114648E+01 -1.000000E+00
             2249 -1.776696E+02 -4.335865E+00  1.000000E+00
             2250 -1.776696E+02 -4.335865E+00 -1.000000E+00
             2251 -1.817798E+02 -5.890577E+00  1.000000E+00
             2252 -1.817798E+02 -5.890577E+00 -1.000000E+00
             2253 -1.858899E+02 -7.445288E+00  1.000000E+00
             2254 -1.858899E+02 -7.445288E+00 -1.000000E+00
             2255 -1.779169E+02 -2.180933E+00  1.000000E+00
             2256 -1.779169E+02 -2.180933E+00 -1.000000E+00
             2257 -1.819446E+02 -2.953955E+00  1.000000E+00
             2258 -1.819446E+02 -2.953955E+00 -1.000000E+00
             2259 -1.859723E+02 -3.726978E+00  1.000000E+00
             2260 -1.859723E+02 -3.726978E+00 -1.000000E+00
             2261 -1.520831E+02 -2.180933E+00  1.000000E+00
             2262 -1.520831E+02 -2.180933E+00 -1.000000E+00
             2263 -1.480554E+02 -2.953955E+00  1.000000E+00
             2264 -1.480554E+02 -2.953955E+00 -1.000000E+00
             2265 -1.440277E+02 -3.726978E+00  1.000000E+00
             2266 -1.440277E+02 -3.726978E+00 -1.000000E+00
             2267 -1.523304E+02 -4.335865E+00  1.000000E+00
             2268 -1.523304E+02 -4.335865E+00 -1.000000E+00
             2269 -1.482202E+02 -5.890577E+00  1.000000E+00
             2270 -1.482202E+02 -5.890577E+00 -1.000000E+00
             2271 -1.441101E+02 -7.445288E+00  1.000000E+00
             2272 -1.441101E+02 -7.445288E+00 -1.000000E+00
             2273 -1.527357E+02 -6.439436E+00  1.000000E+00
             2274 -1.527357E+02 -6.439436E+00 -1.000000E+00
             2275 -1.484905E+02 -8.792957E+00  1.000000E+00
             2276 -1.484905E+02 -8.792957E+00 -1.000000E+00
             2277 -1.442452E+02 -1.114648E+01  1.000000E+00
             2278 -1.442452E+02 -1.114648E+01 -1.000000E+00
             2279 -1.532891E+02 -8.467550E+00  1.000000E+00
             2280 -1.532891E+02 -8.467550E+00 -1.000000E+00
             2281 -1.488594E+02 -1.164503E+01  1.000000E+00
             2282 -1.488594E+02 -1.164503E+01 -1.000000E+00
             2283 -1.444297E+02 -1.482252E+01  1.000000E+00
             2284 -1.444297E+02 -1.482252E+01 -1.000000E+00
             2285 -1.539770E+02 -1.039797E+01  1.000000E+00
             2286 -1.539770E+02 -1.039797E+01 -1.000000E+00
             2287 -1.493180E+02 -1.443198E+01  1.000000E+00
             2288 -1.493180E+02 -1.443198E+01 -1.000000E+00
             2289 -1.446590E+02 -1.846599E+01  1.000000E+00
             2290 -1.446590E+02 -1.846599E+01 -1.000000E+00
             2291 -1.560325E+02 -1.108587E+01  1.000000E+00
             2292 -1.560325E+02 -1.108587E+01 -1.000000E+00
             2293 -1.523550E+02 -1.489058E+01  1.000000E+00
             2294 -1.523550E+02 -1.489058E+01 -1.000000E+00
             2295 -1.486775E+02 -1.869529E+01  1.000000E+00
             2296 -1.486775E+02 -1.869529E+01 -1.000000E+00
             2297 -1.581856E+02 -1.163929E+01  1.000000E+00
             2298 -1.581856E+02 -1.163929E+01 -1.000000E+00
             2299 -1.554570E+02 -1.525953E+01  1.000000E+00
             2300 -1.554570E+02 -1.525953E+01 -1.000000E+00
             2301 -1.527285E+02 -1.887976E+01  1.000000E+00
             2302 -1.527285E+02 -1.887976E+01 -1.000000E+00
             2303 -1.604141E+02 -1.204463E+01  1.000000E+00
             2304 -1.604141E+02 -1.204463E+01 -1.000000E+00
             2305 -1.586094E+02 -1.552975E+01  1.000000E+00
             2306 -1.586094E+02 -1.552975E+01 -1.000000E+00
             2307 -1.568047E+02 -1.901488E+01  1.000000E+00
             2308 -1.568047E+02 -1.901488E+01 -1.000000E+00
             2309 -1.626941E+02 -1.229190E+01  1.000000E+00
             2310 -1.626941E+02 -1.229190E+01 -1.000000E+00
             2311 -1.617961E+02 -1.569460E+01  1.000000E+00
             2312 -1.617961E+02 -1.569460E+01 -1.000000E+00
             2313 -1.608980E+02 -1.909730E+01  1.000000E+00
             2314 -1.608980E+02 -1.909730E+01 -1.000000E+00
             2315 -1.626941E+02  1.229190E+01  1.000000E+00
             2316 -1.626941E+02  1.229190E+01 -1.000000E+00
             2317 -1.617961E+02  1.569460E+01  1.000000E+00
             2318 -1.617961E+02  1.569460E+01 -1.000000E+00
             2319 -1.608980E+02  1.909730E+01  1.000000E+00
             2320 -1.608980E+02  1.909730E+01 -1.000000E+00
             2321 -1.604141E+02  1.204463E+01  1.000000E+00
             2322 -1.604141E+02  1.204463E+01 -1.000000E+00
             2323 -1.586094E+02  1.552975E+01  1.000000E+00
             2324 -1.586094E+02  1.552975E+01 -1.000000E+00
             2325 -1.568047E+02  1.901488E+01  1.000000E+00
             2326 -1.568047E+02  1.901488E+01 -1.000000E+00
             2327 -1.581856E+02  1.163929E+01  1.000000E+00
             2328 -1.581856E+02  1.163929E+01 -1.000000E+00
             2329 -1.554570E+02  1.525953E+01  1.000000E+00
             2330 -1.554570E+02  1.525953E+01 -1.000000E+00
             2331 -1.527285E+02  1.887976E+01  1.000000E+00
             2332 -1.527285E+02  1.887976E+01 -1.000000E+00
             2333 -1.560325E+02  1.108587E+01  1.000000E+00
             2334 -1.560325E+02  1.108587E+01 -1.000000E+00
             2335 -1.523550E+02  1.489058E+01  1.000000E+00
             2336 -1.523550E+02  1.489058E+01 -1.000000E+00
             2337 -1.486775E+02  1.869529E+01  1.000000E+00
             2338 -1.486775E+02  1.869529E+01 -1.000000E+00
             2339 -1.539770E+02  1.039797E+01  1.000000E+00
             2340 -1.539770E+02  1.039797E+01 -1.000000E+00
             2341 -1.493180E+02  1.443198E+01  1.000000E+00
             2342 -1.493180E+02  1.443198E+01 -1.000000E+00
             2343 -1.446590E+02  1.846599E+01  1.000000E+00
             2344 -1.446590E+02  1.846599E+01 -1.000000E+00
             2345 -1.532891E+02  8.467550E+00  1.000000E+00
             2346 -1.532891E+02  8.467550E+00 -1.000000E+00
             2347 -1.488594E+02  1.164503E+01  1.000000E+00
             2348 -1.488594E+02  1.164503E+01 -1.000000E+00
             2349 -1.444297E+02  1.482252E+01  1.000000E+00
             2350 -1.444297E+02  1.482252E+01 -1.000000E+00
             2351 -1.527357E+02  6.439436E+00  1.000000E+00
             2352 -1.527357E+02  6.439436E+00 -1.000000E+00
             2353 -1.484905E+02  8.792957E+00  1.000000E+00
             2354 -1.484905E+02  8.792957E+00 -1.000000E+00
             2355 -1.442452E+02  1.114648E+01  1.000000E+00
             2356 -1.442452E+02  1.114648E+01 -1.000000E+00
             2357 -1.523304E+02  4.335865E+00  1.000000E+00
             2358 -1.523304E+02  4.335865E+00 -1.000000E+00
             2359 -1.482202E+02  5.890577E+00  1.000000E+00
             2360 -1.482202E+02  5.890577E+00 -1.000000E+00
             2361 -1.441101E+02  7.445288E+00  1.000000E+00
             2362 -1.441101E+02  7.445288E+00 -1.000000E+00
             2363 -1.520831E+02  2.180933E+00  1.000000E+00
             2364 -1.520831E+02  2.180933E+00 -1.000000E+00
             2365 -1.480554E+02  2.953955E+00  1.000000E+00
             2366 -1.480554E+02  2.953955E+00 -1.000000E+00
             2367 -1.440277E+02  3.726978E+00  1.000000E+00
             2368 -1.440277E+02  3.726978E+00 -1.000000E+00
             2369 -1.191020E+02  1.909730E+01  1.000000E+00
             2370 -1.191020E+02  1.909730E+01 -1.000000E+00
             2371 -1.182040E+02  1.569460E+01  1.000000E+00
             2372 -1.182040E+02  1.569460E+01 -1.000000E+00
             2373 -1.173059E+02  1.229190E+01  1.000000E+00
             2374 -1.173059E+02  1.229190E+01 -1.000000E+00
             2375 -1.231953E+02  1.901488E+01  1.000000E+00
             2376 -1.231953E+02  1.901488E+01 -1.000000E+00
             2377 -1.213906E+02  1.552975E+01  1.000000E+00
             2378 -1.213906E+02  1.552975E+01 -1.000000E+00
             2379 -1.195859E+02  1.204463E+01  1.000000E+00
             2380 -1.195859E+02  1.204463E+01 -1.000000E+00
             2381 -1.272715E+02  1.887976E+01  1.000000E+00
             2382 -1.272715E+02  1.887976E+01 -1.000000E+00
             2383 -1.245430E+02  1.525953E+01  1.000000E+00
             2384 -1.245430E+02  1.525953E+01 -1.000000E+00
             2385 -1.218144E+02  1.163929E+01  1.000000E+00
             2386 -1.218144E+02  1.163929E+01 -1.000000E+00
             2387 -1.313225E+02  1.869529E+01  1.000000E+00
             2388 -1.313225E+02  1.869529E+01 -1.000000E+00
             2389 -1.276450E+02  1.489058E+01  1.000000E+00
             2390 -1.276450E+02  1.489058E+01 -1.000000E+00
             2391 -1.239676E+02  1.108587E+01  1.000000E+00
             2392 -1.239676E+02  1.108587E+01 -1.000000E+00
             2393 -1.353410E+02  1.846599E+01  1.000000E+00
             2394 -1.353410E+02  1.846599E+01 -1.000000E+00
             2395 -1.306820E+02  1.443198E+01  1.000000E+00
             2396 -1.306820E+02  1.443198E+01 -1.000000E+00
             2397 -1.260230E+02  1.039797E+01  1.000000E+00
             2398 -1.260230E+02  1.039797E+01 -1.000000E+00
             2399 -1.355703E+02  1.482252E+01  1.000000E+00
             2400 -1.355703E+02  1.482252E+01 -1.000000E+00
             2401 -1.311406E+02  1.164503E+01  1.000000E+00
             2402 -1.311406E+02  1.164503E+01 -1.000000E+00
             2403 -1.267109E+02  8.467550E+00  1.000000E+00
             2404 -1.267109E+02  8.467550E+00 -1.000000E+00
             2405 -1.357548E+02  1.114648E+01  1.000000E+00
             2406 -1.357548E+02  1.114648E+01 -1.000000E+00
             2407 -1.315095E+02  8.792957E+00  1.000000E+00
             2408 -1.315095E+02  8.792957E+00 -1.000000E+00
             2409 -1.272643E+02  6.439436E+00  1.000000E+00
             2410 -1.272643E+02  6.439436E+00 -1.000000E+00
             2411 -1.358899E+02  7.445288E+00  1.000000E+00
             2412 -1.358899E+02  7.445288E+00 -1.000000E+00
             2413 -1.317798E+02  5.890577E+00  1.000000E+00
             2414 -1.317798E+02  5.890577E+00 -1.000000E+00
             2415 -1.276696E+02  4.335865E+00  1.000000E+00
             2416 -1.276696E+02  4.335865E+00 -1.000000E+00
             2417 -1.359723E+02  3.726978E+00  1.000000E+00
             2418 -1.359723E+02  3.726978E+00 -1.000000E+00
             2419 -1.319446E+02  2.953955E+00  1.000000E+00
             2420 -1.319446E+02  2.953955E+00 -1.000000E+00
             2421 -1.279169E+02  2.180933E+00  1.000000E+00
             2422 -1.279169E+02  2.180933E+00 -1.000000E+00
             2423 -1.173059E+02 -1.229190E+01  1.000000E+00
             2424 -1.173059E+02 -1.229190E+01 -1.000000E+00
             2425 -1.182040E+02 -1.569460E+01  1.000000E+00
             2426 -1.182040E+02 -1.569460E+01 -1.000000E+00
             2427 -1.191020E+02 -1.909730E+01  1.000000E+00
             2428 -1.191020E+02 -1.909730E+01 -1.000000E+00
             2429 -1.195859E+02 -1.204463E+01  1.000000E+00
             2430 -1.195859E+02 -1.204463E+01 -1.000000E+00
             2431 -1.213906E+02 -1.552975E+01  1.000000E+00
             2432 -1.213906E+02 -1.552975E+01 -1.000000E+00
             2433 -1.231953E+02 -1.901488E+01  1.000000E+00
             2434 -1.231953E+02 -1.901488E+01 -1.000000E+00
             2435 -1.218144E+02 -1.163929E+01  1.000000E+00
             2436 -1.218144E+02 -1.163929E+01 -1.000000E+00
             2437 -1.245430E+02 -1.525953E+01  1.000000E+00
             2438 -1.245430E+02 -1.525953E+01 -1.000000E+00
             2439 -1.272715E+02 -1.887976E+01  1.000000E+00
             2440 -1.272715E+02 -1.887976E+01 -1.000000E+00
             2441 -1.239676E+02 -1.108587E+01  1.000000E+00
             2442 -1.239676E+02 -1.108587E+01 -1.000000E+00
             2443 -1.276450E+02 -1.489058E+01  1.000000E+00
             2444 -1.276450E+02 -1.489058E+01 -1.000000E+00
             2445 -1.313225E+02 -1.869529E+01  1.000000E+00
             2446 -1.313225E+02 -1.869529E+01 -1.000000E+00
             2447 -1.260230E+02 -1.039797E+01  1.000000E+00
             2448 -1.260230E+02 -1.039797E+01 -1.000000E+00
             2449 -1.306820E+02 -1.443198E+01  1.000000E+00
             2450 -1.306820E+02 -1.443198E+01 -1.000000E+00
             2451 -1.353410E+02 -1.846599E+01  1.000000E+00
             2452 -1.353410E+02 -1.846599E+01 -1.000000E+00
             2453 -1.267109E+02 -8.467550E+00  1.000000E+00
             2454 -1.267109E+02 -8.467550E+00 -1.000000E+00
             2455 -1.311406E+02 -1.164503E+01  1.000000E+00
             2456 -1.311406E+02 -1.164503E+01 -1.000000E+00
             2457 -1.355703E+02 -1.482252E+01  1.000000E+00
             2458 -1.355703E+02 -1.482252E+01 -1.000000E+00
             2459 -1.272643E+02 -6.439436E+00  1.000000E+00
             2460 -1.272643E+02 -6.439436E+00 -1.000000E+00
             2461 -1.315095E+02 -8.792957E+00  1.000000E+00
             2462 -1.315095E+02 -8.792957E+00 -1.000000E+00
             2463 -1.357548E+02 -1.114648E+01  1.000000E+00
             2464 -1.357548E+02 -1.114648E+01 -1.000000E+00
             2465 -1.276696E+02 -4.335865E+00  1.000000E+00
             2466 -1.276696E+02 -4.335865E+00 -1.000000E+00
             2467 -1.317798E+02 -5.890577E+00  1.000000E+00
             2468 -1.317798E+02 -5.890577E+00 -1.000000E+00
             2469 -1.358899E+02 -7.445288E+00  1.000000E+00
             2470 -1.358899E+02 -7.445288E+00 -1.000000E+00
             2471 -1.279169E+02 -2.180933E+00  1.000000E+00
             2472 -1.279169E+02 -2.180933E+00 -1.000000E+00
             2473 -1.319446E+02 -2.953955E+00  1.000000E+00
             2474 -1.319446E+02 -2.953955E+00 -1.000000E+00
             2475 -1.359723E+02 -3.726978E+00  1.000000E+00
             2476 -1.359723E+02 -3.726978E+00 -1.000000E+00
             2477 -1.015831E+02 -2.180933E+00  1.000000E+00
             2478 -1.015831E+02 -2.180933E+00 -1.000000E+00
             2479 -9.705540E+01 -2.953955E+00  1.000000E+00
             2480 -9.705540E+01 -2.953955E+00 -1.000000E+00
             2481 -9.252770E+01 -3.726978E+00  1.000000E+00
             2482 -9.252770E+01 -3.726978E+00 -1.000000E+00
             2483 -1.018304E+02 -4.335865E+00  1.000000E+00
             2484 -1.018304E+02 -4.335865E+00 -1.000000E+00
             2485 -9.722025E+01 -5.890577E+00  1.000000E+00
             2486 -9.722025E+01 -5.890577E+00 -1.000000E+00
             2487 -9.261012E+01 -7.445288E+00  1.000000E+00
             2488 -9.261012E+01 -7.445288E+00 -1.000000E+00
             2489 -1.022357E+02 -6.439436E+00  1.000000E+00
             2490 -1.022357E+02 -6.439436E+00 -1.000000E+00
             2491 -9.749047E+01 -8.792957E+00  1.000000E+00
             2492 -9.749047E+01 -8.792957E+00 -1.000000E+00
             2493 -9.274523E+01 -1.114648E+01  1.000000E+00
             2494 -9.274523E+01 -1.114648E+01 -1.000000E+00
             2495 -1.027891E+02 -8.467550E+00  1.000000E+00
             2496 -1.027891E+02 -8.467550E+00 -1.000000E+00
             2497 -9.785942E+01 -1.164503E+01  1.000000E+00
             2498 -9.785942E+01 -1.164503E+01 -1.000000E+00
             2499 -9.292971E+01 -1.482252E+01  1.000000E+00
             2500 -9.292971E+01 -1.482252E+01 -1.000000E+00
             2501 -1.034770E+02 -1.039797E+01  1.000000E+00
             2502 -1.034770E+02 -1.039797E+01 -1.000000E+00
             2503 -9.831802E+01 -1.443198E+01  1.000000E+00
             2504 -9.831802E+01 -1.443198E+01 -1.000000E+00
             2505 -9.315900E+01 -1.846599E+01  1.000000E+00
             2506 -9.315900E+01 -1.846599E+01 -1.000000E+00
             2507 -1.056324E+02 -1.108587E+01  1.000000E+00
             2508 -1.056324E+02 -1.108587E+01 -1.000000E+00
             2509 -1.015550E+02 -1.489058E+01  1.000000E+00
             2510 -1.015550E+02 -1.489058E+01 -1.000000E+00
             2511 -9.747749E+01 -1.869529E+01  1.000000E+00
             2512 -9.747749E+01 -1.869529E+01 -1.000000E+00
             2513 -1.078856E+02 -1.163929E+01  1.000000E+00
             2514 -1.078856E+02 -1.163929E+01 -1.000000E+00
             2515 -1.048570E+02 -1.525953E+01  1.000000E+00
             2516 -1.048570E+02 -1.525953E+01 -1.000000E+00
             2517 -1.018285E+02 -1.887976E+01  1.000000E+00
             2518 -1.018285E+02 -1.887976E+01 -1.000000E+00
             2519 -1.102141E+02 -1.204463E+01  1.000000E+00
             2520 -1.102141E+02 -1.204463E+01 -1.000000E+00
             2521 -1.082094E+02 -1.552975E+01  1.000000E+00
             2522 -1.082094E+02 -1.552975E+01 -1.000000E+00
             2523 -1.062047E+02 -1.901488E+01  1.000000E+00
             2524 -1.062047E+02 -1.901488E+01 -1.000000E+00
             2525 -1.125941E+02 -1.229190E+01  1.000000E+00
             2526 -1.125941E+02 -1.229190E+01 -1.000000E+00
             2527 -1.115960E+02 -1.569460E+01  1.000000E+00
             2528 -1.115960E+02 -1.569460E+01 -1.000000E+00
             2529 -1.105980E+02 -1.909730E+01  1.000000E+00
             2530 -1.105980E+02 -1.909730E+01 -1.000000E+00
             2531 -1.105980E+02  1.909730E+01  1.000000E+00
             2532 -1.105980E+02  1.909730E+01 -1.000000E+00
             2533 -1.062047E+02  1.901488E+01  1.000000E+00
             2534 -1.062047E+02  1.901488E+01 -1.000000E+00
             2535 -1.018285E+02  1.887976E+01  1.000000E+00
             2536 -1.018285E+02  1.887976E+01 -1.000000E+00
             2537 -9.747749E+01  1.869529E+01  1.000000E+00
             2538 -9.747749E+01  1.869529E+01 -1.000000E+00
             2539 -9.315900E+01  1.846599E+01  1.000000E+00
             2540 -9.315900E+01  1.846599E+01 -1.000000E+00
             2541 -9.292971E+01  1.482252E+01  1.000000E+00
             2542 -9.292971E+01  1.482252E+01 -1.000000E+00
             2543 -9.274523E+01  1.114648E+01  1.000000E+00
             2544 -9.274523E+01  1.114648E+01 -1.000000E+00
             2545 -9.261012E+01  7.445288E+00  1.000000E+00
             2546 -9.261012E+01  7.445288E+00 -1.000000E+00
             2547 -9.252770E+01  3.726978E+00  1.000000E+00
             2548 -9.252770E+01  3.726978E+00 -1.000000E+00
             2549 -1.115960E+02  1.569460E+01  1.000000E+00
             2550 -1.115960E+02  1.569460E+01 -1.000000E+00
             2551 -1.082094E+02  1.552975E+01  1.000000E+00
             2552 -1.082094E+02  1.552975E+01 -1.000000E+00
             2553 -1.048570E+02  1.525953E+01  1.000000E+00
             2554 -1.048570E+02  1.525953E+01 -1.000000E+00
             2555 -1.015550E+02  1.489058E+01  1.000000E+00
             2556 -1.015550E+02  1.489058E+01 -1.000000E+00
             2557 -9.831802E+01  1.443198E+01  1.000000E+00
             2558 -9.831802E+01  1.443198E+01 -1.000000E+00
             2559 -9.785942E+01  1.164503E+01  1.000000E+00
             2560 -9.785942E+01  1.164503E+01 -1.000000E+00
             2561 -9.749047E+01  8.792957E+00  1.000000E+00
             2562 -9.749047E+01  8.792957E+00 -1.000000E+00
             2563 -9.722025E+01  5.890577E+00  1.000000E+00
             2564 -9.722025E+01  5.890577E+00 -1.000000E+00
             2565 -9.705540E+01  2.953955E+00  1.000000E+00
             2566 -9.705540E+01  2.953955E+00 -1.000000E+00
             2567 -1.125941E+02  1.229190E+01  1.000000E+00
             2568 -1.125941E+02  1.229190E+01 -1.000000E+00
             2569 -1.102141E+02  1.204463E+01  1.000000E+00
             2570 -1.102141E+02  1.204463E+01 -1.000000E+00
             2571 -1.078856E+02  1.163929E+01  1.000000E+00
             2572 -1.078856E+02  1.163929E+01 -1.000000E+00
             2573 -1.056324E+02  1.108587E+01  1.000000E+00
             2574 -1.056324E+02  1.108587E+01 -1.000000E+00
             2575 -1.034770E+02  1.039797E+01  1.000000E+00
             2576 -1.034770E+02  1.039797E+01 -1.000000E+00
             2577 -1.027891E+02  8.467550E+00  1.000000E+00
             2578 -1.027891E+02  8.467550E+00 -1.000000E+00
             2579 -1.022357E+02  6.439436E+00  1.000000E+00
             2580 -1.022357E+02  6.439436E+00 -1.000000E+00
             2581 -1.018304E+02  4.335865E+00  1.000000E+00
             2582 -1.018304E+02  4.335865E+00 -1.000000E+00
             2583 -1.015831E+02  2.180933E+00  1.000000E+00
             2584 -1.015831E+02  2.180933E+00 -1.000000E+00
             2585 -8.150000E+01 -4.750000E+00  1.000000E+00
             2586 -8.150000E+01 -4.750000E+00 -1.000000E+00
             2587 -8.150000E+01 -9.500000E+00  1.000000E+00
             2588 -8.150000E+01 -9.500000E+00 -1.000000E+00
             2589 -8.150000E+01 -1.383333E+01  1.000000E+00
             2590 -8.150000E+01 -1.383333E+01 -1.000000E+00
             2591 -8.150000E+01 -1.816667E+01  1.000000E+00
             2592 -8.150000E+01 -1.816667E+01 -1.000000E+00
             2593 -8.150000E+01  1.816667E+01  1.000000E+00
             2594 -8.150000E+01  1.816667E+01 -1.000000E+00
             2595 -8.150000E+01  1.383333E+01  1.000000E+00
             2596 -8.150000E+01  1.383333E+01 -1.000000E+00
             2597 -8.150000E+01  9.500000E+00  1.000000E+00
             2598 -8.150000E+01  9.500000E+00 -1.000000E+00
             2599 -8.150000E+01  4.750000E+00  1.000000E+00
             2600 -8.150000E+01  4.750000E+00 -1.000000E+00
             2601 -7.000000E+01  1.833333E+01  1.000000E+00
             2602 -7.000000E+01  1.833333E+01 -1.000000E+00
             2603 -7.000000E+01  1.416667E+01  1.000000E+00
             2604 -7.000000E+01  1.416667E+01 -1.000000E+00
             2605 -6.794228E+01  6.412932E+00  1.000000E+00
             2606 -6.794228E+01  6.412932E+00 -1.000000E+00
             2607 -7.069035E+01  5.690356E+00  1.000000E+00
             2608 -7.069035E+01  5.690356E+00 -1.000000E+00
             2609 -7.141293E+01  2.942278E+00  1.000000E+00
             2610 -7.141293E+01  2.942278E+00 -1.000000E+00
             2611 -6.897114E+01  8.206466E+00  1.000000E+00
             2612 -6.897114E+01  8.206466E+00 -1.000000E+00
             2613 -7.284518E+01  7.845178E+00  1.000000E+00
             2614 -7.284518E+01  7.845178E+00 -1.000000E+00
             2615 -7.320647E+01  3.971139E+00  1.000000E+00
             2616 -7.320647E+01  3.971139E+00 -1.000000E+00
             2617 -6.794228E+01 -6.412932E+00  1.000000E+00
             2618 -6.794228E+01 -6.412932E+00 -1.000000E+00
             2619 -6.897114E+01 -8.206466E+00  1.000000E+00
             2620 -6.897114E+01 -8.206466E+00 -1.000000E+00
             2621 -7.069035E+01 -5.690356E+00  1.000000E+00
             2622 -7.069035E+01 -5.690356E+00 -1.000000E+00
             2623 -7.284518E+01 -7.845178E+00  1.000000E+00
             2624 -7.284518E+01 -7.845178E+00 -1.000000E+00
             2625 -7.141293E+01 -2.942278E+00  1.000000E+00
             2626 -7.141293E+01 -2.942278E+00 -1.000000E+00
             2627 -7.320647E+01 -3.971139E+00  1.000000E+00
             2628 -7.320647E+01 -3.971139E+00 -1.000000E+00
             2629 -7.000000E+01 -1.833333E+01  1.000000E+00
             2630 -7.000000E+01 -1.833333E+01 -1.000000E+00
             2631 -7.000000E+01 -1.416667E+01  1.000000E+00
             2632 -7.000000E+01 -1.416667E+01 -1.000000E+00
             2633 -5.850000E+01 -1.833333E+01  1.000000E+00
             2634 -5.850000E+01 -1.833333E+01 -1.000000E+00
             2635 -5.850000E+01 -1.416667E+01  1.000000E+00
             2636 -5.850000E+01 -1.416667E+01 -1.000000E+00
             2637 -5.200000E+01 -1.833333E+01  1.000000E+00
             2638 -5.200000E+01 -1.833333E+01 -1.000000E+00
             2639 -5.200000E+01 -1.416667E+01  1.000000E+00
             2640 -5.200000E+01 -1.416667E+01 -1.000000E+00
             2641 -4.550000E+01 -1.833333E+01  1.000000E+00
             2642 -4.550000E+01 -1.833333E+01 -1.000000E+00
             2643 -4.550000E+01 -1.416667E+01  1.000000E+00
             2644 -4.550000E+01 -1.416667E+01 -1.000000E+00
             2645 -3.900000E+01 -1.833333E+01  1.000000E+00
             2646 -3.900000E+01 -1.833333E+01 -1.000000E+00
             2647 -3.900000E+01 -1.416667E+01  1.000000E+00
             2648 -3.900000E+01 -1.416667E+01 -1.000000E+00
             2649 -3.250000E+01 -1.833333E+01  1.000000E+00
             2650 -3.250000E+01 -1.833333E+01 -1.000000E+00
             2651 -3.250000E+01 -1.416667E+01  1.000000E+00
             2652 -3.250000E+01 -1.416667E+01 -1.000000E+00
             2653 -2.600000E+01 -1.833333E+01  1.000000E+00
             2654 -2.600000E+01 -1.833333E+01 -1.000000E+00
             2655 -2.600000E+01 -1.416667E+01  1.000000E+00
             2656 -2.600000E+01 -1.416667E+01 -1.000000E+00
             2657 -1.950000E+01 -1.833333E+01  1.000000E+00
             2658 -1.950000E+01 -1.833333E+01 -1.000000E+00
             2659 -1.950000E+01 -1.416667E+01  1.000000E+00
             2660 -1.950000E+01 -1.416667E+01 -1.000000E+00
             2661 -1.300000E+01 -1.833333E+01  1.000000E+00
             2662 -1.300000E+01 -1.833333E+01 -1.000000E+00
             2663 -1.300000E+01 -1.416667E+01  1.000000E+00
             2664 -1.300000E+01 -1.416667E+01 -1.000000E+00
             2665 -6.500000E+00 -1.833333E+01  1.000000E+00
             2666 -6.500000E+00 -1.833333E+01 -1.000000E+00
             2667 -6.500000E+00 -1.416667E+01  1.000000E+00
             2668 -6.500000E+00 -1.416667E+01 -1.000000E+00
             2669 -5.850000E+01 -8.333333E+00  1.000000E+00
             2670 -5.850000E+01 -8.333333E+00 -1.000000E+00
             2671 -5.850000E+01 -6.666667E+00  1.000000E+00
             2672 -5.850000E+01 -6.666667E+00 -1.000000E+00
             2673 -5.200000E+01 -8.333333E+00  1.000000E+00
             2674 -5.200000E+01 -8.333333E+00 -1.000000E+00
             2675 -5.200000E+01 -6.666667E+00  1.000000E+00
             2676 -5.200000E+01 -6.666667E+00 -1.000000E+00
             2677 -4.550000E+01 -8.333333E+00  1.000000E+00
             2678 -4.550000E+01 -8.333333E+00 -1.000000E+00
             2679 -4.550000E+01 -6.666667E+00  1.000000E+00
             2680 -4.550000E+01 -6.666667E+00 -1.000000E+00
             2681 -3.900000E+01 -8.333333E+00  1.000000E+00
             2682 -3.900000E+01 -8.333333E+00 -1.000000E+00
             2683 -3.900000E+01 -6.666667E+00  1.000000E+00
             2684 -3.900000E+01 -6.666667E+00 -1.000000E+00
             2685 -3.250000E+01 -8.333333E+00  1.000000E+00
             2686 -3.250000E+01 -8.333333E+00 -1.000000E+00
             2687 -3.250000E+01 -6.666667E+00  1.000000E+00
             2688 -3.250000E+01 -6.666667E+00 -1.000000E+00
             2689 -2.600000E+01 -8.333333E+00  1.000000E+00
             2690 -2.600000E+01 -8.333333E+00 -1.000000E+00
             2691 -2.600000E+01 -6.666667E+00  1.000000E+00
             2692 -2.600000E+01 -6.666667E+00 -1.000000E+00
             2693 -1.950000E+01 -8.333333E+00  1.000000E+00
             2694 -1.950000E+01 -8.333333E+00 -1.000000E+00
             2695 -1.950000E+01 -6.666667E+00  1.000000E+00
             2696 -1.950000E+01 -6.666667E+00 -1.000000E+00
             2697 -1.300000E+01 -8.333333E+00  1.000000E+00
             2698 -1.300000E+01 -8.333333E+00 -1.000000E+00
             2699 -1.300000E+01 -6.666667E+00  1.000000E+00
             2700 -1.300000E+01 -6.666667E+00 -1.000000E+00
             2701 -6.500000E+00 -8.333333E+00  1.000000E+00
             2702 -6.500000E+00 -8.333333E+00 -1.000000E+00
             2703 -6.500000E+00 -6.666667E+00  1.000000E+00
             2704 -6.500000E+00 -6.666667E+00 -1.000000E+00
             2705 -5.850000E+01  6.666667E+00  1.000000E+00
             2706 -5.850000E+01  6.666667E+00 -1.000000E+00
             2707 -5.850000E+01  8.333333E+00  1.000000E+00
             2708 -5.850000E+01  8.333333E+00 -1.000000E+00
             2709 -5.200000E+01  6.666667E+00  1.000000E+00
             2710 -5.200000E+01  6.666667E+00 -1.000000E+00
             2711 -5.200000E+01  8.333333E+00  1.000000E+00
             2712 -5.200000E+01  8.333333E+00 -1.000000E+00
             2713 -4.550000E+01  6.666667E+00  1.000000E+00
             2714 -4.550000E+01  6.666667E+00 -1.000000E+00
             2715 -4.550000E+01  8.333333E+00  1.000000E+00
             2716 -4.550000E+01  8.333333E+00 -1.000000E+00
             2717 -3.900000E+01  6.666667E+00  1.000000E+00
             2718 -3.900000E+01  6.666667E+00 -1.000000E+00
             2719 -3.900000E+01  8.333333E+00  1.000000E+00
             2720 -3.900000E+01  8.333333E+00 -1.000000E+00
             2721 -3.250000E+01  6.666667E+00  1.000000E+00
             2722 -3.250000E+01  6.666667E+00 -1.000000E+00
             2723 -3.250000E+01  8.333333E+00  1.000000E+00
             2724 -3.250000E+01  8.333333E+00 -1.000000E+00
             2725 -2.600000E+01  6.666667E+00  1.000000E+00
             2726 -2.600000E+01  6.666667E+00 -1.000000E+00
             2727 -2.600000E+01  8.333333E+00  1.000000E+00
             2728 -2.600000E+01  8.333333E+00 -1.000000E+00
             2729 -1.950000E+01  6.666667E+00  1.000000E+00
             2730 -1.950000E+01  6.666667E+00 -1.000000E+00
             2731 -1.950000E+01  8.333333E+00  1.000000E+00
             2732 -1.950000E+01  8.333333E+00 -1.000000E+00
             2733 -1.300000E+01  6.666667E+00  1.000000E+00
             2734 -1.300000E+01  6.666667E+00 -1.000000E+00
             2735 -1.300000E+01  8.333333E+00  1.000000E+00
             2736 -1.300000E+01  8.333333E+00 -1.000000E+00
             2737 -6.500000E+00  6.666667E+00  1.000000E+00
             2738 -6.500000E+00  6.666667E+00 -1.000000E+00
             2739 -6.500000E+00  8.333333E+00  1.000000E+00
             2740 -6.500000E+00  8.333333E+00 -1.000000E+00
             2741 -5.850000E+01  1.416667E+01  1.000000E+00
             2742 -5.850000E+01  1.416667E+01 -1.000000E+00
             2743 -5.850000E+01  1.833333E+01  1.000000E+00
             2744 -5.850000E+01  1.833333E+01 -1.000000E+00
             2745 -5.200000E+01  1.416667E+01  1.000000E+00
             2746 -5.200000E+01  1.416667E+01 -1.000000E+00
             2747 -5.200000E+01  1.833333E+01  1.000000E+00
             2748 -5.200000E+01  1.833333E+01 -1.000000E+00
             2749 -4.550000E+01  1.416667E+01  1.000000E+00
             2750 -4.550000E+01  1.416667E+01 -1.000000E+00
             2751 -4.550000E+01  1.833333E+01  1.000000E+00
             2752 -4.550000E+01  1.833333E+01 -1.000000E+00
             2753 -3.900000E+01  1.416667E+01  1.000000E+00
             2754 -3.900000E+01  1.416667E+01 -1.000000E+00
             2755 -3.900000E+01  1.833333E+01  1.000000E+00
             2756 -3.900000E+01  1.833333E+01 -1.000000E+00
             2757 -3.250000E+01  1.416667E+01  1.000000E+00
             2758 -3.250000E+01  1.416667E+01 -1.000000E+00
             2759 -3.250000E+01  1.833333E+01  1.000000E+00
             2760 -3.250000E+01  1.833333E+01 -1.000000E+00
             2761 -2.600000E+01  1.416667E+01  1.000000E+00
             2762 -2.600000E+01  1.416667E+01 -1.000000E+00
             2763 -2.600000E+01  1.833333E+01  1.000000E+00
             2764 -2.600000E+01  1.833333E+01 -1.000000E+00
             2765 -1.950000E+01  1.416667E+01  1.000000E+00
             2766 -1.950000E+01  1.416667E+01 -1.000000E+00
             2767 -1.950000E+01  1.833333E+01  1.000000E+00
             2768 -1.950000E+01  1.833333E+01 -1.000000E+00
             2769 -1.300000E+01  1.416667E+01  1.000000E+00
             2770 -1.300000E+01  1.416667E+01 -1.000000E+00
             2771 -1.300000E+01  1.833333E+01  1.000000E+00
             2772 -1.300000E+01  1.833333E+01 -1.000000E+00
             2773 -6.500000E+00  1.416667E+01  1.000000E+00
             2774 -6.500000E+00  1.416667E+01 -1.000000E+00
             2775 -6.500000E+00  1.833333E+01  1.000000E+00
             2776 -6.500000E+00  1.833333E+01 -1.000000E+00
             2777 -1.150000E+02 -5.000000E+00  9.999998E-01
             2778 -1.142178E+02 -4.938442E+00  1.000000E+00
             2779 -1.139050E+02 -6.913818E+00  1.000000E+00
             2780 -1.150000E+02 -7.000000E+00  1.000000E+00
             2781 -1.134549E+02 -4.755282E+00  9.999998E-01
             2782 -1.128369E+02 -6.657396E+00  1.000000E+00
             2783 -1.127300E+02 -4.455033E+00  1.000000E+00
             2784 -1.118221E+02 -6.237046E+00  1.000000E+00
             2785 -1.120611E+02 -4.045085E+00  9.999998E-01
             2786 -1.108855E+02 -5.663119E+00  1.000000E+00
             2787 -1.114645E+02 -3.535534E+00  1.000000E+00
             2788 -1.100503E+02 -4.949748E+00  1.000000E+00
             2789 -1.109549E+02 -2.938926E+00  9.999998E-01
             2790 -1.093369E+02 -4.114497E+00  1.000000E+00
             2791 -1.105450E+02 -2.269953E+00  1.000000E+00
             2792 -1.087630E+02 -3.177933E+00  1.000000E+00
             2793 -1.102447E+02 -1.545085E+00  1.000000E+00
             2794 -1.083426E+02 -2.163119E+00  1.000000E+00
             2795 -1.100616E+02 -7.821723E-01  1.000000E+00
             2796 -1.080862E+02 -1.095041E+00  1.000000E+00
             2797 -1.100000E+02  2.067679E-12  1.000000E+00
             2798 -1.080000E+02  1.034728E-12  1.000000E+00
             2799 -1.139050E+02  6.913818E+00  1.000000E+00
             2800 -1.150000E+02  7.000000E+00  1.000000E+00
             2801 -1.128369E+02  6.657396E+00  1.000000E+00
             2802 -1.118221E+02  6.237046E+00  1.000000E+00
             2803 -1.108855E+02  5.663119E+00  1.000000E+00
             2804 -1.100503E+02  4.949748E+00  1.000000E+00
             2805 -1.093369E+02  4.114497E+00  1.000000E+00
             2806 -1.087630E+02  3.177933E+00  1.000000E+00
             2807 -1.083426E+02  2.163119E+00  1.000000E+00
             2808 -1.080862E+02  1.095041E+00  1.000000E+00
             2809 -1.142178E+02  4.938442E+00  1.000000E+00
             2810 -1.150000E+02  5.000000E+00  9.999998E-01
             2811 -1.134549E+02  4.755282E+00  9.999998E-01
             2812 -1.127300E+02  4.455033E+00  1.000000E+00
             2813 -1.120611E+02  4.045085E+00  1.000000E+00
             2814 -1.114645E+02  3.535534E+00  1.000000E+00
             2815 -1.109549E+02  2.938926E+00  9.999998E-01
             2816 -1.105450E+02  2.269953E+00  1.000000E+00
             2817 -1.102447E+02  1.545085E+00  1.000000E+00
             2818 -1.100616E+02  7.821723E-01  1.000000E+00
             2819 -1.160950E+02  6.913818E+00  1.000000E+00
             2820 -1.157822E+02  4.938442E+00  1.000000E+00
             2821 -1.171631E+02  6.657396E+00  1.000000E+00
             2822 -1.165451E+02  4.755282E+00  9.999998E-01
             2823 -1.181779E+02  6.237046E+00  1.000000E+00
             2824 -1.172700E+02  4.455033E+00  1.000000E+00
             2825 -1.191145E+02  5.663119E+00  1.000000E+00
             2826 -1.179389E+02  4.045085E+00  9.999998E-01
             2827 -1.199497E+02  4.949748E+00  1.000000E+00
             2828 -1.185355E+02  3.535534E+00  1.000000E+00
             2829 -1.206631E+02  4.114497E+00  1.000000E+00
             2830 -1.190451E+02  2.938926E+00  1.000000E+00
             2831 -1.212370E+02  3.177933E+00  1.000000E+00
             2832 -1.194550E+02  2.269953E+00  1.000000E+00
             2833 -1.216574E+02  2.163119E+00  1.000000E+00
             2834 -1.197553E+02  1.545085E+00  1.000000E+00
             2835 -1.219138E+02  1.095041E+00  1.000000E+00
             2836 -1.199384E+02  7.821723E-01  1.000000E+00
             2837 -1.220000E+02 -5.171189E-13  1.000000E+00
             2838 -1.200000E+02 -1.033840E-12  1.000000E+00
             2839 -1.199384E+02 -7.821723E-01  1.000000E+00
             2840 -1.219138E+02 -1.095041E+00  1.000000E+00
             2841 -1.197553E+02 -1.545085E+00  1.000000E+00
             2842 -1.216574E+02 -2.163119E+00  1.000000E+00
             2843 -1.194550E+02 -2.269953E+00  1.000000E+00
             2844 -1.212370E+02 -3.177933E+00  1.000000E+00
             2845 -1.190451E+02 -2.938926E+00  1.000000E+00
             2846 -1.206631E+02 -4.114497E+00  1.000000E+00
             2847 -1.185355E+02 -3.535534E+00  1.000000E+00
             2848 -1.199497E+02 -4.949748E+00  1.000000E+00
             2849 -1.179389E+02 -4.045085E+00  1.000000E+00
             2850 -1.191145E+02 -5.663119E+00  1.000000E+00
             2851 -1.172700E+02 -4.455033E+00  1.000000E+00
             2852 -1.181779E+02 -6.237046E+00  1.000000E+00
             2853 -1.165451E+02 -4.755282E+00  1.000000E+00
             2854 -1.171631E+02 -6.657396E+00  1.000000E+00
             2855 -1.157822E+02 -4.938442E+00  1.000000E+00
             2856 -1.160950E+02 -6.913818E+00  1.000000E+00
             2857 -1.650000E+02 -5.000000E+00  1.000000E+00
             2858 -1.642178E+02 -4.938442E+00  1.000000E+00
             2859 -1.639050E+02 -6.913818E+00  1.000000E+00
             2860 -1.650000E+02 -7.000000E+00  1.000000E+00
             2861 -1.634549E+02 -4.755282E+00  1.000000E+00
             2862 -1.628369E+02 -6.657396E+00  1.000000E+00
             2863 -1.627300E+02 -4.455033E+00  9.999998E-01
             2864 -1.618221E+02 -6.237046E+00  1.000000E+00
             2865 -1.620611E+02 -4.045085E+00  9.999998E-01
             2866 -1.608855E+02 -5.663119E+00  1.000000E+00
             2867 -1.614645E+02 -3.535534E+00  1.000000E+00
             2868 -1.600502E+02 -4.949748E+00  1.000000E+00
             2869 -1.609549E+02 -2.938926E+00  1.000000E+00
             2870 -1.593369E+02 -4.114497E+00  1.000000E+00
             2871 -1.605450E+02 -2.269953E+00  1.000000E+00
             2872 -1.587630E+02 -3.177933E+00  1.000000E+00
             2873 -1.602447E+02 -1.545085E+00  1.000000E+00
             2874 -1.583426E+02 -2.163119E+00  1.000000E+00
             2875 -1.600616E+02 -7.821723E-01  9.999998E-01
             2876 -1.580862E+02 -1.095041E+00  1.000000E+00
             2877 -1.600000E+02  0.000000E+00  1.000000E+00
             2878 -1.580000E+02  6.123235E-16  1.000000E+00
             2879 -1.639050E+02  6.913818E+00  1.000000E+00
             2880 -1.650000E+02  7.000000E+00  1.000000E+00
             2881 -1.628369E+02  6.657396E+00  1.000000E+00
             2882 -1.618221E+02  6.237046E+00  1.000000E+00
             2883 -1.608855E+02  5.663119E+00  1.000000E+00
             2884 -1.600502E+02  4.949748E+00  1.000000E+00
             2885 -1.593369E+02  4.114497E+00  1.000000E+00
             2886 -1.587630E+02  3.177933E+00  1.000000E+00
             2887 -1.583426E+02  2.163119E+00  1.000000E+00
             2888 -1.580862E+02  1.095041E+00  1.000000E+00
             2889 -1.642178E+02  4.938442E+00  1.000000E+00
             2890 -1.650000E+02  5.000000E+00  1.000000E+00
             2891 -1.634549E+02  4.755282E+00  1.000000E+00
             2892 -1.627300E+02  4.455033E+00  9.999998E-01
             2893 -1.620611E+02  4.045085E+00  9.999998E-01
             2894 -1.614645E+02  3.535534E+00  1.000000E+00
             2895 -1.609549E+02  2.938926E+00  1.000000E+00
             2896 -1.605450E+02  2.269953E+00  1.000000E+00
             2897 -1.602447E+02  1.545085E+00  1.000000E+00
             2898 -1.600616E+02  7.821723E-01  1.000000E+00
             2899 -1.660950E+02  6.913818E+00  1.000000E+00
             2900 -1.671631E+02  6.657396E+00  1.000000E+00
             2901 -1.681779E+02  6.237046E+00  1.000000E+00
             2902 -1.691145E+02  5.663119E+00  1.000000E+00
             2903 -1.699498E+02  4.949748E+00  1.000000E+00
             2904 -1.706631E+02  4.114497E+00  1.000000E+00
             2905 -1.712370E+02  3.177933E+00  1.000000E+00
             2906 -1.716574E+02  2.163119E+00  1.000000E+00
             2907 -1.719138E+02  1.095041E+00  1.000000E+00
             2908 -1.720000E+02 -1.448374E-12  1.000000E+00
             2909 -1.657822E+02  4.938442E+00  1.000000E+00
             2910 -1.665451E+02  4.755282E+00  1.000000E+00
             2911 -1.672700E+02  4.455033E+00  9.999998E-01
             2912 -1.679389E+02  4.045085E+00  9.999998E-01
             2913 -1.685355E+02  3.535534E+00  1.000000E+00
             2914 -1.690451E+02  2.938926E+00  1.000000E+00
             2915 -1.694550E+02  2.269953E+00  1.000000E+00
             2916 -1.697553E+02  1.545085E+00  1.000000E+00
             2917 -1.699384E+02  7.821723E-01  1.000000E+00
             2918 -1.700000E+02 -1.033840E-12  1.000000E+00
             2919 -1.699384E+02 -7.821723E-01  1.000000E+00
             2920 -1.719138E+02 -1.095041E+00  1.000000E+00
             2921 -1.697553E+02 -1.545085E+00  1.000000E+00
             2922 -1.716574E+02 -2.163119E+00  1.000000E+00
             2923 -1.694550E+02 -2.269953E+00  1.000000E+00
             2924 -1.712370E+02 -3.177933E+00  1.000000E+00
             2925 -1.690451E+02 -2.938926E+00  1.000000E+00
             2926 -1.706631E+02 -4.114497E+00  1.000000E+00
             2927 -1.685355E+02 -3.535534E+00  1.000000E+00
             2928 -1.699498E+02 -4.949748E+00  1.000000E+00
             2929 -1.679389E+02 -4.045085E+00  1.000000E+00
             2930 -1.691145E+02 -5.663119E+00  1.000000E+00
             2931 -1.672700E+02 -4.455033E+00  1.000000E+00
             2932 -1.681779E+02 -6.237046E+00  1.000000E+00
             2933 -1.665451E+02 -4.755282E+00  1.000000E+00
             2934 -1.671631E+02 -6.657396E+00  1.000000E+00
             2935 -1.657822E+02 -4.938442E+00  9.999998E-01
             2936 -1.660950E+02 -6.913818E+00  1.000000E+00
             2937 -1.150000E+02 -5.000000E+00 -1.000000E+00
             2938 -1.142178E+02 -4.938442E+00 -1.000000E+00
             2939 -1.139050E+02 -6.913818E+00 -1.000000E+00
             2940 -1.150000E+02 -7.000000E+00 -1.000000E+00
             2941 -1.134549E+02 -4.755282E+00 -1.000000E+00
             2942 -1.128369E+02 -6.657396E+00 -1.000000E+00
             2943 -1.127300E+02 -4.455033E+00 -1.000000E+00
             2944 -1.118221E+02 -6.237046E+00 -1.000000E+00
             2945 -1.120611E+02 -4.045085E+00 -1.000000E+00
             2946 -1.108855E+02 -5.663119E+00 -1.000000E+00
             2947 -1.114645E+02 -3.535534E+00 -1.000000E+00
             2948 -1.100503E+02 -4.949748E+00 -1.000000E+00
             2949 -1.109549E+02 -2.938926E+00 -1.000000E+00
             2950 -1.093369E+02 -4.114497E+00 -1.000000E+00
             2951 -1.105450E+02 -2.269953E+00 -1.000000E+00
             2952 -1.087630E+02 -3.177933E+00 -1.000000E+00
             2953 -1.102447E+02 -1.545085E+00 -1.000000E+00
             2954 -1.083426E+02 -2.163119E+00 -1.000000E+00
             2955 -1.100616E+02 -7.821723E-01 -1.000000E+00
             2956 -1.080862E+02 -1.095041E+00 -1.000000E+00
             2957 -1.100000E+02  2.067679E-12 -1.000000E+00
             2958 -1.080000E+02  1.034728E-12 -1.000000E+00
             2959 -1.139050E+02  6.913818E+00 -1.000000E+00
             2960 -1.150000E+02  7.000000E+00 -1.000000E+00
             2961 -1.128369E+02  6.657396E+00 -1.000000E+00
             2962 -1.118221E+02  6.237046E+00 -1.000000E+00
             2963 -1.108855E+02  5.663119E+00 -1.000000E+00
             2964 -1.100503E+02  4.949748E+00 -1.000000E+00
             2965 -1.093369E+02  4.114497E+00 -1.000000E+00
             2966 -1.087630E+02  3.177933E+00 -1.000000E+00
             2967 -1.083426E+02  2.163119E+00 -1.000000E+00
             2968 -1.080862E+02  1.095041E+00 -1.000000E+00
             2969 -1.142178E+02  4.938442E+00 -1.000000E+00
             2970 -1.150000E+02  5.000000E+00 -1.000000E+00
             2971 -1.134549E+02  4.755282E+00 -1.000000E+00
             2972 -1.127300E+02  4.455033E+00 -1.000000E+00
             2973 -1.120611E+02  4.045085E+00 -1.000000E+00
             2974 -1.114645E+02  3.535534E+00 -1.000000E+00
             2975 -1.109549E+02  2.938926E+00 -1.000000E+00
             2976 -1.105450E+02  2.269953E+00 -1.000000E+00
             2977 -1.102447E+02  1.545085E+00 -1.000000E+00
             2978 -1.100616E+02  7.821723E-01 -1.000000E+00
             2979 -1.160950E+02  6.913818E+00 -1.000000E+00
             2980 -1.157822E+02  4.938442E+00 -1.000000E+00
             2981 -1.171631E+02  6.657396E+00 -1.000000E+00
             2982 -1.165451E+02  4.755282E+00 -1.000000E+00
             2983 -1.181779E+02  6.237046E+00 -1.000000E+00
             2984 -1.172700E+02  4.455033E+00 -1.000000E+00
             2985 -1.191145E+02  5.663119E+00 -1.000000E+00
             2986 -1.179389E+02  4.045085E+00 -1.000000E+00
             2987 -1.199497E+02  4.949748E+00 -1.000000E+00
             2988 -1.185355E+02  3.535534E+00 -1.000000E+00
             2989 -1.206631E+02  4.114497E+00 -1.000000E+00
             2990 -1.190451E+02  2.938926E+00 -1.000000E+00
             2991 -1.212370E+02  3.177933E+00 -1.000000E+00
             2992 -1.194550E+02  2.269953E+00 -1.000000E+00
             2993 -1.216574E+02  2.163119E+00 -1.000000E+00
             2994 -1.197553E+02  1.545085E+00 -1.000000E+00
             2995 -1.219138E+02  1.095041E+00 -1.000000E+00
             2996 -1.199384E+02  7.821723E-01 -1.000000E+00
             2997 -1.220000E+02 -5.171189E-13 -1.000000E+00
             2998 -1.200000E+02 -1.033840E-12 -1.000000E+00
             2999 -1.199384E+02 -7.821723E-01 -1.000000E+00
             3000 -1.219138E+02 -1.095041E+00 -1.000000E+00
             3001 -1.197553E+02 -1.545085E+00 -1.000000E+00
             3002 -1.216574E+02 -2.163119E+00 -1.000000E+00
             3003 -1.194550E+02 -2.269953E+00 -1.000000E+00
             3004 -1.212370E+02 -3.177933E+00 -1.000000E+00
             3005 -1.190451E+02 -2.938926E+00 -1.000000E+00
             3006 -1.206631E+02 -4.114497E+00 -1.000000E+00
             3007 -1.185355E+02 -3.535534E+00 -1.000000E+00
             3008 -1.199497E+02 -4.949748E+00 -1.000000E+00
             3009 -1.179389E+02 -4.045085E+00 -1.000000E+00
             3010 -1.191145E+02 -5.663119E+00 -1.000000E+00
             3011 -1.172700E+02 -4.455033E+00 -1.000000E+00
             3012 -1.181779E+02 -6.237046E+00 -1.000000E+00
             3013 -1.165451E+02 -4.755282E+00 -1.000000E+00
             3014 -1.171631E+02 -6.657396E+00 -1.000000E+00
             3015 -1.157822E+02 -4.938442E+00 -1.000000E+00
             3016 -1.160950E+02 -6.913818E+00 -1.000000E+00
             3017 -1.650000E+02 -5.000000E+00 -1.000000E+00
             3018 -1.642178E+02 -4.938442E+00 -1.000000E+00
             3019 -1.639050E+02 -6.913818E+00 -1.000000E+00
             3020 -1.650000E+02 -7.000000E+00 -1.000000E+00
             3021 -1.634549E+02 -4.755282E+00 -1.000000E+00
             3022 -1.628369E+02 -6.657396E+00 -1.000000E+00
             3023 -1.627300E+02 -4.455033E+00 -1.000000E+00
             3024 -1.618221E+02 -6.237046E+00 -1.000000E+00
             3025 -1.620611E+02 -4.045085E+00 -1.000000E+00
             3026 -1.608855E+02 -5.663119E+00 -1.000000E+00
             3027 -1.614645E+02 -3.535534E+00 -1.000000E+00
             3028 -1.600502E+02 -4.949748E+00 -1.000000E+00
             3029 -1.609549E+02 -2.938926E+00 -1.000000E+00
             3030 -1.593369E+02 -4.114497E+00 -1.000000E+00
             3031 -1.605450E+02 -2.269953E+00 -1.000000E+00
             3032 -1.587630E+02 -3.177933E+00 -1.000000E+00
             3033 -1.602447E+02 -1.545085E+00 -1.000000E+00
             3034 -1.583426E+02 -2.163119E+00 -1.000000E+00
             3035 -1.600616E+02 -7.821723E-01 -1.000000E+00
             3036 -1.580862E+02 -1.095041E+00 -1.000000E+00
             3037 -1.600000E+02  0.000000E+00 -1.000000E+00
             3038 -1.580000E+02  6.123235E-16 -1.000000E+00
             3039 -1.639050E+02  6.913818E+00 -1.000000E+00
             3040 -1.650000E+02  7.000000E+00 -1.000000E+00
             3041 -1.628369E+02  6.657396E+00 -1.000000E+00
             3042 -1.618221E+02  6.237046E+00 -1.000000E+00
             3043 -1.608855E+02  5.663119E+00 -1.000000E+00
             3044 -1.600502E+02  4.949748E+00 -1.000000E+00
             3045 -1.593369E+02  4.114497E+00 -1.000000E+00
             3046 -1.587630E+02  3.177933E+00 -1.000000E+00
             3047 -1.583426E+02  2.163119E+00 -1.000000E+00
             3048 -1.580862E+02  1.095041E+00 -1.000000E+00
             3049 -1.642178E+02  4.938442E+00 -1.000000E+00
             3050 -1.650000E+02  5.000000E+00 -1.000000E+00
             3051 -1.634549E+02  4.755282E+00 -1.000000E+00
             3052 -1.627300E+02  4.455033E+00 -1.000000E+00
             3053 -1.620611E+02  4.045085E+00 -1.000000E+00
             3054 -1.614645E+02  3.535534E+00 -1.000000E+00
             3055 -1.609549E+02  2.938926E+00 -1.000000E+00
             3056 -1.605450E+02  2.269953E+00 -1.000000E+00
             3057 -1.602447E+02  1.545085E+00 -1.000000E+00
             3058 -1.600616E+02  7.821723E-01 -1.000000E+00
             3059 -1.660950E+02  6.913818E+00 -1.000000E+00
             3060 -1.671631E+02  6.657396E+00 -1.000000E+00
             3061 -1.681779E+02  6.237046E+00 -1.000000E+00
             3062 -1.691145E+02  5.663119E+00 -1.000000E+00
             3063 -1.699498E+02  4.949748E+00 -1.000000E+00
             3064 -1.706631E+02  4.114497E+00 -1.000000E+00
             3065 -1.712370E+02  3.177933E+00 -1.000000E+00
             3066 -1.716574E+02  2.163119E+00 -1.000000E+00
             3067 -1.719138E+02  1.095041E+00 -1.000000E+00
             3068 -1.720000E+02 -1.448374E-12 -1.000000E+00
             3069 -1.657822E+02  4.938442E+00 -1.000000E+00
             3070 -1.665451E+02  4.755282E+00 -1.000000E+00
             3071 -1.672700E+02  4.455033E+00 -1.000000E+00
             3072 -1.679389E+02  4.045085E+00 -1.000000E+00
             3073 -1.685355E+02  3.535534E+00 -1.000000E+00
             3074 -1.690451E+02  2.938926E+00 -1.000000E+00
             3075 -1.694550E+02  2.269953E+00 -1.000000E+00
             3076 -1.697553E+02  1.545085E+00 -1.000000E+00
             3077 -1.699384E+02  7.821723E-01 -1.000000E+00
             3078 -1.700000E+02 -1.033840E-12 -1.000000E+00
             3079 -1.699384E+02 -7.821723E-01 -1.000000E+00
             3080 -1.719138E+02 -1.095041E+00 -1.000000E+00
             3081 -1.697553E+02 -1.545085E+00 -1.000000E+00
             3082 -1.716574E+02 -2.163119E+00 -1.000000E+00
             3083 -1.694550E+02 -2.269953E+00 -1.000000E+00
             3084 -1.712370E+02 -3.177933E+00 -1.000000E+00
             3085 -1.690451E+02 -2.938926E+00 -1.000000E+00
             3086 -1.706631E+02 -4.114497E+00 -1.000000E+00
             3087 -1.685355E+02 -3.535534E+00 -1.000000E+00
             3088 -1.699498E+02 -4.949748E+00 -1.000000E+00
             3089 -1.679389E+02 -4.045085E+00 -1.000000E+00
             3090 -1.691145E+02 -5.663119E+00 -1.000000E+00
             3091 -1.672700E+02 -4.455033E+00 -1.000000E+00
             3092 -1.681779E+02 -6.237046E+00 -1.000000E+00
             3093 -1.665451E+02 -4.755282E+00 -1.000000E+00
             3094 -1.671631E+02 -6.657396E+00 -1.000000E+00
             3095 -1.657822E+02 -4.938442E+00 -1.000000E+00
             3096 -1.660950E+02 -6.913818E+00 -1.000000E+00
             3097 -1.150000E+02 -5.000000E+00 -3.000000E+00
             3098 -1.142178E+02 -4.938442E+00 -3.000000E+00
             3099 -1.139050E+02 -6.913818E+00 -3.000000E+00
             3100 -1.150000E+02 -7.000000E+00 -3.000000E+00
             3101 -1.134549E+02 -4.755282E+00 -3.000000E+00
             3102 -1.128369E+02 -6.657396E+00 -3.000000E+00
             3103 -1.127300E+02 -4.455033E+00 -3.000000E+00
             3104 -1.118221E+02 -6.237046E+00 -3.000000E+00
             3105 -1.120611E+02 -4.045085E+00 -3.000000E+00
             3106 -1.108855E+02 -5.663119E+00 -3.000000E+00
             3107 -1.114645E+02 -3.535534E+00 -3.000000E+00
             3108 -1.100503E+02 -4.949748E+00 -3.000000E+00
             3109 -1.109549E+02 -2.938926E+00 -3.000000E+00
             3110 -1.093369E+02 -4.114497E+00 -3.000000E+00
             3111 -1.105450E+02 -2.269953E+00 -3.000000E+00
             3112 -1.087630E+02 -3.177933E+00 -3.000000E+00
             3113 -1.102447E+02 -1.545085E+00 -3.000000E+00
             3114 -1.083426E+02 -2.163119E+00 -3.000000E+00
             3115 -1.100616E+02 -7.821723E-01 -3.000000E+00
             3116 -1.080862E+02 -1.095041E+00 -3.000000E+00
             3117 -1.100000E+02  2.067679E-12 -3.000000E+00
             3118 -1.080000E+02  1.034728E-12 -3.000000E+00
             3119 -1.139050E+02  6.913818E+00 -3.000000E+00
             3120 -1.150000E+02  7.000000E+00 -3.000000E+00
             3121 -1.128369E+02  6.657396E+00 -3.000000E+00
             3122 -1.118221E+02  6.237046E+00 -3.000000E+00
             3123 -1.108855E+02  5.663119E+00 -3.000000E+00
             3124 -1.100503E+02  4.949748E+00 -3.000000E+00
             3125 -1.093369E+02  4.114497E+00 -3.000000E+00
             3126 -1.087630E+02  3.177933E+00 -3.000000E+00
             3127 -1.083426E+02  2.163119E+00 -3.000000E+00
             3128 -1.080862E+02  1.095041E+00 -3.000000E+00
             3129 -1.142178E+02  4.938442E+00 -3.000000E+00
             3130 -1.150000E+02  5.000000E+00 -3.000000E+00
             3131 -1.134549E+02  4.755282E+00 -3.000000E+00
             3132 -1.127300E+02  4.455033E+00 -3.000000E+00
             3133 -1.120611E+02  4.045085E+00 -3.000000E+00
             3134 -1.114645E+02  3.535534E+00 -3.000000E+00
             3135 -1.109549E+02  2.938926E+00 -3.000000E+00
             3136 -1.105450E+02  2.269953E+00 -3.000000E+00
             3137 -1.102447E+02  1.545085E+00 -3.000000E+00
             3138 -1.100616E+02  7.821723E-01 -3.000000E+00
             3139 -1.160950E+02  6.913818E+00 -3.000000E+00
             3140 -1.157822E+02  4.938442E+00 -3.000000E+00
             3141 -1.171631E+02  6.657396E+00 -3.000000E+00
             3142 -1.165451E+02  4.755282E+00 -3.000000E+00
             3143 -1.181779E+02  6.237046E+00 -3.000000E+00
             3144 -1.172700E+02  4.455033E+00 -3.000000E+00
             3145 -1.191145E+02  5.663119E+00 -3.000000E+00
             3146 -1.179389E+02  4.045085E+00 -3.000000E+00
             3147 -1.199497E+02  4.949748E+00 -3.000000E+00
             3148 -1.185355E+02  3.535534E+00 -3.000000E+00
             3149 -1.206631E+02  4.114497E+00 -3.000000E+00
             3150 -1.190451E+02  2.938926E+00 -3.000000E+00
             3151 -1.212370E+02  3.177933E+00 -3.000000E+00
             3152 -1.194550E+02  2.269953E+00 -3.000000E+00
             3153 -1.216574E+02  2.163119E+00 -3.000000E+00
             3154 -1.197553E+02  1.545085E+00 -3.000000E+00
             3155 -1.219138E+02  1.095041E+00 -3.000000E+00
             3156 -1.199384E+02  7.821723E-01 -3.000000E+00
             3157 -1.220000E+02 -5.171189E-13 -3.000000E+00
             3158 -1.200000E+02 -1.033840E-12 -3.000000E+00
             3159 -1.199384E+02 -7.821723E-01 -3.000000E+00
             3160 -1.219138E+02 -1.095041E+00 -3.000000E+00
             3161 -1.197553E+02 -1.545085E+00 -3.000000E+00
             3162 -1.216574E+02 -2.163119E+00 -3.000000E+00
             3163 -1.194550E+02 -2.269953E+00 -3.000000E+00
             3164 -1.212370E+02 -3.177933E+00 -3.000000E+00
             3165 -1.190451E+02 -2.938926E+00 -3.000000E+00
             3166 -1.206631E+02 -4.114497E+00 -3.000000E+00
             3167 -1.185355E+02 -3.535534E+00 -3.000000E+00
             3168 -1.199497E+02 -4.949748E+00 -3.000000E+00
             3169 -1.179389E+02 -4.045085E+00 -3.000000E+00
             3170 -1.191145E+02 -5.663119E+00 -3.000000E+00
             3171 -1.172700E+02 -4.455033E+00 -3.000000E+00
             3172 -1.181779E+02 -6.237046E+00 -3.000000E+00
             3173 -1.165451E+02 -4.755282E+00 -3.000000E+00
             3174 -1.171631E+02 -6.657396E+00 -3.000000E+00
             3175 -1.157822E+02 -4.938442E+00 -3.000000E+00
             3176 -1.160950E+02 -6.913818E+00 -3.000000E+00
             3177 -1.650000E+02 -5.000000E+00 -3.000000E+00
             3178 -1.642178E+02 -4.938442E+00 -3.000000E+00
             3179 -1.639050E+02 -6.913818E+00 -3.000000E+00
             3180 -1.650000E+02 -7.000000E+00 -3.000000E+00
             3181 -1.634549E+02 -4.755282E+00 -3.000000E+00
             3182 -1.628369E+02 -6.657396E+00 -3.000000E+00
             3183 -1.627300E+02 -4.455033E+00 -3.000000E+00
             3184 -1.618221E+02 -6.237046E+00 -3.000000E+00
             3185 -1.620611E+02 -4.045085E+00 -3.000000E+00
             3186 -1.608855E+02 -5.663119E+00 -3.000000E+00
             3187 -1.614645E+02 -3.535534E+00 -3.000000E+00
             3188 -1.600502E+02 -4.949748E+00 -3.000000E+00
             3189 -1.609549E+02 -2.938926E+00 -3.000000E+00
             3190 -1.593369E+02 -4.114497E+00 -3.000000E+00
             3191 -1.605450E+02 -2.269953E+00 -3.000000E+00
             3192 -1.587630E+02 -3.177933E+00 -3.000000E+00
             3193 -1.602447E+02 -1.545085E+00 -3.000000E+00
             3194 -1.583426E+02 -2.163119E+00 -3.000000E+00
             3195 -1.600616E+02 -7.821723E-01 -3.000000E+00
             3196 -1.580862E+02 -1.095041E+00 -3.000000E+00
             3197 -1.600000E+02  0.000000E+00 -3.000000E+00
             3198 -1.580000E+02  6.123235E-16 -3.000000E+00
             3199 -1.639050E+02  6.913818E+00 -3.000000E+00
             3200 -1.650000E+02  7.000000E+00 -3.000000E+00
             3201 -1.628369E+02  6.657396E+00 -3.000000E+00
             3202 -1.618221E+02  6.237046E+00 -3.000000E+00
             3203 -1.608855E+02  5.663119E+00 -3.000000E+00
             3204 -1.600502E+02  4.949748E+00 -3.000000E+00
             3205 -1.593369E+02  4.114497E+00 -3.000000E+00
             3206 -1.587630E+02  3.177933E+00 -3.000000E+00
             3207 -1.583426E+02  2.163119E+00 -3.000000E+00
             3208 -1.580862E+02  1.095041E+00 -3.000000E+00
             3209 -1.642178E+02  4.938442E+00 -3.000000E+00
             3210 -1.650000E+02  5.000000E+00 -3.000000E+00
             3211 -1.634549E+02  4.755282E+00 -3.000000E+00
             3212 -1.627300E+02  4.455033E+00 -3.000000E+00
             3213 -1.620611E+02  4.045085E+00 -3.000000E+00
             3214 -1.614645E+02  3.535534E+00 -3.000000E+00
             3215 -1.609549E+02  2.938926E+00 -3.000000E+00
             3216 -1.605450E+02  2.269953E+00 -3.000000E+00
             3217 -1.602447E+02  1.545085E+00 -3.000000E+00
             3218 -1.600616E+02  7.821723E-01 -3.000000E+00
             3219 -1.660950E+02  6.913818E+00 -3.000000E+00
             3220 -1.671631E+02  6.657396E+00 -3.000000E+00
             3221 -1.681779E+02  6.237046E+00 -3.000000E+00
             3222 -1.691145E+02  5.663119E+00 -3.000000E+00
             3223 -1.699498E+02  4.949748E+00 -3.000000E+00
             3224 -1.706631E+02  4.114497E+00 -3.000000E+00
             3225 -1.712370E+02  3.177933E+00 -3.000000E+00
             3226 -1.716574E+02  2.163119E+00 -3.000000E+00
             3227 -1.719138E+02  1.095041E+00 -3.000000E+00
             3228 -1.720000E+02 -1.448374E-12 -3.000000E+00
             3229 -1.657822E+02  4.938442E+00 -3.000000E+00
             3230 -1.665451E+02  4.755282E+00 -3.000000E+00
             3231 -1.672700E+02  4.455033E+00 -3.000000E+00
             3232 -1.679389E+02  4.045085E+00 -3.000000E+00
             3233 -1.685355E+02  3.535534E+00 -3.000000E+00
             3234 -1.690451E+02  2.938926E+00 -3.000000E+00
             3235 -1.694550E+02  2.269953E+00 -3.000000E+00
             3236 -1.697553E+02  1.545085E+00 -3.000000E+00
             3237 -1.699384E+02  7.821723E-01 -3.000000E+00
             3238 -1.700000E+02 -1.033840E-12 -3.000000E+00
             3239 -1.699384E+02 -7.821723E-01 -3.000000E+00
             3240 -1.719138E+02 -1.095041E+00 -3.000000E+00
             3241 -1.697553E+02 -1.545085E+00 -3.000000E+00
             3242 -1.716574E+02 -2.163119E+00 -3.000000E+00
             3243 -1.694550E+02 -2.269953E+00 -3.000000E+00
             3244 -1.712370E+02 -3.177933E+00 -3.000000E+00
             3245 -1.690451E+02 -2.938926E+00 -3.000000E+00
             3246 -1.706631E+02 -4.114497E+00 -3.000000E+00
             3247 -1.685355E+02 -3.535534E+00 -3.000000E+00
             3248 -1.699498E+02 -4.949748E+00 -3.000000E+00
             3249 -1.679389E+02 -4.045085E+00 -3.000000E+00
             3250 -1.691145E+02 -5.663119E+00 -3.000000E+00
             3251 -1.672700E+02 -4.455033E+00 -3.000000E+00
             3252 -1.681779E+02 -6.237046E+00 -3.000000E+00
             3253 -1.665451E+02 -4.755282E+00 -3.000000E+00
             3254 -1.671631E+02 -6.657396E+00 -3.000000E+00
             3255 -1.657822E+02 -4.938442E+00 -3.000000E+00
             3256 -1.660950E+02 -6.913818E+00 -3.000000E+00
             3257  1.900000E+02  2.250000E+01  3.000000E+00
             3258  1.900000E+02  0.000000E+00  3.000000E+00
             3259  1.900000E+02 -2.250000E+01  3.000000E+00
             3260  1.560000E+02  0.000000E+00  3.000000E+00
             3261  1.600000E+02  1.224647E-15  5.000000E+00
             3262  1.060000E+02  0.000000E+00  3.000000E+00
             3263  1.150000E+02 -9.000000E+00  3.000000E+00
             3264  1.240000E+02  1.102182E-15  3.000000E+00
             3265  1.150000E+02  9.000000E+00  3.000000E+00
             3266  1.740000E+02 -1.861408E-12  3.000000E+00
             3267  1.650000E+02 -9.000000E+00  5.000000E+00
             3268  1.650000E+02  9.000000E+00  5.000000E+00
             3269  1.700000E+02 -1.035340E-12  5.000000E+00
             3270  1.100000E+02  2.069456E-12  5.000000E+00
             3271  1.200000E+02 -1.035340E-12  5.000000E+00
             3272  6.500000E+01  5.000000E+00  3.000000E+00
             3273  7.000000E+01  1.036090E-12  3.000000E+00
             3274  6.500000E+01 -5.000000E+00  3.000000E+00
             3275  6.500000E+01 -2.250000E+01  3.000000E+00
             3276  6.500000E+01  2.250000E+01  3.000000E+00
             3277  1.150000E+02  2.250000E+01  3.000000E+00
             3278  1.650000E+02  2.250000E+01  3.000000E+00
             3279  1.650000E+02 -2.250000E+01  3.000000E+00
             3280  1.150000E+02 -2.250000E+01  3.000000E+00
             3281  8.800000E+01 -2.250000E+01  3.000000E+00
             3282  8.800000E+01  2.250000E+01  3.000000E+00
             3283  1.400000E+02 -2.250000E+01  3.000000E+00
             3284  1.400000E+02  2.250000E+01  3.000000E+00
             3285  1.400000E+02  0.000000E+00  3.000000E+00
             3286  8.800000E+01  0.000000E+00  3.000000E+00
             3287  7.500000E+01 -2.250000E+01  3.000000E+00
             3288  7.500000E+01  1.036090E-12  3.000000E+00
             3289  7.500000E+01  2.250000E+01  3.000000E+00
             3290  6.500000E+01  1.000000E+01  3.000000E+00
             3291  6.500000E+01 -1.000000E+01  3.000000E+00
             3292  7.500000E+01 -1.000000E+01  3.000000E+00
             3293  7.500000E+01  1.000000E+01  3.000000E+00
             3294  1.650000E+02 -9.000000E+00  3.000000E+00
             3295  1.650000E+02  9.000000E+00  3.000000E+00
             3296  1.650000E+02 -5.000000E+00  5.000000E+00
             3297  1.650000E+02  5.000000E+00  5.000000E+00
             3298  1.150000E+02  5.000000E+00  5.000000E+00
             3299  1.150000E+02 -5.000000E+00  5.000000E+00
             3300  1.740000E+02 -1.861408E-12  5.000000E+00
             3301  1.560000E+02  0.000000E+00  5.000000E+00
             3302  1.700000E+02 -1.033840E-12  3.000000E+00
             3303  1.650000E+02  5.000000E+00  3.000000E+00
             3304  1.600000E+02  0.000000E+00  3.000000E+00
             3305  1.650000E+02 -5.000000E+00  3.000000E+00
             3306  1.150000E+02 -5.000000E+00  3.000000E+00
             3307  1.200000E+02 -1.033840E-12  3.000000E+00
             3308  1.150000E+02  5.000000E+00  3.000000E+00
             3309  1.100000E+02  2.067679E-12  3.000000E+00
             3310  1.060000E+02  0.000000E+00  5.000000E+00
             3311  1.150000E+02  9.000000E+00  5.000000E+00
             3312  1.240000E+02  1.102182E-15  5.000000E+00
             3313  1.150000E+02 -9.000000E+00  5.000000E+00
             3314  1.900000E+02  2.250000E+01 -3.000000E+00
             3315  1.900000E+02  0.000000E+00 -3.000000E+00
             3316  1.740000E+02 -1.861408E-12 -3.000000E+00
             3317  1.650000E+02  9.000000E+00 -3.000000E+00
             3318  1.650000E+02  2.250000E+01 -3.000000E+00
             3319  1.650000E+02 -2.250000E+01 -3.000000E+00
             3320  1.650000E+02 -9.000000E+00 -3.000000E+00
             3321  1.900000E+02 -2.250000E+01 -3.000000E+00
             3322  1.560000E+02  0.000000E+00 -3.000000E+00
             3323  1.400000E+02  0.000000E+00 -3.000000E+00
             3324  1.400000E+02 -2.250000E+01 -3.000000E+00
             3325  1.400000E+02  2.250000E+01 -3.000000E+00
             3326  1.240000E+02  1.102182E-15 -3.000000E+00
             3327  1.150000E+02  9.000000E+00 -3.000000E+00
             3328  1.150000E+02  2.250000E+01 -3.000000E+00
             3329  1.150000E+02 -9.000000E+00 -3.000000E+00
             3330  1.150000E+02 -2.250000E+01 -3.000000E+00
             3331  1.060000E+02  0.000000E+00 -3.000000E+00
             3332  8.800000E+01  0.000000E+00 -3.000000E+00
             3333  8.800000E+01 -2.250000E+01 -3.000000E+00
             3334  8.800000E+01  2.250000E+01 -3.000000E+00
             3335  7.500000E+01 -2.250000E+01 -3.000000E+00
             3336  7.500000E+01  1.036090E-12 -3.000000E+00
             3337  7.500000E+01 -1.000000E+01 -3.000000E+00
             3338  7.500000E+01  2.250000E+01 -3.000000E+00
             3339  7.500000E+01  1.000000E+01 -3.000000E+00
             3340  6.500000E+01  1.000000E+01 -3.000000E+00
             3341  6.500000E+01  2.250000E+01 -3.000000E+00
             3342  7.000000E+01  1.036090E-12 -3.000000E+00
             3343  6.500000E+01  5.000000E+00 -3.000000E+00
             3344  6.500000E+01 -5.000000E+00 -3.000000E+00
             3345  6.500000E+01 -1.000000E+01 -3.000000E+00
             3346  6.500000E+01 -2.250000E+01 -3.000000E+00
             3347  6.691341E+01  4.619398E+00  3.000000E+00
             3348  6.853553E+01  3.535534E+00  3.000000E+00
             3349  6.961940E+01  1.913417E+00  3.000000E+00
             3350  6.961940E+01 -1.913417E+00  3.000000E+00
             3351  6.853553E+01 -3.535534E+00  3.000000E+00
             3352  6.691341E+01 -4.619398E+00  3.000000E+00
             3353  1.157822E+02  4.938442E+00  5.000000E+00
             3354  1.165451E+02  4.755282E+00  5.000000E+00
             3355  1.172700E+02  4.455033E+00  5.000000E+00
             3356  1.179389E+02  4.045085E+00  5.000000E+00
             3357  1.185355E+02  3.535534E+00  5.000000E+00
             3358  1.190451E+02  2.938926E+00  5.000000E+00
             3359  1.194550E+02  2.269953E+00  5.000000E+00
             3360  1.197553E+02  1.545085E+00  5.000000E+00
             3361  1.199384E+02  7.821723E-01  5.000000E+00
             3362  1.199384E+02 -7.821723E-01  5.000000E+00
             3363  1.197553E+02 -1.545085E+00  5.000000E+00
             3364  1.194550E+02 -2.269953E+00  5.000000E+00
             3365  1.190451E+02 -2.938926E+00  5.000000E+00
             3366  1.185355E+02 -3.535534E+00  5.000000E+00
             3367  1.179389E+02 -4.045085E+00  5.000000E+00
             3368  1.172700E+02 -4.455033E+00  5.000000E+00
             3369  1.165451E+02 -4.755282E+00  5.000000E+00
             3370  1.157822E+02 -4.938442E+00  5.000000E+00
             3371  1.142178E+02 -4.938442E+00  5.000000E+00
             3372  1.134549E+02 -4.755282E+00  5.000000E+00
             3373  1.127300E+02 -4.455033E+00  5.000000E+00
             3374  1.120611E+02 -4.045085E+00  5.000000E+00
             3375  1.114645E+02 -3.535534E+00  5.000000E+00
             3376  1.109549E+02 -2.938926E+00  5.000000E+00
             3377  1.105450E+02 -2.269953E+00  5.000000E+00
             3378  1.102447E+02 -1.545085E+00  5.000000E+00
             3379  1.100616E+02 -7.821723E-01  5.000000E+00
             3380  1.100616E+02  7.821723E-01  5.000000E+00
             3381  1.102447E+02  1.545085E+00  5.000000E+00
             3382  1.105450E+02  2.269953E+00  5.000000E+00
             3383  1.109549E+02  2.938926E+00  5.000000E+00
             3384  1.114645E+02  3.535534E+00  5.000000E+00
             3385  1.120611E+02  4.045085E+00  5.000000E+00
             3386  1.127300E+02  4.455033E+00  5.000000E+00
             3387  1.134549E+02  4.755282E+00  5.000000E+00
             3388  1.142178E+02  4.938442E+00  5.000000E+00
             3389  1.061108E+02  1.407910E+00  5.000000E+00
             3390  1.064405E+02  2.781153E+00  5.000000E+00
             3391  1.069809E+02  4.085915E+00  5.000000E+00
             3392  1.077188E+02  5.290067E+00  5.000000E+00
             3393  1.086360E+02  6.363961E+00  5.000000E+00
             3394  1.097099E+02  7.281153E+00  5.000000E+00
             3395  1.109141E+02  8.019058E+00  5.000000E+00
             3396  1.122188E+02  8.559508E+00  5.000000E+00
             3397  1.135921E+02  8.889194E+00  5.000000E+00
             3398  1.164079E+02  8.889194E+00  5.000000E+00
             3399  1.177812E+02  8.559508E+00  5.000000E+00
             3400  1.190859E+02  8.019058E+00  5.000000E+00
             3401  1.202901E+02  7.281153E+00  5.000000E+00
             3402  1.213640E+02  6.363961E+00  5.000000E+00
             3403  1.222812E+02  5.290067E+00  5.000000E+00
             3404  1.230191E+02  4.085915E+00  5.000000E+00
             3405  1.235595E+02  2.781153E+00  5.000000E+00
             3406  1.238892E+02  1.407910E+00  5.000000E+00
             3407  1.238892E+02 -1.407910E+00  5.000000E+00
             3408  1.235595E+02 -2.781153E+00  5.000000E+00
             3409  1.230191E+02 -4.085915E+00  5.000000E+00
             3410  1.222812E+02 -5.290067E+00  5.000000E+00
             3411  1.213640E+02 -6.363961E+00  5.000000E+00
             3412  1.202901E+02 -7.281153E+00  5.000000E+00
             3413  1.190859E+02 -8.019058E+00  5.000000E+00
             3414  1.177812E+02 -8.559508E+00  5.000000E+00
             3415  1.164079E+02 -8.889194E+00  5.000000E+00
             3416  1.135921E+02 -8.889194E+00  5.000000E+00
             3417  1.122188E+02 -8.559508E+00  5.000000E+00
             3418  1.109141E+02 -8.019058E+00  5.000000E+00
             3419  1.097099E+02 -7.281153E+00  5.000000E+00
             3420  1.086360E+02 -6.363961E+00  5.000000E+00
             3421  1.077188E+02 -5.290067E+00  5.000000E+00
             3422  1.069809E+02 -4.085915E+00  5.000000E+00
             3423  1.064405E+02 -2.781153E+00  5.000000E+00
             3424  1.061108E+02 -1.407910E+00  5.000000E+00
             3425  1.600616E+02  7.821723E-01  5.000000E+00
             3426  1.602447E+02  1.545085E+00  5.000000E+00
             3427  1.605450E+02  2.269953E+00  5.000000E+00
             3428  1.609549E+02  2.938926E+00  5.000000E+00
             3429  1.614645E+02  3.535534E+00  5.000000E+00
             3430  1.620611E+02  4.045085E+00  5.000000E+00
             3431  1.627300E+02  4.455033E+00  5.000000E+00
             3432  1.634549E+02  4.755282E+00  5.000000E+00
             3433  1.642178E+02  4.938442E+00  5.000000E+00
             3434  1.657822E+02  4.938442E+00  5.000000E+00
             3435  1.665451E+02  4.755282E+00  5.000000E+00
             3436  1.672700E+02  4.455033E+00  5.000000E+00
             3437  1.679389E+02  4.045085E+00  5.000000E+00
             3438  1.685355E+02  3.535534E+00  5.000000E+00
             3439  1.690451E+02  2.938926E+00  5.000000E+00
             3440  1.694550E+02  2.269953E+00  5.000000E+00
             3441  1.697553E+02  1.545085E+00  5.000000E+00
             3442  1.699384E+02  7.821723E-01  5.000000E+00
             3443  1.699384E+02 -7.821723E-01  5.000000E+00
             3444  1.697553E+02 -1.545085E+00  5.000000E+00
             3445  1.694550E+02 -2.269953E+00  5.000000E+00
             3446  1.690451E+02 -2.938926E+00  5.000000E+00
             3447  1.685355E+02 -3.535534E+00  5.000000E+00
             3448  1.679389E+02 -4.045085E+00  5.000000E+00
             3449  1.672700E+02 -4.455033E+00  5.000000E+00
             3450  1.665451E+02 -4.755282E+00  5.000000E+00
             3451  1.657822E+02 -4.938442E+00  5.000000E+00
             3452  1.642178E+02 -4.938442E+00  5.000000E+00
             3453  1.634549E+02 -4.755282E+00  5.000000E+00
             3454  1.627300E+02 -4.455033E+00  5.000000E+00
             3455  1.620611E+02 -4.045085E+00  5.000000E+00
             3456  1.614645E+02 -3.535534E+00  5.000000E+00
             3457  1.609549E+02 -2.938926E+00  5.000000E+00
             3458  1.605450E+02 -2.269953E+00  5.000000E+00
             3459  1.602447E+02 -1.545085E+00  5.000000E+00
             3460  1.600616E+02 -7.821723E-01  5.000000E+00
             3461  1.561108E+02  1.407910E+00  5.000000E+00
             3462  1.564405E+02  2.781153E+00  5.000000E+00
             3463  1.569809E+02  4.085915E+00  5.000000E+00
             3464  1.577188E+02  5.290067E+00  5.000000E+00
             3465  1.586360E+02  6.363961E+00  5.000000E+00
             3466  1.597099E+02  7.281153E+00  5.000000E+00
             3467  1.609141E+02  8.019058E+00  5.000000E+00
             3468  1.622188E+02  8.559508E+00  5.000000E+00
             3469  1.635921E+02  8.889194E+00  5.000000E+00
             3470  1.664079E+02  8.889194E+00  5.000000E+00
             3471  1.677812E+02  8.559508E+00  5.000000E+00
             3472  1.690859E+02  8.019058E+00  5.000000E+00
             3473  1.702901E+02  7.281153E+00  5.000000E+00
             3474  1.713640E+02  6.363961E+00  5.000000E+00
             3475  1.722812E+02  5.290067E+00  5.000000E+00
             3476  1.730191E+02  4.085915E+00  5.000000E+00
             3477  1.735595E+02  2.781153E+00  5.000000E+00
             3478  1.738892E+02  1.407910E+00  5.000000E+00
             3479  1.738892E+02 -1.407910E+00  5.000000E+00
             3480  1.735595E+02 -2.781153E+00  5.000000E+00
             3481  1.730191E+02 -4.085915E+00  5.000000E+00
             3482  1.722812E+02 -5.290067E+00  5.000000E+00
             3483  1.713640E+02 -6.363961E+00  5.000000E+00
             3484  1.702901E+02 -7.281153E+00  5.000000E+00
             3485  1.690859E+02 -8.019058E+00  5.000000E+00
             3486  1.677812E+02 -8.559508E+00  5.000000E+00
             3487  1.664079E+02 -8.889194E+00  5.000000E+00
             3488  1.635921E+02 -8.889194E+00  5.000000E+00
             3489  1.622188E+02 -8.559508E+00  5.000000E+00
             3490  1.609141E+02 -8.019058E+00  5.000000E+00
             3491  1.597099E+02 -7.281153E+00  5.000000E+00
             3492  1.586360E+02 -6.363961E+00  5.000000E+00
             3493  1.577188E+02 -5.290067E+00  5.000000E+00
             3494  1.569809E+02 -4.085915E+00  5.000000E+00
             3495  1.564405E+02 -2.781153E+00  5.000000E+00
             3496  1.561108E+02 -1.407910E+00  5.000000E+00
             3497  1.650000E+02 -7.000000E+00  5.000000E+00
             3498  1.580000E+02  6.123235E-16  5.000000E+00
             3499  1.650000E+02  7.000000E+00  5.000000E+00
             3500  1.720000E+02 -1.448374E-12  5.000000E+00
             3501  1.150000E+02 -7.000000E+00  5.000000E+00
             3502  1.220000E+02 -5.171189E-13  5.000000E+00
             3503  1.150000E+02  7.000000E+00  5.000000E+00
             3504  1.080000E+02  1.034728E-12  5.000000E+00
             3505  7.500000E+01 -5.000000E+00  3.000000E+00
             3506  7.333333E+01  1.036090E-12  3.000000E+00
             3507  7.166667E+01  1.036090E-12  3.000000E+00
             3508  7.000000E+01 -1.000000E+01  3.000000E+00
             3509  6.500000E+01 -8.333333E+00  3.000000E+00
             3510  6.500000E+01 -6.666667E+00  3.000000E+00
             3511  6.500000E+01  6.666667E+00  3.000000E+00
             3512  6.500000E+01  8.333333E+00  3.000000E+00
             3513  7.000000E+01  1.000000E+01  3.000000E+00
             3514  7.500000E+01  5.000000E+00  3.000000E+00
             3515  5.850000E+01 -5.000000E+00  3.000000E+00
             3516  5.200000E+01 -5.000000E+00  3.000000E+00
             3517  4.550000E+01 -5.000000E+00  3.000000E+00
             3518  3.900000E+01 -5.000000E+00  3.000000E+00
             3519  3.250000E+01 -5.000000E+00  3.000000E+00
             3520  2.600000E+01 -5.000000E+00  3.000000E+00
             3521  1.950000E+01 -5.000000E+00  3.000000E+00
             3522  1.300000E+01 -5.000000E+00  3.000000E+00
             3523  6.500000E+00 -5.000000E+00  3.000000E+00
             3524  5.850000E+01  5.000000E+00  3.000000E+00
             3525  5.200000E+01  5.000000E+00  3.000000E+00
             3526  4.550000E+01  5.000000E+00  3.000000E+00
             3527  3.900000E+01  5.000000E+00  3.000000E+00
             3528  3.250000E+01  5.000000E+00  3.000000E+00
             3529  2.600000E+01  5.000000E+00  3.000000E+00
             3530  1.950000E+01  5.000000E+00  3.000000E+00
             3531  1.300000E+01  5.000000E+00  3.000000E+00
             3532  6.500000E+00  5.000000E+00  3.000000E+00
             3533  5.850000E+01 -1.000000E+01  3.000000E+00
             3534  5.200000E+01 -1.000000E+01  3.000000E+00
             3535  4.550000E+01 -1.000000E+01  3.000000E+00
             3536  3.900000E+01 -1.000000E+01  3.000000E+00
             3537  3.250000E+01 -1.000000E+01  3.000000E+00
             3538  2.600000E+01 -1.000000E+01  3.000000E+00
             3539  1.950000E+01 -1.000000E+01  3.000000E+00
             3540  1.300000E+01 -1.000000E+01  3.000000E+00
             3541  6.500000E+00 -1.000000E+01  3.000000E+00
             3542  6.500000E+00  1.000000E+01  3.000000E+00
             3543  1.300000E+01  1.000000E+01  3.000000E+00
             3544  1.950000E+01  1.000000E+01  3.000000E+00
             3545  2.600000E+01  1.000000E+01  3.000000E+00
             3546  3.250000E+01  1.000000E+01  3.000000E+00
             3547  3.900000E+01  1.000000E+01  3.000000E+00
             3548  4.550000E+01  1.000000E+01  3.000000E+00
             3549  5.200000E+01  1.000000E+01  3.000000E+00
             3550  5.850000E+01  1.000000E+01  3.000000E+00
             3551  6.500000E+01  1.416667E+01  3.000000E+00
             3552  6.500000E+01  1.833333E+01  3.000000E+00
             3553  5.850000E+01  2.250000E+01  3.000000E+00
             3554  5.200000E+01  2.250000E+01  3.000000E+00
             3555  4.550000E+01  2.250000E+01  3.000000E+00
             3556  3.900000E+01  2.250000E+01  3.000000E+00
             3557  3.250000E+01  2.250000E+01  3.000000E+00
             3558  2.600000E+01  2.250000E+01  3.000000E+00
             3559  1.950000E+01  2.250000E+01  3.000000E+00
             3560  1.300000E+01  2.250000E+01  3.000000E+00
             3561  6.500000E+00  2.250000E+01  3.000000E+00
             3562  7.000000E+01  2.250000E+01  3.000000E+00
             3563  7.500000E+01  1.833333E+01  3.000000E+00
             3564  7.500000E+01  1.416667E+01  3.000000E+00
             3565  7.500000E+01 -1.416667E+01  3.000000E+00
             3566  7.500000E+01 -1.833333E+01  3.000000E+00
             3567  7.000000E+01 -2.250000E+01  3.000000E+00
             3568  6.500000E+01 -1.833333E+01  3.000000E+00
             3569  6.500000E+01 -1.416667E+01  3.000000E+00
             3570  5.850000E+01 -2.250000E+01  3.000000E+00
             3571  5.200000E+01 -2.250000E+01  3.000000E+00
             3572  4.550000E+01 -2.250000E+01  3.000000E+00
             3573  3.900000E+01 -2.250000E+01  3.000000E+00
             3574  3.250000E+01 -2.250000E+01  3.000000E+00
             3575  2.600000E+01 -2.250000E+01  3.000000E+00
             3576  1.950000E+01 -2.250000E+01  3.000000E+00
             3577  1.300000E+01 -2.250000E+01  3.000000E+00
             3578  6.500000E+00 -2.250000E+01  3.000000E+00
             3579  8.150000E+01 -2.250000E+01  3.000000E+00
             3580  8.800000E+01 -1.800000E+01  3.000000E+00
             3581  8.800000E+01 -1.350000E+01  3.000000E+00
             3582  8.800000E+01 -9.000000E+00  3.000000E+00
             3583  8.800000E+01 -4.500000E+00  3.000000E+00
             3584  8.150000E+01  5.180450E-13  3.000000E+00
             3585  8.800000E+01  4.500000E+00  3.000000E+00
             3586  8.800000E+01  9.000000E+00  3.000000E+00
             3587  8.800000E+01  1.350000E+01  3.000000E+00
             3588  8.800000E+01  1.800000E+01  3.000000E+00
             3589  8.150000E+01  2.250000E+01  3.000000E+00
             3590  9.340000E+01 -2.250000E+01  3.000000E+00
             3591  9.880000E+01 -2.250000E+01  3.000000E+00
             3592  1.042000E+02 -2.250000E+01  3.000000E+00
             3593  1.096000E+02 -2.250000E+01  3.000000E+00
             3594  1.150000E+02 -1.912500E+01  3.000000E+00
             3595  1.150000E+02 -1.575000E+01  3.000000E+00
             3596  1.150000E+02 -1.237500E+01  3.000000E+00
             3597  1.015000E+02  0.000000E+00  3.000000E+00
             3598  9.700000E+01  0.000000E+00  3.000000E+00
             3599  9.250000E+01  0.000000E+00  3.000000E+00
             3600  1.150000E+02  1.237500E+01  3.000000E+00
             3601  1.150000E+02  1.575000E+01  3.000000E+00
             3602  1.150000E+02  1.912500E+01  3.000000E+00
             3603  1.096000E+02  2.250000E+01  3.000000E+00
             3604  1.042000E+02  2.250000E+01  3.000000E+00
             3605  9.880000E+01  2.250000E+01  3.000000E+00
             3606  9.340000E+01  2.250000E+01  3.000000E+00
             3607  1.200000E+02 -2.250000E+01  3.000000E+00
             3608  1.250000E+02 -2.250000E+01  3.000000E+00
             3609  1.300000E+02 -2.250000E+01  3.000000E+00
             3610  1.350000E+02 -2.250000E+01  3.000000E+00
             3611  1.400000E+02 -1.800000E+01  3.000000E+00
             3612  1.400000E+02 -1.350000E+01  3.000000E+00
             3613  1.400000E+02 -9.000000E+00  3.000000E+00
             3614  1.400000E+02 -4.500000E+00  3.000000E+00
             3615  1.360000E+02  2.755455E-16  3.000000E+00
             3616  1.320000E+02  5.510910E-16  3.000000E+00
             3617  1.280000E+02  8.266365E-16  3.000000E+00
             3618  1.400000E+02  4.500000E+00  3.000000E+00
             3619  1.400000E+02  9.000000E+00  3.000000E+00
             3620  1.400000E+02  1.350000E+01  3.000000E+00
             3621  1.400000E+02  1.800000E+01  3.000000E+00
             3622  1.350000E+02  2.250000E+01  3.000000E+00
             3623  1.300000E+02  2.250000E+01  3.000000E+00
             3624  1.250000E+02  2.250000E+01  3.000000E+00
             3625  1.200000E+02  2.250000E+01  3.000000E+00
             3626  1.600000E+02 -2.250000E+01  3.000000E+00
             3627  1.550000E+02 -2.250000E+01  3.000000E+00
             3628  1.500000E+02 -2.250000E+01  3.000000E+00
             3629  1.450000E+02 -2.250000E+01  3.000000E+00
             3630  1.650000E+02 -1.912500E+01  3.000000E+00
             3631  1.650000E+02 -1.575000E+01  3.000000E+00
             3632  1.650000E+02 -1.237500E+01  3.000000E+00
             3633  1.650000E+02  1.237500E+01  3.000000E+00
             3634  1.650000E+02  1.575000E+01  3.000000E+00
             3635  1.650000E+02  1.912500E+01  3.000000E+00
             3636  1.600000E+02  2.250000E+01  3.000000E+00
             3637  1.550000E+02  2.250000E+01  3.000000E+00
             3638  1.500000E+02  2.250000E+01  3.000000E+00
             3639  1.450000E+02  2.250000E+01  3.000000E+00
             3640  1.700000E+02  2.250000E+01  3.000000E+00
             3641  1.750000E+02  2.250000E+01  3.000000E+00
             3642  1.800000E+02  2.250000E+01  3.000000E+00
             3643  1.850000E+02  2.250000E+01  3.000000E+00
             3644  1.900000E+02  1.800000E+01  3.000000E+00
             3645  1.900000E+02  1.350000E+01  3.000000E+00
             3646  1.900000E+02  9.000000E+00  3.000000E+00
             3647  1.900000E+02  4.500000E+00  3.000000E+00
             3648  1.860000E+02 -4.653520E-13  3.000000E+00
             3649  1.820000E+02 -9.307040E-13  3.000000E+00
             3650  1.780000E+02 -1.396056E-12  3.000000E+00
             3651  1.900000E+02 -4.500000E+00  3.000000E+00
             3652  1.900000E+02 -9.000000E+00  3.000000E+00
             3653  1.900000E+02 -1.350000E+01  3.000000E+00
             3654  1.900000E+02 -1.800000E+01  3.000000E+00
             3655  1.850000E+02 -2.250000E+01  3.000000E+00
             3656  1.800000E+02 -2.250000E+01  3.000000E+00
             3657  1.750000E+02 -2.250000E+01  3.000000E+00
             3658  1.700000E+02 -2.250000E+01  3.000000E+00
             3659  1.520000E+02  0.000000E+00  3.000000E+00
             3660  1.480000E+02  0.000000E+00  3.000000E+00
             3661  1.440000E+02  0.000000E+00  3.000000E+00
             3662  1.135921E+02 -8.889194E+00  3.000000E+00
             3663  1.122188E+02 -8.559508E+00  3.000000E+00
             3664  1.109141E+02 -8.019058E+00  3.000000E+00
             3665  1.097099E+02 -7.281153E+00  3.000000E+00
             3666  1.086360E+02 -6.363961E+00  3.000000E+00
             3667  1.077188E+02 -5.290067E+00  3.000000E+00
             3668  1.069809E+02 -4.085915E+00  3.000000E+00
             3669  1.064405E+02 -2.781153E+00  3.000000E+00
             3670  1.061108E+02 -1.407910E+00  3.000000E+00
             3671  1.080000E+02  1.034728E-12  3.000000E+00
             3672  1.100616E+02 -7.821723E-01  3.000000E+00
             3673  1.102447E+02 -1.545085E+00  3.000000E+00
             3674  1.105450E+02 -2.269953E+00  3.000000E+00
             3675  1.109549E+02 -2.938926E+00  3.000000E+00
             3676  1.114645E+02 -3.535534E+00  3.000000E+00
             3677  1.120611E+02 -4.045085E+00  3.000000E+00
             3678  1.127300E+02 -4.455033E+00  3.000000E+00
             3679  1.134549E+02 -4.755282E+00  3.000000E+00
             3680  1.142178E+02 -4.938442E+00  3.000000E+00
             3681  1.150000E+02 -7.000000E+00  3.000000E+00
             3682  1.061108E+02  1.407910E+00  3.000000E+00
             3683  1.064405E+02  2.781153E+00  3.000000E+00
             3684  1.069809E+02  4.085915E+00  3.000000E+00
             3685  1.077188E+02  5.290067E+00  3.000000E+00
             3686  1.086360E+02  6.363961E+00  3.000000E+00
             3687  1.097099E+02  7.281153E+00  3.000000E+00
             3688  1.109141E+02  8.019058E+00  3.000000E+00
             3689  1.122188E+02  8.559508E+00  3.000000E+00
             3690  1.135921E+02  8.889194E+00  3.000000E+00
             3691  1.150000E+02  7.000000E+00  3.000000E+00
             3692  1.142178E+02  4.938442E+00  3.000000E+00
             3693  1.134549E+02  4.755282E+00  3.000000E+00
             3694  1.127300E+02  4.455033E+00  3.000000E+00
             3695  1.120611E+02  4.045085E+00  3.000000E+00
             3696  1.114645E+02  3.535534E+00  3.000000E+00
             3697  1.109549E+02  2.938926E+00  3.000000E+00
             3698  1.105450E+02  2.269953E+00  3.000000E+00
             3699  1.102447E+02  1.545085E+00  3.000000E+00
             3700  1.100616E+02  7.821723E-01  3.000000E+00
             3701  1.164079E+02  8.889194E+00  3.000000E+00
             3702  1.177812E+02  8.559508E+00  3.000000E+00
             3703  1.190859E+02  8.019058E+00  3.000000E+00
             3704  1.202901E+02  7.281153E+00  3.000000E+00
             3705  1.213640E+02  6.363961E+00  3.000000E+00
             3706  1.222812E+02  5.290067E+00  3.000000E+00
             3707  1.230191E+02  4.085915E+00  3.000000E+00
             3708  1.235595E+02  2.781153E+00  3.000000E+00
             3709  1.238892E+02  1.407910E+00  3.000000E+00
             3710  1.220000E+02 -5.171189E-13  3.000000E+00
             3711  1.199384E+02  7.821723E-01  3.000000E+00
             3712  1.197553E+02  1.545085E+00  3.000000E+00
             3713  1.194550E+02  2.269953E+00  3.000000E+00
             3714  1.190451E+02  2.938926E+00  3.000000E+00
             3715  1.185355E+02  3.535534E+00  3.000000E+00
             3716  1.179389E+02  4.045085E+00  3.000000E+00
             3717  1.172700E+02  4.455033E+00  3.000000E+00
             3718  1.165451E+02  4.755282E+00  3.000000E+00
             3719  1.157822E+02  4.938442E+00  3.000000E+00
             3720  1.238892E+02 -1.407910E+00  3.000000E+00
             3721  1.235595E+02 -2.781153E+00  3.000000E+00
             3722  1.230191E+02 -4.085915E+00  3.000000E+00
             3723  1.222812E+02 -5.290067E+00  3.000000E+00
             3724  1.213640E+02 -6.363961E+00  3.000000E+00
             3725  1.202901E+02 -7.281153E+00  3.000000E+00
             3726  1.190859E+02 -8.019058E+00  3.000000E+00
             3727  1.177812E+02 -8.559508E+00  3.000000E+00
             3728  1.164079E+02 -8.889194E+00  3.000000E+00
             3729  1.157822E+02 -4.938442E+00  3.000000E+00
             3730  1.165451E+02 -4.755282E+00  3.000000E+00
             3731  1.172700E+02 -4.455033E+00  3.000000E+00
             3732  1.179389E+02 -4.045085E+00  3.000000E+00
             3733  1.185355E+02 -3.535534E+00  3.000000E+00
             3734  1.190451E+02 -2.938926E+00  3.000000E+00
             3735  1.194550E+02 -2.269953E+00  3.000000E+00
             3736  1.197553E+02 -1.545085E+00  3.000000E+00
             3737  1.199384E+02 -7.821723E-01  3.000000E+00
             3738  1.635921E+02 -8.889194E+00  3.000000E+00
             3739  1.622188E+02 -8.559508E+00  3.000000E+00
             3740  1.609141E+02 -8.019058E+00  3.000000E+00
             3741  1.597099E+02 -7.281153E+00  3.000000E+00
             3742  1.586360E+02 -6.363961E+00  3.000000E+00
             3743  1.577188E+02 -5.290067E+00  3.000000E+00
             3744  1.569809E+02 -4.085915E+00  3.000000E+00
             3745  1.564405E+02 -2.781153E+00  3.000000E+00
             3746  1.561108E+02 -1.407910E+00  3.000000E+00
             3747  1.580000E+02  6.123235E-16  3.000000E+00
             3748  1.600616E+02 -7.821723E-01  3.000000E+00
             3749  1.602447E+02 -1.545085E+00  3.000000E+00
             3750  1.605450E+02 -2.269953E+00  3.000000E+00
             3751  1.609549E+02 -2.938926E+00  3.000000E+00
             3752  1.614645E+02 -3.535534E+00  3.000000E+00
             3753  1.620611E+02 -4.045085E+00  3.000000E+00
             3754  1.627300E+02 -4.455033E+00  3.000000E+00
             3755  1.634549E+02 -4.755282E+00  3.000000E+00
             3756  1.642178E+02 -4.938442E+00  3.000000E+00
             3757  1.650000E+02 -7.000000E+00  3.000000E+00
             3758  1.561108E+02  1.407910E+00  3.000000E+00
             3759  1.564405E+02  2.781153E+00  3.000000E+00
             3760  1.569809E+02  4.085915E+00  3.000000E+00
             3761  1.577188E+02  5.290067E+00  3.000000E+00
             3762  1.586360E+02  6.363961E+00  3.000000E+00
             3763  1.597099E+02  7.281153E+00  3.000000E+00
             3764  1.609141E+02  8.019058E+00  3.000000E+00
             3765  1.622188E+02  8.559508E+00  3.000000E+00
             3766  1.635921E+02  8.889194E+00  3.000000E+00
             3767  1.650000E+02  7.000000E+00  3.000000E+00
             3768  1.642178E+02  4.938442E+00  3.000000E+00
             3769  1.634549E+02  4.755282E+00  3.000000E+00
             3770  1.627300E+02  4.455033E+00  3.000000E+00
             3771  1.620611E+02  4.045085E+00  3.000000E+00
             3772  1.614645E+02  3.535534E+00  3.000000E+00
             3773  1.609549E+02  2.938926E+00  3.000000E+00
             3774  1.605450E+02  2.269953E+00  3.000000E+00
             3775  1.602447E+02  1.545085E+00  3.000000E+00
             3776  1.600616E+02  7.821723E-01  3.000000E+00
             3777  1.664079E+02  8.889194E+00  3.000000E+00
             3778  1.677812E+02  8.559508E+00  3.000000E+00
             3779  1.690859E+02  8.019058E+00  3.000000E+00
             3780  1.702901E+02  7.281153E+00  3.000000E+00
             3781  1.713640E+02  6.363961E+00  3.000000E+00
             3782  1.722812E+02  5.290067E+00  3.000000E+00
             3783  1.730191E+02  4.085915E+00  3.000000E+00
             3784  1.735595E+02  2.781153E+00  3.000000E+00
             3785  1.738892E+02  1.407910E+00  3.000000E+00
             3786  1.720000E+02 -1.448374E-12  3.000000E+00
             3787  1.699384E+02  7.821723E-01  3.000000E+00
             3788  1.697553E+02  1.545085E+00  3.000000E+00
             3789  1.694550E+02  2.269953E+00  3.000000E+00
             3790  1.690451E+02  2.938926E+00  3.000000E+00
             3791  1.685355E+02  3.535534E+00  3.000000E+00
             3792  1.679389E+02  4.045085E+00  3.000000E+00
             3793  1.672700E+02  4.455033E+00  3.000000E+00
             3794  1.665451E+02  4.755282E+00  3.000000E+00
             3795  1.657822E+02  4.938442E+00  3.000000E+00
             3796  1.699384E+02 -7.821723E-01  3.000000E+00
             3797  1.697553E+02 -1.545085E+00  3.000000E+00
             3798  1.694550E+02 -2.269953E+00  3.000000E+00
             3799  1.690451E+02 -2.938926E+00  3.000000E+00
             3800  1.685355E+02 -3.535534E+00  3.000000E+00
             3801  1.679389E+02 -4.045085E+00  3.000000E+00
             3802  1.672700E+02 -4.455033E+00  3.000000E+00
             3803  1.665451E+02 -4.755282E+00  3.000000E+00
             3804  1.657822E+02 -4.938442E+00  3.000000E+00
             3805  1.664079E+02 -8.889194E+00  3.000000E+00
             3806  1.677812E+02 -8.559508E+00  3.000000E+00
             3807  1.690859E+02 -8.019058E+00  3.000000E+00
             3808  1.702901E+02 -7.281153E+00  3.000000E+00
             3809  1.713640E+02 -6.363961E+00  3.000000E+00
             3810  1.722812E+02 -5.290067E+00  3.000000E+00
             3811  1.730191E+02 -4.085915E+00  3.000000E+00
             3812  1.735595E+02 -2.781153E+00  3.000000E+00
             3813  1.738892E+02 -1.407910E+00  3.000000E+00
             3814  1.900000E+02  1.800000E+01 -3.000000E+00
             3815  1.900000E+02  1.350000E+01 -3.000000E+00
             3816  1.900000E+02  9.000000E+00 -3.000000E+00
             3817  1.900000E+02  4.500000E+00 -3.000000E+00
             3818  1.860000E+02 -4.653520E-13 -3.000000E+00
             3819  1.820000E+02 -9.307040E-13 -3.000000E+00
             3820  1.780000E+02 -1.396056E-12 -3.000000E+00
             3821  1.738892E+02  1.407910E+00 -3.000000E+00
             3822  1.735595E+02  2.781153E+00 -3.000000E+00
             3823  1.730191E+02  4.085915E+00 -3.000000E+00
             3824  1.722812E+02  5.290067E+00 -3.000000E+00
             3825  1.713640E+02  6.363961E+00 -3.000000E+00
             3826  1.702901E+02  7.281153E+00 -3.000000E+00
             3827  1.690859E+02  8.019058E+00 -3.000000E+00
             3828  1.677812E+02  8.559508E+00 -3.000000E+00
             3829  1.664079E+02  8.889194E+00 -3.000000E+00
             3830  1.650000E+02  1.237500E+01 -3.000000E+00
             3831  1.650000E+02  1.575000E+01 -3.000000E+00
             3832  1.650000E+02  1.912500E+01 -3.000000E+00
             3833  1.700000E+02  2.250000E+01 -3.000000E+00
             3834  1.750000E+02  2.250000E+01 -3.000000E+00
             3835  1.800000E+02  2.250000E+01 -3.000000E+00
             3836  1.850000E+02  2.250000E+01 -3.000000E+00
             3837  1.900000E+02  2.250000E+01  1.000000E+00
             3838  1.900000E+02  2.250000E+01 -1.000000E+00
             3839  1.900000E+02  0.000000E+00  1.000000E+00
             3840  1.900000E+02  0.000000E+00 -1.000000E+00
             3841  1.740000E+02 -1.861408E-12  1.000000E+00
             3842  1.740000E+02 -1.861408E-12 -1.000000E+00
             3843  1.650000E+02  9.000000E+00  1.000000E+00
             3844  1.650000E+02  9.000000E+00 -1.000000E+00
             3845  1.650000E+02  2.250000E+01  1.000000E+00
             3846  1.650000E+02  2.250000E+01 -1.000000E+00
             3847  1.650000E+02 -1.912500E+01 -3.000000E+00
             3848  1.650000E+02 -1.575000E+01 -3.000000E+00
             3849  1.650000E+02 -1.237500E+01 -3.000000E+00
             3850  1.664079E+02 -8.889194E+00 -3.000000E+00
             3851  1.677812E+02 -8.559508E+00 -3.000000E+00
             3852  1.690859E+02 -8.019058E+00 -3.000000E+00
             3853  1.702901E+02 -7.281153E+00 -3.000000E+00
             3854  1.713640E+02 -6.363961E+00 -3.000000E+00
             3855  1.722812E+02 -5.290067E+00 -3.000000E+00
             3856  1.730191E+02 -4.085915E+00 -3.000000E+00
             3857  1.735595E+02 -2.781153E+00 -3.000000E+00
             3858  1.738892E+02 -1.407910E+00 -3.000000E+00
             3859  1.900000E+02 -4.500000E+00 -3.000000E+00
             3860  1.900000E+02 -9.000000E+00 -3.000000E+00
             3861  1.900000E+02 -1.350000E+01 -3.000000E+00
             3862  1.900000E+02 -1.800000E+01 -3.000000E+00
             3863  1.850000E+02 -2.250000E+01 -3.000000E+00
             3864  1.800000E+02 -2.250000E+01 -3.000000E+00
             3865  1.750000E+02 -2.250000E+01 -3.000000E+00
             3866  1.700000E+02 -2.250000E+01 -3.000000E+00
             3867  1.650000E+02 -2.250000E+01  1.000000E+00
             3868  1.650000E+02 -2.250000E+01 -1.000000E+00
             3869  1.650000E+02 -9.000000E+00  1.000000E+00
             3870  1.650000E+02 -9.000000E+00 -1.000000E+00
             3871  1.900000E+02 -2.250000E+01  1.000000E+00
             3872  1.900000E+02 -2.250000E+01 -1.000000E+00
             3873  1.635921E+02 -8.889194E+00 -3.000000E+00
             3874  1.622188E+02 -8.559508E+00 -3.000000E+00
             3875  1.609141E+02 -8.019058E+00 -3.000000E+00
             3876  1.597099E+02 -7.281153E+00 -3.000000E+00
             3877  1.586360E+02 -6.363961E+00 -3.000000E+00
             3878  1.577188E+02 -5.290067E+00 -3.000000E+00
             3879  1.569809E+02 -4.085915E+00 -3.000000E+00
             3880  1.564405E+02 -2.781153E+00 -3.000000E+00
             3881  1.561108E+02 -1.407910E+00 -3.000000E+00
             3882  1.520000E+02  0.000000E+00 -3.000000E+00
             3883  1.480000E+02  0.000000E+00 -3.000000E+00
             3884  1.440000E+02  0.000000E+00 -3.000000E+00
             3885  1.400000E+02 -4.500000E+00 -3.000000E+00
             3886  1.400000E+02 -9.000000E+00 -3.000000E+00
             3887  1.400000E+02 -1.350000E+01 -3.000000E+00
             3888  1.400000E+02 -1.800000E+01 -3.000000E+00
             3889  1.450000E+02 -2.250000E+01 -3.000000E+00
             3890  1.500000E+02 -2.250000E+01 -3.000000E+00
             3891  1.550000E+02 -2.250000E+01 -3.000000E+00
             3892  1.600000E+02 -2.250000E+01 -3.000000E+00
             3893  1.560000E+02  0.000000E+00  1.000000E+00
             3894  1.560000E+02  0.000000E+00 -1.000000E+00
             3895  1.400000E+02  0.000000E+00  1.000000E+00
             3896  1.400000E+02  0.000000E+00 -1.000000E+00
             3897  1.400000E+02 -2.250000E+01  1.000000E+00
             3898  1.400000E+02 -2.250000E+01 -1.000000E+00
             3899  1.600000E+02  2.250000E+01 -3.000000E+00
             3900  1.550000E+02  2.250000E+01 -3.000000E+00
             3901  1.500000E+02  2.250000E+01 -3.000000E+00
             3902  1.450000E+02  2.250000E+01 -3.000000E+00
             3903  1.400000E+02  1.800000E+01 -3.000000E+00
             3904  1.400000E+02  1.350000E+01 -3.000000E+00
             3905  1.400000E+02  9.000000E+00 -3.000000E+00
             3906  1.400000E+02  4.500000E+00 -3.000000E+00
             3907  1.561108E+02  1.407910E+00 -3.000000E+00
             3908  1.564405E+02  2.781153E+00 -3.000000E+00
             3909  1.569809E+02  4.085915E+00 -3.000000E+00
             3910  1.577188E+02  5.290067E+00 -3.000000E+00
             3911  1.586360E+02  6.363961E+00 -3.000000E+00
             3912  1.597099E+02  7.281153E+00 -3.000000E+00
             3913  1.609141E+02  8.019058E+00 -3.000000E+00
             3914  1.622188E+02  8.559508E+00 -3.000000E+00
             3915  1.635921E+02  8.889194E+00 -3.000000E+00
             3916  1.400000E+02  2.250000E+01  1.000000E+00
             3917  1.400000E+02  2.250000E+01 -1.000000E+00
             3918  1.360000E+02  2.755455E-16 -3.000000E+00
             3919  1.320000E+02  5.510910E-16 -3.000000E+00
             3920  1.280000E+02  8.266365E-16 -3.000000E+00
             3921  1.238892E+02  1.407910E+00 -3.000000E+00
             3922  1.235595E+02  2.781153E+00 -3.000000E+00
             3923  1.230191E+02  4.085915E+00 -3.000000E+00
             3924  1.222812E+02  5.290067E+00 -3.000000E+00
             3925  1.213640E+02  6.363961E+00 -3.000000E+00
             3926  1.202901E+02  7.281153E+00 -3.000000E+00
             3927  1.190859E+02  8.019058E+00 -3.000000E+00
             3928  1.177812E+02  8.559508E+00 -3.000000E+00
             3929  1.164079E+02  8.889194E+00 -3.000000E+00
             3930  1.150000E+02  1.237500E+01 -3.000000E+00
             3931  1.150000E+02  1.575000E+01 -3.000000E+00
             3932  1.150000E+02  1.912500E+01 -3.000000E+00
             3933  1.200000E+02  2.250000E+01 -3.000000E+00
             3934  1.250000E+02  2.250000E+01 -3.000000E+00
             3935  1.300000E+02  2.250000E+01 -3.000000E+00
             3936  1.350000E+02  2.250000E+01 -3.000000E+00
             3937  1.240000E+02  1.102182E-15  1.000000E+00
             3938  1.240000E+02  1.102182E-15 -1.000000E+00
             3939  1.150000E+02  9.000000E+00  1.000000E+00
             3940  1.150000E+02  9.000000E+00 -1.000000E+00
             3941  1.150000E+02  2.250000E+01  1.000000E+00
             3942  1.150000E+02  2.250000E+01 -1.000000E+00
             3943  1.238892E+02 -1.407910E+00 -3.000000E+00
             3944  1.235595E+02 -2.781153E+00 -3.000000E+00
             3945  1.230191E+02 -4.085915E+00 -3.000000E+00
             3946  1.222812E+02 -5.290067E+00 -3.000000E+00
             3947  1.213640E+02 -6.363961E+00 -3.000000E+00
             3948  1.202901E+02 -7.281153E+00 -3.000000E+00
             3949  1.190859E+02 -8.019058E+00 -3.000000E+00
             3950  1.177812E+02 -8.559508E+00 -3.000000E+00
             3951  1.164079E+02 -8.889194E+00 -3.000000E+00
             3952  1.150000E+02 -1.237500E+01 -3.000000E+00
             3953  1.150000E+02 -1.575000E+01 -3.000000E+00
             3954  1.150000E+02 -1.912500E+01 -3.000000E+00
             3955  1.200000E+02 -2.250000E+01 -3.000000E+00
             3956  1.250000E+02 -2.250000E+01 -3.000000E+00
             3957  1.300000E+02 -2.250000E+01 -3.000000E+00
             3958  1.350000E+02 -2.250000E+01 -3.000000E+00
             3959  1.150000E+02 -9.000000E+00  1.000000E+00
             3960  1.150000E+02 -9.000000E+00 -1.000000E+00
             3961  1.150000E+02 -2.250000E+01  1.000000E+00
             3962  1.150000E+02 -2.250000E+01 -1.000000E+00
             3963  1.015000E+02  0.000000E+00 -3.000000E+00
             3964  9.700000E+01  0.000000E+00 -3.000000E+00
             3965  9.250000E+01  0.000000E+00 -3.000000E+00
             3966  8.800000E+01 -4.500000E+00 -3.000000E+00
             3967  8.800000E+01 -9.000000E+00 -3.000000E+00
             3968  8.800000E+01 -1.350000E+01 -3.000000E+00
             3969  8.800000E+01 -1.800000E+01 -3.000000E+00
             3970  9.340000E+01 -2.250000E+01 -3.000000E+00
             3971  9.880000E+01 -2.250000E+01 -3.000000E+00
             3972  1.042000E+02 -2.250000E+01 -3.000000E+00
             3973  1.096000E+02 -2.250000E+01 -3.000000E+00
             3974  1.135921E+02 -8.889194E+00 -3.000000E+00
             3975  1.122188E+02 -8.559508E+00 -3.000000E+00
             3976  1.109141E+02 -8.019058E+00 -3.000000E+00
             3977  1.097099E+02 -7.281153E+00 -3.000000E+00
             3978  1.086360E+02 -6.363961E+00 -3.000000E+00
             3979  1.077188E+02 -5.290067E+00 -3.000000E+00
             3980  1.069809E+02 -4.085915E+00 -3.000000E+00
             3981  1.064405E+02 -2.781153E+00 -3.000000E+00
             3982  1.061108E+02 -1.407910E+00 -3.000000E+00
             3983  1.060000E+02  0.000000E+00  1.000000E+00
             3984  1.060000E+02  0.000000E+00 -1.000000E+00
             3985  8.800000E+01  0.000000E+00  1.000000E+00
             3986  8.800000E+01  0.000000E+00 -1.000000E+00
             3987  8.800000E+01 -2.250000E+01  1.000000E+00
             3988  8.800000E+01 -2.250000E+01 -1.000000E+00
             3989  1.096000E+02  2.250000E+01 -3.000000E+00
             3990  1.042000E+02  2.250000E+01 -3.000000E+00
             3991  9.880000E+01  2.250000E+01 -3.000000E+00
             3992  9.340000E+01  2.250000E+01 -3.000000E+00
             3993  8.800000E+01  1.800000E+01 -3.000000E+00
             3994  8.800000E+01  1.350000E+01 -3.000000E+00
             3995  8.800000E+01  9.000000E+00 -3.000000E+00
             3996  8.800000E+01  4.500000E+00 -3.000000E+00
             3997  1.061108E+02  1.407910E+00 -3.000000E+00
             3998  1.064405E+02  2.781153E+00 -3.000000E+00
             3999  1.069809E+02  4.085915E+00 -3.000000E+00
             4000  1.077188E+02  5.290067E+00 -3.000000E+00
             4001  1.086360E+02  6.363961E+00 -3.000000E+00
             4002  1.097099E+02  7.281153E+00 -3.000000E+00
             4003  1.109141E+02  8.019058E+00 -3.000000E+00
             4004  1.122188E+02  8.559508E+00 -3.000000E+00
             4005  1.135921E+02  8.889194E+00 -3.000000E+00
             4006  8.800000E+01  2.250000E+01  1.000000E+00
             4007  8.800000E+01  2.250000E+01 -1.000000E+00
             4008  8.150000E+01 -2.250000E+01 -3.000000E+00
             4009  8.150000E+01  5.180450E-13 -3.000000E+00
             4010  7.500000E+01 -5.000000E+00 -3.000000E+00
             4011  7.500000E+01 -1.416667E+01 -3.000000E+00
             4012  7.500000E+01 -1.833333E+01 -3.000000E+00
             4013  7.500000E+01 -2.250000E+01  1.000000E+00
             4014  7.500000E+01 -2.250000E+01 -1.000000E+00
             4015  7.500000E+01  1.036090E-12  1.000000E+00
             4016  7.500000E+01  1.036090E-12 -1.000000E+00
             4017  7.500000E+01 -1.000000E+01  1.000000E+00
             4018  7.500000E+01 -1.000000E+01 -1.000000E+00
             4019  8.150000E+01  2.250000E+01 -3.000000E+00
             4020  7.500000E+01  1.833333E+01 -3.000000E+00
             4021  7.500000E+01  1.416667E+01 -3.000000E+00
             4022  7.500000E+01  5.000000E+00 -3.000000E+00
             4023  7.500000E+01  2.250000E+01  1.000000E+00
             4024  7.500000E+01  2.250000E+01 -1.000000E+00
             4025  7.500000E+01  1.000000E+01  1.000000E+00
             4026  7.500000E+01  1.000000E+01 -1.000000E+00
             4027  6.500000E+01  1.416667E+01 -3.000000E+00
             4028  6.500000E+01  1.833333E+01 -3.000000E+00
             4029  7.000000E+01  2.250000E+01 -3.000000E+00
             4030  7.000000E+01  1.000000E+01 -3.000000E+00
             4031  6.500000E+01  1.000000E+01  1.000000E+00
             4032  6.500000E+01  1.000000E+01 -1.000000E+00
             4033  6.500000E+01  2.250000E+01  1.000000E+00
             4034  6.500000E+01  2.250000E+01 -1.000000E+00
             4035  7.333333E+01  1.036090E-12 -3.000000E+00
             4036  7.166667E+01  1.036090E-12 -3.000000E+00
             4037  6.961940E+01  1.913417E+00 -3.000000E+00
             4038  6.853553E+01  3.535534E+00 -3.000000E+00
             4039  6.691341E+01  4.619398E+00 -3.000000E+00
             4040  6.500000E+01  6.666667E+00 -3.000000E+00
             4041  6.500000E+01  8.333333E+00 -3.000000E+00
             4042  7.000000E+01  1.036090E-12  1.000000E+00
             4043  7.000000E+01  1.036090E-12 -1.000000E+00
             4044  6.500000E+01  5.000000E+00  1.000000E+00
             4045  6.500000E+01  5.000000E+00 -1.000000E+00
             4046  6.961940E+01 -1.913417E+00 -3.000000E+00
             4047  6.853553E+01 -3.535534E+00 -3.000000E+00
             4048  6.691341E+01 -4.619398E+00 -3.000000E+00
             4049  6.500000E+01 -6.666667E+00 -3.000000E+00
             4050  6.500000E+01 -8.333333E+00 -3.000000E+00
             4051  7.000000E+01 -1.000000E+01 -3.000000E+00
             4052  6.500000E+01 -5.000000E+00  1.000000E+00
             4053  6.500000E+01 -5.000000E+00 -1.000000E+00
             4054  6.500000E+01 -1.000000E+01  1.000000E+00
             4055  6.500000E+01 -1.000000E+01 -1.000000E+00
             4056  7.000000E+01 -2.250000E+01 -3.000000E+00
             4057  6.500000E+01 -1.833333E+01 -3.000000E+00
             4058  6.500000E+01 -1.416667E+01 -3.000000E+00
             4059  6.500000E+01 -2.250000E+01  1.000000E+00
             4060  6.500000E+01 -2.250000E+01 -1.000000E+00
             4061  5.850000E+01 -1.000000E+01 -3.000000E+00
             4062  5.200000E+01 -1.000000E+01 -3.000000E+00
             4063  4.550000E+01 -1.000000E+01 -3.000000E+00
             4064  3.900000E+01 -1.000000E+01 -3.000000E+00
             4065  3.250000E+01 -1.000000E+01 -3.000000E+00
             4066  2.600000E+01 -1.000000E+01 -3.000000E+00
             4067  1.950000E+01 -1.000000E+01 -3.000000E+00
             4068  1.300000E+01 -1.000000E+01 -3.000000E+00
             4069  6.500000E+00 -1.000000E+01 -3.000000E+00
             4070  6.500000E+00 -2.250000E+01 -3.000000E+00
             4071  1.300000E+01 -2.250000E+01 -3.000000E+00
             4072  1.950000E+01 -2.250000E+01 -3.000000E+00
             4073  2.600000E+01 -2.250000E+01 -3.000000E+00
             4074  3.250000E+01 -2.250000E+01 -3.000000E+00
             4075  3.900000E+01 -2.250000E+01 -3.000000E+00
             4076  4.550000E+01 -2.250000E+01 -3.000000E+00
             4077  5.200000E+01 -2.250000E+01 -3.000000E+00
             4078  5.850000E+01 -2.250000E+01 -3.000000E+00
             4079  5.850000E+01 -5.000000E+00 -3.000000E+00
             4080  5.200000E+01 -5.000000E+00 -3.000000E+00
             4081  4.550000E+01 -5.000000E+00 -3.000000E+00
             4082  3.900000E+01 -5.000000E+00 -3.000000E+00
             4083  3.250000E+01 -5.000000E+00 -3.000000E+00
             4084  2.600000E+01 -5.000000E+00 -3.000000E+00
             4085  1.950000E+01 -5.000000E+00 -3.000000E+00
             4086  1.300000E+01 -5.000000E+00 -3.000000E+00
             4087  6.500000E+00 -5.000000E+00 -3.000000E+00
             4088  5.850000E+01  5.000000E+00 -3.000000E+00
             4089  5.200000E+01  5.000000E+00 -3.000000E+00
             4090  4.550000E+01  5.000000E+00 -3.000000E+00
             4091  3.900000E+01  5.000000E+00 -3.000000E+00
             4092  3.250000E+01  5.000000E+00 -3.000000E+00
             4093  2.600000E+01  5.000000E+00 -3.000000E+00
             4094  1.950000E+01  5.000000E+00 -3.000000E+00
             4095  1.300000E+01  5.000000E+00 -3.000000E+00
             4096  6.500000E+00  5.000000E+00 -3.000000E+00
             4097  6.500000E+00  1.000000E+01 -3.000000E+00
             4098  1.300000E+01  1.000000E+01 -3.000000E+00
             4099  1.950000E+01  1.000000E+01 -3.000000E+00
             4100  2.600000E+01  1.000000E+01 -3.000000E+00
             4101  3.250000E+01  1.000000E+01 -3.000000E+00
             4102  3.900000E+01  1.000000E+01 -3.000000E+00
             4103  4.550000E+01  1.000000E+01 -3.000000E+00
             4104  5.200000E+01  1.000000E+01 -3.000000E+00
             4105  5.850000E+01  1.000000E+01 -3.000000E+00
             4106  5.850000E+01  2.250000E+01 -3.000000E+00
             4107  5.200000E+01  2.250000E+01 -3.000000E+00
             4108  4.550000E+01  2.250000E+01 -3.000000E+00
             4109  3.900000E+01  2.250000E+01 -3.000000E+00
             4110  3.250000E+01  2.250000E+01 -3.000000E+00
             4111  2.600000E+01  2.250000E+01 -3.000000E+00
             4112  1.950000E+01  2.250000E+01 -3.000000E+00
             4113  1.300000E+01  2.250000E+01 -3.000000E+00
             4114  6.500000E+00  2.250000E+01 -3.000000E+00
             4115  5.850000E+01  6.666667E+00  3.000000E+00
             4116  5.850000E+01  8.333333E+00  3.000000E+00
             4117  5.200000E+01  6.666667E+00  3.000000E+00
             4118  5.200000E+01  8.333333E+00  3.000000E+00
             4119  4.550000E+01  6.666667E+00  3.000000E+00
             4120  4.550000E+01  8.333333E+00  3.000000E+00
             4121  3.900000E+01  6.666667E+00  3.000000E+00
             4122  3.900000E+01  8.333333E+00  3.000000E+00
             4123  3.250000E+01  6.666667E+00  3.000000E+00
             4124  3.250000E+01  8.333333E+00  3.000000E+00
             4125  2.600000E+01  6.666667E+00  3.000000E+00
             4126  2.600000E+01  8.333333E+00  3.000000E+00
             4127  1.950000E+01  6.666667E+00  3.000000E+00
             4128  1.950000E+01  8.333333E+00  3.000000E+00
             4129  1.300000E+01  6.666667E+00  3.000000E+00
             4130  1.300000E+01  8.333333E+00  3.000000E+00
             4131  6.500000E+00  6.666667E+00  3.000000E+00
             4132  6.500000E+00  8.333333E+00  3.000000E+00
             4133  5.850000E+01  1.416667E+01  3.000000E+00
             4134  5.850000E+01  1.833333E+01  3.000000E+00
             4135  5.200000E+01  1.416667E+01  3.000000E+00
             4136  5.200000E+01  1.833333E+01  3.000000E+00
             4137  4.550000E+01  1.416667E+01  3.000000E+00
             4138  4.550000E+01  1.833333E+01  3.000000E+00
             4139  3.900000E+01  1.416667E+01  3.000000E+00
             4140  3.900000E+01  1.833333E+01  3.000000E+00
             4141  3.250000E+01  1.416667E+01  3.000000E+00
             4142  3.250000E+01  1.833333E+01  3.000000E+00
             4143  2.600000E+01  1.416667E+01  3.000000E+00
             4144  2.600000E+01  1.833333E+01  3.000000E+00
             4145  1.950000E+01  1.416667E+01  3.000000E+00
             4146  1.950000E+01  1.833333E+01  3.000000E+00
             4147  1.300000E+01  1.416667E+01  3.000000E+00
             4148  1.300000E+01  1.833333E+01  3.000000E+00
             4149  6.500000E+00  1.416667E+01  3.000000E+00
             4150  6.500000E+00  1.833333E+01  3.000000E+00
             4151  7.000000E+01  1.833333E+01  3.000000E+00
             4152  7.000000E+01  1.416667E+01  3.000000E+00
             4153  6.794228E+01  6.412932E+00  3.000000E+00
             4154  7.069035E+01  5.690356E+00  3.000000E+00
             4155  7.141293E+01  2.942278E+00  3.000000E+00
             4156  6.897114E+01  8.206466E+00  3.000000E+00
             4157  7.284518E+01  7.845178E+00  3.000000E+00
             4158  7.320647E+01  3.971139E+00  3.000000E+00
             4159  6.794228E+01 -6.412932E+00  3.000000E+00
             4160  6.897114E+01 -8.206466E+00  3.000000E+00
             4161  7.069035E+01 -5.690356E+00  3.000000E+00
             4162  7.284518E+01 -7.845178E+00  3.000000E+00
             4163  7.141293E+01 -2.942278E+00  3.000000E+00
             4164  7.320647E+01 -3.971139E+00  3.000000E+00
             4165  7.000000E+01 -1.833333E+01  3.000000E+00
             4166  7.000000E+01 -1.416667E+01  3.000000E+00
             4167  5.850000E+01 -1.833333E+01  3.000000E+00
             4168  5.850000E+01 -1.416667E+01  3.000000E+00
             4169  5.200000E+01 -1.833333E+01  3.000000E+00
             4170  5.200000E+01 -1.416667E+01  3.000000E+00
             4171  4.550000E+01 -1.833333E+01  3.000000E+00
             4172  4.550000E+01 -1.416667E+01  3.000000E+00
             4173  3.900000E+01 -1.833333E+01  3.000000E+00
             4174  3.900000E+01 -1.416667E+01  3.000000E+00
             4175  3.250000E+01 -1.833333E+01  3.000000E+00
             4176  3.250000E+01 -1.416667E+01  3.000000E+00
             4177  2.600000E+01 -1.833333E+01  3.000000E+00
             4178  2.600000E+01 -1.416667E+01  3.000000E+00
             4179  1.950000E+01 -1.833333E+01  3.000000E+00
             4180  1.950000E+01 -1.416667E+01  3.000000E+00
             4181  1.300000E+01 -1.833333E+01  3.000000E+00
             4182  1.300000E+01 -1.416667E+01  3.000000E+00
             4183  6.500000E+00 -1.833333E+01  3.000000E+00
             4184  6.500000E+00 -1.416667E+01  3.000000E+00
             4185  5.850000E+01 -8.333333E+00  3.000000E+00
             4186  5.850000E+01 -6.666667E+00  3.000000E+00
             4187  5.200000E+01 -8.333333E+00  3.000000E+00
             4188  5.200000E+01 -6.666667E+00  3.000000E+00
             4189  4.550000E+01 -8.333333E+00  3.000000E+00
             4190  4.550000E+01 -6.666667E+00  3.000000E+00
             4191  3.900000E+01 -8.333333E+00  3.000000E+00
             4192  3.900000E+01 -6.666667E+00  3.000000E+00
             4193  3.250000E+01 -8.333333E+00  3.000000E+00
             4194  3.250000E+01 -6.666667E+00  3.000000E+00
             4195  2.600000E+01 -8.333333E+00  3.000000E+00
             4196  2.600000E+01 -6.666667E+00  3.000000E+00
             4197  1.950000E+01 -8.333333E+00  3.000000E+00
             4198  1.950000E+01 -6.666667E+00  3.000000E+00
             4199  1.300000E+01 -8.333333E+00  3.000000E+00
             4200  1.300000E+01 -6.666667E+00  3.000000E+00
             4201  6.500000E+00 -8.333333E+00  3.000000E+00
             4202  6.500000E+00 -6.666667E+00  3.000000E+00
             4203  8.150000E+01 -4.750000E+00  3.000000E+00
             4204  8.150000E+01 -9.500000E+00  3.000000E+00
             4205  8.150000E+01 -1.383333E+01  3.000000E+00
             4206  8.150000E+01 -1.816667E+01  3.000000E+00
             4207  8.150000E+01  1.816667E+01  3.000000E+00
             4208  8.150000E+01  1.383333E+01  3.000000E+00
             4209  8.150000E+01  9.500000E+00  3.000000E+00
             4210  8.150000E+01  4.750000E+00  3.000000E+00
             4211  1.219138E+02 -1.095041E+00  5.000000E+00
             4212  1.216574E+02 -2.163119E+00  5.000000E+00
             4213  1.212370E+02 -3.177933E+00  5.000000E+00
             4214  1.206631E+02 -4.114497E+00  5.000000E+00
             4215  1.199497E+02 -4.949748E+00  5.000000E+00
             4216  1.191145E+02 -5.663119E+00  5.000000E+00
             4217  1.181779E+02 -6.237046E+00  5.000000E+00
             4218  1.171631E+02 -6.657396E+00  5.000000E+00
             4219  1.160950E+02 -6.913818E+00  5.000000E+00
             4220  1.139050E+02 -6.913818E+00  5.000000E+00
             4221  1.128369E+02 -6.657396E+00  5.000000E+00
             4222  1.118221E+02 -6.237046E+00  5.000000E+00
             4223  1.108855E+02 -5.663119E+00  5.000000E+00
             4224  1.100503E+02 -4.949748E+00  5.000000E+00
             4225  1.093369E+02 -4.114497E+00  5.000000E+00
             4226  1.087630E+02 -3.177933E+00  5.000000E+00
             4227  1.083426E+02 -2.163119E+00  5.000000E+00
             4228  1.080862E+02 -1.095041E+00  5.000000E+00
             4229  1.139050E+02  6.913818E+00  5.000000E+00
             4230  1.128369E+02  6.657396E+00  5.000000E+00
             4231  1.118221E+02  6.237046E+00  5.000000E+00
             4232  1.108855E+02  5.663119E+00  5.000000E+00
             4233  1.100503E+02  4.949748E+00  5.000000E+00
             4234  1.093369E+02  4.114497E+00  5.000000E+00
             4235  1.087630E+02  3.177933E+00  5.000000E+00
             4236  1.083426E+02  2.163119E+00  5.000000E+00
             4237  1.080862E+02  1.095041E+00  5.000000E+00
             4238  1.160950E+02  6.913818E+00  5.000000E+00
             4239  1.171631E+02  6.657396E+00  5.000000E+00
             4240  1.181779E+02  6.237046E+00  5.000000E+00
             4241  1.191145E+02  5.663119E+00  5.000000E+00
             4242  1.199497E+02  4.949748E+00  5.000000E+00
             4243  1.206631E+02  4.114497E+00  5.000000E+00
             4244  1.212370E+02  3.177933E+00  5.000000E+00
             4245  1.216574E+02  2.163119E+00  5.000000E+00
             4246  1.219138E+02  1.095041E+00  5.000000E+00
             4247  1.639050E+02  6.913818E+00  5.000000E+00
             4248  1.628369E+02  6.657396E+00  5.000000E+00
             4249  1.618221E+02  6.237046E+00  5.000000E+00
             4250  1.608855E+02  5.663119E+00  5.000000E+00
             4251  1.600502E+02  4.949748E+00  5.000000E+00
             4252  1.593369E+02  4.114497E+00  5.000000E+00
             4253  1.587630E+02  3.177933E+00  5.000000E+00
             4254  1.583426E+02  2.163119E+00  5.000000E+00
             4255  1.580862E+02  1.095041E+00  5.000000E+00
             4256  1.639050E+02 -6.913818E+00  5.000000E+00
             4257  1.628369E+02 -6.657396E+00  5.000000E+00
             4258  1.618221E+02 -6.237046E+00  5.000000E+00
             4259  1.608855E+02 -5.663119E+00  5.000000E+00
             4260  1.600502E+02 -4.949748E+00  5.000000E+00
             4261  1.593369E+02 -4.114497E+00  5.000000E+00
             4262  1.587630E+02 -3.177933E+00  5.000000E+00
             4263  1.583426E+02 -2.163119E+00  5.000000E+00
             4264  1.580862E+02 -1.095041E+00  5.000000E+00
             4265  1.719138E+02 -1.095041E+00  5.000000E+00
             4266  1.716574E+02 -2.163119E+00  5.000000E+00
             4267  1.712370E+02 -3.177933E+00  5.000000E+00
             4268  1.706631E+02 -4.114497E+00  5.000000E+00
             4269  1.699498E+02 -4.949748E+00  5.000000E+00
             4270  1.691145E+02 -5.663119E+00  5.000000E+00
             4271  1.681779E+02 -6.237046E+00  5.000000E+00
             4272  1.671631E+02 -6.657396E+00  5.000000E+00
             4273  1.660950E+02 -6.913818E+00  5.000000E+00
             4274  1.660950E+02  6.913818E+00  5.000000E+00
             4275  1.671631E+02  6.657396E+00  5.000000E+00
             4276  1.681779E+02  6.237046E+00  5.000000E+00
             4277  1.691145E+02  5.663119E+00  5.000000E+00
             4278  1.699498E+02  4.949748E+00  5.000000E+00
             4279  1.706631E+02  4.114497E+00  5.000000E+00
             4280  1.712370E+02  3.177933E+00  5.000000E+00
             4281  1.716574E+02  2.163119E+00  5.000000E+00
             4282  1.719138E+02  1.095041E+00  5.000000E+00
             4283  1.139050E+02 -6.913818E+00  3.000000E+00
             4284  1.128369E+02 -6.657396E+00  3.000000E+00
             4285  1.118221E+02 -6.237046E+00  3.000000E+00
             4286  1.108855E+02 -5.663119E+00  3.000000E+00
             4287  1.100503E+02 -4.949748E+00  3.000000E+00
             4288  1.093369E+02 -4.114497E+00  3.000000E+00
             4289  1.087630E+02 -3.177933E+00  3.000000E+00
             4290  1.083426E+02 -2.163119E+00  3.000000E+00
             4291  1.080862E+02 -1.095041E+00  3.000000E+00
             4292  1.139050E+02  6.913818E+00  3.000000E+00
             4293  1.128369E+02  6.657396E+00  3.000000E+00
             4294  1.118221E+02  6.237046E+00  3.000000E+00
             4295  1.108855E+02  5.663119E+00  3.000000E+00
             4296  1.100503E+02  4.949748E+00  3.000000E+00
             4297  1.093369E+02  4.114497E+00  3.000000E+00
             4298  1.087630E+02  3.177933E+00  3.000000E+00
             4299  1.083426E+02  2.163119E+00  3.000000E+00
             4300  1.080862E+02  1.095041E+00  3.000000E+00
             4301  1.160950E+02  6.913818E+00  3.000000E+00
             4302  1.171631E+02  6.657396E+00  3.000000E+00
             4303  1.181779E+02  6.237046E+00  3.000000E+00
             4304  1.191145E+02  5.663119E+00  3.000000E+00
             4305  1.199497E+02  4.949748E+00  3.000000E+00
             4306  1.206631E+02  4.114497E+00  3.000000E+00
             4307  1.212370E+02  3.177933E+00  3.000000E+00
             4308  1.216574E+02  2.163119E+00  3.000000E+00
             4309  1.219138E+02  1.095041E+00  3.000000E+00
             4310  1.219138E+02 -1.095041E+00  3.000000E+00
             4311  1.216574E+02 -2.163119E+00  3.000000E+00
             4312  1.212370E+02 -3.177933E+00  3.000000E+00
             4313  1.206631E+02 -4.114497E+00  3.000000E+00
             4314  1.199497E+02 -4.949748E+00  3.000000E+00
             4315  1.191145E+02 -5.663119E+00  3.000000E+00
             4316  1.181779E+02 -6.237046E+00  3.000000E+00
             4317  1.171631E+02 -6.657396E+00  3.000000E+00
             4318  1.160950E+02 -6.913818E+00  3.000000E+00
             4319  1.639050E+02 -6.913818E+00  3.000000E+00
             4320  1.628369E+02 -6.657396E+00  3.000000E+00
             4321  1.618221E+02 -6.237046E+00  3.000000E+00
             4322  1.608855E+02 -5.663119E+00  3.000000E+00
             4323  1.600502E+02 -4.949748E+00  3.000000E+00
             4324  1.593369E+02 -4.114497E+00  3.000000E+00
             4325  1.587630E+02 -3.177933E+00  3.000000E+00
             4326  1.583426E+02 -2.163119E+00  3.000000E+00
             4327  1.580862E+02 -1.095041E+00  3.000000E+00
             4328  1.639050E+02  6.913818E+00  3.000000E+00
             4329  1.628369E+02  6.657396E+00  3.000000E+00
             4330  1.618221E+02  6.237046E+00  3.000000E+00
             4331  1.608855E+02  5.663119E+00  3.000000E+00
             4332  1.600502E+02  4.949748E+00  3.000000E+00
             4333  1.593369E+02  4.114497E+00  3.000000E+00
             4334  1.587630E+02  3.177933E+00  3.000000E+00
             4335  1.583426E+02  2.163119E+00  3.000000E+00
             4336  1.580862E+02  1.095041E+00  3.000000E+00
             4337  1.660950E+02  6.913818E+00  3.000000E+00
             4338  1.671631E+02  6.657396E+00  3.000000E+00
             4339  1.681779E+02  6.237046E+00  3.000000E+00
             4340  1.691145E+02  5.663119E+00  3.000000E+00
             4341  1.699498E+02  4.949748E+00  3.000000E+00
             4342  1.706631E+02  4.114497E+00  3.000000E+00
             4343  1.712370E+02  3.177933E+00  3.000000E+00
             4344  1.716574E+02  2.163119E+00  3.000000E+00
             4345  1.719138E+02  1.095041E+00  3.000000E+00
             4346  1.719138E+02 -1.095041E+00  3.000000E+00
             4347  1.716574E+02 -2.163119E+00  3.000000E+00
             4348  1.712370E+02 -3.177933E+00  3.000000E+00
             4349  1.706631E+02 -4.114497E+00  3.000000E+00
             4350  1.699498E+02 -4.949748E+00  3.000000E+00
             4351  1.691145E+02 -5.663119E+00  3.000000E+00
             4352  1.681779E+02 -6.237046E+00  3.000000E+00
             4353  1.671631E+02 -6.657396E+00  3.000000E+00
             4354  1.660950E+02 -6.913818E+00  3.000000E+00
             4355  1.173059E+02 -1.229190E+01  3.000000E+00
             4356  1.182040E+02 -1.569460E+01  3.000000E+00
             4357  1.191020E+02 -1.909730E+01  3.000000E+00
             4358  1.195859E+02 -1.204463E+01  3.000000E+00
             4359  1.213906E+02 -1.552975E+01  3.000000E+00
             4360  1.231953E+02 -1.901488E+01  3.000000E+00
             4361  1.218144E+02 -1.163929E+01  3.000000E+00
             4362  1.245430E+02 -1.525953E+01  3.000000E+00
             4363  1.272715E+02 -1.887976E+01  3.000000E+00
             4364  1.239676E+02 -1.108587E+01  3.000000E+00
             4365  1.276450E+02 -1.489058E+01  3.000000E+00
             4366  1.313225E+02 -1.869529E+01  3.000000E+00
             4367  1.260230E+02 -1.039797E+01  3.000000E+00
             4368  1.306820E+02 -1.443198E+01  3.000000E+00
             4369  1.353410E+02 -1.846599E+01  3.000000E+00
             4370  1.267109E+02 -8.467550E+00  3.000000E+00
             4371  1.311406E+02 -1.164503E+01  3.000000E+00
             4372  1.355703E+02 -1.482252E+01  3.000000E+00
             4373  1.272643E+02 -6.439436E+00  3.000000E+00
             4374  1.315095E+02 -8.792957E+00  3.000000E+00
             4375  1.357548E+02 -1.114648E+01  3.000000E+00
             4376  1.276696E+02 -4.335865E+00  3.000000E+00
             4377  1.317798E+02 -5.890577E+00  3.000000E+00
             4378  1.358899E+02 -7.445288E+00  3.000000E+00
             4379  1.279169E+02 -2.180933E+00  3.000000E+00
             4380  1.319446E+02 -2.953955E+00  3.000000E+00
             4381  1.359723E+02 -3.726978E+00  3.000000E+00
             4382  1.191020E+02  1.909730E+01  3.000000E+00
             4383  1.182040E+02  1.569460E+01  3.000000E+00
             4384  1.173059E+02  1.229190E+01  3.000000E+00
             4385  1.231953E+02  1.901488E+01  3.000000E+00
             4386  1.213906E+02  1.552975E+01  3.000000E+00
             4387  1.195859E+02  1.204463E+01  3.000000E+00
             4388  1.272715E+02  1.887976E+01  3.000000E+00
             4389  1.245430E+02  1.525953E+01  3.000000E+00
             4390  1.218144E+02  1.163929E+01  3.000000E+00
             4391  1.313225E+02  1.869529E+01  3.000000E+00
             4392  1.276450E+02  1.489058E+01  3.000000E+00
             4393  1.239676E+02  1.108587E+01  3.000000E+00
             4394  1.353410E+02  1.846599E+01  3.000000E+00
             4395  1.306820E+02  1.443198E+01  3.000000E+00
             4396  1.260230E+02  1.039797E+01  3.000000E+00
             4397  1.355703E+02  1.482252E+01  3.000000E+00
             4398  1.311406E+02  1.164503E+01  3.000000E+00
             4399  1.267109E+02  8.467550E+00  3.000000E+00
             4400  1.357548E+02  1.114648E+01  3.000000E+00
             4401  1.315095E+02  8.792957E+00  3.000000E+00
             4402  1.272643E+02  6.439436E+00  3.000000E+00
             4403  1.358899E+02  7.445288E+00  3.000000E+00
             4404  1.317798E+02  5.890577E+00  3.000000E+00
             4405  1.276696E+02  4.335865E+00  3.000000E+00
             4406  1.359723E+02  3.726978E+00  3.000000E+00
             4407  1.319446E+02  2.953955E+00  3.000000E+00
             4408  1.279169E+02  2.180933E+00  3.000000E+00
             4409  1.105980E+02  1.909730E+01  3.000000E+00
             4410  1.062047E+02  1.901488E+01  3.000000E+00
             4411  1.018285E+02  1.887976E+01  3.000000E+00
             4412  9.747749E+01  1.869529E+01  3.000000E+00
             4413  9.315900E+01  1.846599E+01  3.000000E+00
             4414  9.292971E+01  1.482252E+01  3.000000E+00
             4415  9.274523E+01  1.114648E+01  3.000000E+00
             4416  9.261012E+01  7.445288E+00  3.000000E+00
             4417  9.252770E+01  3.726978E+00  3.000000E+00
             4418  1.115960E+02  1.569460E+01  3.000000E+00
             4419  1.082094E+02  1.552975E+01  3.000000E+00
             4420  1.048570E+02  1.525953E+01  3.000000E+00
             4421  1.015550E+02  1.489058E+01  3.000000E+00
             4422  9.831802E+01  1.443198E+01  3.000000E+00
             4423  9.785942E+01  1.164503E+01  3.000000E+00
             4424  9.749047E+01  8.792957E+00  3.000000E+00
             4425  9.722025E+01  5.890577E+00  3.000000E+00
             4426  9.705540E+01  2.953955E+00  3.000000E+00
             4427  1.125941E+02  1.229190E+01  3.000000E+00
             4428  1.102141E+02  1.204463E+01  3.000000E+00
             4429  1.078856E+02  1.163929E+01  3.000000E+00
             4430  1.056324E+02  1.108587E+01  3.000000E+00
             4431  1.034770E+02  1.039797E+01  3.000000E+00
             4432  1.027891E+02  8.467550E+00  3.000000E+00
             4433  1.022357E+02  6.439436E+00  3.000000E+00
             4434  1.018304E+02  4.335865E+00  3.000000E+00
             4435  1.015831E+02  2.180933E+00  3.000000E+00
             4436  1.015831E+02 -2.180933E+00  3.000000E+00
             4437  9.705540E+01 -2.953955E+00  3.000000E+00
             4438  9.252770E+01 -3.726978E+00  3.000000E+00
             4439  1.018304E+02 -4.335865E+00  3.000000E+00
             4440  9.722025E+01 -5.890577E+00  3.000000E+00
             4441  9.261012E+01 -7.445288E+00  3.000000E+00
             4442  1.022357E+02 -6.439436E+00  3.000000E+00
             4443  9.749047E+01 -8.792957E+00  3.000000E+00
             4444  9.274523E+01 -1.114648E+01  3.000000E+00
             4445  1.027891E+02 -8.467550E+00  3.000000E+00
             4446  9.785942E+01 -1.164503E+01  3.000000E+00
             4447  9.292971E+01 -1.482252E+01  3.000000E+00
             4448  1.034770E+02 -1.039797E+01  3.000000E+00
             4449  9.831802E+01 -1.443198E+01  3.000000E+00
             4450  9.315900E+01 -1.846599E+01  3.000000E+00
             4451  1.056324E+02 -1.108587E+01  3.000000E+00
             4452  1.015550E+02 -1.489058E+01  3.000000E+00
             4453  9.747749E+01 -1.869529E+01  3.000000E+00
             4454  1.078856E+02 -1.163929E+01  3.000000E+00
             4455  1.048570E+02 -1.525953E+01  3.000000E+00
             4456  1.018285E+02 -1.887976E+01  3.000000E+00
             4457  1.102141E+02 -1.204463E+01  3.000000E+00
             4458  1.082094E+02 -1.552975E+01  3.000000E+00
             4459  1.062047E+02 -1.901488E+01  3.000000E+00
             4460  1.125941E+02 -1.229190E+01  3.000000E+00
             4461  1.115960E+02 -1.569460E+01  3.000000E+00
             4462  1.105980E+02 -1.909730E+01  3.000000E+00
             4463  1.520831E+02 -2.180933E+00  3.000000E+00
             4464  1.480554E+02 -2.953955E+00  3.000000E+00
             4465  1.440277E+02 -3.726978E+00  3.000000E+00
             4466  1.523304E+02 -4.335865E+00  3.000000E+00
             4467  1.482202E+02 -5.890577E+00  3.000000E+00
             4468  1.441101E+02 -7.445288E+00  3.000000E+00
             4469  1.527357E+02 -6.439436E+00  3.000000E+00
             4470  1.484905E+02 -8.792957E+00  3.000000E+00
             4471  1.442452E+02 -1.114648E+01  3.000000E+00
             4472  1.532891E+02 -8.467550E+00  3.000000E+00
             4473  1.488594E+02 -1.164503E+01  3.000000E+00
             4474  1.444297E+02 -1.482252E+01  3.000000E+00
             4475  1.539770E+02 -1.039797E+01  3.000000E+00
             4476  1.493180E+02 -1.443198E+01  3.000000E+00
             4477  1.446590E+02 -1.846599E+01  3.000000E+00
             4478  1.560325E+02 -1.108587E+01  3.000000E+00
             4479  1.523550E+02 -1.489058E+01  3.000000E+00
             4480  1.486775E+02 -1.869529E+01  3.000000E+00
             4481  1.581856E+02 -1.163929E+01  3.000000E+00
             4482  1.554570E+02 -1.525953E+01  3.000000E+00
             4483  1.527285E+02 -1.887976E+01  3.000000E+00
             4484  1.604141E+02 -1.204463E+01  3.000000E+00
             4485  1.586094E+02 -1.552975E+01  3.000000E+00
             4486  1.568047E+02 -1.901488E+01  3.000000E+00
             4487  1.626941E+02 -1.229190E+01  3.000000E+00
             4488  1.617961E+02 -1.569460E+01  3.000000E+00
             4489  1.608980E+02 -1.909730E+01  3.000000E+00
             4490  1.673059E+02 -1.229190E+01  3.000000E+00
             4491  1.682039E+02 -1.569460E+01  3.000000E+00
             4492  1.691020E+02 -1.909730E+01  3.000000E+00
             4493  1.695859E+02 -1.204463E+01  3.000000E+00
             4494  1.713906E+02 -1.552975E+01  3.000000E+00
             4495  1.731953E+02 -1.901488E+01  3.000000E+00
             4496  1.718144E+02 -1.163929E+01  3.000000E+00
             4497  1.745430E+02 -1.525953E+01  3.000000E+00
             4498  1.772715E+02 -1.887976E+01  3.000000E+00
             4499  1.739675E+02 -1.108587E+01  3.000000E+00
             4500  1.776450E+02 -1.489058E+01  3.000000E+00
             4501  1.813225E+02 -1.869529E+01  3.000000E+00
             4502  1.760230E+02 -1.039797E+01  3.000000E+00
             4503  1.806820E+02 -1.443198E+01  3.000000E+00
             4504  1.853410E+02 -1.846599E+01  3.000000E+00
             4505  1.767109E+02 -8.467550E+00  3.000000E+00
             4506  1.811406E+02 -1.164503E+01  3.000000E+00
             4507  1.855703E+02 -1.482252E+01  3.000000E+00
             4508  1.772643E+02 -6.439436E+00  3.000000E+00
             4509  1.815095E+02 -8.792957E+00  3.000000E+00
             4510  1.857548E+02 -1.114648E+01  3.000000E+00
             4511  1.776696E+02 -4.335865E+00  3.000000E+00
             4512  1.817798E+02 -5.890577E+00  3.000000E+00
             4513  1.858899E+02 -7.445288E+00  3.000000E+00
             4514  1.779169E+02 -2.180933E+00  3.000000E+00
             4515  1.819446E+02 -2.953955E+00  3.000000E+00
             4516  1.859723E+02 -3.726978E+00  3.000000E+00
             4517  1.673059E+02  1.229190E+01  3.000000E+00
             4518  1.682039E+02  1.569460E+01  3.000000E+00
             4519  1.691020E+02  1.909730E+01  3.000000E+00
             4520  1.695859E+02  1.204463E+01  3.000000E+00
             4521  1.713906E+02  1.552975E+01  3.000000E+00
             4522  1.731953E+02  1.901488E+01  3.000000E+00
             4523  1.718144E+02  1.163929E+01  3.000000E+00
             4524  1.745430E+02  1.525953E+01  3.000000E+00
             4525  1.772715E+02  1.887976E+01  3.000000E+00
             4526  1.739675E+02  1.108587E+01  3.000000E+00
             4527  1.776450E+02  1.489058E+01  3.000000E+00
             4528  1.813225E+02  1.869529E+01  3.000000E+00
             4529  1.760230E+02  1.039797E+01  3.000000E+00
             4530  1.806820E+02  1.443198E+01  3.000000E+00
             4531  1.853410E+02  1.846599E+01  3.000000E+00
             4532  1.767109E+02  8.467550E+00  3.000000E+00
             4533  1.811406E+02  1.164503E+01  3.000000E+00
             4534  1.855703E+02  1.482252E+01  3.000000E+00
             4535  1.772643E+02  6.439436E+00  3.000000E+00
             4536  1.815095E+02  8.792957E+00  3.000000E+00
             4537  1.857548E+02  1.114648E+01  3.000000E+00
             4538  1.776696E+02  4.335865E+00  3.000000E+00
             4539  1.817798E+02  5.890577E+00  3.000000E+00
             4540  1.858899E+02  7.445288E+00  3.000000E+00
             4541  1.779169E+02  2.180933E+00  3.000000E+00
             4542  1.819446E+02  2.953955E+00  3.000000E+00
             4543  1.859723E+02  3.726978E+00  3.000000E+00
             4544  1.626941E+02  1.229190E+01  3.000000E+00
             4545  1.617961E+02  1.569460E+01  3.000000E+00
             4546  1.608980E+02  1.909730E+01  3.000000E+00
             4547  1.604141E+02  1.204463E+01  3.000000E+00
             4548  1.586094E+02  1.552975E+01  3.000000E+00
             4549  1.568047E+02  1.901488E+01  3.000000E+00
             4550  1.581856E+02  1.163929E+01  3.000000E+00
             4551  1.554570E+02  1.525953E+01  3.000000E+00
             4552  1.527285E+02  1.887976E+01  3.000000E+00
             4553  1.560325E+02  1.108587E+01  3.000000E+00
             4554  1.523550E+02  1.489058E+01  3.000000E+00
             4555  1.486775E+02  1.869529E+01  3.000000E+00
             4556  1.539770E+02  1.039797E+01  3.000000E+00
             4557  1.493180E+02  1.443198E+01  3.000000E+00
             4558  1.446590E+02  1.846599E+01  3.000000E+00
             4559  1.532891E+02  8.467550E+00  3.000000E+00
             4560  1.488594E+02  1.164503E+01  3.000000E+00
             4561  1.444297E+02  1.482252E+01  3.000000E+00
             4562  1.527357E+02  6.439436E+00  3.000000E+00
             4563  1.484905E+02  8.792957E+00  3.000000E+00
             4564  1.442452E+02  1.114648E+01  3.000000E+00
             4565  1.523304E+02  4.335865E+00  3.000000E+00
             4566  1.482202E+02  5.890577E+00  3.000000E+00
             4567  1.441101E+02  7.445288E+00  3.000000E+00
             4568  1.520831E+02  2.180933E+00  3.000000E+00
             4569  1.480554E+02  2.953955E+00  3.000000E+00
             4570  1.440277E+02  3.726978E+00  3.000000E+00
             4571  1.900000E+02  1.800000E+01  1.000000E+00
             4572  1.900000E+02  1.800000E+01 -1.000000E+00
             4573  1.900000E+02  1.350000E+01  1.000000E+00
             4574  1.900000E+02  1.350000E+01 -1.000000E+00
             4575  1.900000E+02  9.000000E+00  1.000000E+00
             4576  1.900000E+02  9.000000E+00 -1.000000E+00
             4577  1.900000E+02  4.500000E+00  1.000000E+00
             4578  1.900000E+02  4.500000E+00 -1.000000E+00
             4579  1.860000E+02 -4.653520E-13  1.000000E+00
             4580  1.860000E+02 -4.653520E-13 -1.000000E+00
             4581  1.820000E+02 -9.307040E-13  1.000000E+00
             4582  1.820000E+02 -9.307040E-13 -1.000000E+00
             4583  1.780000E+02 -1.396056E-12  1.000000E+00
             4584  1.780000E+02 -1.396056E-12 -1.000000E+00
             4585  1.664079E+02  8.889194E+00  1.000000E+00
             4586  1.664079E+02  8.889194E+00 -1.000000E+00
             4587  1.677812E+02  8.559508E+00  1.000000E+00
             4588  1.677812E+02  8.559508E+00 -1.000000E+00
             4589  1.690859E+02  8.019058E+00  1.000000E+00
             4590  1.690859E+02  8.019058E+00 -1.000000E+00
             4591  1.702901E+02  7.281153E+00  1.000000E+00
             4592  1.702901E+02  7.281153E+00 -1.000000E+00
             4593  1.713640E+02  6.363961E+00  1.000000E+00
             4594  1.713640E+02  6.363961E+00 -1.000000E+00
             4595  1.722812E+02  5.290067E+00  1.000000E+00
             4596  1.722812E+02  5.290067E+00 -1.000000E+00
             4597  1.730191E+02  4.085915E+00  1.000000E+00
             4598  1.730191E+02  4.085915E+00 -1.000000E+00
             4599  1.735595E+02  2.781153E+00  1.000000E+00
             4600  1.735595E+02  2.781153E+00 -1.000000E+00
             4601  1.738892E+02  1.407910E+00  1.000000E+00
             4602  1.738892E+02  1.407910E+00 -1.000000E+00
             4603  1.650000E+02  1.237500E+01  1.000000E+00
             4604  1.650000E+02  1.237500E+01 -1.000000E+00
             4605  1.650000E+02  1.575000E+01  1.000000E+00
             4606  1.650000E+02  1.575000E+01 -1.000000E+00
             4607  1.650000E+02  1.912500E+01  1.000000E+00
             4608  1.650000E+02  1.912500E+01 -1.000000E+00
             4609  1.700000E+02  2.250000E+01  1.000000E+00
             4610  1.700000E+02  2.250000E+01 -1.000000E+00
             4611  1.750000E+02  2.250000E+01  1.000000E+00
             4612  1.750000E+02  2.250000E+01 -1.000000E+00
             4613  1.800000E+02  2.250000E+01  1.000000E+00
             4614  1.800000E+02  2.250000E+01 -1.000000E+00
             4615  1.850000E+02  2.250000E+01  1.000000E+00
             4616  1.850000E+02  2.250000E+01 -1.000000E+00
             4617  1.673059E+02  1.229190E+01 -3.000000E+00
             4618  1.682039E+02  1.569460E+01 -3.000000E+00
             4619  1.691020E+02  1.909730E+01 -3.000000E+00
             4620  1.695859E+02  1.204463E+01 -3.000000E+00
             4621  1.713906E+02  1.552975E+01 -3.000000E+00
             4622  1.731953E+02  1.901488E+01 -3.000000E+00
             4623  1.718144E+02  1.163929E+01 -3.000000E+00
             4624  1.745430E+02  1.525953E+01 -3.000000E+00
             4625  1.772715E+02  1.887976E+01 -3.000000E+00
             4626  1.739675E+02  1.108587E+01 -3.000000E+00
             4627  1.776450E+02  1.489058E+01 -3.000000E+00
             4628  1.813225E+02  1.869529E+01 -3.000000E+00
             4629  1.760230E+02  1.039797E+01 -3.000000E+00
             4630  1.806820E+02  1.443198E+01 -3.000000E+00
             4631  1.853410E+02  1.846599E+01 -3.000000E+00
             4632  1.767109E+02  8.467550E+00 -3.000000E+00
             4633  1.811406E+02  1.164503E+01 -3.000000E+00
             4634  1.855703E+02  1.482252E+01 -3.000000E+00
             4635  1.772643E+02  6.439436E+00 -3.000000E+00
             4636  1.815095E+02  8.792957E+00 -3.000000E+00
             4637  1.857548E+02  1.114648E+01 -3.000000E+00
             4638  1.776696E+02  4.335865E+00 -3.000000E+00
             4639  1.817798E+02  5.890577E+00 -3.000000E+00
             4640  1.858899E+02  7.445288E+00 -3.000000E+00
             4641  1.779169E+02  2.180933E+00 -3.000000E+00
             4642  1.819446E+02  2.953955E+00 -3.000000E+00
             4643  1.859723E+02  3.726978E+00 -3.000000E+00
             4644  1.650000E+02 -1.912500E+01  1.000000E+00
             4645  1.650000E+02 -1.912500E+01 -1.000000E+00
             4646  1.650000E+02 -1.575000E+01  1.000000E+00
             4647  1.650000E+02 -1.575000E+01 -1.000000E+00
             4648  1.650000E+02 -1.237500E+01  1.000000E+00
             4649  1.650000E+02 -1.237500E+01 -1.000000E+00
             4650  1.664079E+02 -8.889194E+00  1.000000E+00
             4651  1.664079E+02 -8.889194E+00 -1.000000E+00
             4652  1.677812E+02 -8.559508E+00  1.000000E+00
             4653  1.677812E+02 -8.559508E+00 -1.000000E+00
             4654  1.690859E+02 -8.019058E+00  1.000000E+00
             4655  1.690859E+02 -8.019058E+00 -1.000000E+00
             4656  1.702901E+02 -7.281153E+00  1.000000E+00
             4657  1.702901E+02 -7.281153E+00 -1.000000E+00
             4658  1.713640E+02 -6.363961E+00  1.000000E+00
             4659  1.713640E+02 -6.363961E+00 -1.000000E+00
             4660  1.722812E+02 -5.290067E+00  1.000000E+00
             4661  1.722812E+02 -5.290067E+00 -1.000000E+00
             4662  1.730191E+02 -4.085915E+00  1.000000E+00
             4663  1.730191E+02 -4.085915E+00 -1.000000E+00
             4664  1.735595E+02 -2.781153E+00  1.000000E+00
             4665  1.735595E+02 -2.781153E+00 -1.000000E+00
             4666  1.738892E+02 -1.407910E+00  1.000000E+00
             4667  1.738892E+02 -1.407910E+00 -1.000000E+00
             4668  1.900000E+02 -4.500000E+00  1.000000E+00
             4669  1.900000E+02 -4.500000E+00 -1.000000E+00
             4670  1.900000E+02 -9.000000E+00  1.000000E+00
             4671  1.900000E+02 -9.000000E+00 -1.000000E+00
             4672  1.900000E+02 -1.350000E+01  1.000000E+00
             4673  1.900000E+02 -1.350000E+01 -1.000000E+00
             4674  1.900000E+02 -1.800000E+01  1.000000E+00
             4675  1.900000E+02 -1.800000E+01 -1.000000E+00
             4676  1.850000E+02 -2.250000E+01  1.000000E+00
             4677  1.850000E+02 -2.250000E+01 -1.000000E+00
             4678  1.800000E+02 -2.250000E+01  1.000000E+00
             4679  1.800000E+02 -2.250000E+01 -1.000000E+00
             4680  1.750000E+02 -2.250000E+01  1.000000E+00
             4681  1.750000E+02 -2.250000E+01 -1.000000E+00
             4682  1.700000E+02 -2.250000E+01  1.000000E+00
             4683  1.700000E+02 -2.250000E+01 -1.000000E+00
             4684  1.673059E+02 -1.229190E+01 -3.000000E+00
             4685  1.682039E+02 -1.569460E+01 -3.000000E+00
             4686  1.691020E+02 -1.909730E+01 -3.000000E+00
             4687  1.695859E+02 -1.204463E+01 -3.000000E+00
             4688  1.713906E+02 -1.552975E+01 -3.000000E+00
             4689  1.731953E+02 -1.901488E+01 -3.000000E+00
             4690  1.718144E+02 -1.163929E+01 -3.000000E+00
             4691  1.745430E+02 -1.525953E+01 -3.000000E+00
             4692  1.772715E+02 -1.887976E+01 -3.000000E+00
             4693  1.739675E+02 -1.108587E+01 -3.000000E+00
             4694  1.776450E+02 -1.489058E+01 -3.000000E+00
             4695  1.813225E+02 -1.869529E+01 -3.000000E+00
             4696  1.760230E+02 -1.039797E+01 -3.000000E+00
             4697  1.806820E+02 -1.443198E+01 -3.000000E+00
             4698  1.853410E+02 -1.846599E+01 -3.000000E+00
             4699  1.767109E+02 -8.467550E+00 -3.000000E+00
             4700  1.811406E+02 -1.164503E+01 -3.000000E+00
             4701  1.855703E+02 -1.482252E+01 -3.000000E+00
             4702  1.772643E+02 -6.439436E+00 -3.000000E+00
             4703  1.815095E+02 -8.792957E+00 -3.000000E+00
             4704  1.857548E+02 -1.114648E+01 -3.000000E+00
             4705  1.776696E+02 -4.335865E+00 -3.000000E+00
             4706  1.817798E+02 -5.890577E+00 -3.000000E+00
             4707  1.858899E+02 -7.445288E+00 -3.000000E+00
             4708  1.779169E+02 -2.180933E+00 -3.000000E+00
             4709  1.819446E+02 -2.953955E+00 -3.000000E+00
             4710  1.859723E+02 -3.726978E+00 -3.000000E+00
             4711  1.635921E+02 -8.889194E+00  1.000000E+00
             4712  1.635921E+02 -8.889194E+00 -1.000000E+00
             4713  1.622188E+02 -8.559508E+00  1.000000E+00
             4714  1.622188E+02 -8.559508E+00 -1.000000E+00
             4715  1.609141E+02 -8.019058E+00  1.000000E+00
             4716  1.609141E+02 -8.019058E+00 -1.000000E+00
             4717  1.597099E+02 -7.281153E+00  1.000000E+00
             4718  1.597099E+02 -7.281153E+00 -1.000000E+00
             4719  1.586360E+02 -6.363961E+00  1.000000E+00
             4720  1.586360E+02 -6.363961E+00 -1.000000E+00
             4721  1.577188E+02 -5.290067E+00  1.000000E+00
             4722  1.577188E+02 -5.290067E+00 -1.000000E+00
             4723  1.569809E+02 -4.085915E+00  1.000000E+00
             4724  1.569809E+02 -4.085915E+00 -1.000000E+00
             4725  1.564405E+02 -2.781153E+00  1.000000E+00
             4726  1.564405E+02 -2.781153E+00 -1.000000E+00
             4727  1.561108E+02 -1.407910E+00  1.000000E+00
             4728  1.561108E+02 -1.407910E+00 -1.000000E+00
             4729  1.520000E+02  0.000000E+00  1.000000E+00
             4730  1.520000E+02  0.000000E+00 -1.000000E+00
             4731  1.480000E+02  0.000000E+00  1.000000E+00
             4732  1.480000E+02  0.000000E+00 -1.000000E+00
             4733  1.440000E+02  0.000000E+00  1.000000E+00
             4734  1.440000E+02  0.000000E+00 -1.000000E+00
             4735  1.400000E+02 -1.800000E+01  1.000000E+00
             4736  1.400000E+02 -1.800000E+01 -1.000000E+00
             4737  1.400000E+02 -1.350000E+01  1.000000E+00
             4738  1.400000E+02 -1.350000E+01 -1.000000E+00
             4739  1.400000E+02 -9.000000E+00  1.000000E+00
             4740  1.400000E+02 -9.000000E+00 -1.000000E+00
             4741  1.400000E+02 -4.500000E+00  1.000000E+00
             4742  1.400000E+02 -4.500000E+00 -1.000000E+00
             4743  1.600000E+02 -2.250000E+01  1.000000E+00
             4744  1.600000E+02 -2.250000E+01 -1.000000E+00
             4745  1.550000E+02 -2.250000E+01  1.000000E+00
             4746  1.550000E+02 -2.250000E+01 -1.000000E+00
             4747  1.500000E+02 -2.250000E+01  1.000000E+00
             4748  1.500000E+02 -2.250000E+01 -1.000000E+00
             4749  1.450000E+02 -2.250000E+01  1.000000E+00
             4750  1.450000E+02 -2.250000E+01 -1.000000E+00
             4751  1.520831E+02 -2.180933E+00 -3.000000E+00
             4752  1.480554E+02 -2.953955E+00 -3.000000E+00
             4753  1.440277E+02 -3.726978E+00 -3.000000E+00
             4754  1.523304E+02 -4.335865E+00 -3.000000E+00
             4755  1.482202E+02 -5.890577E+00 -3.000000E+00
             4756  1.441101E+02 -7.445288E+00 -3.000000E+00
             4757  1.527357E+02 -6.439436E+00 -3.000000E+00
             4758  1.484905E+02 -8.792957E+00 -3.000000E+00
             4759  1.442452E+02 -1.114648E+01 -3.000000E+00
             4760  1.532891E+02 -8.467550E+00 -3.000000E+00
             4761  1.488594E+02 -1.164503E+01 -3.000000E+00
             4762  1.444297E+02 -1.482252E+01 -3.000000E+00
             4763  1.539770E+02 -1.039797E+01 -3.000000E+00
             4764  1.493180E+02 -1.443198E+01 -3.000000E+00
             4765  1.446590E+02 -1.846599E+01 -3.000000E+00
             4766  1.560325E+02 -1.108587E+01 -3.000000E+00
             4767  1.523550E+02 -1.489058E+01 -3.000000E+00
             4768  1.486775E+02 -1.869529E+01 -3.000000E+00
             4769  1.581856E+02 -1.163929E+01 -3.000000E+00
             4770  1.554570E+02 -1.525953E+01 -3.000000E+00
             4771  1.527285E+02 -1.887976E+01 -3.000000E+00
             4772  1.604141E+02 -1.204463E+01 -3.000000E+00
             4773  1.586094E+02 -1.552975E+01 -3.000000E+00
             4774  1.568047E+02 -1.901488E+01 -3.000000E+00
             4775  1.626941E+02 -1.229190E+01 -3.000000E+00
             4776  1.617961E+02 -1.569460E+01 -3.000000E+00
             4777  1.608980E+02 -1.909730E+01 -3.000000E+00
             4778  1.600000E+02  2.250000E+01  1.000000E+00
             4779  1.600000E+02  2.250000E+01 -1.000000E+00
             4780  1.550000E+02  2.250000E+01  1.000000E+00
             4781  1.550000E+02  2.250000E+01 -1.000000E+00
             4782  1.500000E+02  2.250000E+01  1.000000E+00
             4783  1.500000E+02  2.250000E+01 -1.000000E+00
             4784  1.450000E+02  2.250000E+01  1.000000E+00
             4785  1.450000E+02  2.250000E+01 -1.000000E+00
             4786  1.400000E+02  4.500000E+00  1.000000E+00
             4787  1.400000E+02  4.500000E+00 -1.000000E+00
             4788  1.400000E+02  9.000000E+00  1.000000E+00
             4789  1.400000E+02  9.000000E+00 -1.000000E+00
             4790  1.400000E+02  1.350000E+01  1.000000E+00
             4791  1.400000E+02  1.350000E+01 -1.000000E+00
             4792  1.400000E+02  1.800000E+01  1.000000E+00
             4793  1.400000E+02  1.800000E+01 -1.000000E+00
             4794  1.561108E+02  1.407910E+00  1.000000E+00
             4795  1.561108E+02  1.407910E+00 -1.000000E+00
             4796  1.564405E+02  2.781153E+00  1.000000E+00
             4797  1.564405E+02  2.781153E+00 -1.000000E+00
             4798  1.569809E+02  4.085915E+00  1.000000E+00
             4799  1.569809E+02  4.085915E+00 -1.000000E+00
             4800  1.577188E+02  5.290067E+00  1.000000E+00
             4801  1.577188E+02  5.290067E+00 -1.000000E+00
             4802  1.586360E+02  6.363961E+00  1.000000E+00
             4803  1.586360E+02  6.363961E+00 -1.000000E+00
             4804  1.597099E+02  7.281153E+00  1.000000E+00
             4805  1.597099E+02  7.281153E+00 -1.000000E+00
             4806  1.609141E+02  8.019058E+00  1.000000E+00
             4807  1.609141E+02  8.019058E+00 -1.000000E+00
             4808  1.622188E+02  8.559508E+00  1.000000E+00
             4809  1.622188E+02  8.559508E+00 -1.000000E+00
             4810  1.635921E+02  8.889194E+00  1.000000E+00
             4811  1.635921E+02  8.889194E+00 -1.000000E+00
             4812  1.626941E+02  1.229190E+01 -3.000000E+00
             4813  1.617961E+02  1.569460E+01 -3.000000E+00
             4814  1.608980E+02  1.909730E+01 -3.000000E+00
             4815  1.604141E+02  1.204463E+01 -3.000000E+00
             4816  1.586094E+02  1.552975E+01 -3.000000E+00
             4817  1.568047E+02  1.901488E+01 -3.000000E+00
             4818  1.581856E+02  1.163929E+01 -3.000000E+00
             4819  1.554570E+02  1.525953E+01 -3.000000E+00
             4820  1.527285E+02  1.887976E+01 -3.000000E+00
             4821  1.560325E+02  1.108587E+01 -3.000000E+00
             4822  1.523550E+02  1.489058E+01 -3.000000E+00
             4823  1.486775E+02  1.869529E+01 -3.000000E+00
             4824  1.539770E+02  1.039797E+01 -3.000000E+00
             4825  1.493180E+02  1.443198E+01 -3.000000E+00
             4826  1.446590E+02  1.846599E+01 -3.000000E+00
             4827  1.532891E+02  8.467550E+00 -3.000000E+00
             4828  1.488594E+02  1.164503E+01 -3.000000E+00
             4829  1.444297E+02  1.482252E+01 -3.000000E+00
             4830  1.527357E+02  6.439436E+00 -3.000000E+00
             4831  1.484905E+02  8.792957E+00 -3.000000E+00
             4832  1.442452E+02  1.114648E+01 -3.000000E+00
             4833  1.523304E+02  4.335865E+00 -3.000000E+00
             4834  1.482202E+02  5.890577E+00 -3.000000E+00
             4835  1.441101E+02  7.445288E+00 -3.000000E+00
             4836  1.520831E+02  2.180933E+00 -3.000000E+00
             4837  1.480554E+02  2.953955E+00 -3.000000E+00
             4838  1.440277E+02  3.726978E+00 -3.000000E+00
             4839  1.360000E+02  2.755455E-16  1.000000E+00
             4840  1.360000E+02  2.755455E-16 -1.000000E+00
             4841  1.320000E+02  5.510910E-16  1.000000E+00
             4842  1.320000E+02  5.510910E-16 -1.000000E+00
             4843  1.280000E+02  8.266365E-16  1.000000E+00
             4844  1.280000E+02  8.266365E-16 -1.000000E+00
             4845  1.164079E+02  8.889194E+00  1.000000E+00
             4846  1.164079E+02  8.889194E+00 -1.000000E+00
             4847  1.177812E+02  8.559508E+00  1.000000E+00
             4848  1.177812E+02  8.559508E+00 -1.000000E+00
             4849  1.190859E+02  8.019058E+00  1.000000E+00
             4850  1.190859E+02  8.019058E+00 -1.000000E+00
             4851  1.202901E+02  7.281153E+00  1.000000E+00
             4852  1.202901E+02  7.281153E+00 -1.000000E+00
             4853  1.213640E+02  6.363961E+00  1.000000E+00
             4854  1.213640E+02  6.363961E+00 -1.000000E+00
             4855  1.222812E+02  5.290067E+00  1.000000E+00
             4856  1.222812E+02  5.290067E+00 -1.000000E+00
             4857  1.230191E+02  4.085915E+00  1.000000E+00
             4858  1.230191E+02  4.085915E+00 -1.000000E+00
             4859  1.235595E+02  2.781153E+00  1.000000E+00
             4860  1.235595E+02  2.781153E+00 -1.000000E+00
             4861  1.238892E+02  1.407910E+00  1.000000E+00
             4862  1.238892E+02  1.407910E+00 -1.000000E+00
             4863  1.150000E+02  1.237500E+01  1.000000E+00
             4864  1.150000E+02  1.237500E+01 -1.000000E+00
             4865  1.150000E+02  1.575000E+01  1.000000E+00
             4866  1.150000E+02  1.575000E+01 -1.000000E+00
             4867  1.150000E+02  1.912500E+01  1.000000E+00
             4868  1.150000E+02  1.912500E+01 -1.000000E+00
             4869  1.350000E+02  2.250000E+01  1.000000E+00
             4870  1.350000E+02  2.250000E+01 -1.000000E+00
             4871  1.300000E+02  2.250000E+01  1.000000E+00
             4872  1.300000E+02  2.250000E+01 -1.000000E+00
             4873  1.250000E+02  2.250000E+01  1.000000E+00
             4874  1.250000E+02  2.250000E+01 -1.000000E+00
             4875  1.200000E+02  2.250000E+01  1.000000E+00
             4876  1.200000E+02  2.250000E+01 -1.000000E+00
             4877  1.191020E+02  1.909730E+01 -3.000000E+00
             4878  1.182040E+02  1.569460E+01 -3.000000E+00
             4879  1.173059E+02  1.229190E+01 -3.000000E+00
             4880  1.231953E+02  1.901488E+01 -3.000000E+00
             4881  1.213906E+02  1.552975E+01 -3.000000E+00
             4882  1.195859E+02  1.204463E+01 -3.000000E+00
             4883  1.272715E+02  1.887976E+01 -3.000000E+00
             4884  1.245430E+02  1.525953E+01 -3.000000E+00
             4885  1.218144E+02  1.163929E+01 -3.000000E+00
             4886  1.313225E+02  1.869529E+01 -3.000000E+00
             4887  1.276450E+02  1.489058E+01 -3.000000E+00
             4888  1.239676E+02  1.108587E+01 -3.000000E+00
             4889  1.353410E+02  1.846599E+01 -3.000000E+00
             4890  1.306820E+02  1.443198E+01 -3.000000E+00
             4891  1.260230E+02  1.039797E+01 -3.000000E+00
             4892  1.355703E+02  1.482252E+01 -3.000000E+00
             4893  1.311406E+02  1.164503E+01 -3.000000E+00
             4894  1.267109E+02  8.467550E+00 -3.000000E+00
             4895  1.357548E+02  1.114648E+01 -3.000000E+00
             4896  1.315095E+02  8.792957E+00 -3.000000E+00
             4897  1.272643E+02  6.439436E+00 -3.000000E+00
             4898  1.358899E+02  7.445288E+00 -3.000000E+00
             4899  1.317798E+02  5.890577E+00 -3.000000E+00
             4900  1.276696E+02  4.335865E+00 -3.000000E+00
             4901  1.359723E+02  3.726978E+00 -3.000000E+00
             4902  1.319446E+02  2.953955E+00 -3.000000E+00
             4903  1.279169E+02  2.180933E+00 -3.000000E+00
             4904  1.238892E+02 -1.407910E+00  1.000000E+00
             4905  1.238892E+02 -1.407910E+00 -1.000000E+00
             4906  1.235595E+02 -2.781153E+00  1.000000E+00
             4907  1.235595E+02 -2.781153E+00 -1.000000E+00
             4908  1.230191E+02 -4.085915E+00  1.000000E+00
             4909  1.230191E+02 -4.085915E+00 -1.000000E+00
             4910  1.222812E+02 -5.290067E+00  1.000000E+00
             4911  1.222812E+02 -5.290067E+00 -1.000000E+00
             4912  1.213640E+02 -6.363961E+00  1.000000E+00
             4913  1.213640E+02 -6.363961E+00 -1.000000E+00
             4914  1.202901E+02 -7.281153E+00  1.000000E+00
             4915  1.202901E+02 -7.281153E+00 -1.000000E+00
             4916  1.190859E+02 -8.019058E+00  1.000000E+00
             4917  1.190859E+02 -8.019058E+00 -1.000000E+00
             4918  1.177812E+02 -8.559508E+00  1.000000E+00
             4919  1.177812E+02 -8.559508E+00 -1.000000E+00
             4920  1.164079E+02 -8.889194E+00  1.000000E+00
             4921  1.164079E+02 -8.889194E+00 -1.000000E+00
             4922  1.150000E+02 -1.912500E+01  1.000000E+00
             4923  1.150000E+02 -1.912500E+01 -1.000000E+00
             4924  1.150000E+02 -1.575000E+01  1.000000E+00
             4925  1.150000E+02 -1.575000E+01 -1.000000E+00
             4926  1.150000E+02 -1.237500E+01  1.000000E+00
             4927  1.150000E+02 -1.237500E+01 -1.000000E+00
             4928  1.200000E+02 -2.250000E+01  1.000000E+00
             4929  1.200000E+02 -2.250000E+01 -1.000000E+00
             4930  1.250000E+02 -2.250000E+01  1.000000E+00
             4931  1.250000E+02 -2.250000E+01 -1.000000E+00
             4932  1.300000E+02 -2.250000E+01  1.000000E+00
             4933  1.300000E+02 -2.250000E+01 -1.000000E+00
             4934  1.350000E+02 -2.250000E+01  1.000000E+00
             4935  1.350000E+02 -2.250000E+01 -1.000000E+00
             4936  1.173059E+02 -1.229190E+01 -3.000000E+00
             4937  1.182040E+02 -1.569460E+01 -3.000000E+00
             4938  1.191020E+02 -1.909730E+01 -3.000000E+00
             4939  1.195859E+02 -1.204463E+01 -3.000000E+00
             4940  1.213906E+02 -1.552975E+01 -3.000000E+00
             4941  1.231953E+02 -1.901488E+01 -3.000000E+00
             4942  1.218144E+02 -1.163929E+01 -3.000000E+00
             4943  1.245430E+02 -1.525953E+01 -3.000000E+00
             4944  1.272715E+02 -1.887976E+01 -3.000000E+00
             4945  1.239676E+02 -1.108587E+01 -3.000000E+00
             4946  1.276450E+02 -1.489058E+01 -3.000000E+00
             4947  1.313225E+02 -1.869529E+01 -3.000000E+00
             4948  1.260230E+02 -1.039797E+01 -3.000000E+00
             4949  1.306820E+02 -1.443198E+01 -3.000000E+00
             4950  1.353410E+02 -1.846599E+01 -3.000000E+00
             4951  1.267109E+02 -8.467550E+00 -3.000000E+00
             4952  1.311406E+02 -1.164503E+01 -3.000000E+00
             4953  1.355703E+02 -1.482252E+01 -3.000000E+00
             4954  1.272643E+02 -6.439436E+00 -3.000000E+00
             4955  1.315095E+02 -8.792957E+00 -3.000000E+00
             4956  1.357548E+02 -1.114648E+01 -3.000000E+00
             4957  1.276696E+02 -4.335865E+00 -3.000000E+00
             4958  1.317798E+02 -5.890577E+00 -3.000000E+00
             4959  1.358899E+02 -7.445288E+00 -3.000000E+00
             4960  1.279169E+02 -2.180933E+00 -3.000000E+00
             4961  1.319446E+02 -2.953955E+00 -3.000000E+00
             4962  1.359723E+02 -3.726978E+00 -3.000000E+00
             4963  1.015000E+02  0.000000E+00  1.000000E+00
             4964  1.015000E+02  0.000000E+00 -1.000000E+00
             4965  9.700000E+01  0.000000E+00  1.000000E+00
             4966  9.700000E+01  0.000000E+00 -1.000000E+00
             4967  9.250000E+01  0.000000E+00  1.000000E+00
             4968  9.250000E+01  0.000000E+00 -1.000000E+00
             4969  8.800000E+01 -1.800000E+01  1.000000E+00
             4970  8.800000E+01 -1.800000E+01 -1.000000E+00
             4971  8.800000E+01 -1.350000E+01  1.000000E+00
             4972  8.800000E+01 -1.350000E+01 -1.000000E+00
             4973  8.800000E+01 -9.000000E+00  1.000000E+00
             4974  8.800000E+01 -9.000000E+00 -1.000000E+00
             4975  8.800000E+01 -4.500000E+00  1.000000E+00
             4976  8.800000E+01 -4.500000E+00 -1.000000E+00
             4977  9.340000E+01 -2.250000E+01  1.000000E+00
             4978  9.340000E+01 -2.250000E+01 -1.000000E+00
             4979  9.880000E+01 -2.250000E+01  1.000000E+00
             4980  9.880000E+01 -2.250000E+01 -1.000000E+00
             4981  1.042000E+02 -2.250000E+01  1.000000E+00
             4982  1.042000E+02 -2.250000E+01 -1.000000E+00
             4983  1.096000E+02 -2.250000E+01  1.000000E+00
             4984  1.096000E+02 -2.250000E+01 -1.000000E+00
             4985  1.135921E+02 -8.889194E+00  1.000000E+00
             4986  1.135921E+02 -8.889194E+00 -1.000000E+00
             4987  1.122188E+02 -8.559508E+00  1.000000E+00
             4988  1.122188E+02 -8.559508E+00 -1.000000E+00
             4989  1.109141E+02 -8.019058E+00  1.000000E+00
             4990  1.109141E+02 -8.019058E+00 -1.000000E+00
             4991  1.097099E+02 -7.281153E+00  1.000000E+00
             4992  1.097099E+02 -7.281153E+00 -1.000000E+00
             4993  1.086360E+02 -6.363961E+00  1.000000E+00
             4994  1.086360E+02 -6.363961E+00 -1.000000E+00
             4995  1.077188E+02 -5.290067E+00  1.000000E+00
             4996  1.077188E+02 -5.290067E+00 -1.000000E+00
             4997  1.069809E+02 -4.085915E+00  1.000000E+00
             4998  1.069809E+02 -4.085915E+00 -1.000000E+00
             4999  1.064405E+02 -2.781153E+00  1.000000E+00
             5000  1.064405E+02 -2.781153E+00 -1.000000E+00
             5001  1.061108E+02 -1.407910E+00  1.000000E+00
             5002  1.061108E+02 -1.407910E+00 -1.000000E+00
             5003  1.015831E+02 -2.180933E+00 -3.000000E+00
             5004  9.705540E+01 -2.953955E+00 -3.000000E+00
             5005  9.252770E+01 -3.726978E+00 -3.000000E+00
             5006  1.018304E+02 -4.335865E+00 -3.000000E+00
             5007  9.722025E+01 -5.890577E+00 -3.000000E+00
             5008  9.261012E+01 -7.445288E+00 -3.000000E+00
             5009  1.022357E+02 -6.439436E+00 -3.000000E+00
             5010  9.749047E+01 -8.792957E+00 -3.000000E+00
             5011  9.274523E+01 -1.114648E+01 -3.000000E+00
             5012  1.027891E+02 -8.467550E+00 -3.000000E+00
             5013  9.785942E+01 -1.164503E+01 -3.000000E+00
             5014  9.292971E+01 -1.482252E+01 -3.000000E+00
             5015  1.034770E+02 -1.039797E+01 -3.000000E+00
             5016  9.831802E+01 -1.443198E+01 -3.000000E+00
             5017  9.315900E+01 -1.846599E+01 -3.000000E+00
             5018  1.056324E+02 -1.108587E+01 -3.000000E+00
             5019  1.015550E+02 -1.489058E+01 -3.000000E+00
             5020  9.747749E+01 -1.869529E+01 -3.000000E+00
             5021  1.078856E+02 -1.163929E+01 -3.000000E+00
             5022  1.048570E+02 -1.525953E+01 -3.000000E+00
             5023  1.018285E+02 -1.887976E+01 -3.000000E+00
             5024  1.102141E+02 -1.204463E+01 -3.000000E+00
             5025  1.082094E+02 -1.552975E+01 -3.000000E+00
             5026  1.062047E+02 -1.901488E+01 -3.000000E+00
             5027  1.125941E+02 -1.229190E+01 -3.000000E+00
             5028  1.115960E+02 -1.569460E+01 -3.000000E+00
             5029  1.105980E+02 -1.909730E+01 -3.000000E+00
             5030  1.096000E+02  2.250000E+01  1.000000E+00
             5031  1.096000E+02  2.250000E+01 -1.000000E+00
             5032  1.042000E+02  2.250000E+01  1.000000E+00
             5033  1.042000E+02  2.250000E+01 -1.000000E+00
             5034  9.880000E+01  2.250000E+01  1.000000E+00
             5035  9.880000E+01  2.250000E+01 -1.000000E+00
             5036  9.340000E+01  2.250000E+01  1.000000E+00
             5037  9.340000E+01  2.250000E+01 -1.000000E+00
             5038  8.800000E+01  4.500000E+00  1.000000E+00
             5039  8.800000E+01  4.500000E+00 -1.000000E+00
             5040  8.800000E+01  9.000000E+00  1.000000E+00
             5041  8.800000E+01  9.000000E+00 -1.000000E+00
             5042  8.800000E+01  1.350000E+01  1.000000E+00
             5043  8.800000E+01  1.350000E+01 -1.000000E+00
             5044  8.800000E+01  1.800000E+01  1.000000E+00
             5045  8.800000E+01  1.800000E+01 -1.000000E+00
             5046  1.061108E+02  1.407910E+00  1.000000E+00
             5047  1.061108E+02  1.407910E+00 -1.000000E+00
             5048  1.064405E+02  2.781153E+00  1.000000E+00
             5049  1.064405E+02  2.781153E+00 -1.000000E+00
             5050  1.069809E+02  4.085915E+00  1.000000E+00
             5051  1.069809E+02  4.085915E+00 -1.000000E+00
             5052  1.077188E+02  5.290067E+00  1.000000E+00
             5053  1.077188E+02  5.290067E+00 -1.000000E+00
             5054  1.086360E+02  6.363961E+00  1.000000E+00
             5055  1.086360E+02  6.363961E+00 -1.000000E+00
             5056  1.097099E+02  7.281153E+00  1.000000E+00
             5057  1.097099E+02  7.281153E+00 -1.000000E+00
             5058  1.109141E+02  8.019058E+00  1.000000E+00
             5059  1.109141E+02  8.019058E+00 -1.000000E+00
             5060  1.122188E+02  8.559508E+00  1.000000E+00
             5061  1.122188E+02  8.559508E+00 -1.000000E+00
             5062  1.135921E+02  8.889194E+00  1.000000E+00
             5063  1.135921E+02  8.889194E+00 -1.000000E+00
             5064  1.105980E+02  1.909730E+01 -3.000000E+00
             5065  1.062047E+02  1.901488E+01 -3.000000E+00
             5066  1.018285E+02  1.887976E+01 -3.000000E+00
             5067  9.747749E+01  1.869529E+01 -3.000000E+00
             5068  9.315900E+01  1.846599E+01 -3.000000E+00
             5069  9.292971E+01  1.482252E+01 -3.000000E+00
             5070  9.274523E+01  1.114648E+01 -3.000000E+00
             5071  9.261012E+01  7.445288E+00 -3.000000E+00
             5072  9.252770E+01  3.726978E+00 -3.000000E+00
             5073  1.115960E+02  1.569460E+01 -3.000000E+00
             5074  1.082094E+02  1.552975E+01 -3.000000E+00
             5075  1.048570E+02  1.525953E+01 -3.000000E+00
             5076  1.015550E+02  1.489058E+01 -3.000000E+00
             5077  9.831802E+01  1.443198E+01 -3.000000E+00
             5078  9.785942E+01  1.164503E+01 -3.000000E+00
             5079  9.749047E+01  8.792957E+00 -3.000000E+00
             5080  9.722025E+01  5.890577E+00 -3.000000E+00
             5081  9.705540E+01  2.953955E+00 -3.000000E+00
             5082  1.125941E+02  1.229190E+01 -3.000000E+00
             5083  1.102141E+02  1.204463E+01 -3.000000E+00
             5084  1.078856E+02  1.163929E+01 -3.000000E+00
             5085  1.056324E+02  1.108587E+01 -3.000000E+00
             5086  1.034770E+02  1.039797E+01 -3.000000E+00
             5087  1.027891E+02  8.467550E+00 -3.000000E+00
             5088  1.022357E+02  6.439436E+00 -3.000000E+00
             5089  1.018304E+02  4.335865E+00 -3.000000E+00
             5090  1.015831E+02  2.180933E+00 -3.000000E+00
             5091  8.150000E+01 -2.250000E+01  1.000000E+00
             5092  8.150000E+01 -2.250000E+01 -1.000000E+00
             5093  8.150000E+01  5.180450E-13  1.000000E+00
             5094  8.150000E+01  5.180450E-13 -1.000000E+00
             5095  7.500000E+01 -5.000000E+00  1.000000E+00
             5096  7.500000E+01 -5.000000E+00 -1.000000E+00
             5097  7.500000E+01 -1.416667E+01  1.000000E+00
             5098  7.500000E+01 -1.416667E+01 -1.000000E+00
             5099  7.500000E+01 -1.833333E+01  1.000000E+00
             5100  7.500000E+01 -1.833333E+01 -1.000000E+00
             5101  8.150000E+01 -4.750000E+00 -3.000000E+00
             5102  8.150000E+01 -9.500000E+00 -3.000000E+00
             5103  8.150000E+01 -1.383333E+01 -3.000000E+00
             5104  8.150000E+01 -1.816667E+01 -3.000000E+00
             5105  8.150000E+01  2.250000E+01  1.000000E+00
             5106  8.150000E+01  2.250000E+01 -1.000000E+00
             5107  7.500000E+01  1.833333E+01  1.000000E+00
             5108  7.500000E+01  1.833333E+01 -1.000000E+00
             5109  7.500000E+01  1.416667E+01  1.000000E+00
             5110  7.500000E+01  1.416667E+01 -1.000000E+00
             5111  7.500000E+01  5.000000E+00  1.000000E+00
             5112  7.500000E+01  5.000000E+00 -1.000000E+00
             5113  8.150000E+01  1.816667E+01 -3.000000E+00
             5114  8.150000E+01  1.383333E+01 -3.000000E+00
             5115  8.150000E+01  9.500000E+00 -3.000000E+00
             5116  8.150000E+01  4.750000E+00 -3.000000E+00
             5117  6.500000E+01  1.416667E+01  1.000000E+00
             5118  6.500000E+01  1.416667E+01 -1.000000E+00
             5119  6.500000E+01  1.833333E+01  1.000000E+00
             5120  6.500000E+01  1.833333E+01 -1.000000E+00
             5121  7.000000E+01  2.250000E+01  1.000000E+00
             5122  7.000000E+01  2.250000E+01 -1.000000E+00
             5123  7.000000E+01  1.000000E+01  1.000000E+00
             5124  7.000000E+01  1.000000E+01 -1.000000E+00
             5125  7.000000E+01  1.833333E+01 -3.000000E+00
             5126  7.000000E+01  1.416667E+01 -3.000000E+00
             5127  7.333333E+01  1.036090E-12  1.000000E+00
             5128  7.333333E+01  1.036090E-12 -1.000000E+00
             5129  7.166667E+01  1.036090E-12  1.000000E+00
             5130  7.166667E+01  1.036090E-12 -1.000000E+00
             5131  6.691341E+01  4.619398E+00  1.000000E+00
             5132  6.691341E+01  4.619398E+00 -1.000000E+00
             5133  6.853553E+01  3.535534E+00  1.000000E+00
             5134  6.853553E+01  3.535534E+00 -1.000000E+00
             5135  6.961940E+01  1.913417E+00  1.000000E+00
             5136  6.961940E+01  1.913417E+00 -1.000000E+00
             5137  6.500000E+01  6.666667E+00  1.000000E+00
             5138  6.500000E+01  6.666667E+00 -1.000000E+00
             5139  6.500000E+01  8.333333E+00  1.000000E+00
             5140  6.500000E+01  8.333333E+00 -1.000000E+00
             5141  6.794228E+01  6.412932E+00 -3.000000E+00
             5142  7.069035E+01  5.690356E+00 -3.000000E+00
             5143  7.141293E+01  2.942278E+00 -3.000000E+00
             5144  6.897114E+01  8.206466E+00 -3.000000E+00
             5145  7.284518E+01  7.845178E+00 -3.000000E+00
             5146  7.320647E+01  3.971139E+00 -3.000000E+00
             5147  6.961940E+01 -1.913417E+00  1.000000E+00
             5148  6.961940E+01 -1.913417E+00 -1.000000E+00
             5149  6.853553E+01 -3.535534E+00  1.000000E+00
             5150  6.853553E+01 -3.535534E+00 -1.000000E+00
             5151  6.691341E+01 -4.619398E+00  1.000000E+00
             5152  6.691341E+01 -4.619398E+00 -1.000000E+00
             5153  6.500000E+01 -8.333333E+00  1.000000E+00
             5154  6.500000E+01 -8.333333E+00 -1.000000E+00
             5155  6.500000E+01 -6.666667E+00  1.000000E+00
             5156  6.500000E+01 -6.666667E+00 -1.000000E+00
             5157  7.000000E+01 -1.000000E+01  1.000000E+00
             5158  7.000000E+01 -1.000000E+01 -1.000000E+00
             5159  6.794228E+01 -6.412932E+00 -3.000000E+00
             5160  6.897114E+01 -8.206466E+00 -3.000000E+00
             5161  7.069035E+01 -5.690356E+00 -3.000000E+00
             5162  7.284518E+01 -7.845178E+00 -3.000000E+00
             5163  7.141293E+01 -2.942278E+00 -3.000000E+00
             5164  7.320647E+01 -3.971139E+00 -3.000000E+00
             5165  7.000000E+01 -2.250000E+01  1.000000E+00
             5166  7.000000E+01 -2.250000E+01 -1.000000E+00
             5167  6.500000E+01 -1.833333E+01  1.000000E+00
             5168  6.500000E+01 -1.833333E+01 -1.000000E+00
             5169  6.500000E+01 -1.416667E+01  1.000000E+00
             5170  6.500000E+01 -1.416667E+01 -1.000000E+00
             5171  7.000000E+01 -1.833333E+01 -3.000000E+00
             5172  7.000000E+01 -1.416667E+01 -3.000000E+00
             5173  5.850000E+01 -1.000000E+01  1.000000E+00
             5174  5.850000E+01 -1.000000E+01 -1.000000E+00
             5175  5.200000E+01 -1.000000E+01  1.000000E+00
             5176  5.200000E+01 -1.000000E+01 -1.000000E+00
             5177  4.550000E+01 -1.000000E+01  1.000000E+00
             5178  4.550000E+01 -1.000000E+01 -1.000000E+00
             5179  3.900000E+01 -1.000000E+01  1.000000E+00
             5180  3.900000E+01 -1.000000E+01 -1.000000E+00
             5181  3.250000E+01 -1.000000E+01  1.000000E+00
             5182  3.250000E+01 -1.000000E+01 -1.000000E+00
             5183  2.600000E+01 -1.000000E+01  1.000000E+00
             5184  2.600000E+01 -1.000000E+01 -1.000000E+00
             5185  1.950000E+01 -1.000000E+01  1.000000E+00
             5186  1.950000E+01 -1.000000E+01 -1.000000E+00
             5187  1.300000E+01 -1.000000E+01  1.000000E+00
             5188  1.300000E+01 -1.000000E+01 -1.000000E+00
             5189  6.500000E+00 -1.000000E+01  1.000000E+00
             5190  6.500000E+00 -1.000000E+01 -1.000000E+00
             5191  5.850000E+01 -2.250000E+01  1.000000E+00
             5192  5.850000E+01 -2.250000E+01 -1.000000E+00
             5193  5.200000E+01 -2.250000E+01  1.000000E+00
             5194  5.200000E+01 -2.250000E+01 -1.000000E+00
             5195  4.550000E+01 -2.250000E+01  1.000000E+00
             5196  4.550000E+01 -2.250000E+01 -1.000000E+00
             5197  3.900000E+01 -2.250000E+01  1.000000E+00
             5198  3.900000E+01 -2.250000E+01 -1.000000E+00
             5199  3.250000E+01 -2.250000E+01  1.000000E+00
             5200  3.250000E+01 -2.250000E+01 -1.000000E+00
             5201  2.600000E+01 -2.250000E+01  1.000000E+00
             5202  2.600000E+01 -2.250000E+01 -1.000000E+00
             5203  1.950000E+01 -2.250000E+01  1.000000E+00
             5204  1.950000E+01 -2.250000E+01 -1.000000E+00
             5205  1.300000E+01 -2.250000E+01  1.000000E+00
             5206  1.300000E+01 -2.250000E+01 -1.000000E+00
             5207  6.500000E+00 -2.250000E+01  1.000000E+00
             5208  6.500000E+00 -2.250000E+01 -1.000000E+00
             5209  5.850000E+01 -1.833333E+01 -3.000000E+00
             5210  5.850000E+01 -1.416667E+01 -3.000000E+00
             5211  5.200000E+01 -1.833333E+01 -3.000000E+00
             5212  5.200000E+01 -1.416667E+01 -3.000000E+00
             5213  4.550000E+01 -1.833333E+01 -3.000000E+00
             5214  4.550000E+01 -1.416667E+01 -3.000000E+00
             5215  3.900000E+01 -1.833333E+01 -3.000000E+00
             5216  3.900000E+01 -1.416667E+01 -3.000000E+00
             5217  3.250000E+01 -1.833333E+01 -3.000000E+00
             5218  3.250000E+01 -1.416667E+01 -3.000000E+00
             5219  2.600000E+01 -1.833333E+01 -3.000000E+00
             5220  2.600000E+01 -1.416667E+01 -3.000000E+00
             5221  1.950000E+01 -1.833333E+01 -3.000000E+00
             5222  1.950000E+01 -1.416667E+01 -3.000000E+00
             5223  1.300000E+01 -1.833333E+01 -3.000000E+00
             5224  1.300000E+01 -1.416667E+01 -3.000000E+00
             5225  6.500000E+00 -1.833333E+01 -3.000000E+00
             5226  6.500000E+00 -1.416667E+01 -3.000000E+00
             5227  5.850000E+01 -5.000000E+00  1.000000E+00
             5228  5.850000E+01 -5.000000E+00 -1.000000E+00
             5229  5.200000E+01 -5.000000E+00  1.000000E+00
             5230  5.200000E+01 -5.000000E+00 -1.000000E+00
             5231  4.550000E+01 -5.000000E+00  1.000000E+00
             5232  4.550000E+01 -5.000000E+00 -1.000000E+00
             5233  3.900000E+01 -5.000000E+00  1.000000E+00
             5234  3.900000E+01 -5.000000E+00 -1.000000E+00
             5235  3.250000E+01 -5.000000E+00  1.000000E+00
             5236  3.250000E+01 -5.000000E+00 -1.000000E+00
             5237  2.600000E+01 -5.000000E+00  1.000000E+00
             5238  2.600000E+01 -5.000000E+00 -1.000000E+00
             5239  1.950000E+01 -5.000000E+00  1.000000E+00
             5240  1.950000E+01 -5.000000E+00 -1.000000E+00
             5241  1.300000E+01 -5.000000E+00  1.000000E+00
             5242  1.300000E+01 -5.000000E+00 -1.000000E+00
             5243  6.500000E+00 -5.000000E+00  1.000000E+00
             5244  6.500000E+00 -5.000000E+00 -1.000000E+00
             5245  5.850000E+01 -8.333333E+00 -3.000000E+00
             5246  5.850000E+01 -6.666667E+00 -3.000000E+00
             5247  5.200000E+01 -8.333333E+00 -3.000000E+00
             5248  5.200000E+01 -6.666667E+00 -3.000000E+00
             5249  4.550000E+01 -8.333333E+00 -3.000000E+00
             5250  4.550000E+01 -6.666667E+00 -3.000000E+00
             5251  3.900000E+01 -8.333333E+00 -3.000000E+00
             5252  3.900000E+01 -6.666667E+00 -3.000000E+00
             5253  3.250000E+01 -8.333333E+00 -3.000000E+00
             5254  3.250000E+01 -6.666667E+00 -3.000000E+00
             5255  2.600000E+01 -8.333333E+00 -3.000000E+00
             5256  2.600000E+01 -6.666667E+00 -3.000000E+00
             5257  1.950000E+01 -8.333333E+00 -3.000000E+00
             5258  1.950000E+01 -6.666667E+00 -3.000000E+00
             5259  1.300000E+01 -8.333333E+00 -3.000000E+00
             5260  1.300000E+01 -6.666667E+00 -3.000000E+00
             5261  6.500000E+00 -8.333333E+00 -3.000000E+00
             5262  6.500000E+00 -6.666667E+00 -3.000000E+00
             5263  5.850000E+01  5.000000E+00  1.000000E+00
             5264  5.850000E+01  5.000000E+00 -1.000000E+00
             5265  5.200000E+01  5.000000E+00  1.000000E+00
             5266  5.200000E+01  5.000000E+00 -1.000000E+00
             5267  4.550000E+01  5.000000E+00  1.000000E+00
             5268  4.550000E+01  5.000000E+00 -1.000000E+00
             5269  3.900000E+01  5.000000E+00  1.000000E+00
             5270  3.900000E+01  5.000000E+00 -1.000000E+00
             5271  3.250000E+01  5.000000E+00  1.000000E+00
             5272  3.250000E+01  5.000000E+00 -1.000000E+00
             5273  2.600000E+01  5.000000E+00  1.000000E+00
             5274  2.600000E+01  5.000000E+00 -1.000000E+00
             5275  1.950000E+01  5.000000E+00  1.000000E+00
             5276  1.950000E+01  5.000000E+00 -1.000000E+00
             5277  1.300000E+01  5.000000E+00  1.000000E+00
             5278  1.300000E+01  5.000000E+00 -1.000000E+00
             5279  6.500000E+00  5.000000E+00  1.000000E+00
             5280  6.500000E+00  5.000000E+00 -1.000000E+00
             5281  6.500000E+00  1.000000E+01  1.000000E+00
             5282  6.500000E+00  1.000000E+01 -1.000000E+00
             5283  1.300000E+01  1.000000E+01  1.000000E+00
             5284  1.300000E+01  1.000000E+01 -1.000000E+00
             5285  1.950000E+01  1.000000E+01  1.000000E+00
             5286  1.950000E+01  1.000000E+01 -1.000000E+00
             5287  2.600000E+01  1.000000E+01  1.000000E+00
             5288  2.600000E+01  1.000000E+01 -1.000000E+00
             5289  3.250000E+01  1.000000E+01  1.000000E+00
             5290  3.250000E+01  1.000000E+01 -1.000000E+00
             5291  3.900000E+01  1.000000E+01  1.000000E+00
             5292  3.900000E+01  1.000000E+01 -1.000000E+00
             5293  4.550000E+01  1.000000E+01  1.000000E+00
             5294  4.550000E+01  1.000000E+01 -1.000000E+00
             5295  5.200000E+01  1.000000E+01  1.000000E+00
             5296  5.200000E+01  1.000000E+01 -1.000000E+00
             5297  5.850000E+01  1.000000E+01  1.000000E+00
             5298  5.850000E+01  1.000000E+01 -1.000000E+00
             5299  5.850000E+01  6.666667E+00 -3.000000E+00
             5300  5.850000E+01  8.333333E+00 -3.000000E+00
             5301  5.200000E+01  6.666667E+00 -3.000000E+00
             5302  5.200000E+01  8.333333E+00 -3.000000E+00
             5303  4.550000E+01  6.666667E+00 -3.000000E+00
             5304  4.550000E+01  8.333333E+00 -3.000000E+00
             5305  3.900000E+01  6.666667E+00 -3.000000E+00
             5306  3.900000E+01  8.333333E+00 -3.000000E+00
             5307  3.250000E+01  6.666667E+00 -3.000000E+00
             5308  3.250000E+01  8.333333E+00 -3.000000E+00
             5309  2.600000E+01  6.666667E+00 -3.000000E+00
             5310  2.600000E+01  8.333333E+00 -3.000000E+00
             5311  1.950000E+01  6.666667E+00 -3.000000E+00
             5312  1.950000E+01  8.333333E+00 -3.000000E+00
             5313  1.300000E+01  6.666667E+00 -3.000000E+00
             5314  1.300000E+01  8.333333E+00 -3.000000E+00
             5315  6.500000E+00  6.666667E+00 -3.000000E+00
             5316  6.500000E+00  8.333333E+00 -3.000000E+00
             5317  5.850000E+01  2.250000E+01  1.000000E+00
             5318  5.850000E+01  2.250000E+01 -1.000000E+00
             5319  5.200000E+01  2.250000E+01  1.000000E+00
             5320  5.200000E+01  2.250000E+01 -1.000000E+00
             5321  4.550000E+01  2.250000E+01  1.000000E+00
             5322  4.550000E+01  2.250000E+01 -1.000000E+00
             5323  3.900000E+01  2.250000E+01  1.000000E+00
             5324  3.900000E+01  2.250000E+01 -1.000000E+00
             5325  3.250000E+01  2.250000E+01  1.000000E+00
             5326  3.250000E+01  2.250000E+01 -1.000000E+00
             5327  2.600000E+01  2.250000E+01  1.000000E+00
             5328  2.600000E+01  2.250000E+01 -1.000000E+00
             5329  1.950000E+01  2.250000E+01  1.000000E+00
             5330  1.950000E+01  2.250000E+01 -1.000000E+00
             5331  1.300000E+01  2.250000E+01  1.000000E+00
             5332  1.300000E+01  2.250000E+01 -1.000000E+00
             5333  6.500000E+00  2.250000E+01  1.000000E+00
             5334  6.500000E+00  2.250000E+01 -1.000000E+00
             5335  5.850000E+01  1.416667E+01 -3.000000E+00
             5336  5.850000E+01  1.833333E+01 -3.000000E+00
             5337  5.200000E+01  1.416667E+01 -3.000000E+00
             5338  5.200000E+01  1.833333E+01 -3.000000E+00
             5339  4.550000E+01  1.416667E+01 -3.000000E+00
             5340  4.550000E+01  1.833333E+01 -3.000000E+00
             5341  3.900000E+01  1.416667E+01 -3.000000E+00
             5342  3.900000E+01  1.833333E+01 -3.000000E+00
             5343  3.250000E+01  1.416667E+01 -3.000000E+00
             5344  3.250000E+01  1.833333E+01 -3.000000E+00
             5345  2.600000E+01  1.416667E+01 -3.000000E+00
             5346  2.600000E+01  1.833333E+01 -3.000000E+00
             5347  1.950000E+01  1.416667E+01 -3.000000E+00
             5348  1.950000E+01  1.833333E+01 -3.000000E+00
             5349  1.300000E+01  1.416667E+01 -3.000000E+00
             5350  1.300000E+01  1.833333E+01 -3.000000E+00
             5351  6.500000E+00  1.416667E+01 -3.000000E+00
             5352  6.500000E+00  1.833333E+01 -3.000000E+00
             5353  1.673059E+02  1.229190E+01  1.000000E+00
             5354  1.673059E+02  1.229190E+01 -1.000000E+00
             5355  1.682039E+02  1.569460E+01  1.000000E+00
             5356  1.682039E+02  1.569460E+01 -1.000000E+00
             5357  1.691020E+02  1.909730E+01  1.000000E+00
             5358  1.691020E+02  1.909730E+01 -1.000000E+00
             5359  1.695859E+02  1.204463E+01  1.000000E+00
             5360  1.695859E+02  1.204463E+01 -1.000000E+00
             5361  1.713906E+02  1.552975E+01  1.000000E+00
             5362  1.713906E+02  1.552975E+01 -1.000000E+00
             5363  1.731953E+02  1.901488E+01  1.000000E+00
             5364  1.731953E+02  1.901488E+01 -1.000000E+00
             5365  1.718144E+02  1.163929E+01  1.000000E+00
             5366  1.718144E+02  1.163929E+01 -1.000000E+00
             5367  1.745430E+02  1.525953E+01  1.000000E+00
             5368  1.745430E+02  1.525953E+01 -1.000000E+00
             5369  1.772715E+02  1.887976E+01  1.000000E+00
             5370  1.772715E+02  1.887976E+01 -1.000000E+00
             5371  1.739675E+02  1.108587E+01  1.000000E+00
             5372  1.739675E+02  1.108587E+01 -1.000000E+00
             5373  1.776450E+02  1.489058E+01  1.000000E+00
             5374  1.776450E+02  1.489058E+01 -1.000000E+00
             5375  1.813225E+02  1.869529E+01  1.000000E+00
             5376  1.813225E+02  1.869529E+01 -1.000000E+00
             5377  1.760230E+02  1.039797E+01  1.000000E+00
             5378  1.760230E+02  1.039797E+01 -1.000000E+00
             5379  1.806820E+02  1.443198E+01  1.000000E+00
             5380  1.806820E+02  1.443198E+01 -1.000000E+00
             5381  1.853410E+02  1.846599E+01  1.000000E+00
             5382  1.853410E+02  1.846599E+01 -1.000000E+00
             5383  1.767109E+02  8.467550E+00  1.000000E+00
             5384  1.767109E+02  8.467550E+00 -1.000000E+00
             5385  1.811406E+02  1.164503E+01  1.000000E+00
             5386  1.811406E+02  1.164503E+01 -1.000000E+00
             5387  1.855703E+02  1.482252E+01  1.000000E+00
             5388  1.855703E+02  1.482252E+01 -1.000000E+00
             5389  1.772643E+02  6.439436E+00  1.000000E+00
             5390  1.772643E+02  6.439436E+00 -1.000000E+00
             5391  1.815095E+02  8.792957E+00  1.000000E+00
             5392  1.815095E+02  8.792957E+00 -1.000000E+00
             5393  1.857548E+02  1.114648E+01  1.000000E+00
             5394  1.857548E+02  1.114648E+01 -1.000000E+00
             5395  1.776696E+02  4.335865E+00  1.000000E+00
             5396  1.776696E+02  4.335865E+00 -1.000000E+00
             5397  1.817798E+02  5.890577E+00  1.000000E+00
             5398  1.817798E+02  5.890577E+00 -1.000000E+00
             5399  1.858899E+02  7.445288E+00  1.000000E+00
             5400  1.858899E+02  7.445288E+00 -1.000000E+00
             5401  1.779169E+02  2.180933E+00  1.000000E+00
             5402  1.779169E+02  2.180933E+00 -1.000000E+00
             5403  1.819446E+02  2.953955E+00  1.000000E+00
             5404  1.819446E+02  2.953955E+00 -1.000000E+00
             5405  1.859723E+02  3.726978E+00  1.000000E+00
             5406  1.859723E+02  3.726978E+00 -1.000000E+00
             5407  1.673059E+02 -1.229190E+01  1.000000E+00
             5408  1.673059E+02 -1.229190E+01 -1.000000E+00
             5409  1.682039E+02 -1.569460E+01  1.000000E+00
             5410  1.682039E+02 -1.569460E+01 -1.000000E+00
             5411  1.691020E+02 -1.909730E+01  1.000000E+00
             5412  1.691020E+02 -1.909730E+01 -1.000000E+00
             5413  1.695859E+02 -1.204463E+01  1.000000E+00
             5414  1.695859E+02 -1.204463E+01 -1.000000E+00
             5415  1.713906E+02 -1.552975E+01  1.000000E+00
             5416  1.713906E+02 -1.552975E+01 -1.000000E+00
             5417  1.731953E+02 -1.901488E+01  1.000000E+00
             5418  1.731953E+02 -1.901488E+01 -1.000000E+00
             5419  1.718144E+02 -1.163929E+01  1.000000E+00
             5420  1.718144E+02 -1.163929E+01 -1.000000E+00
             5421  1.745430E+02 -1.525953E+01  1.000000E+00
             5422  1.745430E+02 -1.525953E+01 -1.000000E+00
             5423  1.772715E+02 -1.887976E+01  1.000000E+00
             5424  1.772715E+02 -1.887976E+01 -1.000000E+00
             5425  1.739675E+02 -1.108587E+01  1.000000E+00
             5426  1.739675E+02 -1.108587E+01 -1.000000E+00
             5427  1.776450E+02 -1.489058E+01  1.000000E+00
             5428  1.776450E+02 -1.489058E+01 -1.000000E+00
             5429  1.813225E+02 -1.869529E+01  1.000000E+00
             5430  1.813225E+02 -1.869529E+01 -1.000000E+00
             5431  1.760230E+02 -1.039797E+01  1.000000E+00
             5432  1.760230E+02 -1.039797E+01 -1.000000E+00
             5433  1.806820E+02 -1.443198E+01  1.000000E+00
             5434  1.806820E+02 -1.443198E+01 -1.000000E+00
             5435  1.853410E+02 -1.846599E+01  1.000000E+00
             5436  1.853410E+02 -1.846599E+01 -1.000000E+00
             5437  1.767109E+02 -8.467550E+00  1.000000E+00
             5438  1.767109E+02 -8.467550E+00 -1.000000E+00
             5439  1.811406E+02 -1.164503E+01  1.000000E+00
             5440  1.811406E+02 -1.164503E+01 -1.000000E+00
             5441  1.855703E+02 -1.482252E+01  1.000000E+00
             5442  1.855703E+02 -1.482252E+01 -1.000000E+00
             5443  1.772643E+02 -6.439436E+00  1.000000E+00
             5444  1.772643E+02 -6.439436E+00 -1.000000E+00
             5445  1.815095E+02 -8.792957E+00  1.000000E+00
             5446  1.815095E+02 -8.792957E+00 -1.000000E+00
             5447  1.857548E+02 -1.114648E+01  1.000000E+00
             5448  1.857548E+02 -1.114648E+01 -1.000000E+00
             5449  1.776696E+02 -4.335865E+00  1.000000E+00
             5450  1.776696E+02 -4.335865E+00 -1.000000E+00
             5451  1.817798E+02 -5.890577E+00  1.000000E+00
             5452  1.817798E+02 -5.890577E+00 -1.000000E+00
             5453  1.858899E+02 -7.445288E+00  1.000000E+00
             5454  1.858899E+02 -7.445288E+00 -1.000000E+00
             5455  1.779169E+02 -2.180933E+00  1.000000E+00
             5456  1.779169E+02 -2.180933E+00 -1.000000E+00
             5457  1.819446E+02 -2.953955E+00  1.000000E+00
             5458  1.819446E+02 -2.953955E+00 -1.000000E+00
             5459  1.859723E+02 -3.726978E+00  1.000000E+00
             5460  1.859723E+02 -3.726978E+00 -1.000000E+00
             5461  1.520831E+02 -2.180933E+00  1.000000E+00
             5462  1.520831E+02 -2.180933E+00 -1.000000E+00
             5463  1.480554E+02 -2.953955E+00  1.000000E+00
             5464  1.480554E+02 -2.953955E+00 -1.000000E+00
             5465  1.440277E+02 -3.726978E+00  1.000000E+00
             5466  1.440277E+02 -3.726978E+00 -1.000000E+00
             5467  1.523304E+02 -4.335865E+00  1.000000E+00
             5468  1.523304E+02 -4.335865E+00 -1.000000E+00
             5469  1.482202E+02 -5.890577E+00  1.000000E+00
             5470  1.482202E+02 -5.890577E+00 -1.000000E+00
             5471  1.441101E+02 -7.445288E+00  1.000000E+00
             5472  1.441101E+02 -7.445288E+00 -1.000000E+00
             5473  1.527357E+02 -6.439436E+00  1.000000E+00
             5474  1.527357E+02 -6.439436E+00 -1.000000E+00
             5475  1.484905E+02 -8.792957E+00  1.000000E+00
             5476  1.484905E+02 -8.792957E+00 -1.000000E+00
             5477  1.442452E+02 -1.114648E+01  1.000000E+00
             5478  1.442452E+02 -1.114648E+01 -1.000000E+00
             5479  1.532891E+02 -8.467550E+00  1.000000E+00
             5480  1.532891E+02 -8.467550E+00 -1.000000E+00
             5481  1.488594E+02 -1.164503E+01  1.000000E+00
             5482  1.488594E+02 -1.164503E+01 -1.000000E+00
             5483  1.444297E+02 -1.482252E+01  1.000000E+00
             5484  1.444297E+02 -1.482252E+01 -1.000000E+00
             5485  1.539770E+02 -1.039797E+01  1.000000E+00
             5486  1.539770E+02 -1.039797E+01 -1.000000E+00
             5487  1.493180E+02 -1.443198E+01  1.000000E+00
             5488  1.493180E+02 -1.443198E+01 -1.000000E+00
             5489  1.446590E+02 -1.846599E+01  1.000000E+00
             5490  1.446590E+02 -1.846599E+01 -1.000000E+00
             5491  1.560325E+02 -1.108587E+01  1.000000E+00
             5492  1.560325E+02 -1.108587E+01 -1.000000E+00
             5493  1.523550E+02 -1.489058E+01  1.000000E+00
             5494  1.523550E+02 -1.489058E+01 -1.000000E+00
             5495  1.486775E+02 -1.869529E+01  1.000000E+00
             5496  1.486775E+02 -1.869529E+01 -1.000000E+00
             5497  1.581856E+02 -1.163929E+01  1.000000E+00
             5498  1.581856E+02 -1.163929E+01 -1.000000E+00
             5499  1.554570E+02 -1.525953E+01  1.000000E+00
             5500  1.554570E+02 -1.525953E+01 -1.000000E+00
             5501  1.527285E+02 -1.887976E+01  1.000000E+00
             5502  1.527285E+02 -1.887976E+01 -1.000000E+00
             5503  1.604141E+02 -1.204463E+01  1.000000E+00
             5504  1.604141E+02 -1.204463E+01 -1.000000E+00
             5505  1.586094E+02 -1.552975E+01  1.000000E+00
             5506  1.586094E+02 -1.552975E+01 -1.000000E+00
             5507  1.568047E+02 -1.901488E+01  1.000000E+00
             5508  1.568047E+02 -1.901488E+01 -1.000000E+00
             5509  1.626941E+02 -1.229190E+01  1.000000E+00
             5510  1.626941E+02 -1.229190E+01 -1.000000E+00
             5511  1.617961E+02 -1.569460E+01  1.000000E+00
             5512  1.617961E+02 -1.569460E+01 -1.000000E+00
             5513  1.608980E+02 -1.909730E+01  1.000000E+00
             5514  1.608980E+02 -1.909730E+01 -1.000000E+00
             5515  1.626941E+02  1.229190E+01  1.000000E+00
             5516  1.626941E+02  1.229190E+01 -1.000000E+00
             5517  1.617961E+02  1.569460E+01  1.000000E+00
             5518  1.617961E+02  1.569460E+01 -1.000000E+00
             5519  1.608980E+02  1.909730E+01  1.000000E+00
             5520  1.608980E+02  1.909730E+01 -1.000000E+00
             5521  1.604141E+02  1.204463E+01  1.000000E+00
             5522  1.604141E+02  1.204463E+01 -1.000000E+00
             5523  1.586094E+02  1.552975E+01  1.000000E+00
             5524  1.586094E+02  1.552975E+01 -1.000000E+00
             5525  1.568047E+02  1.901488E+01  1.000000E+00
             5526  1.568047E+02  1.901488E+01 -1.000000E+00
             5527  1.581856E+02  1.163929E+01  1.000000E+00
             5528  1.581856E+02  1.163929E+01 -1.000000E+00
             5529  1.554570E+02  1.525953E+01  1.000000E+00
             5530  1.554570E+02  1.525953E+01 -1.000000E+00
             5531  1.527285E+02  1.887976E+01  1.000000E+00
             5532  1.527285E+02  1.887976E+01 -1.000000E+00
             5533  1.560325E+02  1.108587E+01  1.000000E+00
             5534  1.560325E+02  1.108587E+01 -1.000000E+00
             5535  1.523550E+02  1.489058E+01  1.000000E+00
             5536  1.523550E+02  1.489058E+01 -1.000000E+00
             5537  1.486775E+02  1.869529E+01  1.000000E+00
             5538  1.486775E+02  1.869529E+01 -1.000000E+00
             5539  1.539770E+02  1.039797E+01  1.000000E+00
             5540  1.539770E+02  1.039797E+01 -1.000000E+00
             5541  1.493180E+02  1.443198E+01  1.000000E+00
             5542  1.493180E+02  1.443198E+01 -1.000000E+00
             5543  1.446590E+02  1.846599E+01  1.000000E+00
             5544  1.446590E+02  1.846599E+01 -1.000000E+00
             5545  1.532891E+02  8.467550E+00  1.000000E+00
             5546  1.532891E+02  8.467550E+00 -1.000000E+00
             5547  1.488594E+02  1.164503E+01  1.000000E+00
             5548  1.488594E+02  1.164503E+01 -1.000000E+00
             5549  1.444297E+02  1.482252E+01  1.000000E+00
             5550  1.444297E+02  1.482252E+01 -1.000000E+00
             5551  1.527357E+02  6.439436E+00  1.000000E+00
             5552  1.527357E+02  6.439436E+00 -1.000000E+00
             5553  1.484905E+02  8.792957E+00  1.000000E+00
             5554  1.484905E+02  8.792957E+00 -1.000000E+00
             5555  1.442452E+02  1.114648E+01  1.000000E+00
             5556  1.442452E+02  1.114648E+01 -1.000000E+00
             5557  1.523304E+02  4.335865E+00  1.000000E+00
             5558  1.523304E+02  4.335865E+00 -1.000000E+00
             5559  1.482202E+02  5.890577E+00  1.000000E+00
             5560  1.482202E+02  5.890577E+00 -1.000000E+00
             5561  1.441101E+02  7.445288E+00  1.000000E+00
             5562  1.441101E+02  7.445288E+00 -1.000000E+00
             5563  1.520831E+02  2.180933E+00  1.000000E+00
             5564  1.520831E+02  2.180933E+00 -1.000000E+00
             5565  1.480554E+02  2.953955E+00  1.000000E+00
             5566  1.480554E+02  2.953955E+00 -1.000000E+00
             5567  1.440277E+02  3.726978E+00  1.000000E+00
             5568  1.440277E+02  3.726978E+00 -1.000000E+00
             5569  1.191020E+02  1.909730E+01  1.000000E+00
             5570  1.191020E+02  1.909730E+01 -1.000000E+00
             5571  1.182040E+02  1.569460E+01  1.000000E+00
             5572  1.182040E+02  1.569460E+01 -1.000000E+00
             5573  1.173059E+02  1.229190E+01  1.000000E+00
             5574  1.173059E+02  1.229190E+01 -1.000000E+00
             5575  1.231953E+02  1.901488E+01  1.000000E+00
             5576  1.231953E+02  1.901488E+01 -1.000000E+00
             5577  1.213906E+02  1.552975E+01  1.000000E+00
             5578  1.213906E+02  1.552975E+01 -1.000000E+00
             5579  1.195859E+02  1.204463E+01  1.000000E+00
             5580  1.195859E+02  1.204463E+01 -1.000000E+00
             5581  1.272715E+02  1.887976E+01  1.000000E+00
             5582  1.272715E+02  1.887976E+01 -1.000000E+00
             5583  1.245430E+02  1.525953E+01  1.000000E+00
             5584  1.245430E+02  1.525953E+01 -1.000000E+00
             5585  1.218144E+02  1.163929E+01  1.000000E+00
             5586  1.218144E+02  1.163929E+01 -1.000000E+00
             5587  1.313225E+02  1.869529E+01  1.000000E+00
             5588  1.313225E+02  1.869529E+01 -1.000000E+00
             5589  1.276450E+02  1.489058E+01  1.000000E+00
             5590  1.276450E+02  1.489058E+01 -1.000000E+00
             5591  1.239676E+02  1.108587E+01  1.000000E+00
             5592  1.239676E+02  1.108587E+01 -1.000000E+00
             5593  1.353410E+02  1.846599E+01  1.000000E+00
             5594  1.353410E+02  1.846599E+01 -1.000000E+00
             5595  1.306820E+02  1.443198E+01  1.000000E+00
             5596  1.306820E+02  1.443198E+01 -1.000000E+00
             5597  1.260230E+02  1.039797E+01  1.000000E+00
             5598  1.260230E+02  1.039797E+01 -1.000000E+00
             5599  1.355703E+02  1.482252E+01  1.000000E+00
             5600  1.355703E+02  1.482252E+01 -1.000000E+00
             5601  1.311406E+02  1.164503E+01  1.000000E+00
             5602  1.311406E+02  1.164503E+01 -1.000000E+00
             5603  1.267109E+02  8.467550E+00  1.000000E+00
             5604  1.267109E+02  8.467550E+00 -1.000000E+00
             5605  1.357548E+02  1.114648E+01  1.000000E+00
             5606  1.357548E+02  1.114648E+01 -1.000000E+00
             5607  1.315095E+02  8.792957E+00  1.000000E+00
             5608  1.315095E+02  8.792957E+00 -1.000000E+00
             5609  1.272643E+02  6.439436E+00  1.000000E+00
             5610  1.272643E+02  6.439436E+00 -1.000000E+00
             5611  1.358899E+02  7.445288E+00  1.000000E+00
             5612  1.358899E+02  7.445288E+00 -1.000000E+00
             5613  1.317798E+02  5.890577E+00  1.000000E+00
             5614  1.317798E+02  5.890577E+00 -1.000000E+00
             5615  1.276696E+02  4.335865E+00  1.000000E+00
             5616  1.276696E+02  4.335865E+00 -1.000000E+00
             5617  1.359723E+02  3.726978E+00  1.000000E+00
             5618  1.359723E+02  3.726978E+00 -1.000000E+00
             5619  1.319446E+02  2.953955E+00  1.000000E+00
             5620  1.319446E+02  2.953955E+00 -1.000000E+00
             5621  1.279169E+02  2.180933E+00  1.000000E+00
             5622  1.279169E+02  2.180933E+00 -1.000000E+00
             5623  1.173059E+02 -1.229190E+01  1.000000E+00
             5624  1.173059E+02 -1.229190E+01 -1.000000E+00
             5625  1.182040E+02 -1.569460E+01  1.000000E+00
             5626  1.182040E+02 -1.569460E+01 -1.000000E+00
             5627  1.191020E+02 -1.909730E+01  1.000000E+00
             5628  1.191020E+02 -1.909730E+01 -1.000000E+00
             5629  1.195859E+02 -1.204463E+01  1.000000E+00
             5630  1.195859E+02 -1.204463E+01 -1.000000E+00
             5631  1.213906E+02 -1.552975E+01  1.000000E+00
             5632  1.213906E+02 -1.552975E+01 -1.000000E+00
             5633  1.231953E+02 -1.901488E+01  1.000000E+00
             5634  1.231953E+02 -1.901488E+01 -1.000000E+00
             5635  1.218144E+02 -1.163929E+01  1.000000E+00
             5636  1.218144E+02 -1.163929E+01 -1.000000E+00
             5637  1.245430E+02 -1.525953E+01  1.000000E+00
             5638  1.245430E+02 -1.525953E+01 -1.000000E+00
             5639  1.272715E+02 -1.887976E+01  1.000000E+00
             5640  1.272715E+02 -1.887976E+01 -1.000000E+00
             5641  1.239676E+02 -1.108587E+01  1.000000E+00
             5642  1.239676E+02 -1.108587E+01 -1.000000E+00
             5643  1.276450E+02 -1.489058E+01  1.000000E+00
             5644  1.276450E+02 -1.489058E+01 -1.000000E+00
             5645  1.313225E+02 -1.869529E+01  1.000000E+00
             5646  1.313225E+02 -1.869529E+01 -1.000000E+00
             5647  1.260230E+02 -1.039797E+01  1.000000E+00
             5648  1.260230E+02 -1.039797E+01 -1.000000E+00
             5649  1.306820E+02 -1.443198E+01  1.000000E+00
             5650  1.306820E+02 -1.443198E+01 -1.000000E+00
             5651  1.353410E+02 -1.846599E+01  1.000000E+00
             5652  1.353410E+02 -1.846599E+01 -1.000000E+00
             5653  1.267109E+02 -8.467550E+00  1.000000E+00
             5654  1.267109E+02 -8.467550E+00 -1.000000E+00
             5655  1.311406E+02 -1.164503E+01  1.000000E+00
             5656  1.311406E+02 -1.164503E+01 -1.000000E+00
             5657  1.355703E+02 -1.482252E+01  1.000000E+00
             5658  1.355703E+02 -1.482252E+01 -1.000000E+00
             5659  1.272643E+02 -6.439436E+00  1.000000E+00
             5660  1.272643E+02 -6.439436E+00 -1.000000E+00
             5661  1.315095E+02 -8.792957E+00  1.000000E+00
             5662  1.315095E+02 -8.792957E+00 -1.000000E+00
             5663  1.357548E+02 -1.114648E+01  1.000000E+00
             5664  1.357548E+02 -1.114648E+01 -1.000000E+00
             5665  1.276696E+02 -4.335865E+00  1.000000E+00
             5666  1.276696E+02 -4.335865E+00 -1.000000E+00
             5667  1.317798E+02 -5.890577E+00  1.000000E+00
             5668  1.317798E+02 -5.890577E+00 -1.000000E+00
             5669  1.358899E+02 -7.445288E+00  1.000000E+00
             5670  1.358899E+02 -7.445288E+00 -1.000000E+00
             5671  1.279169E+02 -2.180933E+00  1.000000E+00
             5672  1.279169E+02 -2.180933E+00 -1.000000E+00
             5673  1.319446E+02 -2.953955E+00  1.000000E+00
             5674  1.319446E+02 -2.953955E+00 -1.000000E+00
             5675  1.359723E+02 -3.726978E+00  1.000000E+00
             5676  1.359723E+02 -3.726978E+00 -1.000000E+00
             5677  1.015831E+02 -2.180933E+00  1.000000E+00
             5678  1.015831E+02 -2.180933E+00 -1.000000E+00
             5679  9.705540E+01 -2.953955E+00  1.000000E+00
             5680  9.705540E+01 -2.953955E+00 -1.000000E+00
             5681  9.252770E+01 -3.726978E+00  1.000000E+00
             5682  9.252770E+01 -3.726978E+00 -1.000000E+00
             5683  1.018304E+02 -4.335865E+00  1.000000E+00
             5684  1.018304E+02 -4.335865E+00 -1.000000E+00
             5685  9.722025E+01 -5.890577E+00  1.000000E+00
             5686  9.722025E+01 -5.890577E+00 -1.000000E+00
             5687  9.261012E+01 -7.445288E+00  1.000000E+00
             5688  9.261012E+01 -7.445288E+00 -1.000000E+00
             5689  1.022357E+02 -6.439436E+00  1.000000E+00
             5690  1.022357E+02 -6.439436E+00 -1.000000E+00
             5691  9.749047E+01 -8.792957E+00  1.000000E+00
             5692  9.749047E+01 -8.792957E+00 -1.000000E+00
             5693  9.274523E+01 -1.114648E+01  1.000000E+00
             5694  9.274523E+01 -1.114648E+01 -1.000000E+00
             5695  1.027891E+02 -8.467550E+00  1.000000E+00
             5696  1.027891E+02 -8.467550E+00 -1.000000E+00
             5697  9.785942E+01 -1.164503E+01  1.000000E+00
             5698  9.785942E+01 -1.164503E+01 -1.000000E+00
             5699  9.292971E+01 -1.482252E+01  1.000000E+00
             5700  9.292971E+01 -1.482252E+01 -1.000000E+00
             5701  1.034770E+02 -1.039797E+01  1.000000E+00
             5702  1.034770E+02 -1.039797E+01 -1.000000E+00
             5703  9.831802E+01 -1.443198E+01  1.000000E+00
             5704  9.831802E+01 -1.443198E+01 -1.000000E+00
             5705  9.315900E+01 -1.846599E+01  1.000000E+00
             5706  9.315900E+01 -1.846599E+01 -1.000000E+00
             5707  1.056324E+02 -1.108587E+01  1.000000E+00
             5708  1.056324E+02 -1.108587E+01 -1.000000E+00
             5709  1.015550E+02 -1.489058E+01  1.000000E+00
             5710  1.015550E+02 -1.489058E+01 -1.000000E+00
             5711  9.747749E+01 -1.869529E+01  1.000000E+00
             5712  9.747749E+01 -1.869529E+01 -1.000000E+00
             5713  1.078856E+02 -1.163929E+01  1.000000E+00
             5714  1.078856E+02 -1.163929E+01 -1.000000E+00
             5715  1.048570E+02 -1.525953E+01  1.000000E+00
             5716  1.048570E+02 -1.525953E+01 -1.000000E+00
             5717  1.018285E+02 -1.887976E+01  1.000000E+00
             5718  1.018285E+02 -1.887976E+01 -1.000000E+00
             5719  1.102141E+02 -1.204463E+01  1.000000E+00
             5720  1.102141E+02 -1.204463E+01 -1.000000E+00
             5721  1.082094E+02 -1.552975E+01  1.000000E+00
             5722  1.082094E+02 -1.552975E+01 -1.000000E+00
             5723  1.062047E+02 -1.901488E+01  1.000000E+00
             5724  1.062047E+02 -1.901488E+01 -1.000000E+00
             5725  1.125941E+02 -1.229190E+01  1.000000E+00
             5726  1.125941E+02 -1.229190E+01 -1.000000E+00
             5727  1.115960E+02 -1.569460E+01  1.000000E+00
             5728  1.115960E+02 -1.569460E+01 -1.000000E+00
             5729  1.105980E+02 -1.909730E+01  1.000000E+00
             5730  1.105980E+02 -1.909730E+01 -1.000000E+00
             5731  1.105980E+02  1.909730E+01  1.000000E+00
             5732  1.105980E+02  1.909730E+01 -1.000000E+00
             5733  1.062047E+02  1.901488E+01  1.000000E+00
             5734  1.062047E+02  1.901488E+01 -1.000000E+00
             5735  1.018285E+02  1.887976E+01  1.000000E+00
             5736  1.018285E+02  1.887976E+01 -1.000000E+00
             5737  9.747749E+01  1.869529E+01  1.000000E+00
             5738  9.747749E+01  1.869529E+01 -1.000000E+00
             5739  9.315900E+01  1.846599E+01  1.000000E+00
             5740  9.315900E+01  1.846599E+01 -1.000000E+00
             5741  9.292971E+01  1.482252E+01  1.000000E+00
             5742  9.292971E+01  1.482252E+01 -1.000000E+00
             5743  9.274523E+01  1.114648E+01  1.000000E+00
             5744  9.274523E+01  1.114648E+01 -1.000000E+00
             5745  9.261012E+01  7.445288E+00  1.000000E+00
             5746  9.261012E+01  7.445288E+00 -1.000000E+00
             5747  9.252770E+01  3.726978E+00  1.000000E+00
             5748  9.252770E+01  3.726978E+00 -1.000000E+00
             5749  1.115960E+02  1.569460E+01  1.000000E+00
             5750  1.115960E+02  1.569460E+01 -1.000000E+00
             5751  1.082094E+02  1.552975E+01  1.000000E+00
             5752  1.082094E+02  1.552975E+01 -1.000000E+00
             5753  1.048570E+02  1.525953E+01  1.000000E+00
             5754  1.048570E+02  1.525953E+01 -1.000000E+00
             5755  1.015550E+02  1.489058E+01  1.000000E+00
             5756  1.015550E+02  1.489058E+01 -1.000000E+00
             5757  9.831802E+01  1.443198E+01  1.000000E+00
             5758  9.831802E+01  1.443198E+01 -1.000000E+00
             5759  9.785942E+01  1.164503E+01  1.000000E+00
             5760  9.785942E+01  1.164503E+01 -1.000000E+00
             5761  9.749047E+01  8.792957E+00  1.000000E+00
             5762  9.749047E+01  8.792957E+00 -1.000000E+00
             5763  9.722025E+01  5.890577E+00  1.000000E+00
             5764  9.722025E+01  5.890577E+00 -1.000000E+00
             5765  9.705540E+01  2.953955E+00  1.000000E+00
             5766  9.705540E+01  2.953955E+00 -1.000000E+00
             5767  1.125941E+02  1.229190E+01  1.000000E+00
             5768  1.125941E+02  1.229190E+01 -1.000000E+00
             5769  1.102141E+02  1.204463E+01  1.000000E+00
             5770  1.102141E+02  1.204463E+01 -1.000000E+00
             5771  1.078856E+02  1.163929E+01  1.000000E+00
             5772  1.078856E+02  1.163929E+01 -1.000000E+00
             5773  1.056324E+02  1.108587E+01  1.000000E+00
             5774  1.056324E+02  1.108587E+01 -1.000000E+00
             5775  1.034770E+02  1.039797E+01  1.000000E+00
             5776  1.034770E+02  1.039797E+01 -1.000000E+00
             5777  1.027891E+02  8.467550E+00  1.000000E+00
             5778  1.027891E+02  8.467550E+00 -1.000000E+00
             5779  1.022357E+02  6.439436E+00  1.000000E+00
             5780  1.022357E+02  6.439436E+00 -1.000000E+00
             5781  1.018304E+02  4.335865E+00  1.000000E+00
             5782  1.018304E+02  4.335865E+00 -1.000000E+00
             5783  1.015831E+02  2.180933E+00  1.000000E+00
             5784  1.015831E+02  2.180933E+00 -1.000000E+00
             5785  8.150000E+01 -4.750000E+00  1.000000E+00
             5786  8.150000E+01 -4.750000E+00 -1.000000E+00
             5787  8.150000E+01 -9.500000E+00  1.000000E+00
             5788  8.150000E+01 -9.500000E+00 -1.000000E+00
             5789  8.150000E+01 -1.383333E+01  1.000000E+00
             5790  8.150000E+01 -1.383333E+01 -1.000000E+00
             5791  8.150000E+01 -1.816667E+01  1.000000E+00
             5792  8.150000E+01 -1.816667E+01 -1.000000E+00
             5793  8.150000E+01  1.816667E+01  1.000000E+00
             5794  8.150000E+01  1.816667E+01 -1.000000E+00
             5795  8.150000E+01  1.383333E+01  1.000000E+00
             5796  8.150000E+01  1.383333E+01 -1.000000E+00
             5797  8.150000E+01  9.500000E+00  1.000000E+00
             5798  8.150000E+01  9.500000E+00 -1.000000E+00
             5799  8.150000E+01  4.750000E+00  1.000000E+00
             5800  8.150000E+01  4.750000E+00 -1.000000E+00
             5801  7.000000E+01  1.833333E+01  1.000000E+00
             5802  7.000000E+01  1.833333E+01 -1.000000E+00
             5803  7.000000E+01  1.416667E+01  1.000000E+00
             5804  7.000000E+01  1.416667E+01 -1.000000E+00
             5805  6.794228E+01  6.412932E+00  1.000000E+00
             5806  6.794228E+01  6.412932E+00 -1.000000E+00
             5807  7.069035E+01  5.690356E+00  1.000000E+00
             5808  7.069035E+01  5.690356E+00 -1.000000E+00
             5809  7.141293E+01  2.942278E+00  1.000000E+00
             5810  7.141293E+01  2.942278E+00 -1.000000E+00
             5811  6.897114E+01  8.206466E+00  1.000000E+00
             5812  6.897114E+01  8.206466E+00 -1.000000E+00
             5813  7.284518E+01  7.845178E+00  1.000000E+00
             5814  7.284518E+01  7.845178E+00 -1.000000E+00
             5815  7.320647E+01  3.971139E+00  1.000000E+00
             5816  7.320647E+01  3.971139E+00 -1.000000E+00
             5817  6.794228E+01 -6.412932E+00  1.000000E+00
             5818  6.794228E+01 -6.412932E+00 -1.000000E+00
             5819  6.897114E+01 -8.206466E+00  1.000000E+00
             5820  6.897114E+01 -8.206466E+00 -1.000000E+00
             5821  7.069035E+01 -5.690356E+00  1.000000E+00
             5822  7.069035E+01 -5.690356E+00 -1.000000E+00
             5823  7.284518E+01 -7.845178E+00  1.000000E+00
             5824  7.284518E+01 -7.845178E+00 -1.000000E+00
             5825  7.141293E+01 -2.942278E+00  1.000000E+00
             5826  7.141293E+01 -2.942278E+00 -1.000000E+00
             5827  7.320647E+01 -3.971139E+00  1.000000E+00
             5828  7.320647E+01 -3.971139E+00 -1.000000E+00
             5829  7.000000E+01 -1.833333E+01  1.000000E+00
             5830  7.000000E+01 -1.833333E+01 -1.000000E+00
             5831  7.000000E+01 -1.416667E+01  1.000000E+00
             5832  7.000000E+01 -1.416667E+01 -1.000000E+00
             5833  5.850000E+01 -1.833333E+01  1.000000E+00
             5834  5.850000E+01 -1.833333E+01 -1.000000E+00
             5835  5.850000E+01 -1.416667E+01  1.000000E+00
             5836  5.850000E+01 -1.416667E+01 -1.000000E+00
             5837  5.200000E+01 -1.833333E+01  1.000000E+00
             5838  5.200000E+01 -1.833333E+01 -1.000000E+00
             5839  5.200000E+01 -1.416667E+01  1.000000E+00
             5840  5.200000E+01 -1.416667E+01 -1.000000E+00
             5841  4.550000E+01 -1.833333E+01  1.000000E+00
             5842  4.550000E+01 -1.833333E+01 -1.000000E+00
             5843  4.550000E+01 -1.416667E+01  1.000000E+00
             5844  4.550000E+01 -1.416667E+01 -1.000000E+00
             5845  3.900000E+01 -1.833333E+01  1.000000E+00
             5846  3.900000E+01 -1.833333E+01 -1.000000E+00
             5847  3.900000E+01 -1.416667E+01  1.000000E+00
             5848  3.900000E+01 -1.416667E+01 -1.000000E+00
             5849  3.250000E+01 -1.833333E+01  1.000000E+00
             5850  3.250000E+01 -1.833333E+01 -1.000000E+00
             5851  3.250000E+01 -1.416667E+01  1.000000E+00
             5852  3.250000E+01 -1.416667E+01 -1.000000E+00
             5853  2.600000E+01 -1.833333E+01  1.000000E+00
             5854  2.600000E+01 -1.833333E+01 -1.000000E+00
             5855  2.600000E+01 -1.416667E+01  1.000000E+00
             5856  2.600000E+01 -1.416667E+01 -1.000000E+00
             5857  1.950000E+01 -1.833333E+01  1.000000E+00
             5858  1.950000E+01 -1.833333E+01 -1.000000E+00
             5859  1.950000E+01 -1.416667E+01  1.000000E+00
             5860  1.950000E+01 -1.416667E+01 -1.000000E+00
             5861  1.300000E+01 -1.833333E+01  1.000000E+00
             5862  1.300000E+01 -1.833333E+01 -1.000000E+00
             5863  1.300000E+01 -1.416667E+01  1.000000E+00
             5864  1.300000E+01 -1.416667E+01 -1.000000E+00
             5865  6.500000E+00 -1.833333E+01  1.000000E+00
             5866  6.500000E+00 -1.833333E+01 -1.000000E+00
             5867  6.500000E+00 -1.416667E+01  1.000000E+00
             5868  6.500000E+00 -1.416667E+01 -1.000000E+00
             5869  5.850000E+01 -8.333333E+00  1.000000E+00
             5870  5.850000E+01 -8.333333E+00 -1.000000E+00
             5871  5.850000E+01 -6.666667E+00  1.000000E+00
             5872  5.850000E+01 -6.666667E+00 -1.000000E+00
             5873  5.200000E+01 -8.333333E+00  1.000000E+00
             5874  5.200000E+01 -8.333333E+00 -1.000000E+00
             5875  5.200000E+01 -6.666667E+00  1.000000E+00
             5876  5.200000E+01 -6.666667E+00 -1.000000E+00
             5877  4.550000E+01 -8.333333E+00  1.000000E+00
             5878  4.550000E+01 -8.333333E+00 -1.000000E+00
             5879  4.550000E+01 -6.666667E+00  1.000000E+00
             5880  4.550000E+01 -6.666667E+00 -1.000000E+00
             5881  3.900000E+01 -8.333333E+00  1.000000E+00
             5882  3.900000E+01 -8.333333E+00 -1.000000E+00
             5883  3.900000E+01 -6.666667E+00  1.000000E+00
             5884  3.900000E+01 -6.666667E+00 -1.000000E+00
             5885  3.250000E+01 -8.333333E+00  1.000000E+00
             5886  3.250000E+01 -8.333333E+00 -1.000000E+00
             5887  3.250000E+01 -6.666667E+00  1.000000E+00
             5888  3.250000E+01 -6.666667E+00 -1.000000E+00
             5889  2.600000E+01 -8.333333E+00  1.000000E+00
             5890  2.600000E+01 -8.333333E+00 -1.000000E+00
             5891  2.600000E+01 -6.666667E+00  1.000000E+00
             5892  2.600000E+01 -6.666667E+00 -1.000000E+00
             5893  1.950000E+01 -8.333333E+00  1.000000E+00
             5894  1.950000E+01 -8.333333E+00 -1.000000E+00
             5895  1.950000E+01 -6.666667E+00  1.000000E+00
             5896  1.950000E+01 -6.666667E+00 -1.000000E+00
             5897  1.300000E+01 -8.333333E+00  1.000000E+00
             5898  1.300000E+01 -8.333333E+00 -1.000000E+00
             5899  1.300000E+01 -6.666667E+00  1.000000E+00
             5900  1.300000E+01 -6.666667E+00 -1.000000E+00
             5901  6.500000E+00 -8.333333E+00  1.000000E+00
             5902  6.500000E+00 -8.333333E+00 -1.000000E+00
             5903  6.500000E+00 -6.666667E+00  1.000000E+00
             5904  6.500000E+00 -6.666667E+00 -1.000000E+00
             5905  5.850000E+01  6.666667E+00  1.000000E+00
             5906  5.850000E+01  6.666667E+00 -1.000000E+00
             5907  5.850000E+01  8.333333E+00  1.000000E+00
             5908  5.850000E+01  8.333333E+00 -1.000000E+00
             5909  5.200000E+01  6.666667E+00  1.000000E+00
             5910  5.200000E+01  6.666667E+00 -1.000000E+00
             5911  5.200000E+01  8.333333E+00  1.000000E+00
             5912  5.200000E+01  8.333333E+00 -1.000000E+00
             5913  4.550000E+01  6.666667E+00  1.000000E+00
             5914  4.550000E+01  6.666667E+00 -1.000000E+00
             5915  4.550000E+01  8.333333E+00  1.000000E+00
             5916  4.550000E+01  8.333333E+00 -1.000000E+00
             5917  3.900000E+01  6.666667E+00  1.000000E+00
             5918  3.900000E+01  6.666667E+00 -1.000000E+00
             5919  3.900000E+01  8.333333E+00  1.000000E+00
             5920  3.900000E+01  8.333333E+00 -1.000000E+00
             5921  3.250000E+01  6.666667E+00  1.000000E+00
             5922  3.250000E+01  6.666667E+00 -1.000000E+00
             5923  3.250000E+01  8.333333E+00  1.000000E+00
             5924  3.250000E+01  8.333333E+00 -1.000000E+00
             5925  2.600000E+01  6.666667E+00  1.000000E+00
             5926  2.600000E+01  6.666667E+00 -1.000000E+00
             5927  2.600000E+01  8.333333E+00  1.000000E+00
             5928  2.600000E+01  8.333333E+00 -1.000000E+00
             5929  1.950000E+01  6.666667E+00  1.000000E+00
             5930  1.950000E+01  6.666667E+00 -1.000000E+00
             5931  1.950000E+01  8.333333E+00  1.000000E+00
             5932  1.950000E+01  8.333333E+00 -1.000000E+00
             5933  1.300000E+01  6.666667E+00  1.000000E+00
             5934  1.300000E+01  6.666667E+00 -1.000000E+00
             5935  1.300000E+01  8.333333E+00  1.000000E+00
             5936  1.300000E+01  8.333333E+00 -1.000000E+00
             5937  6.500000E+00  6.666667E+00  1.000000E+00
             5938  6.500000E+00  6.666667E+00 -1.000000E+00
             5939  6.500000E+00  8.333333E+00  1.000000E+00
             5940  6.500000E+00  8.333333E+00 -1.000000E+00
             5941  5.850000E+01  1.416667E+01  1.000000E+00
             5942  5.850000E+01  1.416667E+01 -1.000000E+00
             5943  5.850000E+01  1.833333E+01  1.000000E+00
             5944  5.850000E+01  1.833333E+01 -1.000000E+00
             5945  5.200000E+01  1.416667E+01  1.000000E+00
             5946  5.200000E+01  1.416667E+01 -1.000000E+00
             5947  5.200000E+01  1.833333E+01  1.000000E+00
             5948  5.200000E+01  1.833333E+01 -1.000000E+00
             5949  4.550000E+01  1.416667E+01  1.000000E+00
             5950  4.550000E+01  1.416667E+01 -1.000000E+00
             5951  4.550000E+01  1.833333E+01  1.000000E+00
             5952  4.550000E+01  1.833333E+01 -1.000000E+00
             5953  3.900000E+01  1.416667E+01  1.000000E+00
             5954  3.900000E+01  1.416667E+01 -1.000000E+00
             5955  3.900000E+01  1.833333E+01  1.000000E+00
             5956  3.900000E+01  1.833333E+01 -1.000000E+00
             5957  3.250000E+01  1.416667E+01  1.000000E+00
             5958  3.250000E+01  1.416667E+01 -1.000000E+00
             5959  3.250000E+01  1.833333E+01  1.000000E+00
             5960  3.250000E+01  1.833333E+01 -1.000000E+00
             5961  2.600000E+01  1.416667E+01  1.000000E+00
             5962  2.600000E+01  1.416667E+01 -1.000000E+00
             5963  2.600000E+01  1.833333E+01  1.000000E+00
             5964  2.600000E+01  1.833333E+01 -1.000000E+00
             5965  1.950000E+01  1.416667E+01  1.000000E+00
             5966  1.950000E+01  1.416667E+01 -1.000000E+00
             5967  1.950000E+01  1.833333E+01  1.000000E+00
             5968  1.950000E+01  1.833333E+01 -1.000000E+00
             5969  1.300000E+01  1.416667E+01  1.000000E+00
             5970  1.300000E+01  1.416667E+01 -1.000000E+00
             5971  1.300000E+01  1.833333E+01  1.000000E+00
             5972  1.300000E+01  1.833333E+01 -1.000000E+00
             5973  6.500000E+00  1.416667E+01  1.000000E+00
             5974  6.500000E+00  1.416667E+01 -1.000000E+00
             5975  6.500000E+00  1.833333E+01  1.000000E+00
             5976  6.500000E+00  1.833333E+01 -1.000000E+00
             5977  1.150000E+02 -5.000000E+00  9.999998E-01
             5978  1.142178E+02 -4.938442E+00  1.000000E+00
             5979  1.139050E+02 -6.913818E+00  1.000000E+00
             5980  1.150000E+02 -7.000000E+00  1.000000E+00
             5981  1.134549E+02 -4.755282E+00  9.999998E-01
             5982  1.128369E+02 -6.657396E+00  1.000000E+00
             5983  1.127300E+02 -4.455033E+00  1.000000E+00
             5984  1.118221E+02 -6.237046E+00  1.000000E+00
             5985  1.120611E+02 -4.045085E+00  9.999998E-01
             5986  1.108855E+02 -5.663119E+00  1.000000E+00
             5987  1.114645E+02 -3.535534E+00  1.000000E+00
             5988  1.100503E+02 -4.949748E+00  1.000000E+00
             5989  1.109549E+02 -2.938926E+00  9.999998E-01
             5990  1.093369E+02 -4.114497E+00  1.000000E+00
             5991  1.105450E+02 -2.269953E+00  1.000000E+00
             5992  1.087630E+02 -3.177933E+00  1.000000E+00
             5993  1.102447E+02 -1.545085E+00  1.000000E+00
             5994  1.083426E+02 -2.163119E+00  1.000000E+00
             5995  1.100616E+02 -7.821723E-01  1.000000E+00
             5996  1.080862E+02 -1.095041E+00  1.000000E+00
             5997  1.100000E+02  2.067679E-12  1.000000E+00
             5998  1.080000E+02  1.034728E-12  1.000000E+00
             5999  1.139050E+02  6.913818E+00  1.000000E+00
             6000  1.150000E+02  7.000000E+00  1.000000E+00
             6001  1.128369E+02  6.657396E+00  1.000000E+00
             6002  1.118221E+02  6.237046E+00  1.000000E+00
             6003  1.108855E+02  5.663119E+00  1.000000E+00
             6004  1.100503E+02  4.949748E+00  1.000000E+00
             6005  1.093369E+02  4.114497E+00  1.000000E+00
             6006  1.087630E+02  3.177933E+00  1.000000E+00
             6007  1.083426E+02  2.163119E+00  1.000000E+00
             6008  1.080862E+02  1.095041E+00  1.000000E+00
             6009  1.142178E+02  4.938442E+00  1.000000E+00
             6010  1.150000E+02  5.000000E+00  9.999998E-01
             6011  1.134549E+02  4.755282E+00  9.999998E-01
             6012  1.127300E+02  4.455033E+00  1.000000E+00
             6013  1.120611E+02  4.045085E+00  1.000000E+00
             6014  1.114645E+02  3.535534E+00  1.000000E+00
             6015  1.109549E+02  2.938926E+00  9.999998E-01
             6016  1.105450E+02  2.269953E+00  1.000000E+00
             6017  1.102447E+02  1.545085E+00  1.000000E+00
             6018  1.100616E+02  7.821723E-01  1.000000E+00
             6019  1.160950E+02  6.913818E+00  1.000000E+00
             6020  1.157822E+02  4.938442E+00  1.000000E+00
             6021  1.171631E+02  6.657396E+00  1.000000E+00
             6022  1.165451E+02  4.755282E+00  9.999998E-01
             6023  1.181779E+02  6.237046E+00  1.000000E+00
             6024  1.172700E+02  4.455033E+00  1.000000E+00
             6025  1.191145E+02  5.663119E+00  1.000000E+00
             6026  1.179389E+02  4.045085E+00  9.999998E-01
             6027  1.199497E+02  4.949748E+00  1.000000E+00
             6028  1.185355E+02  3.535534E+00  1.000000E+00
             6029  1.206631E+02  4.114497E+00  1.000000E+00
             6030  1.190451E+02  2.938926E+00  1.000000E+00
             6031  1.212370E+02  3.177933E+00  1.000000E+00
             6032  1.194550E+02  2.269953E+00  1.000000E+00
             6033  1.216574E+02  2.163119E+00  1.000000E+00
             6034  1.197553E+02  1.545085E+00  1.000000E+00
             6035  1.219138E+02  1.095041E+00  1.000000E+00
             6036  1.199384E+02  7.821723E-01  1.000000E+00
             6037  1.220000E+02 -5.171189E-13  1.000000E+00
             6038  1.200000E+02 -1.033840E-12  1.000000E+00
             6039  1.199384E+02 -7.821723E-01  1.000000E+00
             6040  1.219138E+02 -1.095041E+00  1.000000E+00
             6041  1.197553E+02 -1.545085E+00  1.000000E+00
             6042  1.216574E+02 -2.163119E+00  1.000000E+00
             6043  1.194550E+02 -2.269953E+00  1.000000E+00
             6044  1.212370E+02 -3.177933E+00  1.000000E+00
             6045  1.190451E+02 -2.938926E+00  1.000000E+00
             6046  1.206631E+02 -4.114497E+00  1.000000E+00
             6047  1.185355E+02 -3.535534E+00  1.000000E+00
             6048  1.199497E+02 -4.949748E+00  1.000000E+00
             6049  1.179389E+02 -4.045085E+00  1.000000E+00
             6050  1.191145E+02 -5.663119E+00  1.000000E+00
             6051  1.172700E+02 -4.455033E+00  1.000000E+00
             6052  1.181779E+02 -6.237046E+00  1.000000E+00
             6053  1.165451E+02 -4.755282E+00  1.000000E+00
             6054  1.171631E+02 -6.657396E+00  1.000000E+00
             6055  1.157822E+02 -4.938442E+00  1.000000E+00
             6056  1.160950E+02 -6.913818E+00  1.000000E+00
             6057  1.650000E+02 -5.000000E+00  1.000000E+00
             6058  1.642178E+02 -4.938442E+00  1.000000E+00
             6059  1.639050E+02 -6.913818E+00  1.000000E+00
             6060  1.650000E+02 -7.000000E+00  1.000000E+00
             6061  1.634549E+02 -4.755282E+00  1.000000E+00
             6062  1.628369E+02 -6.657396E+00  1.000000E+00
             6063  1.627300E+02 -4.455033E+00  9.999998E-01
             6064  1.618221E+02 -6.237046E+00  1.000000E+00
             6065  1.620611E+02 -4.045085E+00  9.999998E-01
             6066  1.608855E+02 -5.663119E+00  1.000000E+00
             6067  1.614645E+02 -3.535534E+00  1.000000E+00
             6068  1.600502E+02 -4.949748E+00  1.000000E+00
             6069  1.609549E+02 -2.938926E+00  1.000000E+00
             6070  1.593369E+02 -4.114497E+00  1.000000E+00
             6071  1.605450E+02 -2.269953E+00  1.000000E+00
             6072  1.587630E+02 -3.177933E+00  1.000000E+00
             6073  1.602447E+02 -1.545085E+00  1.000000E+00
             6074  1.583426E+02 -2.163119E+00  1.000000E+00
             6075  1.600616E+02 -7.821723E-01  9.999998E-01
             6076  1.580862E+02 -1.095041E+00  1.000000E+00
             6077  1.600000E+02  0.000000E+00  1.000000E+00
             6078  1.580000E+02  6.123235E-16  1.000000E+00
             6079  1.639050E+02  6.913818E+00  1.000000E+00
             6080  1.650000E+02  7.000000E+00  1.000000E+00
             6081  1.628369E+02  6.657396E+00  1.000000E+00
             6082  1.618221E+02  6.237046E+00  1.000000E+00
             6083  1.608855E+02  5.663119E+00  1.000000E+00
             6084  1.600502E+02  4.949748E+00  1.000000E+00
             6085  1.593369E+02  4.114497E+00  1.000000E+00
             6086  1.587630E+02  3.177933E+00  1.000000E+00
             6087  1.583426E+02  2.163119E+00  1.000000E+00
             6088  1.580862E+02  1.095041E+00  1.000000E+00
             6089  1.642178E+02  4.938442E+00  1.000000E+00
             6090  1.650000E+02  5.000000E+00  1.000000E+00
             6091  1.634549E+02  4.755282E+00  1.000000E+00
             6092  1.627300E+02  4.455033E+00  9.999998E-01
             6093  1.620611E+02  4.045085E+00  9.999998E-01
             6094  1.614645E+02  3.535534E+00  1.000000E+00
             6095  1.609549E+02  2.938926E+00  1.000000E+00
             6096  1.605450E+02  2.269953E+00  1.000000E+00
             6097  1.602447E+02  1.545085E+00  1.000000E+00
             6098  1.600616E+02  7.821723E-01  1.000000E+00
             6099  1.660950E+02  6.913818E+00  1.000000E+00
             6100  1.671631E+02  6.657396E+00  1.000000E+00
             6101  1.681779E+02  6.237046E+00  1.000000E+00
             6102  1.691145E+02  5.663119E+00  1.000000E+00
             6103  1.699498E+02  4.949748E+00  1.000000E+00
             6104  1.706631E+02  4.114497E+00  1.000000E+00
             6105  1.712370E+02  3.177933E+00  1.000000E+00
             6106  1.716574E+02  2.163119E+00  1.000000E+00
             6107  1.719138E+02  1.095041E+00  1.000000E+00
             6108  1.720000E+02 -1.448374E-12  1.000000E+00
             6109  1.657822E+02  4.938442E+00  1.000000E+00
             6110  1.665451E+02  4.755282E+00  1.000000E+00
             6111  1.672700E+02  4.455033E+00  9.999998E-01
             6112  1.679389E+02  4.045085E+00  9.999998E-01
             6113  1.685355E+02  3.535534E+00  1.000000E+00
             6114  1.690451E+02  2.938926E+00  1.000000E+00
             6115  1.694550E+02  2.269953E+00  1.000000E+00
             6116  1.697553E+02  1.545085E+00  1.000000E+00
             6117  1.699384E+02  7.821723E-01  1.000000E+00
             6118  1.700000E+02 -1.033840E-12  1.000000E+00
             6119  1.699384E+02 -7.821723E-01  1.000000E+00
             6120  1.719138E+02 -1.095041E+00  1.000000E+00
             6121  1.697553E+02 -1.545085E+00  1.000000E+00
             6122  1.716574E+02 -2.163119E+00  1.000000E+00
             6123  1.694550E+02 -2.269953E+00  1.000000E+00
             6124  1.712370E+02 -3.177933E+00  1.000000E+00
             6125  1.690451E+02 -2.938926E+00  1.000000E+00
             6126  1.706631E+02 -4.114497E+00  1.000000E+00
             6127  1.685355E+02 -3.535534E+00  1.000000E+00
             6128  1.699498E+02 -4.949748E+00  1.000000E+00
             6129  1.679389E+02 -4.045085E+00  1.000000E+00
             6130  1.691145E+02 -5.663119E+00  1.000000E+00
             6131  1.672700E+02 -4.455033E+00  1.000000E+00
             6132  1.681779E+02 -6.237046E+00  1.000000E+00
             6133  1.665451E+02 -4.755282E+00  1.000000E+00
             6134  1.671631E+02 -6.657396E+00  1.000000E+00
             6135  1.657822E+02 -4.938442E+00  9.999998E-01
             6136  1.660950E+02 -6.913818E+00  1.000000E+00
             6137  1.150000E+02 -5.000000E+00 -1.000000E+00
             6138  1.142178E+02 -4.938442E+00 -1.000000E+00
             6139  1.139050E+02 -6.913818E+00 -1.000000E+00
             6140  1.150000E+02 -7.000000E+00 -1.000000E+00
             6141  1.134549E+02 -4.755282E+00 -1.000000E+00
             6142  1.128369E+02 -6.657396E+00 -1.000000E+00
             6143  1.127300E+02 -4.455033E+00 -1.000000E+00
             6144  1.118221E+02 -6.237046E+00 -1.000000E+00
             6145  1.120611E+02 -4.045085E+00 -1.000000E+00
             6146  1.108855E+02 -5.663119E+00 -1.000000E+00
             6147  1.114645E+02 -3.535534E+00 -1.000000E+00
             6148  1.100503E+02 -4.949748E+00 -1.000000E+00
             6149  1.109549E+02 -2.938926E+00 -1.000000E+00
             6150  1.093369E+02 -4.114497E+00 -1.000000E+00
             6151  1.105450E+02 -2.269953E+00 -1.000000E+00
             6152  1.087630E+02 -3.177933E+00 -1.000000E+00
             6153  1.102447E+02 -1.545085E+00 -1.000000E+00
             6154  1.083426E+02 -2.163119E+00 -1.000000E+00
             6155  1.100616E+02 -7.821723E-01 -1.000000E+00
             6156  1.080862E+02 -1.095041E+00 -1.000000E+00
             6157  1.100000E+02  2.067679E-12 -1.000000E+00
             6158  1.080000E+02  1.034728E-12 -1.000000E+00
             6159  1.139050E+02  6.913818E+00 -1.000000E+00
             6160  1.150000E+02  7.000000E+00 -1.000000E+00
             6161  1.128369E+02  6.657396E+00 -1.000000E+00
             6162  1.118221E+02  6.237046E+00 -1.000000E+00
             6163  1.108855E+02  5.663119E+00 -1.000000E+00
             6164  1.100503E+02  4.949748E+00 -1.000000E+00
             6165  1.093369E+02  4.114497E+00 -1.000000E+00
             6166  1.087630E+02  3.177933E+00 -1.000000E+00
             6167  1.083426E+02  2.163119E+00 -1.000000E+00
             6168  1.080862E+02  1.095041E+00 -1.000000E+00
             6169  1.142178E+02  4.938442E+00 -1.000000E+00
             6170  1.150000E+02  5.000000E+00 -1.000000E+00
             6171  1.134549E+02  4.755282E+00 -1.000000E+00
             6172  1.127300E+02  4.455033E+00 -1.000000E+00
             6173  1.120611E+02  4.045085E+00 -1.000000E+00
             6174  1.114645E+02  3.535534E+00 -1.000000E+00
             6175  1.109549E+02  2.938926E+00 -1.000000E+00
             6176  1.105450E+02  2.269953E+00 -1.000000E+00
             6177  1.102447E+02  1.545085E+00 -1.000000E+00
             6178  1.100616E+02  7.821723E-01 -1.000000E+00
             6179  1.160950E+02  6.913818E+00 -1.000000E+00
             6180  1.157822E+02  4.938442E+00 -1.000000E+00
             6181  1.171631E+02  6.657396E+00 -1.000000E+00
             6182  1.165451E+02  4.755282E+00 -1.000000E+00
             6183  1.181779E+02  6.237046E+00 -1.000000E+00
             6184  1.172700E+02  4.455033E+00 -1.000000E+00
             6185  1.191145E+02  5.663119E+00 -1.000000E+00
             6186  1.179389E+02  4.045085E+00 -1.000000E+00
             6187  1.199497E+02  4.949748E+00 -1.000000E+00
             6188  1.185355E+02  3.535534E+00 -1.000000E+00
             6189  1.206631E+02  4.114497E+00 -1.000000E+00
             6190  1.190451E+02  2.938926E+00 -1.000000E+00
             6191  1.212370E+02  3.177933E+00 -1.000000E+00
             6192  1.194550E+02  2.269953E+00 -1.000000E+00
             6193  1.216574E+02  2.163119E+00 -1.000000E+00
             6194  1.197553E+02  1.545085E+00 -1.000000E+00
             6195  1.219138E+02  1.095041E+00 -1.000000E+00
             6196  1.199384E+02  7.821723E-01 -1.000000E+00
             6197  1.220000E+02 -5.171189E-13 -1.000000E+00
             6198  1.200000E+02 -1.033840E-12 -1.000000E+00
             6199  1.199384E+02 -7.821723E-01 -1.000000E+00
             6200  1.219138E+02 -1.095041E+00 -1.000000E+00
             6201  1.197553E+02 -1.545085E+00 -1.000000E+00
             6202  1.216574E+02 -2.163119E+00 -1.000000E+00
             6203  1.194550E+02 -2.269953E+00 -1.000000E+00
             6204  1.212370E+02 -3.177933E+00 -1.000000E+00
             6205  1.190451E+02 -2.938926E+00 -1.000000E+00
             6206  1.206631E+02 -4.114497E+00 -1.000000E+00
             6207  1.185355E+02 -3.535534E+00 -1.000000E+00
             6208  1.199497E+02 -4.949748E+00 -1.000000E+00
             6209  1.179389E+02 -4.045085E+00 -1.000000E+00
             6210  1.191145E+02 -5.663119E+00 -1.000000E+00
             6211  1.172700E+02 -4.455033E+00 -1.000000E+00
             6212  1.181779E+02 -6.237046E+00 -1.000000E+00
             6213  1.165451E+02 -4.755282E+00 -1.000000E+00
             6214  1.171631E+02 -6.657396E+00 -1.000000E+00
             6215  1.157822E+02 -4.938442E+00 -1.000000E+00
             6216  1.160950E+02 -6.913818E+00 -1.000000E+00
             6217  1.650000E+02 -5.000000E+00 -1.000000E+00
             6218  1.642178E+02 -4.938442E+00 -1.000000E+00
             6219  1.639050E+02 -6.913818E+00 -1.000000E+00
             6220  1.650000E+02 -7.000000E+00 -1.000000E+00
             6221  1.634549E+02 -4.755282E+00 -1.000000E+00
             6222  1.628369E+02 -6.657396E+00 -1.000000E+00
             6223  1.627300E+02 -4.455033E+00 -1.000000E+00
             6224  1.618221E+02 -6.237046E+00 -1.000000E+00
             6225  1.620611E+02 -4.045085E+00 -1.000000E+00
             6226  1.608855E+02 -5.663119E+00 -1.000000E+00
             6227  1.614645E+02 -3.535534E+00 -1.000000E+00
             6228  1.600502E+02 -4.949748E+00 -1.000000E+00
             6229  1.609549E+02 -2.938926E+00 -1.000000E+00
             6230  1.593369E+02 -4.114497E+00 -1.000000E+00
             6231  1.605450E+02 -2.269953E+00 -1.000000E+00
             6232  1.587630E+02 -3.177933E+00 -1.000000E+00
             6233  1.602447E+02 -1.545085E+00 -1.000000E+00
             6234  1.583426E+02 -2.163119E+00 -1.000000E+00
             6235  1.600616E+02 -7.821723E-01 -1.000000E+00
             6236  1.580862E+02 -1.095041E+00 -1.000000E+00
             6237  1.600000E+02  0.000000E+00 -1.000000E+00
             6238  1.580000E+02  6.123235E-16 -1.000000E+00
             6239  1.639050E+02  6.913818E+00 -1.000000E+00
             6240  1.650000E+02  7.000000E+00 -1.000000E+00
             6241  1.628369E+02  6.657396E+00 -1.000000E+00
             6242  1.618221E+02  6.237046E+00 -1.000000E+00
             6243  1.608855E+02  5.663119E+00 -1.000000E+00
             6244  1.600502E+02  4.949748E+00 -1.000000E+00
             6245  1.593369E+02  4.114497E+00 -1.000000E+00
             6246  1.587630E+02  3.177933E+00 -1.000000E+00
             6247  1.583426E+02  2.163119E+00 -1.000000E+00
             6248  1.580862E+02  1.095041E+00 -1.000000E+00
             6249  1.642178E+02  4.938442E+00 -1.000000E+00
             6250  1.650000E+02  5.000000E+00 -1.000000E+00
             6251  1.634549E+02  4.755282E+00 -1.000000E+00
             6252  1.627300E+02  4.455033E+00 -1.000000E+00
             6253  1.620611E+02  4.045085E+00 -1.000000E+00
             6254  1.614645E+02  3.535534E+00 -1.000000E+00
             6255  1.609549E+02  2.938926E+00 -1.000000E+00
             6256  1.605450E+02  2.269953E+00 -1.000000E+00
             6257  1.602447E+02  1.545085E+00 -1.000000E+00
             6258  1.600616E+02  7.821723E-01 -1.000000E+00
             6259  1.660950E+02  6.913818E+00 -1.000000E+00
             6260  1.671631E+02  6.657396E+00 -1.000000E+00
             6261  1.681779E+02  6.237046E+00 -1.000000E+00
             6262  1.691145E+02  5.663119E+00 -1.000000E+00
             6263  1.699498E+02  4.949748E+00 -1.000000E+00
             6264  1.706631E+02  4.114497E+00 -1.000000E+00
             6265  1.712370E+02  3.177933E+00 -1.000000E+00
             6266  1.716574E+02  2.163119E+00 -1.000000E+00
             6267  1.719138E+02  1.095041E+00 -1.000000E+00
             6268  1.720000E+02 -1.448374E-12 -1.000000E+00
             6269  1.657822E+02  4.938442E+00 -1.000000E+00
             6270  1.665451E+02  4.755282E+00 -1.000000E+00
             6271  1.672700E+02  4.455033E+00 -1.000000E+00
             6272  1.679389E+02  4.045085E+00 -1.000000E+00
             6273  1.685355E+02  3.535534E+00 -1.000000E+00
             6274  1.690451E+02  2.938926E+00 -1.000000E+00
             6275  1.694550E+02  2.269953E+00 -1.000000E+00
             6276  1.697553E+02  1.545085E+00 -1.000000E+00
             6277  1.699384E+02  7.821723E-01 -1.000000E+00
             6278  1.700000E+02 -1.033840E-12 -1.000000E+00
             6279  1.699384E+02 -7.821723E-01 -1.000000E+00
             6280  1.719138E+02 -1.095041E+00 -1.000000E+00
             6281  1.697553E+02 -1.545085E+00 -1.000000E+00
             6282  1.716574E+02 -2.163119E+00 -1.000000E+00
             6283  1.694550E+02 -2.269953E+00 -1.000000E+00
             6284  1.712370E+02 -3.177933E+00 -1.000000E+00
             6285  1.690451E+02 -2.938926E+00 -1.000000E+00
             6286  1.706631E+02 -4.114497E+00 -1.000000E+00
             6287  1.685355E+02 -3.535534E+00 -1.000000E+00
             6288  1.699498E+02 -4.949748E+00 -1.000000E+00
             6289  1.679389E+02 -4.045085E+00 -1.000000E+00
             6290  1.691145E+02 -5.663119E+00 -1.000000E+00
             6291  1.672700E+02 -4.455033E+00 -1.000000E+00
             6292  1.681779E+02 -6.237046E+00 -1.000000E+00
             6293  1.665451E+02 -4.755282E+00 -1.000000E+00
             6294  1.671631E+02 -6.657396E+00 -1.000000E+00
             6295  1.657822E+02 -4.938442E+00 -1.000000E+00
             6296  1.660950E+02 -6.913818E+00 -1.000000E+00
             6297  1.150000E+02 -5.000000E+00 -3.000000E+00
             6298  1.142178E+02 -4.938442E+00 -3.000000E+00
             6299  1.139050E+02 -6.913818E+00 -3.000000E+00
             6300  1.150000E+02 -7.000000E+00 -3.000000E+00
             6301  1.134549E+02 -4.755282E+00 -3.000000E+00
             6302  1.128369E+02 -6.657396E+00 -3.000000E+00
             6303  1.127300E+02 -4.455033E+00 -3.000000E+00
             6304  1.118221E+02 -6.237046E+00 -3.000000E+00
             6305  1.120611E+02 -4.045085E+00 -3.000000E+00
             6306  1.108855E+02 -5.663119E+00 -3.000000E+00
             6307  1.114645E+02 -3.535534E+00 -3.000000E+00
             6308  1.100503E+02 -4.949748E+00 -3.000000E+00
             6309  1.109549E+02 -2.938926E+00 -3.000000E+00
             6310  1.093369E+02 -4.114497E+00 -3.000000E+00
             6311  1.105450E+02 -2.269953E+00 -3.000000E+00
             6312  1.087630E+02 -3.177933E+00 -3.000000E+00
             6313  1.102447E+02 -1.545085E+00 -3.000000E+00
             6314  1.083426E+02 -2.163119E+00 -3.000000E+00
             6315  1.100616E+02 -7.821723E-01 -3.000000E+00
             6316  1.080862E+02 -1.095041E+00 -3.000000E+00
             6317  1.100000E+02  2.067679E-12 -3.000000E+00
             6318  1.080000E+02  1.034728E-12 -3.000000E+00
             6319  1.139050E+02  6.913818E+00 -3.000000E+00
             6320  1.150000E+02  7.000000E+00 -3.000000E+00
             6321  1.128369E+02  6.657396E+00 -3.000000E+00
             6322  1.118221E+02  6.237046E+00 -3.000000E+00
             6323  1.108855E+02  5.663119E+00 -3.000000E+00
             6324  1.100503E+02  4.949748E+00 -3.000000E+00
             6325  1.093369E+02  4.114497E+00 -3.000000E+00
             6326  1.087630E+02  3.177933E+00 -3.000000E+00
             6327  1.083426E+02  2.163119E+00 -3.000000E+00
             6328  1.080862E+02  1.095041E+00 -3.000000E+00
             6329  1.142178E+02  4.938442E+00 -3.000000E+00
             6330  1.150000E+02  5.000000E+00 -3.000000E+00
             6331  1.134549E+02  4.755282E+00 -3.000000E+00
             6332  1.127300E+02  4.455033E+00 -3.000000E+00
             6333  1.120611E+02  4.045085E+00 -3.000000E+00
             6334  1.114645E+02  3.535534E+00 -3.000000E+00
             6335  1.109549E+02  2.938926E+00 -3.000000E+00
             6336  1.105450E+02  2.269953E+00 -3.000000E+00
             6337  1.102447E+02  1.545085E+00 -3.000000E+00
             6338  1.100616E+02  7.821723E-01 -3.000000E+00
             6339  1.160950E+02  6.913818E+00 -3.000000E+00
             6340  1.157822E+02  4.938442E+00 -3.000000E+00
             6341  1.171631E+02  6.657396E+00 -3.000000E+00
             6342  1.165451E+02  4.755282E+00 -3.000000E+00
             6343  1.181779E+02  6.237046E+00 -3.000000E+00
             6344  1.172700E+02  4.455033E+00 -3.000000E+00
             6345  1.191145E+02  5.663119E+00 -3.000000E+00
             6346  1.179389E+02  4.045085E+00 -3.000000E+00
             6347  1.199497E+02  4.949748E+00 -3.000000E+00
             6348  1.185355E+02  3.535534E+00 -3.000000E+00
             6349  1.206631E+02  4.114497E+00 -3.000000E+00
             6350  1.190451E+02  2.938926E+00 -3.000000E+00
             6351  1.212370E+02  3.177933E+00 -3.000000E+00
             6352  1.194550E+02  2.269953E+00 -3.000000E+00
             6353  1.216574E+02  2.163119E+00 -3.000000E+00
             6354  1.197553E+02  1.545085E+00 -3.000000E+00
             6355  1.219138E+02  1.095041E+00 -3.000000E+00
             6356  1.199384E+02  7.821723E-01 -3.000000E+00
             6357  1.220000E+02 -5.171189E-13 -3.000000E+00
             6358  1.200000E+02 -1.033840E-12 -3.000000E+00
             6359  1.199384E+02 -7.821723E-01 -3.000000E+00
             6360  1.219138E+02 -1.095041E+00 -3.000000E+00
             6361  1.197553E+02 -1.545085E+00 -3.000000E+00
             6362  1.216574E+02 -2.163119E+00 -3.000000E+00
             6363  1.194550E+02 -2.269953E+00 -3.000000E+00
             6364  1.212370E+02 -3.177933E+00 -3.000000E+00
             6365  1.190451E+02 -2.938926E+00 -3.000000E+00
             6366  1.206631E+02 -4.114497E+00 -3.000000E+00
             6367  1.185355E+02 -3.535534E+00 -3.000000E+00
             6368  1.199497E+02 -4.949748E+00 -3.000000E+00
             6369  1.179389E+02 -4.045085E+00 -3.000000E+00
             6370  1.191145E+02 -5.663119E+00 -3.000000E+00
             6371  1.172700E+02 -4.455033E+00 -3.000000E+00
             6372  1.181779E+02 -6.237046E+00 -3.000000E+00
             6373  1.165451E+02 -4.755282E+00 -3.000000E+00
             6374  1.171631E+02 -6.657396E+00 -3.000000E+00
             6375  1.157822E+02 -4.938442E+00 -3.000000E+00
             6376  1.160950E+02 -6.913818E+00 -3.000000E+00
             6377  1.650000E+02 -5.000000E+00 -3.000000E+00
             6378  1.642178E+02 -4.938442E+00 -3.000000E+00
             6379  1.639050E+02 -6.913818E+00 -3.000000E+00
             6380  1.650000E+02 -7.000000E+00 -3.000000E+00
             6381  1.634549E+02 -4.755282E+00 -3.000000E+00
             6382  1.628369E+02 -6.657396E+00 -3.000000E+00
             6383  1.627300E+02 -4.455033E+00 -3.000000E+00
             6384  1.618221E+02 -6.237046E+00 -3.000000E+00
             6385  1.620611E+02 -4.045085E+00 -3.000000E+00
             6386  1.608855E+02 -5.663119E+00 -3.000000E+00
             6387  1.614645E+02 -3.535534E+00 -3.000000E+00
             6388  1.600502E+02 -4.949748E+00 -3.000000E+00
             6389  1.609549E+02 -2.938926E+00 -3.000000E+00
             6390  1.593369E+02 -4.114497E+00 -3.000000E+00
             6391  1.605450E+02 -2.269953E+00 -3.000000E+00
             6392  1.587630E+02 -3.177933E+00 -3.000000E+00
             6393  1.602447E+02 -1.545085E+00 -3.000000E+00
             6394  1.583426E+02 -2.163119E+00 -3.000000E+00
             6395  1.600616E+02 -7.821723E-01 -3.000000E+00
             6396  1.580862E+02 -1.095041E+00 -3.000000E+00
             6397  1.600000E+02  0.000000E+00 -3.000000E+00
             6398  1.580000E+02  6.123235E-16 -3.000000E+00
             6399  1.639050E+02  6.913818E+00 -3.000000E+00
             6400  1.650000E+02  7.000000E+00 -3.000000E+00
             6401  1.628369E+02  6.657396E+00 -3.000000E+00
             6402  1.618221E+02  6.237046E+00 -3.000000E+00
             6403  1.608855E+02  5.663119E+00 -3.000000E+00
             6404  1.600502E+02  4.949748E+00 -3.000000E+00
             6405  1.593369E+02  4.114497E+00 -3.000000E+00
             6406  1.587630E+02  3.177933E+00 -3.000000E+00
             6407  1.583426E+02  2.163119E+00 -3.000000E+00
             6408  1.580862E+02  1.095041E+00 -3.000000E+00
             6409  1.642178E+02  4.938442E+00 -3.000000E+00
             6410  1.650000E+02  5.000000E+00 -3.000000E+00
             6411  1.634549E+02  4.755282E+00 -3.000000E+00
             6412  1.627300E+02  4.455033E+00 -3.000000E+00
             6413  1.620611E+02  4.045085E+00 -3.000000E+00
             6414  1.614645E+02  3.535534E+00 -3.000000E+00
             6415  1.609549E+02  2.938926E+00 -3.000000E+00
             6416  1.605450E+02  2.269953E+00 -3.000000E+00
             6417  1.602447E+02  1.545085E+00 -3.000000E+00
             6418  1.600616E+02  7.821723E-01 -3.000000E+00
             6419  1.660950E+02  6.913818E+00 -3.000000E+00
             6420  1.671631E+02  6.657396E+00 -3.000000E+00
             6421  1.681779E+02  6.237046E+00 -3.000000E+00
             6422  1.691145E+02  5.663119E+00 -3.000000E+00
             6423  1.699498E+02  4.949748E+00 -3.000000E+00
             6424  1.706631E+02  4.114497E+00 -3.000000E+00
             6425  1.712370E+02  3.177933E+00 -3.000000E+00
             6426  1.716574E+02  2.163119E+00 -3.000000E+00
             6427  1.719138E+02  1.095041E+00 -3.000000E+00
             6428  1.720000E+02 -1.448374E-12 -3.000000E+00
             6429  1.657822E+02  4.938442E+00 -3.000000E+00
             6430  1.665451E+02  4.755282E+00 -3.000000E+00
             6431  1.672700E+02  4.455033E+00 -3.000000E+00
             6432  1.679389E+02  4.045085E+00 -3.000000E+00
             6433  1.685355E+02  3.535534E+00 -3.000000E+00
             6434  1.690451E+02  2.938926E+00 -3.000000E+00
             6435  1.694550E+02  2.269953E+00 -3.000000E+00
             6436  1.697553E+02  1.545085E+00 -3.000000E+00
             6437  1.699384E+02  7.821723E-01 -3.000000E+00
             6438  1.700000E+02 -1.033840E-12 -3.000000E+00
             6439  1.699384E+02 -7.821723E-01 -3.000000E+00
             6440  1.719138E+02 -1.095041E+00 -3.000000E+00
             6441  1.697553E+02 -1.545085E+00 -3.000000E+00
             6442  1.716574E+02 -2.163119E+00 -3.000000E+00
             6443  1.694550E+02 -2.269953E+00 -3.000000E+00
             6444  1.712370E+02 -3.177933E+00 -3.000000E+00
             6445  1.690451E+02 -2.938926E+00 -3.000000E+00
             6446  1.706631E+02 -4.114497E+00 -3.000000E+00
             6447  1.685355E+02 -3.535534E+00 -3.000000E+00
             6448  1.699498E+02 -4.949748E+00 -3.000000E+00
             6449  1.679389E+02 -4.045085E+00 -3.000000E+00
             6450  1.691145E+02 -5.663119E+00 -3.000000E+00
             6451  1.672700E+02 -4.455033E+00 -3.000000E+00
             6452  1.681779E+02 -6.237046E+00 -3.000000E+00
             6453  1.665451E+02 -4.755282E+00 -3.000000E+00
             6454  1.671631E+02 -6.657396E+00 -3.000000E+00
             6455  1.657822E+02 -4.938442E+00 -3.000000E+00
             6456  1.660950E+02 -6.913818E+00 -3.000000E+00
!
      $PART  NAME = PART
       PART
!
   $END STRUCTURE
!------
   $SYSTEM  NAME = S_STEP_1
!
      $ELPROP
        PART  MATERIAL = STEEL
!
   $END SYSTEM
!------
   $CONSTRAINTS NAME = C_STEP_1

   $END CONSTRAINTS
!------
$EXIT COMPONENT
!------------------------------------
$ENTER MATERIAL
!------
   $MATERIAL  NAME = STEEL  TYPE = ISO
!
      $ELASTIC  GENERAL  INPUT = DATA
        2.000000E+05  3.000000E-01
!
      $DENSITY  GENERAL  INPUT = DATA
        7.900000E-09
!
   $END MATERIAL
!------
$EXIT MATERIAL
!------------------------------------
$FIN
