ISO-10303-21;
HEADER;
FILE_DESCRIPTION(('PERMAS CAD Model'),'2;1');
FILE_NAME('PERMAS CAD Model','2020-11-03T16:18:06',('Author'),('PERMAS'),'PERMAS STEP Writer','PERMAS','Unknown');
FILE_SCHEMA(('AUTOMOTIVE_DESIGN { 1 0 10303 214 1 1 1 1 }'));
ENDSEC;
DATA;
#1 = APPLICATION_PROTOCOL_DEFINITION('international standard','automotive_design',2000,#2);
#2 = APPLICATION_CONTEXT('core data for automotive mechanical design processes');
#4 = PRODUCT_DEFINITION_SHAPE('','',#5);
#5 = PRODUCT_DEFINITION('design','',#6,#9);
#6 = PRODUCT_DEFINITION_FORMATION('','',#7);
#7 = PRODUCT('PERMAS STEP Writer','PERMAS STEP Writer','',(#8));
#8 = PRODUCT_CONTEXT('',#2,'mechanical');
#9 = PRODUCT_DEFINITION_CONTEXT('part definition',#2,'design');
#91 = ( GEOMETRIC_REPRESENTATION_CONTEXT(3) GLOBAL_UNCERTAINTY_ASSIGNED_CONTEXT((#95)) GLOBAL_UNIT_ASSIGNED_CONTEXT((#92,#93,#94)) REPRESENTATION_CONTEXT('Context #1','3D Context with UNIT and UNCERTAINTY') );
#92 = ( LENGTH_UNIT() NAMED_UNIT(*) SI_UNIT(.MILLI.,.METRE.) );
#93 = ( NAMED_UNIT(*) PLANE_ANGLE_UNIT() SI_UNIT($,.RADIAN.) );
#94 = ( NAMED_UNIT(*) SI_UNIT($,.STERADIAN.) SOLID_ANGLE_UNIT() );
#95 = UNCERTAINTY_MEASURE_WITH_UNIT(LENGTH_MEASURE(1.E-07), #92, 'distance_accuracy_value','confusion accuracy');
#96 = PRODUCT_RELATED_PRODUCT_CATEGORY('part',$,(#7));
#1001 = CARTESIAN_POINT('', (0.000000000000000E+00,0.000000000000000E+00,0.000000000000000E+00));
#1002 = DIRECTION('', (0.000000000000000E+00,0.000000000000000E+00,1.000000000000000E+00));
#1003 = DIRECTION('', (1.000000000000000E+00,0.000000000000000E+00,0.000000000000000E+00));
#1004 = AXIS2_PLACEMENT_3D('', #1001, #1002, #1003);
#1005 = CARTESIAN_POINT('', (7.132002462385398E+00,7.993468742443319E+00,1.844073470009038E+02));
#1006 = CARTESIAN_POINT('', (7.135000346737574E+00,8.701398431315528E+00,1.840761546535393E+02));
#1007 = CARTESIAN_POINT('', (7.429641799755507E+00,9.349502800827688E+00,1.833560084402522E+02));
#1008 = CARTESIAN_POINT('', (7.666341989304597E+00,1.000000725642425E+01,1.826844127769398E+02));
#1009 = CARTESIAN_POINT('', (7.450590188196125E+00,8.503026382869608E+00,1.850763743294208E+02));
#1010 = CARTESIAN_POINT('', (7.710568595182716E+00,8.919313914965567E+00,1.845086445263825E+02));
#1011 = CARTESIAN_POINT('', (7.997176694225235E+00,9.468961902065068E+00,1.838158537918588E+02));
#1012 = CARTESIAN_POINT('', (8.312268030003123E+00,1.000002074118226E+01,1.830391965008581E+02));
#1013 = CARTESIAN_POINT('', (8.928056159667895E+00,8.639678804386081E+00,1.851706737950091E+02));
#1014 = CARTESIAN_POINT('', (8.923124858834097E+00,9.076343613669618E+00,1.846783432908094E+02));
#1015 = CARTESIAN_POINT('', (9.006728298577100E+00,9.533799761455047E+00,1.840796380199087E+02));
#1016 = CARTESIAN_POINT('', (9.123369018762473E+00,9.999922670871166E+00,1.834333564271720E+02));
#1017 = CARTESIAN_POINT('', (1.000019735650097E+01,8.673684306553573E+00,1.853430564726512E+02));
#1018 = CARTESIAN_POINT('', (9.993160190312773E+00,9.122989392799070E+00,1.848841473224278E+02));
#1019 = CARTESIAN_POINT('', (1.000524358302481E+01,9.567729768911159E+00,1.843870226037383E+02));
#1020 = CARTESIAN_POINT('', (1.000020725707040E+01,9.999792233877043E+00,1.838389950380422E+02));
#1021 = (BOUNDED_SURFACE() B_SPLINE_SURFACE(3,3, ((#1005,#1006,#1007,#1008),(#1009,#1010,#1011,#1012),(#1013,#1014,#1015,#1016),(#1017,#1018,#1019,#1020)), .UNSPECIFIED., .F., .F., .T. )  B_SPLINE_SURFACE_WITH_KNOTS((4,4), (4,4), (0.000000000000000E+00,1.000000000000000E+00), (0.000000000000000E+00,1.000000000000000E+00), .UNSPECIFIED.)GEOMETRIC_REPRESENTATION_ITEM() RATIONAL_B_SPLINE_SURFACE( ((1.000000000000000E+00,1.000000000000000E+00,1.000000000000000E+00,1.000000000000000E+00),(1.000000000000000E+00,1.000000000000000E+00,1.000000000000000E+00,1.000000000000000E+00),(1.000000000000000E+00,1.000000000000000E+00,1.000000000000000E+00,1.000000000000000E+00),(1.000000000000000E+00,1.000000000000000E+00,1.000000000000000E+00,1.000000000000000E+00))) REPRESENTATION_ITEM('') SURFACE());
#1022 = CARTESIAN_POINT('', (7.132002462385398E+00,7.993468742443319E+00,1.844073470009038E+02));
#1023 = VERTEX_POINT('', #1022);
#1024 = CARTESIAN_POINT('', (1.000019735650097E+01,8.673684306553573E+00,1.853430564726512E+02));
#1025 = VERTEX_POINT('', #1024);
#1026 = CARTESIAN_POINT('', (7.132002462385398E+00,7.993468742443319E+00,1.844073470009038E+02));
#1027 = CARTESIAN_POINT('', (7.450590188196125E+00,8.503026382869608E+00,1.850763743294208E+02));
#1028 = CARTESIAN_POINT('', (8.928056159667895E+00,8.639678804386081E+00,1.851706737950091E+02));
#1029 = CARTESIAN_POINT('', (1.000019735650097E+01,8.673684306553573E+00,1.853430564726512E+02));
#1030 = (BOUNDED_CURVE() B_SPLINE_CURVE(3,(#1026,#1027,#1028,#1029),.UNSPECIFIED.,.F.,.F.) B_SPLINE_CURVE_WITH_KNOTS((4,4),(0.000000000000000E+00,1.000000000000000E+00),.UNSPECIFIED.) CURVE() GEOMETRIC_REPRESENTATION_ITEM() RATIONAL_B_SPLINE_CURVE((1.000000000000000E+00,1.000000000000000E+00,1.000000000000000E+00,1.000000000000000E+00)) REPRESENTATION_ITEM(''));
#1031 = EDGE_CURVE('', #1023, #1025, #1030, .T.);
#1032 = ORIENTED_EDGE('', *,*, #1031, .F.);
#1033 = CARTESIAN_POINT('', (1.000000000000001E+01,1.000000000000002E+01,1.838392028808594E+02));
#1034 = VERTEX_POINT('', #1033);
#1035 = CARTESIAN_POINT('', (1.000020725707040E+01,9.999792233877043E+00,1.838389950380422E+02));
#1036 = CARTESIAN_POINT('', (1.000524358302481E+01,9.567729768911159E+00,1.843870226037383E+02));
#1037 = CARTESIAN_POINT('', (9.993160190312773E+00,9.122989392799070E+00,1.848841473224278E+02));
#1038 = CARTESIAN_POINT('', (1.000019735650097E+01,8.673684306553573E+00,1.853430564726512E+02));
#1039 = (BOUNDED_CURVE() B_SPLINE_CURVE(3,(#1035,#1036,#1037,#1038),.UNSPECIFIED.,.F.,.F.) B_SPLINE_CURVE_WITH_KNOTS((4,4),(0.000000000000000E+00,1.000000000000000E+00),.UNSPECIFIED.) CURVE() GEOMETRIC_REPRESENTATION_ITEM() RATIONAL_B_SPLINE_CURVE((1.000000000000000E+00,1.000000000000000E+00,1.000000000000000E+00,1.000000000000000E+00)) REPRESENTATION_ITEM(''));
#1040 = EDGE_CURVE('', #1034, #1025, #1039, .T.);
#1041 = ORIENTED_EDGE('', *,*, #1040, .T.);
#1042 = CARTESIAN_POINT('', (7.666341989304597E+00,1.000000725642425E+01,1.826844127769398E+02));
#1043 = VERTEX_POINT('', #1042);
#1044 = CARTESIAN_POINT('', (1.000020725707040E+01,9.999792233877043E+00,1.838389950380422E+02));
#1045 = CARTESIAN_POINT('', (9.123369018762473E+00,9.999922670871166E+00,1.834333564271720E+02));
#1046 = CARTESIAN_POINT('', (8.312268030003123E+00,1.000002074118226E+01,1.830391965008581E+02));
#1047 = CARTESIAN_POINT('', (7.666341989304597E+00,1.000000725642425E+01,1.826844127769398E+02));
#1048 = (BOUNDED_CURVE() B_SPLINE_CURVE(3,(#1044,#1045,#1046,#1047),.UNSPECIFIED.,.F.,.F.) B_SPLINE_CURVE_WITH_KNOTS((4,4),(0.000000000000000E+00,1.000000000000000E+00),.UNSPECIFIED.) CURVE() GEOMETRIC_REPRESENTATION_ITEM() RATIONAL_B_SPLINE_CURVE((1.000000000000000E+00,1.000000000000000E+00,1.000000000000000E+00,1.000000000000000E+00)) REPRESENTATION_ITEM(''));
#1049 = EDGE_CURVE('', #1034, #1043, #1048, .T.);
#1050 = ORIENTED_EDGE('', *,*, #1049, .F.);
#1051 = CARTESIAN_POINT('', (7.132002462385398E+00,7.993468742443319E+00,1.844073470009038E+02));
#1052 = CARTESIAN_POINT('', (7.135000346737574E+00,8.701398431315528E+00,1.840761546535393E+02));
#1053 = CARTESIAN_POINT('', (7.429641799755507E+00,9.349502800827688E+00,1.833560084402522E+02));
#1054 = CARTESIAN_POINT('', (7.666341989304597E+00,1.000000725642425E+01,1.826844127769398E+02));
#1055 = (BOUNDED_CURVE() B_SPLINE_CURVE(3,(#1051,#1052,#1053,#1054),.UNSPECIFIED.,.F.,.F.) B_SPLINE_CURVE_WITH_KNOTS((4,4),(0.000000000000000E+00,1.000000000000000E+00),.UNSPECIFIED.) CURVE() GEOMETRIC_REPRESENTATION_ITEM() RATIONAL_B_SPLINE_CURVE((1.000000000000000E+00,1.000000000000000E+00,1.000000000000000E+00,1.000000000000000E+00)) REPRESENTATION_ITEM(''));
#1056 = EDGE_CURVE('', #1023, #1043, #1055, .T.);
#1057 = ORIENTED_EDGE('', *,*, #1056, .T.);
#1058 = EDGE_LOOP('', (#1032,#1041,#1050,#1057));
#1059 = FACE_OUTER_BOUND('', #1058, .T.);
#1060 = ADVANCED_FACE('', (#1059), #1021, .F.);
#1061 = CARTESIAN_POINT('', (7.132002462385398E+00,7.993468742443319E+00,1.844073470009038E+02));
#1062 = CARTESIAN_POINT('', (7.450590188196125E+00,8.503026382869608E+00,1.850763743294208E+02));
#1063 = CARTESIAN_POINT('', (8.928056159667895E+00,8.639678804386081E+00,1.851706737950091E+02));
#1064 = CARTESIAN_POINT('', (1.000019735650097E+01,8.673684306553573E+00,1.853430564726512E+02));
#1065 = CARTESIAN_POINT('', (7.233794093088467E+00,7.691726434310336E+00,1.848459305093492E+02));
#1066 = CARTESIAN_POINT('', (7.477571892092325E+00,8.221266272757273E+00,1.853773510928285E+02));
#1067 = CARTESIAN_POINT('', (8.932624196978130E+00,8.336036330325605E+00,1.855363654237564E+02));
#1068 = CARTESIAN_POINT('', (1.000647298213443E+01,8.361251068546732E+00,1.856858283942987E+02));
#1069 = CARTESIAN_POINT('', (7.331643186652960E+00,7.393950346229678E+00,1.853012929956865E+02));
#1070 = CARTESIAN_POINT('', (7.723743105010137E+00,8.015907603352044E+00,1.856702755835710E+02));
#1071 = CARTESIAN_POINT('', (8.912579086353766E+00,8.037893414750856E+00,1.857862596188380E+02));
#1072 = CARTESIAN_POINT('', (9.994294773414341E+00,8.052974582209233E+00,1.859895456786170E+02));
#1073 = CARTESIAN_POINT('', (7.228512022768934E+00,7.183733868795133E+00,1.857138527446814E+02));
#1074 = CARTESIAN_POINT('', (7.663286874405268E+00,7.802913846005157E+00,1.859617561883698E+02));
#1075 = CARTESIAN_POINT('', (8.883870692864832E+00,7.836056904739189E+00,1.861644581961469E+02));
#1076 = CARTESIAN_POINT('', (9.999092516229997E+00,7.805393771385535E+00,1.862398809597169E+02));
#1077 = (BOUNDED_SURFACE() B_SPLINE_SURFACE(3,3, ((#1061,#1062,#1063,#1064),(#1065,#1066,#1067,#1068),(#1069,#1070,#1071,#1072),(#1073,#1074,#1075,#1076)), .UNSPECIFIED., .F., .F., .T. )  B_SPLINE_SURFACE_WITH_KNOTS((4,4), (4,4), (0.000000000000000E+00,1.000000000000000E+00), (0.000000000000000E+00,1.000000000000000E+00), .UNSPECIFIED.)GEOMETRIC_REPRESENTATION_ITEM() RATIONAL_B_SPLINE_SURFACE( ((1.000000000000000E+00,1.000000000000000E+00,1.000000000000000E+00,1.000000000000000E+00),(1.000000000000000E+00,1.000000000000000E+00,1.000000000000000E+00,1.000000000000000E+00),(1.000000000000000E+00,1.000000000000000E+00,1.000000000000000E+00,1.000000000000000E+00),(1.000000000000000E+00,1.000000000000000E+00,1.000000000000000E+00,1.000000000000000E+00))) REPRESENTATION_ITEM('') SURFACE());
#1078 = CARTESIAN_POINT('', (7.228512022768934E+00,7.183733868795133E+00,1.857138527446814E+02));
#1079 = VERTEX_POINT('', #1078);
#1080 = CARTESIAN_POINT('', (7.132002462385398E+00,7.993468742443319E+00,1.844073470009038E+02));
#1081 = CARTESIAN_POINT('', (7.233794093088467E+00,7.691726434310336E+00,1.848459305093492E+02));
#1082 = CARTESIAN_POINT('', (7.331643186652960E+00,7.393950346229678E+00,1.853012929956865E+02));
#1083 = CARTESIAN_POINT('', (7.228512022768934E+00,7.183733868795133E+00,1.857138527446814E+02));
#1084 = (BOUNDED_CURVE() B_SPLINE_CURVE(3,(#1080,#1081,#1082,#1083),.UNSPECIFIED.,.F.,.F.) B_SPLINE_CURVE_WITH_KNOTS((4,4),(0.000000000000000E+00,1.000000000000000E+00),.UNSPECIFIED.) CURVE() GEOMETRIC_REPRESENTATION_ITEM() RATIONAL_B_SPLINE_CURVE((1.000000000000000E+00,1.000000000000000E+00,1.000000000000000E+00,1.000000000000000E+00)) REPRESENTATION_ITEM(''));
#1085 = EDGE_CURVE('', #1023, #1079, #1084, .T.);
#1086 = ORIENTED_EDGE('', *,*, #1085, .F.);
#1087 = CARTESIAN_POINT('', (9.999092516229997E+00,7.805393771385535E+00,1.862398809597169E+02));
#1088 = VERTEX_POINT('', #1087);
#1089 = CARTESIAN_POINT('', (9.999092516229997E+00,7.805393771385535E+00,1.862398809597169E+02));
#1090 = CARTESIAN_POINT('', (8.883870692864832E+00,7.836056904739189E+00,1.861644581961469E+02));
#1091 = CARTESIAN_POINT('', (7.663286874405268E+00,7.802913846005157E+00,1.859617561883698E+02));
#1092 = CARTESIAN_POINT('', (7.228512022768934E+00,7.183733868795133E+00,1.857138527446814E+02));
#1093 = (BOUNDED_CURVE() B_SPLINE_CURVE(3,(#1089,#1090,#1091,#1092),.UNSPECIFIED.,.F.,.F.) B_SPLINE_CURVE_WITH_KNOTS((4,4),(0.000000000000000E+00,1.000000000000000E+00),.UNSPECIFIED.) CURVE() GEOMETRIC_REPRESENTATION_ITEM() RATIONAL_B_SPLINE_CURVE((1.000000000000000E+00,1.000000000000000E+00,1.000000000000000E+00,1.000000000000000E+00)) REPRESENTATION_ITEM(''));
#1094 = EDGE_CURVE('', #1088, #1079, #1093, .T.);
#1095 = ORIENTED_EDGE('', *,*, #1094, .T.);
#1096 = CARTESIAN_POINT('', (9.999092516229997E+00,7.805393771385535E+00,1.862398809597169E+02));
#1097 = CARTESIAN_POINT('', (9.994294773414341E+00,8.052974582209233E+00,1.859895456786170E+02));
#1098 = CARTESIAN_POINT('', (1.000647298213443E+01,8.361251068546732E+00,1.856858283942987E+02));
#1099 = CARTESIAN_POINT('', (1.000019735650097E+01,8.673684306553573E+00,1.853430564726512E+02));
#1100 = (BOUNDED_CURVE() B_SPLINE_CURVE(3,(#1096,#1097,#1098,#1099),.UNSPECIFIED.,.F.,.F.) B_SPLINE_CURVE_WITH_KNOTS((4,4),(0.000000000000000E+00,1.000000000000000E+00),.UNSPECIFIED.) CURVE() GEOMETRIC_REPRESENTATION_ITEM() RATIONAL_B_SPLINE_CURVE((1.000000000000000E+00,1.000000000000000E+00,1.000000000000000E+00,1.000000000000000E+00)) REPRESENTATION_ITEM(''));
#1101 = EDGE_CURVE('', #1088, #1025, #1100, .T.);
#1102 = ORIENTED_EDGE('', *,*, #1101, .F.);
#1103 = ORIENTED_EDGE('', *,*, #1031, .T.);
#1104 = EDGE_LOOP('', (#1086,#1095,#1102,#1103));
#1105 = FACE_OUTER_BOUND('', #1104, .T.);
#1106 = ADVANCED_FACE('', (#1105), #1077, .F.);
#1107 = CARTESIAN_POINT('', (7.132002462385398E+00,7.993468742443319E+00,1.844073470009038E+02));
#1108 = CARTESIAN_POINT('', (7.233794093088467E+00,7.691726434310336E+00,1.848459305093492E+02));
#1109 = CARTESIAN_POINT('', (7.331643186652960E+00,7.393950346229678E+00,1.853012929956865E+02));
#1110 = CARTESIAN_POINT('', (7.228512022768934E+00,7.183733868795133E+00,1.857138527446814E+02));
#1111 = CARTESIAN_POINT('', (6.525401737895279E+00,5.440377639977870E+00,1.838692591047563E+02));
#1112 = CARTESIAN_POINT('', (6.604499189433504E+00,5.321296657903670E+00,1.842870372934847E+02));
#1113 = CARTESIAN_POINT('', (6.219612296869816E+00,5.298741829622831E+00,1.847184221644276E+02));
#1114 = CARTESIAN_POINT('', (5.997964918809997E+00,5.188836019263029E+00,1.851117097131063E+02));
#1115 = CARTESIAN_POINT('', (6.749539246280774E+00,2.629036506601524E+00,1.833296506052440E+02));
#1116 = CARTESIAN_POINT('', (6.788408089489849E+00,2.592510036762880E+00,1.837312978841931E+02));
#1117 = CARTESIAN_POINT('', (6.681869751584239E+00,2.469993241836185E+00,1.839765791923391E+02));
#1118 = CARTESIAN_POINT('', (6.501427245876386E+00,2.328362556330929E+00,1.843128516086399E+02));
#1119 = CARTESIAN_POINT('', (7.507163318515384E+00,-8.758703850768969E-02,1.825323506516723E+02));
#1120 = CARTESIAN_POINT('', (7.574410225994673E+00,-1.384733046831357E-01,1.829531733989305E+02));
#1121 = CARTESIAN_POINT('', (7.674347442748195E+00,-3.121463486066155E-01,1.834599304328721E+02));
#1122 = CARTESIAN_POINT('', (7.710562006464037E+00,-5.095369400709491E-01,1.838245629554182E+02));
#1123 = (BOUNDED_SURFACE() B_SPLINE_SURFACE(3,3, ((#1107,#1108,#1109,#1110),(#1111,#1112,#1113,#1114),(#1115,#1116,#1117,#1118),(#1119,#1120,#1121,#1122)), .UNSPECIFIED., .F., .F., .T. )  B_SPLINE_SURFACE_WITH_KNOTS((4,4), (4,4), (0.000000000000000E+00,1.000000000000000E+00), (0.000000000000000E+00,1.000000000000000E+00), .UNSPECIFIED.)GEOMETRIC_REPRESENTATION_ITEM() RATIONAL_B_SPLINE_SURFACE( ((1.000000000000000E+00,1.000000000000000E+00,1.000000000000000E+00,1.000000000000000E+00),(1.000000000000000E+00,1.000000000000000E+00,1.000000000000000E+00,1.000000000000000E+00),(1.000000000000000E+00,1.000000000000000E+00,1.000000000000000E+00,1.000000000000000E+00),(1.000000000000000E+00,1.000000000000000E+00,1.000000000000000E+00,1.000000000000000E+00))) REPRESENTATION_ITEM('') SURFACE());
#1124 = CARTESIAN_POINT('', (7.507163318515384E+00,-8.758703850768969E-02,1.825323506516723E+02));
#1125 = VERTEX_POINT('', #1124);
#1126 = CARTESIAN_POINT('', (7.132002462385398E+00,7.993468742443319E+00,1.844073470009038E+02));
#1127 = CARTESIAN_POINT('', (6.525401737895279E+00,5.440377639977870E+00,1.838692591047563E+02));
#1128 = CARTESIAN_POINT('', (6.749539246280774E+00,2.629036506601524E+00,1.833296506052440E+02));
#1129 = CARTESIAN_POINT('', (7.507163318515384E+00,-8.758703850768969E-02,1.825323506516723E+02));
#1130 = (BOUNDED_CURVE() B_SPLINE_CURVE(3,(#1126,#1127,#1128,#1129),.UNSPECIFIED.,.F.,.F.) B_SPLINE_CURVE_WITH_KNOTS((4,4),(0.000000000000000E+00,1.000000000000000E+00),.UNSPECIFIED.) CURVE() GEOMETRIC_REPRESENTATION_ITEM() RATIONAL_B_SPLINE_CURVE((1.000000000000000E+00,1.000000000000000E+00,1.000000000000000E+00,1.000000000000000E+00)) REPRESENTATION_ITEM(''));
#1131 = EDGE_CURVE('', #1023, #1125, #1130, .T.);
#1132 = ORIENTED_EDGE('', *,*, #1131, .F.);
#1133 = CARTESIAN_POINT('', (7.710562006464037E+00,-5.095369400709491E-01,1.838245629554182E+02));
#1134 = VERTEX_POINT('', #1133);
#1135 = CARTESIAN_POINT('', (7.507163318515384E+00,-8.758703850768969E-02,1.825323506516723E+02));
#1136 = CARTESIAN_POINT('', (7.574410225994673E+00,-1.384733046831357E-01,1.829531733989305E+02));
#1137 = CARTESIAN_POINT('', (7.674347442748195E+00,-3.121463486066155E-01,1.834599304328721E+02));
#1138 = CARTESIAN_POINT('', (7.710562006464037E+00,-5.095369400709491E-01,1.838245629554182E+02));
#1139 = (BOUNDED_CURVE() B_SPLINE_CURVE(3,(#1135,#1136,#1137,#1138),.UNSPECIFIED.,.F.,.F.) B_SPLINE_CURVE_WITH_KNOTS((4,4),(0.000000000000000E+00,1.000000000000000E+00),.UNSPECIFIED.) CURVE() GEOMETRIC_REPRESENTATION_ITEM() RATIONAL_B_SPLINE_CURVE((1.000000000000000E+00,1.000000000000000E+00,1.000000000000000E+00,1.000000000000000E+00)) REPRESENTATION_ITEM(''));
#1140 = EDGE_CURVE('', #1125, #1134, #1139, .T.);
#1141 = ORIENTED_EDGE('', *,*, #1140, .F.);
#1142 = CARTESIAN_POINT('', (7.710562006464037E+00,-5.095369400709491E-01,1.838245629554182E+02));
#1143 = CARTESIAN_POINT('', (6.501427245876386E+00,2.328362556330929E+00,1.843128516086399E+02));
#1144 = CARTESIAN_POINT('', (5.997964918809997E+00,5.188836019263029E+00,1.851117097131063E+02));
#1145 = CARTESIAN_POINT('', (7.228512022768934E+00,7.183733868795133E+00,1.857138527446814E+02));
#1146 = (BOUNDED_CURVE() B_SPLINE_CURVE(3,(#1142,#1143,#1144,#1145),.UNSPECIFIED.,.F.,.F.) B_SPLINE_CURVE_WITH_KNOTS((4,4),(0.000000000000000E+00,1.000000000000000E+00),.UNSPECIFIED.) CURVE() GEOMETRIC_REPRESENTATION_ITEM() RATIONAL_B_SPLINE_CURVE((1.000000000000000E+00,1.000000000000000E+00,1.000000000000000E+00,1.000000000000000E+00)) REPRESENTATION_ITEM(''));
#1147 = EDGE_CURVE('', #1134, #1079, #1146, .T.);
#1148 = ORIENTED_EDGE('', *,*, #1147, .F.);
#1149 = ORIENTED_EDGE('', *,*, #1085, .T.);
#1150 = EDGE_LOOP('', (#1132,#1141,#1148,#1149));
#1151 = FACE_OUTER_BOUND('', #1150, .T.);
#1152 = ADVANCED_FACE('', (#1151), #1123, .F.);
#1153 = CARTESIAN_POINT('', (7.606242189152083E+00,-3.796427655697463E+00,1.902716542897479E+02));
#1154 = CARTESIAN_POINT('', (8.114552025529012E+00,-4.400303925647784E+00,1.914089649300521E+02));
#1155 = CARTESIAN_POINT('', (8.254522790642110E+00,-5.017515870676115E+00,1.927504304775062E+02));
#1156 = CARTESIAN_POINT('', (8.512539537557755E+00,-5.743202821240994E+00,1.941334221367050E+02));
#1157 = CARTESIAN_POINT('', (8.339562129835084E+00,-3.159423540303702E+00,1.905690382785210E+02));
#1158 = CARTESIAN_POINT('', (8.639069937139316E+00,-3.753396113115644E+00,1.920344815543914E+02));
#1159 = CARTESIAN_POINT('', (8.740591275834271E+00,-4.334086627948071E+00,1.934336669068463E+02));
#1160 = CARTESIAN_POINT('', (8.875199894799580E+00,-5.410389252555535E+00,1.947133226252656E+02));
#1161 = CARTESIAN_POINT('', (9.161134064541582E+00,-2.477421110921446E+00,1.910772133775285E+02));
#1162 = CARTESIAN_POINT('', (9.333020477475197E+00,-3.107229922862927E+00,1.927419631390634E+02));
#1163 = CARTESIAN_POINT('', (9.372911641868004E+00,-3.722814342888356E+00,1.939827080483141E+02));
#1164 = CARTESIAN_POINT('', (9.424434393450476E+00,-5.044897285204057E+00,1.952663932770942E+02));
#1165 = CARTESIAN_POINT('', (9.999979663229453E+00,-1.880233659953149E+00,1.915439874331845E+02));
#1166 = CARTESIAN_POINT('', (9.989589100658158E+00,-2.353399098751879E+00,1.935136444133059E+02));
#1167 = CARTESIAN_POINT('', (9.989940365632885E+00,-3.088646892083104E+00,1.945452918420068E+02));
#1168 = CARTESIAN_POINT('', (9.994919418535449E+00,-4.698025942996826E+00,1.958014273788225E+02));
#1169 = (BOUNDED_SURFACE() B_SPLINE_SURFACE(3,3, ((#1153,#1154,#1155,#1156),(#1157,#1158,#1159,#1160),(#1161,#1162,#1163,#1164),(#1165,#1166,#1167,#1168)), .UNSPECIFIED., .F., .F., .T. )  B_SPLINE_SURFACE_WITH_KNOTS((4,4), (4,4), (0.000000000000000E+00,1.000000000000000E+00), (0.000000000000000E+00,1.000000000000000E+00), .UNSPECIFIED.)GEOMETRIC_REPRESENTATION_ITEM() RATIONAL_B_SPLINE_SURFACE( ((1.000000000000000E+00,1.000000000000000E+00,1.000000000000000E+00,1.000000000000000E+00),(1.000000000000000E+00,1.000000000000000E+00,1.000000000000000E+00,1.000000000000000E+00),(1.000000000000000E+00,1.000000000000000E+00,1.000000000000000E+00,1.000000000000000E+00),(1.000000000000000E+00,1.000000000000000E+00,1.000000000000000E+00,1.000000000000000E+00))) REPRESENTATION_ITEM('') SURFACE());
#1170 = CARTESIAN_POINT('', (7.606242189152083E+00,-3.796427655697463E+00,1.902716542897479E+02));
#1171 = VERTEX_POINT('', #1170);
#1172 = CARTESIAN_POINT('', (9.999979663229453E+00,-1.880233659953149E+00,1.915439874331845E+02));
#1173 = VERTEX_POINT('', #1172);
#1174 = CARTESIAN_POINT('', (7.606242189152083E+00,-3.796427655697463E+00,1.902716542897479E+02));
#1175 = CARTESIAN_POINT('', (8.339562129835084E+00,-3.159423540303702E+00,1.905690382785210E+02));
#1176 = CARTESIAN_POINT('', (9.161134064541582E+00,-2.477421110921446E+00,1.910772133775285E+02));
#1177 = CARTESIAN_POINT('', (9.999979663229453E+00,-1.880233659953149E+00,1.915439874331845E+02));
#1178 = (BOUNDED_CURVE() B_SPLINE_CURVE(3,(#1174,#1175,#1176,#1177),.UNSPECIFIED.,.F.,.F.) B_SPLINE_CURVE_WITH_KNOTS((4,4),(0.000000000000000E+00,1.000000000000000E+00),.UNSPECIFIED.) CURVE() GEOMETRIC_REPRESENTATION_ITEM() RATIONAL_B_SPLINE_CURVE((1.000000000000000E+00,1.000000000000000E+00,1.000000000000000E+00,1.000000000000000E+00)) REPRESENTATION_ITEM(''));
#1179 = EDGE_CURVE('', #1171, #1173, #1178, .T.);
#1180 = ORIENTED_EDGE('', *,*, #1179, .F.);
#1181 = CARTESIAN_POINT('', (9.994919418535449E+00,-4.698025942996826E+00,1.958014273788225E+02));
#1182 = VERTEX_POINT('', #1181);
#1183 = CARTESIAN_POINT('', (9.999979663229453E+00,-1.880233659953149E+00,1.915439874331845E+02));
#1184 = CARTESIAN_POINT('', (9.989589100658158E+00,-2.353399098751879E+00,1.935136444133059E+02));
#1185 = CARTESIAN_POINT('', (9.989940365632885E+00,-3.088646892083104E+00,1.945452918420068E+02));
#1186 = CARTESIAN_POINT('', (9.994919418535449E+00,-4.698025942996826E+00,1.958014273788225E+02));
#1187 = (BOUNDED_CURVE() B_SPLINE_CURVE(3,(#1183,#1184,#1185,#1186),.UNSPECIFIED.,.F.,.F.) B_SPLINE_CURVE_WITH_KNOTS((4,4),(0.000000000000000E+00,1.000000000000000E+00),.UNSPECIFIED.) CURVE() GEOMETRIC_REPRESENTATION_ITEM() RATIONAL_B_SPLINE_CURVE((1.000000000000000E+00,1.000000000000000E+00,1.000000000000000E+00,1.000000000000000E+00)) REPRESENTATION_ITEM(''));
#1188 = EDGE_CURVE('', #1173, #1182, #1187, .T.);
#1189 = ORIENTED_EDGE('', *,*, #1188, .F.);
#1190 = CARTESIAN_POINT('', (8.512539537557755E+00,-5.743202821240994E+00,1.941334221367050E+02));
#1191 = VERTEX_POINT('', #1190);
#1192 = CARTESIAN_POINT('', (8.512539537557755E+00,-5.743202821240994E+00,1.941334221367050E+02));
#1193 = CARTESIAN_POINT('', (8.875199894799580E+00,-5.410389252555535E+00,1.947133226252656E+02));
#1194 = CARTESIAN_POINT('', (9.424434393450476E+00,-5.044897285204057E+00,1.952663932770942E+02));
#1195 = CARTESIAN_POINT('', (9.994919418535449E+00,-4.698025942996826E+00,1.958014273788225E+02));
#1196 = (BOUNDED_CURVE() B_SPLINE_CURVE(3,(#1192,#1193,#1194,#1195),.UNSPECIFIED.,.F.,.F.) B_SPLINE_CURVE_WITH_KNOTS((4,4),(0.000000000000000E+00,1.000000000000000E+00),.UNSPECIFIED.) CURVE() GEOMETRIC_REPRESENTATION_ITEM() RATIONAL_B_SPLINE_CURVE((1.000000000000000E+00,1.000000000000000E+00,1.000000000000000E+00,1.000000000000000E+00)) REPRESENTATION_ITEM(''));
#1197 = EDGE_CURVE('', #1191, #1182, #1196, .T.);
#1198 = ORIENTED_EDGE('', *,*, #1197, .T.);
#1199 = CARTESIAN_POINT('', (7.606242189152083E+00,-3.796427655697463E+00,1.902716542897479E+02));
#1200 = CARTESIAN_POINT('', (8.114552025529012E+00,-4.400303925647784E+00,1.914089649300521E+02));
#1201 = CARTESIAN_POINT('', (8.254522790642110E+00,-5.017515870676115E+00,1.927504304775062E+02));
#1202 = CARTESIAN_POINT('', (8.512539537557755E+00,-5.743202821240994E+00,1.941334221367050E+02));
#1203 = (BOUNDED_CURVE() B_SPLINE_CURVE(3,(#1199,#1200,#1201,#1202),.UNSPECIFIED.,.F.,.F.) B_SPLINE_CURVE_WITH_KNOTS((4,4),(0.000000000000000E+00,1.000000000000000E+00),.UNSPECIFIED.) CURVE() GEOMETRIC_REPRESENTATION_ITEM() RATIONAL_B_SPLINE_CURVE((1.000000000000000E+00,1.000000000000000E+00,1.000000000000000E+00,1.000000000000000E+00)) REPRESENTATION_ITEM(''));
#1204 = EDGE_CURVE('', #1171, #1191, #1203, .T.);
#1205 = ORIENTED_EDGE('', *,*, #1204, .T.);
#1206 = EDGE_LOOP('', (#1180,#1189,#1198,#1205));
#1207 = FACE_OUTER_BOUND('', #1206, .T.);
#1208 = ADVANCED_FACE('', (#1207), #1169, .F.);
#1209 = CARTESIAN_POINT('', (7.606242189152083E+00,-3.796427655697463E+00,1.902716542897479E+02));
#1210 = CARTESIAN_POINT('', (8.339562129835084E+00,-3.159423540303702E+00,1.905690382785210E+02));
#1211 = CARTESIAN_POINT('', (9.161134064541582E+00,-2.477421110921446E+00,1.910772133775285E+02));
#1212 = CARTESIAN_POINT('', (9.999979663229453E+00,-1.880233659953149E+00,1.915439874331845E+02));
#1213 = CARTESIAN_POINT('', (7.827138531511650E+00,-1.879781429255406E+00,1.888435817563852E+02));
#1214 = CARTESIAN_POINT('', (8.592740891256456E+00,-1.753047577689378E+00,1.887938569447219E+02));
#1215 = CARTESIAN_POINT('', (9.299377590888296E+00,-1.404347611038342E+00,1.889268445793714E+02));
#1216 = CARTESIAN_POINT('', (1.001985884087094E+01,-1.038465199148674E+00,1.891042508724628E+02));
#1217 = CARTESIAN_POINT('', (7.619457668094205E+00,-3.118836064248051E-01,1.865332266568153E+02));
#1218 = CARTESIAN_POINT('', (8.392596431393207E+00,-4.447086871895658E-01,1.867464464808615E+02));
#1219 = CARTESIAN_POINT('', (9.184422039070515E+00,-5.261703177319688E-01,1.870690479116031E+02));
#1220 = CARTESIAN_POINT('', (9.963826854556787E+00,-4.863379414636339E-01,1.873498290514502E+02));
#1221 = CARTESIAN_POINT('', (8.006706737826454E+00,-9.292490831477047E-01,1.841523773325153E+02));
#1222 = CARTESIAN_POINT('', (8.621161925310936E+00,-1.347985453683322E+00,1.846244686817197E+02));
#1223 = CARTESIAN_POINT('', (9.308592928673795E+00,-1.540306338488625E+00,1.850553731300389E+02));
#1224 = CARTESIAN_POINT('', (9.999867563656604E+00,-1.770784837208024E+00,1.855368619167195E+02));
#1225 = (BOUNDED_SURFACE() B_SPLINE_SURFACE(3,3, ((#1209,#1210,#1211,#1212),(#1213,#1214,#1215,#1216),(#1217,#1218,#1219,#1220),(#1221,#1222,#1223,#1224)), .UNSPECIFIED., .F., .F., .T. )  B_SPLINE_SURFACE_WITH_KNOTS((4,4), (4,4), (0.000000000000000E+00,1.000000000000000E+00), (0.000000000000000E+00,1.000000000000000E+00), .UNSPECIFIED.)GEOMETRIC_REPRESENTATION_ITEM() RATIONAL_B_SPLINE_SURFACE( ((1.000000000000000E+00,1.000000000000000E+00,1.000000000000000E+00,1.000000000000000E+00),(1.000000000000000E+00,1.000000000000000E+00,1.000000000000000E+00,1.000000000000000E+00),(1.000000000000000E+00,1.000000000000000E+00,1.000000000000000E+00,1.000000000000000E+00),(1.000000000000000E+00,1.000000000000000E+00,1.000000000000000E+00,1.000000000000000E+00))) REPRESENTATION_ITEM('') SURFACE());
#1226 = CARTESIAN_POINT('', (8.006706737826454E+00,-9.292490831477047E-01,1.841523773325153E+02));
#1227 = VERTEX_POINT('', #1226);
#1228 = CARTESIAN_POINT('', (7.606242189152083E+00,-3.796427655697463E+00,1.902716542897479E+02));
#1229 = CARTESIAN_POINT('', (7.827138531511650E+00,-1.879781429255406E+00,1.888435817563852E+02));
#1230 = CARTESIAN_POINT('', (7.619457668094205E+00,-3.118836064248051E-01,1.865332266568153E+02));
#1231 = CARTESIAN_POINT('', (8.006706737826454E+00,-9.292490831477047E-01,1.841523773325153E+02));
#1232 = (BOUNDED_CURVE() B_SPLINE_CURVE(3,(#1228,#1229,#1230,#1231),.UNSPECIFIED.,.F.,.F.) B_SPLINE_CURVE_WITH_KNOTS((4,4),(0.000000000000000E+00,1.000000000000000E+00),.UNSPECIFIED.) CURVE() GEOMETRIC_REPRESENTATION_ITEM() RATIONAL_B_SPLINE_CURVE((1.000000000000000E+00,1.000000000000000E+00,1.000000000000000E+00,1.000000000000000E+00)) REPRESENTATION_ITEM(''));
#1233 = EDGE_CURVE('', #1171, #1227, #1232, .T.);
#1234 = ORIENTED_EDGE('', *,*, #1233, .F.);
#1235 = CARTESIAN_POINT('', (9.999867563656604E+00,-1.770784837208024E+00,1.855368619167195E+02));
#1236 = VERTEX_POINT('', #1235);
#1237 = CARTESIAN_POINT('', (9.999867563656604E+00,-1.770784837208024E+00,1.855368619167195E+02));
#1238 = CARTESIAN_POINT('', (9.308592928673795E+00,-1.540306338488625E+00,1.850553731300389E+02));
#1239 = CARTESIAN_POINT('', (8.621161925310936E+00,-1.347985453683322E+00,1.846244686817197E+02));
#1240 = CARTESIAN_POINT('', (8.006706737826454E+00,-9.292490831477047E-01,1.841523773325153E+02));
#1241 = (BOUNDED_CURVE() B_SPLINE_CURVE(3,(#1237,#1238,#1239,#1240),.UNSPECIFIED.,.F.,.F.) B_SPLINE_CURVE_WITH_KNOTS((4,4),(0.000000000000000E+00,1.000000000000000E+00),.UNSPECIFIED.) CURVE() GEOMETRIC_REPRESENTATION_ITEM() RATIONAL_B_SPLINE_CURVE((1.000000000000000E+00,1.000000000000000E+00,1.000000000000000E+00,1.000000000000000E+00)) REPRESENTATION_ITEM(''));
#1242 = EDGE_CURVE('', #1236, #1227, #1241, .T.);
#1243 = ORIENTED_EDGE('', *,*, #1242, .T.);
#1244 = CARTESIAN_POINT('', (9.999979663229453E+00,-1.880233659953149E+00,1.915439874331845E+02));
#1245 = CARTESIAN_POINT('', (1.001985884087094E+01,-1.038465199148674E+00,1.891042508724628E+02));
#1246 = CARTESIAN_POINT('', (9.963826854556787E+00,-4.863379414636339E-01,1.873498290514502E+02));
#1247 = CARTESIAN_POINT('', (9.999867563656604E+00,-1.770784837208024E+00,1.855368619167195E+02));
#1248 = (BOUNDED_CURVE() B_SPLINE_CURVE(3,(#1244,#1245,#1246,#1247),.UNSPECIFIED.,.F.,.F.) B_SPLINE_CURVE_WITH_KNOTS((4,4),(0.000000000000000E+00,1.000000000000000E+00),.UNSPECIFIED.) CURVE() GEOMETRIC_REPRESENTATION_ITEM() RATIONAL_B_SPLINE_CURVE((1.000000000000000E+00,1.000000000000000E+00,1.000000000000000E+00,1.000000000000000E+00)) REPRESENTATION_ITEM(''));
#1249 = EDGE_CURVE('', #1173, #1236, #1248, .T.);
#1250 = ORIENTED_EDGE('', *,*, #1249, .T.);
#1251 = ORIENTED_EDGE('', *,*, #1179, .T.);
#1252 = EDGE_LOOP('', (#1234,#1243,#1250,#1251));
#1253 = FACE_OUTER_BOUND('', #1252, .T.);
#1254 = ADVANCED_FACE('', (#1253), #1225, .F.);
#1255 = CARTESIAN_POINT('', (7.363243205622418E+00,-6.777154010113566E+00,1.893236163668837E+02));
#1256 = CARTESIAN_POINT('', (7.214681345339452E+00,-6.506679210033596E+00,1.890877345032143E+02));
#1257 = CARTESIAN_POINT('', (6.942252138055460E+00,-6.339213683199311E+00,1.889863008909830E+02));
#1258 = CARTESIAN_POINT('', (6.577437299800600E+00,-6.330548659981235E+00,1.890572021568968E+02));
#1259 = CARTESIAN_POINT('', (7.349253135952369E+00,-7.201767057132305E+00,1.885115643110518E+02));
#1260 = CARTESIAN_POINT('', (7.175296823405725E+00,-6.984231356348549E+00,1.884554565934716E+02));
#1261 = CARTESIAN_POINT('', (6.915568606343095E+00,-6.896791470027091E+00,1.883836033528805E+02));
#1262 = CARTESIAN_POINT('', (6.597216625223321E+00,-6.890395264212595E+00,1.883972139357392E+02));
#1263 = CARTESIAN_POINT('', (7.368002220165503E+00,-7.533191477470030E+00,1.874298143498143E+02));
#1264 = CARTESIAN_POINT('', (7.139510529527257E+00,-7.321691811630554E+00,1.874389975335799E+02));
#1265 = CARTESIAN_POINT('', (6.858845628597472E+00,-7.201086192322821E+00,1.873954247687086E+02));
#1266 = CARTESIAN_POINT('', (6.529156991206267E+00,-7.203279051882379E+00,1.874278206718708E+02));
#1267 = CARTESIAN_POINT('', (7.413518343543888E+00,-7.477758142165332E+00,1.865239632394324E+02));
#1268 = CARTESIAN_POINT('', (7.169844722507264E+00,-7.310063908244967E+00,1.865434134548237E+02));
#1269 = CARTESIAN_POINT('', (6.858341885867118E+00,-7.227006400195551E+00,1.865262668913785E+02));
#1270 = CARTESIAN_POINT('', (6.556263493198999E+00,-7.236125235254724E+00,1.865427701691586E+02));
#1271 = (BOUNDED_SURFACE() B_SPLINE_SURFACE(3,3, ((#1255,#1256,#1257,#1258),(#1259,#1260,#1261,#1262),(#1263,#1264,#1265,#1266),(#1267,#1268,#1269,#1270)), .UNSPECIFIED., .F., .F., .T. )  B_SPLINE_SURFACE_WITH_KNOTS((4,4), (4,4), (0.000000000000000E+00,1.000000000000000E+00), (0.000000000000000E+00,1.000000000000000E+00), .UNSPECIFIED.)GEOMETRIC_REPRESENTATION_ITEM() RATIONAL_B_SPLINE_SURFACE( ((1.000000000000000E+00,1.000000000000000E+00,1.000000000000000E+00,1.000000000000000E+00),(1.000000000000000E+00,1.000000000000000E+00,1.000000000000000E+00,1.000000000000000E+00),(1.000000000000000E+00,1.000000000000000E+00,1.000000000000000E+00,1.000000000000000E+00),(1.000000000000000E+00,1.000000000000000E+00,1.000000000000000E+00,1.000000000000000E+00))) REPRESENTATION_ITEM('') SURFACE());
#1272 = CARTESIAN_POINT('', (7.363243205622418E+00,-6.777154010113566E+00,1.893236163668837E+02));
#1273 = VERTEX_POINT('', #1272);
#1274 = CARTESIAN_POINT('', (7.413518343543888E+00,-7.477758142165332E+00,1.865239632394324E+02));
#1275 = VERTEX_POINT('', #1274);
#1276 = CARTESIAN_POINT('', (7.363243205622418E+00,-6.777154010113566E+00,1.893236163668837E+02));
#1277 = CARTESIAN_POINT('', (7.349253135952369E+00,-7.201767057132305E+00,1.885115643110518E+02));
#1278 = CARTESIAN_POINT('', (7.368002220165503E+00,-7.533191477470030E+00,1.874298143498143E+02));
#1279 = CARTESIAN_POINT('', (7.413518343543888E+00,-7.477758142165332E+00,1.865239632394324E+02));
#1280 = (BOUNDED_CURVE() B_SPLINE_CURVE(3,(#1276,#1277,#1278,#1279),.UNSPECIFIED.,.F.,.F.) B_SPLINE_CURVE_WITH_KNOTS((4,4),(0.000000000000000E+00,1.000000000000000E+00),.UNSPECIFIED.) CURVE() GEOMETRIC_REPRESENTATION_ITEM() RATIONAL_B_SPLINE_CURVE((1.000000000000000E+00,1.000000000000000E+00,1.000000000000000E+00,1.000000000000000E+00)) REPRESENTATION_ITEM(''));
#1281 = EDGE_CURVE('', #1273, #1275, #1280, .T.);
#1282 = ORIENTED_EDGE('', *,*, #1281, .F.);
#1283 = CARTESIAN_POINT('', (6.556263493198999E+00,-7.236125235254724E+00,1.865427701691586E+02));
#1284 = VERTEX_POINT('', #1283);
#1285 = CARTESIAN_POINT('', (7.413518343543888E+00,-7.477758142165332E+00,1.865239632394324E+02));
#1286 = CARTESIAN_POINT('', (7.169844722507264E+00,-7.310063908244967E+00,1.865434134548237E+02));
#1287 = CARTESIAN_POINT('', (6.858341885867118E+00,-7.227006400195551E+00,1.865262668913785E+02));
#1288 = CARTESIAN_POINT('', (6.556263493198999E+00,-7.236125235254724E+00,1.865427701691586E+02));
#1289 = (BOUNDED_CURVE() B_SPLINE_CURVE(3,(#1285,#1286,#1287,#1288),.UNSPECIFIED.,.F.,.F.) B_SPLINE_CURVE_WITH_KNOTS((4,4),(0.000000000000000E+00,1.000000000000000E+00),.UNSPECIFIED.) CURVE() GEOMETRIC_REPRESENTATION_ITEM() RATIONAL_B_SPLINE_CURVE((1.000000000000000E+00,1.000000000000000E+00,1.000000000000000E+00,1.000000000000000E+00)) REPRESENTATION_ITEM(''));
#1290 = EDGE_CURVE('', #1275, #1284, #1289, .T.);
#1291 = ORIENTED_EDGE('', *,*, #1290, .F.);
#1292 = CARTESIAN_POINT('', (6.577437299800600E+00,-6.330548659981235E+00,1.890572021568968E+02));
#1293 = VERTEX_POINT('', #1292);
#1294 = CARTESIAN_POINT('', (6.577437299800600E+00,-6.330548659981235E+00,1.890572021568968E+02));
#1295 = CARTESIAN_POINT('', (6.597216625223321E+00,-6.890395264212595E+00,1.883972139357392E+02));
#1296 = CARTESIAN_POINT('', (6.529156991206267E+00,-7.203279051882379E+00,1.874278206718708E+02));
#1297 = CARTESIAN_POINT('', (6.556263493198999E+00,-7.236125235254724E+00,1.865427701691586E+02));
#1298 = (BOUNDED_CURVE() B_SPLINE_CURVE(3,(#1294,#1295,#1296,#1297),.UNSPECIFIED.,.F.,.F.) B_SPLINE_CURVE_WITH_KNOTS((4,4),(0.000000000000000E+00,1.000000000000000E+00),.UNSPECIFIED.) CURVE() GEOMETRIC_REPRESENTATION_ITEM() RATIONAL_B_SPLINE_CURVE((1.000000000000000E+00,1.000000000000000E+00,1.000000000000000E+00,1.000000000000000E+00)) REPRESENTATION_ITEM(''));
#1299 = EDGE_CURVE('', #1293, #1284, #1298, .T.);
#1300 = ORIENTED_EDGE('', *,*, #1299, .T.);
#1301 = CARTESIAN_POINT('', (6.577437299800600E+00,-6.330548659981235E+00,1.890572021568968E+02));
#1302 = CARTESIAN_POINT('', (6.942252138055460E+00,-6.339213683199311E+00,1.889863008909830E+02));
#1303 = CARTESIAN_POINT('', (7.214681345339452E+00,-6.506679210033596E+00,1.890877345032143E+02));
#1304 = CARTESIAN_POINT('', (7.363243205622418E+00,-6.777154010113566E+00,1.893236163668837E+02));
#1305 = (BOUNDED_CURVE() B_SPLINE_CURVE(3,(#1301,#1302,#1303,#1304),.UNSPECIFIED.,.F.,.F.) B_SPLINE_CURVE_WITH_KNOTS((4,4),(0.000000000000000E+00,1.000000000000000E+00),.UNSPECIFIED.) CURVE() GEOMETRIC_REPRESENTATION_ITEM() RATIONAL_B_SPLINE_CURVE((1.000000000000000E+00,1.000000000000000E+00,1.000000000000000E+00,1.000000000000000E+00)) REPRESENTATION_ITEM(''));
#1306 = EDGE_CURVE('', #1293, #1273, #1305, .T.);
#1307 = ORIENTED_EDGE('', *,*, #1306, .F.);
#1308 = EDGE_LOOP('', (#1282,#1291,#1300,#1307));
#1309 = FACE_OUTER_BOUND('', #1308, .T.);
#1310 = ADVANCED_FACE('', (#1309), #1271, .F.);
#1311 = CARTESIAN_POINT('', (-6.918576594164739E+00,-5.871894912194404E+00,1.823916158052153E+02));
#1312 = CARTESIAN_POINT('', (-6.877138796617293E+00,-6.239773369155358E+00,1.832420658921690E+02));
#1313 = CARTESIAN_POINT('', (-7.095855859458421E+00,-6.771228272660550E+00,1.843629356828407E+02));
#1314 = CARTESIAN_POINT('', (-7.217352884735646E+00,-7.165999821094202E+00,1.855161911945822E+02));
#1315 = CARTESIAN_POINT('', (-7.083734073126497E+00,-5.794382831620196E+00,1.825743517889182E+02));
#1316 = CARTESIAN_POINT('', (-7.057091355079396E+00,-6.170638395345307E+00,1.833267725463032E+02));
#1317 = CARTESIAN_POINT('', (-7.279138733082703E+00,-6.708470897158685E+00,1.843739686580853E+02));
#1318 = CARTESIAN_POINT('', (-7.418496064984282E+00,-7.141162712580769E+00,1.855293397570952E+02));
#1319 = CARTESIAN_POINT('', (-7.283754745619584E+00,-5.743424140944886E+00,1.827118399078346E+02));
#1320 = CARTESIAN_POINT('', (-7.258786244579263E+00,-6.235202871999440E+00,1.832860022573104E+02));
#1321 = CARTESIAN_POINT('', (-7.519909915994269E+00,-6.731073111826737E+00,1.843867552414362E+02));
#1322 = CARTESIAN_POINT('', (-7.708575751962779E+00,-7.231817565972226E+00,1.854661386087495E+02));
#1323 = CARTESIAN_POINT('', (-7.509649695564177E+00,-5.711131270005844E+00,1.828139362670374E+02));
#1324 = CARTESIAN_POINT('', (-7.499158268531195E+00,-6.247680430695739E+00,1.833053880205990E+02));
#1325 = CARTESIAN_POINT('', (-7.756313308748345E+00,-6.781000289316213E+00,1.843362877769412E+02));
#1326 = CARTESIAN_POINT('', (-7.938143165724672E+00,-7.311100461341429E+00,1.853639264886167E+02));
#1327 = CARTESIAN_POINT('', (-8.187334545397958E+00,-5.614252657188721E+00,1.831202253446458E+02));
#1328 = CARTESIAN_POINT('', (-8.220274340386991E+00,-6.285113106784641E+00,1.833635453104645E+02));
#1329 = CARTESIAN_POINT('', (-8.465523487010573E+00,-6.930781821784645E+00,1.841848853834562E+02));
#1330 = CARTESIAN_POINT('', (-8.584701801785798E+00,-7.529287175390322E+00,1.850721803347533E+02));
#1331 = CARTESIAN_POINT('', (-9.097887892295295E+00,-5.685366421998015E+00,1.831079885848312E+02));
#1332 = CARTESIAN_POINT('', (-9.074470825767223E+00,-6.381194619276751E+00,1.833800023484229E+02));
#1333 = CARTESIAN_POINT('', (-9.210247286859644E+00,-7.079230636153095E+00,1.839625591074691E+02));
#1334 = CARTESIAN_POINT('', (-9.267736899977647E+00,-7.725240614140314E+00,1.847340056771660E+02));
#1335 = CARTESIAN_POINT('', (-9.998609002100951E+00,-5.711508170042723E+00,1.830433408245571E+02));
#1336 = CARTESIAN_POINT('', (-9.996300833580962E+00,-6.576445098884999E+00,1.833009671565151E+02));
#1337 = CARTESIAN_POINT('', (-1.001808161410744E+01,-7.247627880180461E+00,1.836770363671828E+02));
#1338 = CARTESIAN_POINT('', (-9.999879011745726E+00,-7.932024647204579E+00,1.843899365579549E+02));
#1339 = (BOUNDED_SURFACE() B_SPLINE_SURFACE(3,3, ((#1311,#1312,#1313,#1314),(#1315,#1316,#1317,#1318),(#1319,#1320,#1321,#1322),(#1323,#1324,#1325,#1326),(#1327,#1328,#1329,#1330),(#1331,#1332,#1333,#1334),(#1335,#1336,#1337,#1338)), .UNSPECIFIED., .F., .F., .T. )  B_SPLINE_SURFACE_WITH_KNOTS((4,3,4), (4,4), (0.000000000000000E+00,2.500000000000000E-01,1.000000000000000E+00), (0.000000000000000E+00,1.000000000000000E+00), .UNSPECIFIED.)GEOMETRIC_REPRESENTATION_ITEM() RATIONAL_B_SPLINE_SURFACE( ((1.000000000000000E+00,1.000000000000000E+00,1.000000000000000E+00,1.000000000000000E+00),(1.000000000000000E+00,1.000000000000000E+00,1.000000000000000E+00,1.000000000000000E+00),(1.000000000000000E+00,1.000000000000000E+00,1.000000000000000E+00,1.000000000000000E+00),(1.000000000000000E+00,1.000000000000000E+00,1.000000000000000E+00,1.000000000000000E+00),(1.000000000000000E+00,1.000000000000000E+00,1.000000000000000E+00,1.000000000000000E+00),(1.000000000000000E+00,1.000000000000000E+00,1.000000000000000E+00,1.000000000000000E+00),(1.000000000000000E+00,1.000000000000000E+00,1.000000000000000E+00,1.000000000000000E+00))) REPRESENTATION_ITEM('') SURFACE());
#1340 = CARTESIAN_POINT('', (-6.918576594164739E+00,-5.871894912194404E+00,1.823916158052153E+02));
#1341 = VERTEX_POINT('', #1340);
#1342 = CARTESIAN_POINT('', (-9.998609002100951E+00,-5.711508170042723E+00,1.830433408245571E+02));
#1343 = VERTEX_POINT('', #1342);
#1344 = CARTESIAN_POINT('', (-6.918576594164739E+00,-5.871894912194404E+00,1.823916158052153E+02));
#1345 = CARTESIAN_POINT('', (-7.579206510011767E+00,-5.561846589897571E+00,1.831225597400268E+02));
#1346 = CARTESIAN_POINT('', (-8.797647522360078E+00,-5.676652505983113E+00,1.831295378382559E+02));
#1347 = CARTESIAN_POINT('', (-9.998609002100951E+00,-5.711508170042723E+00,1.830433408245571E+02));
#1348 = (BOUNDED_CURVE() B_SPLINE_CURVE(3,(#1344,#1345,#1346,#1347),.UNSPECIFIED.,.F.,.F.) B_SPLINE_CURVE_WITH_KNOTS((4,4),(0.000000000000000E+00,1.000000000000000E+00),.UNSPECIFIED.) CURVE() GEOMETRIC_REPRESENTATION_ITEM() RATIONAL_B_SPLINE_CURVE((1.000000000000000E+00,1.000000000000000E+00,1.000000000000000E+00,1.000000000000000E+00)) REPRESENTATION_ITEM(''));
#1349 = EDGE_CURVE('', #1341, #1343, #1348, .T.);
#1350 = ORIENTED_EDGE('', *,*, #1349, .F.);
#1351 = CARTESIAN_POINT('', (-9.999879011745726E+00,-7.932024647204579E+00,1.843899365579549E+02));
#1352 = VERTEX_POINT('', #1351);
#1353 = CARTESIAN_POINT('', (-9.999879011745726E+00,-7.932024647204579E+00,1.843899365579549E+02));
#1354 = CARTESIAN_POINT('', (-1.001808161410744E+01,-7.247627880180461E+00,1.836770363671828E+02));
#1355 = CARTESIAN_POINT('', (-9.996300833580962E+00,-6.576445098884999E+00,1.833009671565151E+02));
#1356 = CARTESIAN_POINT('', (-9.998609002100951E+00,-5.711508170042723E+00,1.830433408245571E+02));
#1357 = (BOUNDED_CURVE() B_SPLINE_CURVE(3,(#1353,#1354,#1355,#1356),.UNSPECIFIED.,.F.,.F.) B_SPLINE_CURVE_WITH_KNOTS((4,4),(0.000000000000000E+00,1.000000000000000E+00),.UNSPECIFIED.) CURVE() GEOMETRIC_REPRESENTATION_ITEM() RATIONAL_B_SPLINE_CURVE((1.000000000000000E+00,1.000000000000000E+00,1.000000000000000E+00,1.000000000000000E+00)) REPRESENTATION_ITEM(''));
#1358 = EDGE_CURVE('', #1352, #1343, #1357, .T.);
#1359 = ORIENTED_EDGE('', *,*, #1358, .T.);
#1360 = CARTESIAN_POINT('', (-7.938143165724672E+00,-7.311100461341429E+00,1.853639264886167E+02));
#1361 = VERTEX_POINT('', #1360);
#1362 = CARTESIAN_POINT('', (-9.999879011745726E+00,-7.932024647204579E+00,1.843899365579549E+02));
#1363 = CARTESIAN_POINT('', (-9.267736899977647E+00,-7.725240614140314E+00,1.847340056771660E+02));
#1364 = CARTESIAN_POINT('', (-8.584701801785798E+00,-7.529287175390322E+00,1.850721803347533E+02));
#1365 = CARTESIAN_POINT('', (-7.938143165724672E+00,-7.311100461341429E+00,1.853639264886167E+02));
#1366 = (BOUNDED_CURVE() B_SPLINE_CURVE(3,(#1362,#1363,#1364,#1365),.UNSPECIFIED.,.F.,.F.) B_SPLINE_CURVE_WITH_KNOTS((4,4),(0.000000000000000E+00,1.000000000000000E+00),.UNSPECIFIED.) CURVE() GEOMETRIC_REPRESENTATION_ITEM() RATIONAL_B_SPLINE_CURVE((1.000000000000000E+00,1.000000000000000E+00,1.000000000000000E+00,1.000000000000000E+00)) REPRESENTATION_ITEM(''));
#1367 = EDGE_CURVE('', #1352, #1361, #1366, .T.);
#1368 = ORIENTED_EDGE('', *,*, #1367, .F.);
#1369 = CARTESIAN_POINT('', (-7.217352884735646E+00,-7.165999821094202E+00,1.855161911945822E+02));
#1370 = VERTEX_POINT('', #1369);
#1371 = CARTESIAN_POINT('', (-7.938143165724672E+00,-7.311100461341429E+00,1.853639264886167E+02));
#1372 = CARTESIAN_POINT('', (-7.708575751962779E+00,-7.231817565972226E+00,1.854661386087495E+02));
#1373 = CARTESIAN_POINT('', (-7.418496064984282E+00,-7.141162712580769E+00,1.855293397570952E+02));
#1374 = CARTESIAN_POINT('', (-7.217352884735646E+00,-7.165999821094202E+00,1.855161911945822E+02));
#1375 = (BOUNDED_CURVE() B_SPLINE_CURVE(3,(#1371,#1372,#1373,#1374),.UNSPECIFIED.,.F.,.F.) B_SPLINE_CURVE_WITH_KNOTS((4,4),(0.000000000000000E+00,1.000000000000000E+00),.UNSPECIFIED.) CURVE() GEOMETRIC_REPRESENTATION_ITEM() RATIONAL_B_SPLINE_CURVE((1.000000000000000E+00,1.000000000000000E+00,1.000000000000000E+00,1.000000000000000E+00)) REPRESENTATION_ITEM(''));
#1376 = EDGE_CURVE('', #1361, #1370, #1375, .T.);
#1377 = ORIENTED_EDGE('', *,*, #1376, .F.);
#1378 = CARTESIAN_POINT('', (-6.918576594164739E+00,-5.871894912194404E+00,1.823916158052153E+02));
#1379 = CARTESIAN_POINT('', (-6.877138796617293E+00,-6.239773369155358E+00,1.832420658921690E+02));
#1380 = CARTESIAN_POINT('', (-7.095855859458421E+00,-6.771228272660550E+00,1.843629356828407E+02));
#1381 = CARTESIAN_POINT('', (-7.217352884735646E+00,-7.165999821094202E+00,1.855161911945822E+02));
#1382 = (BOUNDED_CURVE() B_SPLINE_CURVE(3,(#1378,#1379,#1380,#1381),.UNSPECIFIED.,.F.,.F.) B_SPLINE_CURVE_WITH_KNOTS((4,4),(0.000000000000000E+00,1.000000000000000E+00),.UNSPECIFIED.) CURVE() GEOMETRIC_REPRESENTATION_ITEM() RATIONAL_B_SPLINE_CURVE((1.000000000000000E+00,1.000000000000000E+00,1.000000000000000E+00,1.000000000000000E+00)) REPRESENTATION_ITEM(''));
#1383 = EDGE_CURVE('', #1341, #1370, #1382, .T.);
#1384 = ORIENTED_EDGE('', *,*, #1383, .T.);
#1385 = EDGE_LOOP('', (#1350,#1359,#1368,#1377,#1384));
#1386 = FACE_OUTER_BOUND('', #1385, .T.);
#1387 = ADVANCED_FACE('', (#1386), #1339, .F.);
#1388 = CARTESIAN_POINT('', (-6.918576594164739E+00,-5.871894912194404E+00,1.823916158052153E+02));
#1389 = CARTESIAN_POINT('', (-3.932245199263330E+00,-5.513727771538184E+00,1.745556840346301E+02));
#1390 = CARTESIAN_POINT('', (-3.760804204772635E+00,-7.296201322356255E+00,1.638075318527775E+02));
#1391 = CARTESIAN_POINT('', (-1.742957266121177E+00,-4.206495130888561E+00,1.578720357374401E+02));
#1392 = CARTESIAN_POINT('', (-5.655341659757402E+00,-6.846907331065957E+00,1.819810445092060E+02));
#1393 = CARTESIAN_POINT('', (-3.258362844923395E+00,-6.269765439288267E+00,1.742996346277696E+02));
#1394 = CARTESIAN_POINT('', (-3.081311919140669E+00,-8.125272188622045E+00,1.636847502073649E+02));
#1395 = CARTESIAN_POINT('', (-1.346773516146792E+00,-4.863593976630346E+00,1.578819890228120E+02));
#1396 = CARTESIAN_POINT('', (-4.006941601493366E+00,-7.395729969657625E+00,1.821429539890745E+02));
#1397 = CARTESIAN_POINT('', (-2.322690494006723E+00,-6.729908344843687E+00,1.741701851582587E+02));
#1398 = CARTESIAN_POINT('', (-2.189446597423450E+00,-8.818978963750846E+00,1.635403337690674E+02));
#1399 = CARTESIAN_POINT('', (-8.664086653345039E-01,-5.323944332225282E+00,1.580246915421477E+02));
#1400 = CARTESIAN_POINT('', (-2.291603273071730E+00,-7.703020043116935E+00,1.822367257398919E+02));
#1401 = CARTESIAN_POINT('', (-1.395516542244804E+00,-7.030103534411972E+00,1.740243809112411E+02));
#1402 = CARTESIAN_POINT('', (-1.085937024764978E+00,-9.046788399669079E+00,1.637319043614988E+02));
#1403 = CARTESIAN_POINT('', (-3.808786051841119E-01,-5.595011111210537E+00,1.582967429126202E+02));
#1404 = (BOUNDED_SURFACE() B_SPLINE_SURFACE(3,3, ((#1388,#1389,#1390,#1391),(#1392,#1393,#1394,#1395),(#1396,#1397,#1398,#1399),(#1400,#1401,#1402,#1403)), .UNSPECIFIED., .F., .F., .T. )  B_SPLINE_SURFACE_WITH_KNOTS((4,4), (4,4), (0.000000000000000E+00,1.000000000000000E+00), (0.000000000000000E+00,1.000000000000000E+00), .UNSPECIFIED.)GEOMETRIC_REPRESENTATION_ITEM() RATIONAL_B_SPLINE_SURFACE( ((1.000000000000000E+00,1.000000000000000E+00,1.000000000000000E+00,1.000000000000000E+00),(1.000000000000000E+00,1.000000000000000E+00,1.000000000000000E+00,1.000000000000000E+00),(1.000000000000000E+00,1.000000000000000E+00,1.000000000000000E+00,1.000000000000000E+00),(1.000000000000000E+00,1.000000000000000E+00,1.000000000000000E+00,1.000000000000000E+00))) REPRESENTATION_ITEM('') SURFACE());
#1405 = CARTESIAN_POINT('', (-2.291603273071730E+00,-7.703020043116935E+00,1.822367257398919E+02));
#1406 = VERTEX_POINT('', #1405);
#1407 = CARTESIAN_POINT('', (-6.918576594164739E+00,-5.871894912194404E+00,1.823916158052153E+02));
#1408 = CARTESIAN_POINT('', (-5.655341659757402E+00,-6.846907331065957E+00,1.819810445092060E+02));
#1409 = CARTESIAN_POINT('', (-4.006941601493366E+00,-7.395729969657625E+00,1.821429539890745E+02));
#1410 = CARTESIAN_POINT('', (-2.291603273071730E+00,-7.703020043116935E+00,1.822367257398919E+02));
#1411 = (BOUNDED_CURVE() B_SPLINE_CURVE(3,(#1407,#1408,#1409,#1410),.UNSPECIFIED.,.F.,.F.) B_SPLINE_CURVE_WITH_KNOTS((4,4),(0.000000000000000E+00,1.000000000000000E+00),.UNSPECIFIED.) CURVE() GEOMETRIC_REPRESENTATION_ITEM() RATIONAL_B_SPLINE_CURVE((1.000000000000000E+00,1.000000000000000E+00,1.000000000000000E+00,1.000000000000000E+00)) REPRESENTATION_ITEM(''));
#1412 = EDGE_CURVE('', #1341, #1406, #1411, .T.);
#1413 = ORIENTED_EDGE('', *,*, #1412, .F.);
#1414 = CARTESIAN_POINT('', (-3.808786051841119E-01,-5.595011111210537E+00,1.582967429126202E+02));
#1415 = VERTEX_POINT('', #1414);
#1416 = CARTESIAN_POINT('', (-3.808786051841119E-01,-5.595011111210537E+00,1.582967429126202E+02));
#1417 = CARTESIAN_POINT('', (-1.085937024764978E+00,-9.046788399669079E+00,1.637319043614988E+02));
#1418 = CARTESIAN_POINT('', (-1.395516542244804E+00,-7.030103534411972E+00,1.740243809112411E+02));
#1419 = CARTESIAN_POINT('', (-2.291603273071730E+00,-7.703020043116935E+00,1.822367257398919E+02));
#1420 = (BOUNDED_CURVE() B_SPLINE_CURVE(3,(#1416,#1417,#1418,#1419),.UNSPECIFIED.,.F.,.F.) B_SPLINE_CURVE_WITH_KNOTS((4,4),(0.000000000000000E+00,1.000000000000000E+00),.UNSPECIFIED.) CURVE() GEOMETRIC_REPRESENTATION_ITEM() RATIONAL_B_SPLINE_CURVE((1.000000000000000E+00,1.000000000000000E+00,1.000000000000000E+00,1.000000000000000E+00)) REPRESENTATION_ITEM(''));
#1421 = EDGE_CURVE('', #1415, #1406, #1420, .T.);
#1422 = ORIENTED_EDGE('', *,*, #1421, .T.);
#1423 = CARTESIAN_POINT('', (-1.742957266121177E+00,-4.206495130888561E+00,1.578720357374401E+02));
#1424 = VERTEX_POINT('', #1423);
#1425 = CARTESIAN_POINT('', (-3.808786051841119E-01,-5.595011111210537E+00,1.582967429126202E+02));
#1426 = CARTESIAN_POINT('', (-8.664086653345039E-01,-5.323944332225282E+00,1.580246915421477E+02));
#1427 = CARTESIAN_POINT('', (-1.346773516146792E+00,-4.863593976630346E+00,1.578819890228120E+02));
#1428 = CARTESIAN_POINT('', (-1.742957266121177E+00,-4.206495130888561E+00,1.578720357374401E+02));
#1429 = (BOUNDED_CURVE() B_SPLINE_CURVE(3,(#1425,#1426,#1427,#1428),.UNSPECIFIED.,.F.,.F.) B_SPLINE_CURVE_WITH_KNOTS((4,4),(0.000000000000000E+00,1.000000000000000E+00),.UNSPECIFIED.) CURVE() GEOMETRIC_REPRESENTATION_ITEM() RATIONAL_B_SPLINE_CURVE((1.000000000000000E+00,1.000000000000000E+00,1.000000000000000E+00,1.000000000000000E+00)) REPRESENTATION_ITEM(''));
#1430 = EDGE_CURVE('', #1415, #1424, #1429, .T.);
#1431 = ORIENTED_EDGE('', *,*, #1430, .F.);
#1432 = CARTESIAN_POINT('', (-6.918576594164739E+00,-5.871894912194404E+00,1.823916158052153E+02));
#1433 = CARTESIAN_POINT('', (-3.932245199263330E+00,-5.513727771538184E+00,1.745556840346301E+02));
#1434 = CARTESIAN_POINT('', (-3.760804204772635E+00,-7.296201322356255E+00,1.638075318527775E+02));
#1435 = CARTESIAN_POINT('', (-1.742957266121177E+00,-4.206495130888561E+00,1.578720357374401E+02));
#1436 = (BOUNDED_CURVE() B_SPLINE_CURVE(3,(#1432,#1433,#1434,#1435),.UNSPECIFIED.,.F.,.F.) B_SPLINE_CURVE_WITH_KNOTS((4,4),(0.000000000000000E+00,1.000000000000000E+00),.UNSPECIFIED.) CURVE() GEOMETRIC_REPRESENTATION_ITEM() RATIONAL_B_SPLINE_CURVE((1.000000000000000E+00,1.000000000000000E+00,1.000000000000000E+00,1.000000000000000E+00)) REPRESENTATION_ITEM(''));
#1437 = EDGE_CURVE('', #1341, #1424, #1436, .T.);
#1438 = ORIENTED_EDGE('', *,*, #1437, .T.);
#1439 = EDGE_LOOP('', (#1413,#1422,#1431,#1438));
#1440 = FACE_OUTER_BOUND('', #1439, .T.);
#1441 = ADVANCED_FACE('', (#1440), #1404, .F.);
#1442 = CARTESIAN_POINT('', (-6.918576594164739E+00,-5.871894912194404E+00,1.823916158052153E+02));
#1443 = CARTESIAN_POINT('', (-5.655341659757402E+00,-6.846907331065957E+00,1.819810445092060E+02));
#1444 = CARTESIAN_POINT('', (-4.006941601493366E+00,-7.395729969657625E+00,1.821429539890745E+02));
#1445 = CARTESIAN_POINT('', (-2.291603273071730E+00,-7.703020043116935E+00,1.822367257398919E+02));
#1446 = CARTESIAN_POINT('', (-6.877138796617293E+00,-6.239773369155358E+00,1.832420658921690E+02));
#1447 = CARTESIAN_POINT('', (-5.657128422197452E+00,-6.995585883659301E+00,1.830577338003998E+02));
#1448 = CARTESIAN_POINT('', (-4.166447599298144E+00,-7.499034375053973E+00,1.831846557556310E+02));
#1449 = CARTESIAN_POINT('', (-2.412868465400110E+00,-7.792716535097935E+00,1.833247927442011E+02));
#1450 = CARTESIAN_POINT('', (-7.095855859458421E+00,-6.771228272660550E+00,1.843629356828407E+02));
#1451 = CARTESIAN_POINT('', (-5.660060071023908E+00,-7.235233721531520E+00,1.842743862794474E+02));
#1452 = CARTESIAN_POINT('', (-4.047395674871717E+00,-7.729877819075953E+00,1.845312849638346E+02));
#1453 = CARTESIAN_POINT('', (-2.183041159509042E+00,-7.993879792645616E+00,1.847229787594074E+02));
#1454 = CARTESIAN_POINT('', (-7.217352884735646E+00,-7.165999821094202E+00,1.855161911945822E+02));
#1455 = CARTESIAN_POINT('', (-5.665521135127304E+00,-7.356916351961557E+00,1.854145604168026E+02));
#1456 = CARTESIAN_POINT('', (-3.911567656614272E+00,-7.863936763582896E+00,1.858593248881828E+02));
#1457 = CARTESIAN_POINT('', (-2.056280625711745E+00,-8.194871839802756E+00,1.860823071738824E+02));
#1458 = (BOUNDED_SURFACE() B_SPLINE_SURFACE(3,3, ((#1442,#1443,#1444,#1445),(#1446,#1447,#1448,#1449),(#1450,#1451,#1452,#1453),(#1454,#1455,#1456,#1457)), .UNSPECIFIED., .F., .F., .T. )  B_SPLINE_SURFACE_WITH_KNOTS((4,4), (4,4), (0.000000000000000E+00,1.000000000000000E+00), (0.000000000000000E+00,1.000000000000000E+00), .UNSPECIFIED.)GEOMETRIC_REPRESENTATION_ITEM() RATIONAL_B_SPLINE_SURFACE( ((1.000000000000000E+00,1.000000000000000E+00,1.000000000000000E+00,1.000000000000000E+00),(1.000000000000000E+00,1.000000000000000E+00,1.000000000000000E+00,1.000000000000000E+00),(1.000000000000000E+00,1.000000000000000E+00,1.000000000000000E+00,1.000000000000000E+00),(1.000000000000000E+00,1.000000000000000E+00,1.000000000000000E+00,1.000000000000000E+00))) REPRESENTATION_ITEM('') SURFACE());
#1459 = ORIENTED_EDGE('', *,*, #1383, .F.);
#1460 = CARTESIAN_POINT('', (-2.056280625711745E+00,-8.194871839802756E+00,1.860823071738824E+02));
#1461 = VERTEX_POINT('', #1460);
#1462 = CARTESIAN_POINT('', (-2.056280625711745E+00,-8.194871839802756E+00,1.860823071738824E+02));
#1463 = CARTESIAN_POINT('', (-3.911567656614272E+00,-7.863936763582896E+00,1.858593248881828E+02));
#1464 = CARTESIAN_POINT('', (-5.665521135127304E+00,-7.356916351961557E+00,1.854145604168026E+02));
#1465 = CARTESIAN_POINT('', (-7.217352884735646E+00,-7.165999821094202E+00,1.855161911945822E+02));
#1466 = (BOUNDED_CURVE() B_SPLINE_CURVE(3,(#1462,#1463,#1464,#1465),.UNSPECIFIED.,.F.,.F.) B_SPLINE_CURVE_WITH_KNOTS((4,4),(0.000000000000000E+00,1.000000000000000E+00),.UNSPECIFIED.) CURVE() GEOMETRIC_REPRESENTATION_ITEM() RATIONAL_B_SPLINE_CURVE((1.000000000000000E+00,1.000000000000000E+00,1.000000000000000E+00,1.000000000000000E+00)) REPRESENTATION_ITEM(''));
#1467 = EDGE_CURVE('', #1461, #1370, #1466, .T.);
#1468 = ORIENTED_EDGE('', *,*, #1467, .T.);
#1469 = CARTESIAN_POINT('', (-2.056280625711745E+00,-8.194871839802756E+00,1.860823071738824E+02));
#1470 = CARTESIAN_POINT('', (-2.183041159509042E+00,-7.993879792645616E+00,1.847229787594074E+02));
#1471 = CARTESIAN_POINT('', (-2.412868465400110E+00,-7.792716535097935E+00,1.833247927442011E+02));
#1472 = CARTESIAN_POINT('', (-2.291603273071730E+00,-7.703020043116935E+00,1.822367257398919E+02));
#1473 = (BOUNDED_CURVE() B_SPLINE_CURVE(3,(#1469,#1470,#1471,#1472),.UNSPECIFIED.,.F.,.F.) B_SPLINE_CURVE_WITH_KNOTS((4,4),(0.000000000000000E+00,1.000000000000000E+00),.UNSPECIFIED.) CURVE() GEOMETRIC_REPRESENTATION_ITEM() RATIONAL_B_SPLINE_CURVE((1.000000000000000E+00,1.000000000000000E+00,1.000000000000000E+00,1.000000000000000E+00)) REPRESENTATION_ITEM(''));
#1474 = EDGE_CURVE('', #1461, #1406, #1473, .T.);
#1475 = ORIENTED_EDGE('', *,*, #1474, .F.);
#1476 = ORIENTED_EDGE('', *,*, #1412, .T.);
#1477 = EDGE_LOOP('', (#1459,#1468,#1475,#1476));
#1478 = FACE_OUTER_BOUND('', #1477, .T.);
#1479 = ADVANCED_FACE('', (#1478), #1458, .F.);
#1480 = CARTESIAN_POINT('', (8.512539537557755E+00,-5.743202821240994E+00,1.941334221367050E+02));
#1481 = CARTESIAN_POINT('', (8.384058371224690E+00,-6.163157975730408E+00,1.942323970082026E+02));
#1482 = CARTESIAN_POINT('', (8.302232237568344E+00,-6.617458519253558E+00,1.943018787949945E+02));
#1483 = CARTESIAN_POINT('', (8.277128407960019E+00,-7.132180983199163E+00,1.943732513805261E+02));
#1484 = CARTESIAN_POINT('', (8.233135365095945E+00,-8.036692144655609E+00,1.944984788848610E+02));
#1485 = CARTESIAN_POINT('', (8.258220139528783E+00,-9.020438073190610E+00,1.945858718290488E+02));
#1486 = CARTESIAN_POINT('', (8.253404050229030E+00,-1.000083622394908E+01,1.946341327366235E+02));
#1487 = CARTESIAN_POINT('', (8.875199894799580E+00,-5.410389252555535E+00,1.947133226252656E+02));
#1488 = CARTESIAN_POINT('', (8.693580446561224E+00,-5.874009760762727E+00,1.949824262636513E+02));
#1489 = CARTESIAN_POINT('', (8.532246541300898E+00,-6.711668028775103E+00,1.950978456582397E+02));
#1490 = CARTESIAN_POINT('', (8.521939296315441E+00,-7.155060473443678E+00,1.952359551430351E+02));
#1491 = CARTESIAN_POINT('', (8.501324806344527E+00,-8.041845362780828E+00,1.955121741126257E+02));
#1492 = CARTESIAN_POINT('', (8.526395506888072E+00,-8.949275756921654E+00,1.957210109159967E+02));
#1493 = CARTESIAN_POINT('', (8.502320518892832E+00,-9.996566729207418E+00,1.959266810128432E+02));
#1494 = CARTESIAN_POINT('', (9.424434393450476E+00,-5.044897285204057E+00,1.952663932770942E+02));
#1495 = CARTESIAN_POINT('', (9.484940459183937E+00,-5.544777684632215E+00,1.956123520675665E+02));
#1496 = CARTESIAN_POINT('', (9.324490956603670E+00,-6.059825167189744E+00,1.959995354945285E+02));
#1497 = CARTESIAN_POINT('', (9.306792861864441E+00,-6.574936744565083E+00,1.962446352000675E+02));
#1498 = CARTESIAN_POINT('', (9.271396672385988E+00,-7.605159899315765E+00,1.967348346111457E+02));
#1499 = CARTESIAN_POINT('', (9.255192203989358E+00,-8.717730286083809E+00,1.969371287906949E+02));
#1500 = CARTESIAN_POINT('', (9.199821318839373E+00,-9.977512971435644E+00,1.969611560907716E+02));
#1501 = CARTESIAN_POINT('', (9.994919418535449E+00,-4.698025942996826E+00,1.958014273788225E+02));
#1502 = CARTESIAN_POINT('', (9.990943355493902E+00,-5.169035770381893E+00,1.963933222708671E+02));
#1503 = CARTESIAN_POINT('', (9.993250117267120E+00,-5.654309615113400E+00,1.968659586596528E+02));
#1504 = CARTESIAN_POINT('', (9.997096652254427E+00,-6.178923345067385E+00,1.972281793134833E+02));
#1505 = CARTESIAN_POINT('', (1.000478972222904E+01,-7.228150804975357E+00,1.979526206211442E+02));
#1506 = CARTESIAN_POINT('', (1.001864188506002E+01,-8.434737805773251E+00,1.982353989889840E+02));
#1507 = CARTESIAN_POINT('', (1.000070872794198E+01,-9.999291290469415E+00,1.981472565634303E+02));
#1508 = (BOUNDED_SURFACE() B_SPLINE_SURFACE(3,3, ((#1480,#1481,#1482,#1483,#1484,#1485,#1486),(#1487,#1488,#1489,#1490,#1491,#1492,#1493),(#1494,#1495,#1496,#1497,#1498,#1499,#1500),(#1501,#1502,#1503,#1504,#1505,#1506,#1507)), .UNSPECIFIED., .F., .F., .T. )  B_SPLINE_SURFACE_WITH_KNOTS((4,4), (4,3,4), (0.000000000000000E+00,1.000000000000000E+00), (0.000000000000000E+00,3.333333333333333E-01,1.000000000000000E+00), .UNSPECIFIED.)GEOMETRIC_REPRESENTATION_ITEM() RATIONAL_B_SPLINE_SURFACE( ((1.000000000000000E+00,1.000000000000000E+00,1.000000000000000E+00,1.000000000000000E+00,1.000000000000000E+00,1.000000000000000E+00,1.000000000000000E+00),(1.000000000000000E+00,1.000000000000000E+00,1.000000000000000E+00,1.000000000000000E+00,1.000000000000000E+00,1.000000000000000E+00,1.000000000000000E+00),(1.000000000000000E+00,1.000000000000000E+00,1.000000000000000E+00,1.000000000000000E+00,1.000000000000000E+00,1.000000000000000E+00,1.000000000000000E+00),(1.000000000000000E+00,1.000000000000000E+00,1.000000000000000E+00,1.000000000000000E+00,1.000000000000000E+00,1.000000000000000E+00,1.000000000000000E+00))) REPRESENTATION_ITEM('') SURFACE());
#1509 = ORIENTED_EDGE('', *,*, #1197, .F.);
#1510 = CARTESIAN_POINT('', (1.000000000000001E+01,-9.999999994644790E+00,1.981479644775391E+02));
#1511 = VERTEX_POINT('', #1510);
#1512 = CARTESIAN_POINT('', (1.000070872794198E+01,-9.999291290469415E+00,1.981472565634303E+02));
#1513 = CARTESIAN_POINT('', (1.002760846361903E+01,-7.652461063425169E+00,1.982794702017608E+02));
#1514 = CARTESIAN_POINT('', (9.982991229410807E+00,-6.111055425152028E+00,1.975771120549561E+02));
#1515 = CARTESIAN_POINT('', (9.994919418535449E+00,-4.698025942996826E+00,1.958014273788225E+02));
#1516 = (BOUNDED_CURVE() B_SPLINE_CURVE(3,(#1512,#1513,#1514,#1515),.UNSPECIFIED.,.F.,.F.) B_SPLINE_CURVE_WITH_KNOTS((4,4),(0.000000000000000E+00,1.000000000000000E+00),.UNSPECIFIED.) CURVE() GEOMETRIC_REPRESENTATION_ITEM() RATIONAL_B_SPLINE_CURVE((1.000000000000000E+00,1.000000000000000E+00,1.000000000000000E+00,1.000000000000000E+00)) REPRESENTATION_ITEM(''));
#1517 = EDGE_CURVE('', #1511, #1182, #1516, .T.);
#1518 = ORIENTED_EDGE('', *,*, #1517, .T.);
#1519 = CARTESIAN_POINT('', (8.253404050229030E+00,-1.000083622394908E+01,1.946341327366235E+02));
#1520 = VERTEX_POINT('', #1519);
#1521 = CARTESIAN_POINT('', (1.000070872794198E+01,-9.999291290469415E+00,1.981472565634303E+02));
#1522 = CARTESIAN_POINT('', (9.199821318839373E+00,-9.977512971435644E+00,1.969611560907716E+02));
#1523 = CARTESIAN_POINT('', (8.502320518892832E+00,-9.996566729207418E+00,1.959266810128432E+02));
#1524 = CARTESIAN_POINT('', (8.253404050229030E+00,-1.000083622394908E+01,1.946341327366235E+02));
#1525 = (BOUNDED_CURVE() B_SPLINE_CURVE(3,(#1521,#1522,#1523,#1524),.UNSPECIFIED.,.F.,.F.) B_SPLINE_CURVE_WITH_KNOTS((4,4),(0.000000000000000E+00,1.000000000000000E+00),.UNSPECIFIED.) CURVE() GEOMETRIC_REPRESENTATION_ITEM() RATIONAL_B_SPLINE_CURVE((1.000000000000000E+00,1.000000000000000E+00,1.000000000000000E+00,1.000000000000000E+00)) REPRESENTATION_ITEM(''));
#1526 = EDGE_CURVE('', #1511, #1520, #1525, .T.);
#1527 = ORIENTED_EDGE('', *,*, #1526, .F.);
#1528 = CARTESIAN_POINT('', (8.277128407960019E+00,-7.132180983199163E+00,1.943732513805261E+02));
#1529 = VERTEX_POINT('', #1528);
#1530 = CARTESIAN_POINT('', (8.253404050229030E+00,-1.000083622394908E+01,1.946341327366235E+02));
#1531 = CARTESIAN_POINT('', (8.258220139528783E+00,-9.020438073190610E+00,1.945858718290488E+02));
#1532 = CARTESIAN_POINT('', (8.233135365095945E+00,-8.036692144655609E+00,1.944984788848610E+02));
#1533 = CARTESIAN_POINT('', (8.277128407960019E+00,-7.132180983199163E+00,1.943732513805261E+02));
#1534 = (BOUNDED_CURVE() B_SPLINE_CURVE(3,(#1530,#1531,#1532,#1533),.UNSPECIFIED.,.F.,.F.) B_SPLINE_CURVE_WITH_KNOTS((4,4),(0.000000000000000E+00,1.000000000000000E+00),.UNSPECIFIED.) CURVE() GEOMETRIC_REPRESENTATION_ITEM() RATIONAL_B_SPLINE_CURVE((1.000000000000000E+00,1.000000000000000E+00,1.000000000000000E+00,1.000000000000000E+00)) REPRESENTATION_ITEM(''));
#1535 = EDGE_CURVE('', #1520, #1529, #1534, .T.);
#1536 = ORIENTED_EDGE('', *,*, #1535, .F.);
#1537 = CARTESIAN_POINT('', (8.512539537557755E+00,-5.743202821240994E+00,1.941334221367050E+02));
#1538 = CARTESIAN_POINT('', (8.384058371224690E+00,-6.163157975730408E+00,1.942323970082026E+02));
#1539 = CARTESIAN_POINT('', (8.302232237568344E+00,-6.617458519253558E+00,1.943018787949945E+02));
#1540 = CARTESIAN_POINT('', (8.277128407960019E+00,-7.132180983199163E+00,1.943732513805261E+02));
#1541 = (BOUNDED_CURVE() B_SPLINE_CURVE(3,(#1537,#1538,#1539,#1540),.UNSPECIFIED.,.F.,.F.) B_SPLINE_CURVE_WITH_KNOTS((4,4),(0.000000000000000E+00,1.000000000000000E+00),.UNSPECIFIED.) CURVE() GEOMETRIC_REPRESENTATION_ITEM() RATIONAL_B_SPLINE_CURVE((1.000000000000000E+00,1.000000000000000E+00,1.000000000000000E+00,1.000000000000000E+00)) REPRESENTATION_ITEM(''));
#1542 = EDGE_CURVE('', #1191, #1529, #1541, .T.);
#1543 = ORIENTED_EDGE('', *,*, #1542, .T.);
#1544 = EDGE_LOOP('', (#1509,#1518,#1527,#1536,#1543));
#1545 = FACE_OUTER_BOUND('', #1544, .T.);
#1546 = ADVANCED_FACE('', (#1545), #1508, .F.);
#1547 = CARTESIAN_POINT('', (1.000137211469140E+01,-7.226697743588172E+00,1.714485004630062E+02));
#1548 = CARTESIAN_POINT('', (1.001604517652404E+01,-5.611585114752172E+00,1.722725434961895E+02));
#1549 = CARTESIAN_POINT('', (1.001012819141177E+01,-3.619520671057241E+00,1.719700450576163E+02));
#1550 = CARTESIAN_POINT('', (9.983866657308187E+00,-1.704356029897507E+00,1.724140796474969E+02));
#1551 = CARTESIAN_POINT('', (9.957605123204603E+00,2.108086112622275E-01,1.728581142373776E+02));
#1552 = CARTESIAN_POINT('', (1.004298536051590E+01,1.472386515476528E+00,1.746829260484462E+02));
#1553 = CARTESIAN_POINT('', (9.997208913864643E+00,3.274534224860627E+00,1.734821161940771E+02));
#1554 = CARTESIAN_POINT('', (1.001103081417689E+01,-7.584598903339519E+00,1.708997865649464E+02));
#1555 = CARTESIAN_POINT('', (9.911627399200153E+00,-5.825060749185336E+00,1.715313321200590E+02));
#1556 = CARTESIAN_POINT('', (9.836408847408888E+00,-3.819738918325474E+00,1.713002498015036E+02));
#1557 = CARTESIAN_POINT('', (9.803459783570094E+00,-1.973104156506498E+00,1.717475095743307E+02));
#1558 = CARTESIAN_POINT('', (9.770510719731300E+00,-1.264693946875213E-01,1.721947693471579E+02));
#1559 = CARTESIAN_POINT('', (9.837405388522612E+00,1.268982494627186E+00,1.735762822022898E+02));
#1560 = CARTESIAN_POINT('', (9.809949602977499E+00,2.891086460270176E+00,1.727401403637049E+02));
#1561 = CARTESIAN_POINT('', (9.990343706700592E+00,-7.912720611207695E+00,1.702594701727591E+02));
#1562 = CARTESIAN_POINT('', (9.799043550157851E+00,-6.028866597752289E+00,1.707918466201982E+02));
#1563 = CARTESIAN_POINT('', (9.672369475447972E+00,-4.027426345791971E+00,1.706548625468326E+02));
#1564 = CARTESIAN_POINT('', (9.622899346863345E+00,-2.237737764664510E+00,1.710673750410622E+02));
#1565 = CARTESIAN_POINT('', (9.573429218278717E+00,-4.480491835370483E-01,1.714798875352917E+02));
#1566 = CARTESIAN_POINT('', (9.649350038365775E+00,1.025311217470500E+00,1.725680031074497E+02));
#1567 = CARTESIAN_POINT('', (9.602963352589759E+00,2.525194821199999E+00,1.719856111501250E+02));
#1568 = CARTESIAN_POINT('', (9.998121818735388E+00,-7.985822411463806E+00,1.699091303858732E+02));
#1569 = CARTESIAN_POINT('', (9.730219689289282E+00,-6.161766227473113E+00,1.702324249466561E+02));
#1570 = CARTESIAN_POINT('', (9.522524055621412E+00,-4.216438807047544E+00,1.700492868347113E+02));
#1571 = CARTESIAN_POINT('', (9.454068111375179E+00,-2.477928593760145E+00,1.704025465443426E+02));
#1572 = CARTESIAN_POINT('', (9.385612167128945E+00,-7.394183804727466E-01,1.707558062539739E+02));
#1573 = CARTESIAN_POINT('', (9.431931300450174E+00,7.057026257678226E-01,1.715794086681929E+02));
#1574 = CARTESIAN_POINT('', (9.421013612410203E+00,2.081171695132927E+00,1.713545259397501E+02));
#1575 = (BOUNDED_SURFACE() B_SPLINE_SURFACE(3,3, ((#1547,#1548,#1549,#1550,#1551,#1552,#1553),(#1554,#1555,#1556,#1557,#1558,#1559,#1560),(#1561,#1562,#1563,#1564,#1565,#1566,#1567),(#1568,#1569,#1570,#1571,#1572,#1573,#1574)), .UNSPECIFIED., .F., .F., .T. )  B_SPLINE_SURFACE_WITH_KNOTS((4,4), (4,3,4), (0.000000000000000E+00,1.000000000000000E+00), (0.000000000000000E+00,5.000000000000000E-01,1.000000000000000E+00), .UNSPECIFIED.)GEOMETRIC_REPRESENTATION_ITEM() RATIONAL_B_SPLINE_SURFACE( ((1.000000000000000E+00,1.000000000000000E+00,1.000000000000000E+00,1.000000000000000E+00,1.000000000000000E+00,1.000000000000000E+00,1.000000000000000E+00),(1.000000000000000E+00,1.000000000000000E+00,1.000000000000000E+00,1.000000000000000E+00,1.000000000000000E+00,1.000000000000000E+00,1.000000000000000E+00),(1.000000000000000E+00,1.000000000000000E+00,1.000000000000000E+00,1.000000000000000E+00,1.000000000000000E+00,1.000000000000000E+00,1.000000000000000E+00),(1.000000000000000E+00,1.000000000000000E+00,1.000000000000000E+00,1.000000000000000E+00,1.000000000000000E+00,1.000000000000000E+00,1.000000000000000E+00))) REPRESENTATION_ITEM('') SURFACE());
#1576 = CARTESIAN_POINT('', (1.000000000000001E+01,-7.225325584411621E+00,1.714471282958984E+02));
#1577 = VERTEX_POINT('', #1576);
#1578 = CARTESIAN_POINT('', (9.998121818735388E+00,-7.985822411463806E+00,1.699091303858732E+02));
#1579 = VERTEX_POINT('', #1578);
#1580 = CARTESIAN_POINT('', (1.000137211469140E+01,-7.226697743588172E+00,1.714485004630062E+02));
#1581 = CARTESIAN_POINT('', (1.001103081417689E+01,-7.584598903339519E+00,1.708997865649464E+02));
#1582 = CARTESIAN_POINT('', (9.990343706700592E+00,-7.912720611207695E+00,1.702594701727591E+02));
#1583 = CARTESIAN_POINT('', (9.998121818735388E+00,-7.985822411463806E+00,1.699091303858732E+02));
#1584 = (BOUNDED_CURVE() B_SPLINE_CURVE(3,(#1580,#1581,#1582,#1583),.UNSPECIFIED.,.F.,.F.) B_SPLINE_CURVE_WITH_KNOTS((4,4),(0.000000000000000E+00,1.000000000000000E+00),.UNSPECIFIED.) CURVE() GEOMETRIC_REPRESENTATION_ITEM() RATIONAL_B_SPLINE_CURVE((1.000000000000000E+00,1.000000000000000E+00,1.000000000000000E+00,1.000000000000000E+00)) REPRESENTATION_ITEM(''));
#1585 = EDGE_CURVE('', #1577, #1579, #1584, .T.);
#1586 = ORIENTED_EDGE('', *,*, #1585, .F.);
#1587 = CARTESIAN_POINT('', (9.421013612410203E+00,2.081171695132927E+00,1.713545259397501E+02));
#1588 = VERTEX_POINT('', #1587);
#1589 = CARTESIAN_POINT('', (9.421013612410203E+00,2.081171695132927E+00,1.713545259397501E+02));
#1590 = CARTESIAN_POINT('', (9.431931300450174E+00,7.057026257678226E-01,1.715794086681929E+02));
#1591 = CARTESIAN_POINT('', (9.385612167128945E+00,-7.394183804727466E-01,1.707558062539739E+02));
#1592 = CARTESIAN_POINT('', (9.454068111375179E+00,-2.477928593760145E+00,1.704025465443426E+02));
#1593 = CARTESIAN_POINT('', (9.522524055621412E+00,-4.216438807047544E+00,1.700492868347113E+02));
#1594 = CARTESIAN_POINT('', (9.730219689289282E+00,-6.161766227473113E+00,1.702324249466561E+02));
#1595 = CARTESIAN_POINT('', (9.998121818735388E+00,-7.985822411463806E+00,1.699091303858732E+02));
#1596 = (BOUNDED_CURVE() B_SPLINE_CURVE(3,(#1589,#1590,#1591,#1592,#1593,#1594,#1595),.UNSPECIFIED.,.F.,.F.) B_SPLINE_CURVE_WITH_KNOTS((4,3,4),(0.000000000000000E+00,5.000000000000000E-01,1.000000000000000E+00),.UNSPECIFIED.) CURVE() GEOMETRIC_REPRESENTATION_ITEM() RATIONAL_B_SPLINE_CURVE((1.000000000000000E+00,1.000000000000000E+00,1.000000000000000E+00,1.000000000000000E+00,1.000000000000000E+00,1.000000000000000E+00,1.000000000000000E+00)) REPRESENTATION_ITEM(''));
#1597 = EDGE_CURVE('', #1588, #1579, #1596, .T.);
#1598 = ORIENTED_EDGE('', *,*, #1597, .T.);
#1599 = CARTESIAN_POINT('', (9.997208913864643E+00,3.274534224860627E+00,1.734821161940771E+02));
#1600 = VERTEX_POINT('', #1599);
#1601 = CARTESIAN_POINT('', (9.421013612410203E+00,2.081171695132927E+00,1.713545259397501E+02));
#1602 = CARTESIAN_POINT('', (9.602963352589759E+00,2.525194821199999E+00,1.719856111501250E+02));
#1603 = CARTESIAN_POINT('', (9.809949602977499E+00,2.891086460270176E+00,1.727401403637049E+02));
#1604 = CARTESIAN_POINT('', (9.997208913864643E+00,3.274534224860627E+00,1.734821161940771E+02));
#1605 = (BOUNDED_CURVE() B_SPLINE_CURVE(3,(#1601,#1602,#1603,#1604),.UNSPECIFIED.,.F.,.F.) B_SPLINE_CURVE_WITH_KNOTS((4,4),(0.000000000000000E+00,1.000000000000000E+00),.UNSPECIFIED.) CURVE() GEOMETRIC_REPRESENTATION_ITEM() RATIONAL_B_SPLINE_CURVE((1.000000000000000E+00,1.000000000000000E+00,1.000000000000000E+00,1.000000000000000E+00)) REPRESENTATION_ITEM(''));
#1606 = EDGE_CURVE('', #1588, #1600, #1605, .T.);
#1607 = ORIENTED_EDGE('', *,*, #1606, .F.);
#1608 = CARTESIAN_POINT('', (1.000137211469140E+01,-7.226697743588172E+00,1.714485004630062E+02));
#1609 = CARTESIAN_POINT('', (1.001604517652404E+01,-5.611585114752172E+00,1.722725434961895E+02));
#1610 = CARTESIAN_POINT('', (1.001012819141177E+01,-3.619520671057241E+00,1.719700450576163E+02));
#1611 = CARTESIAN_POINT('', (9.983866657308187E+00,-1.704356029897507E+00,1.724140796474969E+02));
#1612 = CARTESIAN_POINT('', (9.957605123204603E+00,2.108086112622275E-01,1.728581142373776E+02));
#1613 = CARTESIAN_POINT('', (1.004298536051590E+01,1.472386515476528E+00,1.746829260484462E+02));
#1614 = CARTESIAN_POINT('', (9.997208913864643E+00,3.274534224860627E+00,1.734821161940771E+02));
#1615 = (BOUNDED_CURVE() B_SPLINE_CURVE(3,(#1608,#1609,#1610,#1611,#1612,#1613,#1614),.UNSPECIFIED.,.F.,.F.) B_SPLINE_CURVE_WITH_KNOTS((4,3,4),(0.000000000000000E+00,5.000000000000000E-01,1.000000000000000E+00),.UNSPECIFIED.) CURVE() GEOMETRIC_REPRESENTATION_ITEM() RATIONAL_B_SPLINE_CURVE((1.000000000000000E+00,1.000000000000000E+00,1.000000000000000E+00,1.000000000000000E+00,1.000000000000000E+00,1.000000000000000E+00,1.000000000000000E+00)) REPRESENTATION_ITEM(''));
#1616 = EDGE_CURVE('', #1577, #1600, #1615, .T.);
#1617 = ORIENTED_EDGE('', *,*, #1616, .T.);
#1618 = EDGE_LOOP('', (#1586,#1598,#1607,#1617));
#1619 = FACE_OUTER_BOUND('', #1618, .T.);
#1620 = ADVANCED_FACE('', (#1619), #1575, .F.);
#1621 = CARTESIAN_POINT('', (7.132002462385398E+00,7.993468742443319E+00,1.844073470009038E+02));
#1622 = CARTESIAN_POINT('', (6.525401737895279E+00,5.440377639977870E+00,1.838692591047563E+02));
#1623 = CARTESIAN_POINT('', (6.749539246280774E+00,2.629036506601524E+00,1.833296506052440E+02));
#1624 = CARTESIAN_POINT('', (7.507163318515384E+00,-8.758703850768969E-02,1.825323506516723E+02));
#1625 = CARTESIAN_POINT('', (4.805180644321293E+00,8.506367954726851E+00,1.773937643837035E+02));
#1626 = CARTESIAN_POINT('', (5.576046959442675E+00,5.975288963784444E+00,1.765127007849086E+02));
#1627 = CARTESIAN_POINT('', (6.012314482468808E+00,3.408648355473219E+00,1.757924798347028E+02));
#1628 = CARTESIAN_POINT('', (6.306945121536698E+00,8.173325823819734E-01,1.750170733394978E+02));
#1629 = CARTESIAN_POINT('', (4.840675235017018E+00,8.166945226312864E+00,1.690549753732598E+02));
#1630 = CARTESIAN_POINT('', (5.321501510126012E+00,6.053599083599156E+00,1.684984896126711E+02));
#1631 = CARTESIAN_POINT('', (5.897738371138938E+00,3.768748370081307E+00,1.676815366628969E+02));
#1632 = CARTESIAN_POINT('', (6.188951655950195E+00,1.326950109586728E+00,1.669439154794943E+02));
#1633 = CARTESIAN_POINT('', (1.441064163212559E+00,9.277103300522855E+00,1.637972579503501E+02));
#1634 = CARTESIAN_POINT('', (2.181870460466609E+00,7.627355895054855E+00,1.629518425445684E+02));
#1635 = CARTESIAN_POINT('', (2.896528139242399E+00,5.767753846832696E+00,1.621016077724012E+02));
#1636 = CARTESIAN_POINT('', (3.534946079112209E+00,3.862292419620077E+00,1.613018959858930E+02));
#1637 = (BOUNDED_SURFACE() B_SPLINE_SURFACE(3,3, ((#1621,#1622,#1623,#1624),(#1625,#1626,#1627,#1628),(#1629,#1630,#1631,#1632),(#1633,#1634,#1635,#1636)), .UNSPECIFIED., .F., .F., .T. )  B_SPLINE_SURFACE_WITH_KNOTS((4,4), (4,4), (0.000000000000000E+00,1.000000000000000E+00), (0.000000000000000E+00,1.000000000000000E+00), .UNSPECIFIED.)GEOMETRIC_REPRESENTATION_ITEM() RATIONAL_B_SPLINE_SURFACE( ((1.000000000000000E+00,1.000000000000000E+00,1.000000000000000E+00,1.000000000000000E+00),(1.000000000000000E+00,1.000000000000000E+00,1.000000000000000E+00,1.000000000000000E+00),(1.000000000000000E+00,1.000000000000000E+00,1.000000000000000E+00,1.000000000000000E+00),(1.000000000000000E+00,1.000000000000000E+00,1.000000000000000E+00,1.000000000000000E+00))) REPRESENTATION_ITEM('') SURFACE());
#1638 = CARTESIAN_POINT('', (1.441064163212559E+00,9.277103300522855E+00,1.637972579503501E+02));
#1639 = VERTEX_POINT('', #1638);
#1640 = CARTESIAN_POINT('', (7.132002462385398E+00,7.993468742443319E+00,1.844073470009038E+02));
#1641 = CARTESIAN_POINT('', (4.805180644321293E+00,8.506367954726851E+00,1.773937643837035E+02));
#1642 = CARTESIAN_POINT('', (4.840675235017018E+00,8.166945226312864E+00,1.690549753732598E+02));
#1643 = CARTESIAN_POINT('', (1.441064163212559E+00,9.277103300522855E+00,1.637972579503501E+02));
#1644 = (BOUNDED_CURVE() B_SPLINE_CURVE(3,(#1640,#1641,#1642,#1643),.UNSPECIFIED.,.F.,.F.) B_SPLINE_CURVE_WITH_KNOTS((4,4),(0.000000000000000E+00,1.000000000000000E+00),.UNSPECIFIED.) CURVE() GEOMETRIC_REPRESENTATION_ITEM() RATIONAL_B_SPLINE_CURVE((1.000000000000000E+00,1.000000000000000E+00,1.000000000000000E+00,1.000000000000000E+00)) REPRESENTATION_ITEM(''));
#1645 = EDGE_CURVE('', #1023, #1639, #1644, .T.);
#1646 = ORIENTED_EDGE('', *,*, #1645, .F.);
#1647 = CARTESIAN_POINT('', (3.534946079112209E+00,3.862292419620077E+00,1.613018959858930E+02));
#1648 = VERTEX_POINT('', #1647);
#1649 = CARTESIAN_POINT('', (3.534946079112209E+00,3.862292419620077E+00,1.613018959858930E+02));
#1650 = CARTESIAN_POINT('', (2.896528139242399E+00,5.767753846832696E+00,1.621016077724012E+02));
#1651 = CARTESIAN_POINT('', (2.181870460466609E+00,7.627355895054855E+00,1.629518425445684E+02));
#1652 = CARTESIAN_POINT('', (1.441064163212559E+00,9.277103300522855E+00,1.637972579503501E+02));
#1653 = (BOUNDED_CURVE() B_SPLINE_CURVE(3,(#1649,#1650,#1651,#1652),.UNSPECIFIED.,.F.,.F.) B_SPLINE_CURVE_WITH_KNOTS((4,4),(0.000000000000000E+00,1.000000000000000E+00),.UNSPECIFIED.) CURVE() GEOMETRIC_REPRESENTATION_ITEM() RATIONAL_B_SPLINE_CURVE((1.000000000000000E+00,1.000000000000000E+00,1.000000000000000E+00,1.000000000000000E+00)) REPRESENTATION_ITEM(''));
#1654 = EDGE_CURVE('', #1648, #1639, #1653, .T.);
#1655 = ORIENTED_EDGE('', *,*, #1654, .T.);
#1656 = CARTESIAN_POINT('', (3.534946079112209E+00,3.862292419620077E+00,1.613018959858930E+02));
#1657 = CARTESIAN_POINT('', (6.188951655950195E+00,1.326950109586728E+00,1.669439154794943E+02));
#1658 = CARTESIAN_POINT('', (6.306945121536698E+00,8.173325823819734E-01,1.750170733394978E+02));
#1659 = CARTESIAN_POINT('', (7.507163318515384E+00,-8.758703850768969E-02,1.825323506516723E+02));
#1660 = (BOUNDED_CURVE() B_SPLINE_CURVE(3,(#1656,#1657,#1658,#1659),.UNSPECIFIED.,.F.,.F.) B_SPLINE_CURVE_WITH_KNOTS((4,4),(0.000000000000000E+00,1.000000000000000E+00),.UNSPECIFIED.) CURVE() GEOMETRIC_REPRESENTATION_ITEM() RATIONAL_B_SPLINE_CURVE((1.000000000000000E+00,1.000000000000000E+00,1.000000000000000E+00,1.000000000000000E+00)) REPRESENTATION_ITEM(''));
#1661 = EDGE_CURVE('', #1648, #1125, #1660, .T.);
#1662 = ORIENTED_EDGE('', *,*, #1661, .F.);
#1663 = ORIENTED_EDGE('', *,*, #1131, .T.);
#1664 = EDGE_LOOP('', (#1646,#1655,#1662,#1663));
#1665 = FACE_OUTER_BOUND('', #1664, .T.);
#1666 = ADVANCED_FACE('', (#1665), #1637, .F.);
#1667 = CARTESIAN_POINT('', (7.363243205622418E+00,-6.777154010113566E+00,1.893236163668837E+02));
#1668 = CARTESIAN_POINT('', (7.349253135952369E+00,-7.201767057132305E+00,1.885115643110518E+02));
#1669 = CARTESIAN_POINT('', (7.368002220165503E+00,-7.533191477470030E+00,1.874298143498143E+02));
#1670 = CARTESIAN_POINT('', (7.413518343543888E+00,-7.477758142165332E+00,1.865239632394324E+02));
#1671 = CARTESIAN_POINT('', (7.695245145964363E+00,-7.744879006238058E+00,1.891818821077626E+02));
#1672 = CARTESIAN_POINT('', (7.803285949773038E+00,-7.934779980568731E+00,1.883344470173548E+02));
#1673 = CARTESIAN_POINT('', (8.075076830417439E+00,-8.143425239026527E+00,1.873409661971789E+02));
#1674 = CARTESIAN_POINT('', (8.214456124894243E+00,-8.028754447350728E+00,1.864598800538413E+02));
#1675 = CARTESIAN_POINT('', (8.177877803482074E+00,-8.789448217109369E+00,1.890161887512477E+02));
#1676 = CARTESIAN_POINT('', (8.318924728008264E+00,-8.873427230009348E+00,1.880902430973259E+02));
#1677 = CARTESIAN_POINT('', (8.728656438250127E+00,-8.978200469039889E+00,1.871579345372269E+02));
#1678 = CARTESIAN_POINT('', (9.037480412816212E+00,-8.829260207227614E+00,1.863420250667581E+02));
#1679 = CARTESIAN_POINT('', (8.575967690004839E+00,-9.819228387102505E+00,1.888696390437251E+02));
#1680 = CARTESIAN_POINT('', (8.812624004640677E+00,-9.832387753983909E+00,1.878863504788296E+02));
#1681 = CARTESIAN_POINT('', (9.307867458592019E+00,-9.863335773925403E+00,1.869410339514383E+02));
#1682 = CARTESIAN_POINT('', (9.820169577034871E+00,-9.685599936160687E+00,1.861304243024830E+02));
#1683 = (BOUNDED_SURFACE() B_SPLINE_SURFACE(3,3, ((#1667,#1668,#1669,#1670),(#1671,#1672,#1673,#1674),(#1675,#1676,#1677,#1678),(#1679,#1680,#1681,#1682)), .UNSPECIFIED., .F., .F., .T. )  B_SPLINE_SURFACE_WITH_KNOTS((4,4), (4,4), (0.000000000000000E+00,1.000000000000000E+00), (0.000000000000000E+00,1.000000000000000E+00), .UNSPECIFIED.)GEOMETRIC_REPRESENTATION_ITEM() RATIONAL_B_SPLINE_SURFACE( ((1.000000000000000E+00,1.000000000000000E+00,1.000000000000000E+00,1.000000000000000E+00),(1.000000000000000E+00,1.000000000000000E+00,1.000000000000000E+00,1.000000000000000E+00),(1.000000000000000E+00,1.000000000000000E+00,1.000000000000000E+00,1.000000000000000E+00),(1.000000000000000E+00,1.000000000000000E+00,1.000000000000000E+00,1.000000000000000E+00))) REPRESENTATION_ITEM('') SURFACE());
#1684 = CARTESIAN_POINT('', (8.575967690004839E+00,-9.819228387102505E+00,1.888696390437251E+02));
#1685 = VERTEX_POINT('', #1684);
#1686 = CARTESIAN_POINT('', (7.363243205622418E+00,-6.777154010113566E+00,1.893236163668837E+02));
#1687 = CARTESIAN_POINT('', (7.695245145964363E+00,-7.744879006238058E+00,1.891818821077626E+02));
#1688 = CARTESIAN_POINT('', (8.177877803482074E+00,-8.789448217109369E+00,1.890161887512477E+02));
#1689 = CARTESIAN_POINT('', (8.575967690004839E+00,-9.819228387102505E+00,1.888696390437251E+02));
#1690 = (BOUNDED_CURVE() B_SPLINE_CURVE(3,(#1686,#1687,#1688,#1689),.UNSPECIFIED.,.F.,.F.) B_SPLINE_CURVE_WITH_KNOTS((4,4),(0.000000000000000E+00,1.000000000000000E+00),.UNSPECIFIED.) CURVE() GEOMETRIC_REPRESENTATION_ITEM() RATIONAL_B_SPLINE_CURVE((1.000000000000000E+00,1.000000000000000E+00,1.000000000000000E+00,1.000000000000000E+00)) REPRESENTATION_ITEM(''));
#1691 = EDGE_CURVE('', #1273, #1685, #1690, .T.);
#1692 = ORIENTED_EDGE('', *,*, #1691, .F.);
#1693 = CARTESIAN_POINT('', (9.820169577034871E+00,-9.685599936160687E+00,1.861304243024830E+02));
#1694 = VERTEX_POINT('', #1693);
#1695 = CARTESIAN_POINT('', (9.820169577034871E+00,-9.685599936160687E+00,1.861304243024830E+02));
#1696 = CARTESIAN_POINT('', (9.307867458592019E+00,-9.863335773925403E+00,1.869410339514383E+02));
#1697 = CARTESIAN_POINT('', (8.812624004640677E+00,-9.832387753983909E+00,1.878863504788296E+02));
#1698 = CARTESIAN_POINT('', (8.575967690004839E+00,-9.819228387102505E+00,1.888696390437251E+02));
#1699 = (BOUNDED_CURVE() B_SPLINE_CURVE(3,(#1695,#1696,#1697,#1698),.UNSPECIFIED.,.F.,.F.) B_SPLINE_CURVE_WITH_KNOTS((4,4),(0.000000000000000E+00,1.000000000000000E+00),.UNSPECIFIED.) CURVE() GEOMETRIC_REPRESENTATION_ITEM() RATIONAL_B_SPLINE_CURVE((1.000000000000000E+00,1.000000000000000E+00,1.000000000000000E+00,1.000000000000000E+00)) REPRESENTATION_ITEM(''));
#1700 = EDGE_CURVE('', #1694, #1685, #1699, .T.);
#1701 = ORIENTED_EDGE('', *,*, #1700, .T.);
#1702 = CARTESIAN_POINT('', (9.820169577034871E+00,-9.685599936160687E+00,1.861304243024830E+02));
#1703 = CARTESIAN_POINT('', (9.037480412816212E+00,-8.829260207227614E+00,1.863420250667581E+02));
#1704 = CARTESIAN_POINT('', (8.214456124894243E+00,-8.028754447350728E+00,1.864598800538413E+02));
#1705 = CARTESIAN_POINT('', (7.413518343543888E+00,-7.477758142165332E+00,1.865239632394324E+02));
#1706 = (BOUNDED_CURVE() B_SPLINE_CURVE(3,(#1702,#1703,#1704,#1705),.UNSPECIFIED.,.F.,.F.) B_SPLINE_CURVE_WITH_KNOTS((4,4),(0.000000000000000E+00,1.000000000000000E+00),.UNSPECIFIED.) CURVE() GEOMETRIC_REPRESENTATION_ITEM() RATIONAL_B_SPLINE_CURVE((1.000000000000000E+00,1.000000000000000E+00,1.000000000000000E+00,1.000000000000000E+00)) REPRESENTATION_ITEM(''));
#1707 = EDGE_CURVE('', #1694, #1275, #1706, .T.);
#1708 = ORIENTED_EDGE('', *,*, #1707, .F.);
#1709 = ORIENTED_EDGE('', *,*, #1281, .T.);
#1710 = EDGE_LOOP('', (#1692,#1701,#1708,#1709));
#1711 = FACE_OUTER_BOUND('', #1710, .T.);
#1712 = ADVANCED_FACE('', (#1711), #1683, .F.);
#1713 = CARTESIAN_POINT('', (3.164837928808344E+00,2.303715029917035E-02,1.625451494569741E+01));
#1714 = CARTESIAN_POINT('', (2.850990590288407E+00,-1.776316234686027E-01,1.587982495999755E+01));
#1715 = CARTESIAN_POINT('', (2.138762929216678E+00,-2.121718989511863E-01,1.549703674969468E+01));
#1716 = CARTESIAN_POINT('', (1.659896441938681E+00,-2.286323661694205E-01,1.515329339024031E+01));
#1717 = CARTESIAN_POINT('', (3.044806201111663E+00,-2.008584636291357E+00,1.736740673992479E+01));
#1718 = CARTESIAN_POINT('', (3.308488945477486E+00,-1.859015800033345E+00,1.705841918140617E+01));
#1719 = CARTESIAN_POINT('', (4.033335446882677E+00,-1.765238414497097E+00,1.657110400510031E+01));
#1720 = CARTESIAN_POINT('', (4.051436277549388E+00,-1.946162140443319E+00,1.616440153977125E+01));
#1721 = CARTESIAN_POINT('', (8.216242061053791E+00,-3.622171920047427E+00,1.711918330126559E+01));
#1722 = CARTESIAN_POINT('', (7.939887221106957E+00,-3.515877949108969E+00,1.669575683366643E+01));
#1723 = CARTESIAN_POINT('', (7.319229405148189E+00,-3.389887090026738E+00,1.642496827960784E+01));
#1724 = CARTESIAN_POINT('', (7.215659214549599E+00,-3.348899774438541E+00,1.608373585712738E+01));
#1725 = CARTESIAN_POINT('', (9.999878486843958E+00,-4.031945135007196E+00,1.711513363955013E+01));
#1726 = CARTESIAN_POINT('', (9.999755718808872E+00,-4.023788423154214E+00,1.675913074371766E+01));
#1727 = CARTESIAN_POINT('', (9.998219299319590E+00,-4.013248579965447E+00,1.641461225904163E+01));
#1728 = CARTESIAN_POINT('', (1.000023257510961E+01,-4.004153755695599E+00,1.607356832700762E+01));
#1729 = (BOUNDED_SURFACE() B_SPLINE_SURFACE(3,3, ((#1713,#1714,#1715,#1716),(#1717,#1718,#1719,#1720),(#1721,#1722,#1723,#1724),(#1725,#1726,#1727,#1728)), .UNSPECIFIED., .F., .F., .T. )  B_SPLINE_SURFACE_WITH_KNOTS((4,4), (4,4), (0.000000000000000E+00,1.000000000000000E+00), (0.000000000000000E+00,1.000000000000000E+00), .UNSPECIFIED.)GEOMETRIC_REPRESENTATION_ITEM() RATIONAL_B_SPLINE_SURFACE( ((1.000000000000000E+00,1.000000000000000E+00,1.000000000000000E+00,1.000000000000000E+00),(1.000000000000000E+00,1.000000000000000E+00,1.000000000000000E+00,1.000000000000000E+00),(1.000000000000000E+00,1.000000000000000E+00,1.000000000000000E+00,1.000000000000000E+00),(1.000000000000000E+00,1.000000000000000E+00,1.000000000000000E+00,1.000000000000000E+00))) REPRESENTATION_ITEM('') SURFACE());
#1730 = CARTESIAN_POINT('', (3.164837928808344E+00,2.303715029917035E-02,1.625451494569741E+01));
#1731 = VERTEX_POINT('', #1730);
#1732 = CARTESIAN_POINT('', (9.999878486843958E+00,-4.031945135007196E+00,1.711513363955013E+01));
#1733 = VERTEX_POINT('', #1732);
#1734 = CARTESIAN_POINT('', (3.164837928808344E+00,2.303715029917035E-02,1.625451494569741E+01));
#1735 = CARTESIAN_POINT('', (3.044806201111663E+00,-2.008584636291357E+00,1.736740673992479E+01));
#1736 = CARTESIAN_POINT('', (8.216242061053791E+00,-3.622171920047427E+00,1.711918330126559E+01));
#1737 = CARTESIAN_POINT('', (9.999878486843958E+00,-4.031945135007196E+00,1.711513363955013E+01));
#1738 = (BOUNDED_CURVE() B_SPLINE_CURVE(3,(#1734,#1735,#1736,#1737),.UNSPECIFIED.,.F.,.F.) B_SPLINE_CURVE_WITH_KNOTS((4,4),(0.000000000000000E+00,1.000000000000000E+00),.UNSPECIFIED.) CURVE() GEOMETRIC_REPRESENTATION_ITEM() RATIONAL_B_SPLINE_CURVE((1.000000000000000E+00,1.000000000000000E+00,1.000000000000000E+00,1.000000000000000E+00)) REPRESENTATION_ITEM(''));
#1739 = EDGE_CURVE('', #1731, #1733, #1738, .T.);
#1740 = ORIENTED_EDGE('', *,*, #1739, .F.);
#1741 = CARTESIAN_POINT('', (1.000023257510961E+01,-4.004153755695599E+00,1.607356832700762E+01));
#1742 = VERTEX_POINT('', #1741);
#1743 = CARTESIAN_POINT('', (9.999878486843958E+00,-4.031945135007196E+00,1.711513363955013E+01));
#1744 = CARTESIAN_POINT('', (9.999755718808872E+00,-4.023788423154214E+00,1.675913074371766E+01));
#1745 = CARTESIAN_POINT('', (9.998219299319590E+00,-4.013248579965447E+00,1.641461225904163E+01));
#1746 = CARTESIAN_POINT('', (1.000023257510961E+01,-4.004153755695599E+00,1.607356832700762E+01));
#1747 = (BOUNDED_CURVE() B_SPLINE_CURVE(3,(#1743,#1744,#1745,#1746),.UNSPECIFIED.,.F.,.F.) B_SPLINE_CURVE_WITH_KNOTS((4,4),(0.000000000000000E+00,1.000000000000000E+00),.UNSPECIFIED.) CURVE() GEOMETRIC_REPRESENTATION_ITEM() RATIONAL_B_SPLINE_CURVE((1.000000000000000E+00,1.000000000000000E+00,1.000000000000000E+00,1.000000000000000E+00)) REPRESENTATION_ITEM(''));
#1748 = EDGE_CURVE('', #1733, #1742, #1747, .T.);
#1749 = ORIENTED_EDGE('', *,*, #1748, .F.);
#1750 = CARTESIAN_POINT('', (1.659896441938681E+00,-2.286323661694205E-01,1.515329339024031E+01));
#1751 = VERTEX_POINT('', #1750);
#1752 = CARTESIAN_POINT('', (1.659896441938681E+00,-2.286323661694205E-01,1.515329339024031E+01));
#1753 = CARTESIAN_POINT('', (4.051436277549388E+00,-1.946162140443319E+00,1.616440153977125E+01));
#1754 = CARTESIAN_POINT('', (7.215659214549599E+00,-3.348899774438541E+00,1.608373585712738E+01));
#1755 = CARTESIAN_POINT('', (1.000023257510961E+01,-4.004153755695599E+00,1.607356832700762E+01));
#1756 = (BOUNDED_CURVE() B_SPLINE_CURVE(3,(#1752,#1753,#1754,#1755),.UNSPECIFIED.,.F.,.F.) B_SPLINE_CURVE_WITH_KNOTS((4,4),(0.000000000000000E+00,1.000000000000000E+00),.UNSPECIFIED.) CURVE() GEOMETRIC_REPRESENTATION_ITEM() RATIONAL_B_SPLINE_CURVE((1.000000000000000E+00,1.000000000000000E+00,1.000000000000000E+00,1.000000000000000E+00)) REPRESENTATION_ITEM(''));
#1757 = EDGE_CURVE('', #1751, #1742, #1756, .T.);
#1758 = ORIENTED_EDGE('', *,*, #1757, .T.);
#1759 = CARTESIAN_POINT('', (3.164837928808344E+00,2.303715029917035E-02,1.625451494569741E+01));
#1760 = CARTESIAN_POINT('', (2.850990590288407E+00,-1.776316234686027E-01,1.587982495999755E+01));
#1761 = CARTESIAN_POINT('', (2.138762929216678E+00,-2.121718989511863E-01,1.549703674969468E+01));
#1762 = CARTESIAN_POINT('', (1.659896441938681E+00,-2.286323661694205E-01,1.515329339024031E+01));
#1763 = (BOUNDED_CURVE() B_SPLINE_CURVE(3,(#1759,#1760,#1761,#1762),.UNSPECIFIED.,.F.,.F.) B_SPLINE_CURVE_WITH_KNOTS((4,4),(0.000000000000000E+00,1.000000000000000E+00),.UNSPECIFIED.) CURVE() GEOMETRIC_REPRESENTATION_ITEM() RATIONAL_B_SPLINE_CURVE((1.000000000000000E+00,1.000000000000000E+00,1.000000000000000E+00,1.000000000000000E+00)) REPRESENTATION_ITEM(''));
#1764 = EDGE_CURVE('', #1731, #1751, #1763, .T.);
#1765 = ORIENTED_EDGE('', *,*, #1764, .T.);
#1766 = EDGE_LOOP('', (#1740,#1749,#1758,#1765));
#1767 = FACE_OUTER_BOUND('', #1766, .T.);
#1768 = ADVANCED_FACE('', (#1767), #1729, .F.);
#1769 = CARTESIAN_POINT('', (3.164837928808344E+00,2.303715029917035E-02,1.625451494569741E+01));
#1770 = CARTESIAN_POINT('', (3.104822064960004E+00,-9.927737429960932E-01,1.681096084281110E+01));
#1771 = CARTESIAN_POINT('', (4.367673098021365E+00,-1.904076010582743E+00,1.702712793170314E+01));
#1772 = CARTESIAN_POINT('', (5.868482650268583E+00,-2.612647206715547E+00,1.710367733860234E+01));
#1773 = CARTESIAN_POINT('', (7.369292202515800E+00,-3.321218402848352E+00,1.718022674550153E+01));
#1774 = CARTESIAN_POINT('', (9.108060273948874E+00,-3.827058527527312E+00,1.711715847040786E+01));
#1775 = CARTESIAN_POINT('', (9.999878486843958E+00,-4.031945135007196E+00,1.711513363955013E+01));
#1776 = CARTESIAN_POINT('', (4.628077480055240E+00,-3.308963654890100E-01,1.887992022747397E+01));
#1777 = CARTESIAN_POINT('', (4.712253842741058E+00,-1.557959085146485E+00,1.910604684640155E+01));
#1778 = CARTESIAN_POINT('', (5.146484140047525E+00,-2.715650195278072E+00,1.932409274341631E+01));
#1779 = CARTESIAN_POINT('', (6.765290395390119E+00,-3.402885740369102E+00,1.972510649275705E+01));
#1780 = CARTESIAN_POINT('', (8.384096650732713E+00,-4.090121285460132E+00,2.012612024209778E+01));
#1781 = CARTESIAN_POINT('', (9.367220918674066E+00,-4.160574983981189E+00,2.025884693125052E+01));
#1782 = CARTESIAN_POINT('', (9.999510542437639E+00,-4.107163530242542E+00,2.035011095759502E+01));
#1783 = CARTESIAN_POINT('', (5.253579378759554E+00,-3.815235101588373E-01,2.177043530888354E+01));
#1784 = CARTESIAN_POINT('', (5.651726976933031E+00,-1.240175197157209E+00,2.213195316432671E+01));
#1785 = CARTESIAN_POINT('', (6.188139082865776E+00,-2.167848423278591E+00,2.256769908568608E+01));
#1786 = CARTESIAN_POINT('', (6.897369652184365E+00,-2.779116034776798E+00,2.282745225674785E+01));
#1787 = CARTESIAN_POINT('', (7.606600221502952E+00,-3.390383646275005E+00,2.308720542780962E+01));
#1788 = CARTESIAN_POINT('', (8.767101957468968E+00,-3.774108874731799E+00,2.334896912928249E+01));
#1789 = CARTESIAN_POINT('', (9.989304513144239E+00,-4.174974488433067E+00,2.359823381980103E+01));
#1790 = CARTESIAN_POINT('', (5.385106916277535E+00,-2.641261668650011E-01,2.483722315924729E+01));
#1791 = CARTESIAN_POINT('', (5.433303957104291E+00,-1.351299958563021E+00,2.533818979798856E+01));
#1792 = CARTESIAN_POINT('', (6.021517604508603E+00,-2.154310389492120E+00,2.571620333313638E+01));
#1793 = CARTESIAN_POINT('', (6.837520554938593E+00,-2.757067484142074E+00,2.602006181507786E+01));
#1794 = CARTESIAN_POINT('', (7.653523505368584E+00,-3.359824578792029E+00,2.632392029701933E+01));
#1795 = CARTESIAN_POINT('', (8.807230842187920E+00,-3.757448493865509E+00,2.659334276809041E+01));
#1796 = CARTESIAN_POINT('', (9.982195386354112E+00,-4.156888443817769E+00,2.686141934021411E+01));
#1797 = CARTESIAN_POINT('', (5.516634453795517E+00,-1.467288235711648E-01,2.790401100961103E+01));
#1798 = CARTESIAN_POINT('', (5.214880937275552E+00,-1.462424719968834E+00,2.854442643165042E+01));
#1799 = CARTESIAN_POINT('', (5.854896126151428E+00,-2.140772355705648E+00,2.886470758058668E+01));
#1800 = CARTESIAN_POINT('', (6.777671457692822E+00,-2.735018933507351E+00,2.921267137340787E+01));
#1801 = CARTESIAN_POINT('', (7.700446789234215E+00,-3.329265511309053E+00,2.956063516622905E+01));
#1802 = CARTESIAN_POINT('', (8.847359726906870E+00,-3.740788112999218E+00,2.983771640689833E+01));
#1803 = CARTESIAN_POINT('', (9.975086259563986E+00,-4.138802399202470E+00,3.012460486062718E+01));
#1804 = CARTESIAN_POINT('', (5.154187630127169E+00,1.386930076863352E-01,3.114707162892894E+01));
#1805 = CARTESIAN_POINT('', (5.522415697442224E+00,-8.794758375527679E-01,3.160694775948927E+01));
#1806 = CARTESIAN_POINT('', (5.919578780079451E+00,-1.802692477580424E+00,3.205158049845203E+01));
#1807 = CARTESIAN_POINT('', (6.714526251822424E+00,-2.481544051939112E+00,3.241133676017871E+01));
#1808 = CARTESIAN_POINT('', (7.509473723565397E+00,-3.160395626297800E+00,3.277109302190538E+01));
#1809 = CARTESIAN_POINT('', (8.735049701888137E+00,-3.611808285775700E+00,3.308976796592101E+01));
#1810 = CARTESIAN_POINT('', (9.978319254041482E+00,-4.051906144384076E+00,3.340522252097478E+01));
#1811 = CARTESIAN_POINT('', (4.641529736628743E+00,4.568574437528094E-01,3.447756798652217E+01));
#1812 = CARTESIAN_POINT('', (4.751713383237675E+00,-6.915625268169935E-01,3.491333417455445E+01));
#1813 = CARTESIAN_POINT('', (4.977122620829602E+00,-1.800064382810722E+00,3.532719216412049E+01));
#1814 = CARTESIAN_POINT('', (5.951345477939949E+00,-2.504564096139632E+00,3.568775379909578E+01));
#1815 = CARTESIAN_POINT('', (6.925568335050294E+00,-3.209063809468543E+00,3.604831543407107E+01));
#1816 = CARTESIAN_POINT('', (8.447853585200884E+00,-3.601038392885166E+00,3.637625104247887E+01));
#1817 = CARTESIAN_POINT('', (9.976469141398724E+00,-3.991330055952961E+00,3.670258879741546E+01));
#1818 = CARTESIAN_POINT('', (4.128871843130317E+00,7.750218798192836E-01,3.780806434411540E+01));
#1819 = CARTESIAN_POINT('', (3.981011069033126E+00,-5.036492160812190E-01,3.821972058961963E+01));
#1820 = CARTESIAN_POINT('', (4.034666461579753E+00,-1.797436288041020E+00,3.860280382978895E+01));
#1821 = CARTESIAN_POINT('', (5.188164704057472E+00,-2.527584140340153E+00,3.896417083801285E+01));
#1822 = CARTESIAN_POINT('', (6.341662946535192E+00,-3.257731992639286E+00,3.932553784623676E+01));
#1823 = CARTESIAN_POINT('', (8.160657468513630E+00,-3.590268499994632E+00,3.966273411903673E+01));
#1824 = CARTESIAN_POINT('', (9.974619028755964E+00,-3.930753967521845E+00,3.999995507385614E+01));
#1825 = CARTESIAN_POINT('', (3.466002879801813E+00,1.125928920694732E+00,4.122599643998394E+01));
#1826 = CARTESIAN_POINT('', (2.005635312456010E+00,1.111627818991031E-01,4.178757267943983E+01));
#1827 = CARTESIAN_POINT('', (2.977452001325980E+00,-1.565016294624503E+00,4.204292527578029E+01));
#1828 = CARTESIAN_POINT('', (4.371449098108013E+00,-2.377591410212440E+00,4.236385718135951E+01));
#1829 = CARTESIAN_POINT('', (5.765446194890045E+00,-3.190166525800378E+00,4.268478908693871E+01));
#1830 = CARTESIAN_POINT('', (7.879910266593261E+00,-3.546509290913228E+00,4.299702449011523E+01));
#1831 = CARTESIAN_POINT('', (9.974804566216260E+00,-3.900380270918840E+00,4.330882893917185E+01));
#1832 = CARTESIAN_POINT('', (2.996686137999484E+00,1.374296683224466E+00,4.464252724344895E+01));
#1833 = CARTESIAN_POINT('', (2.696264714717343E+00,1.019963347350907E-01,4.508088321855418E+01));
#1834 = CARTESIAN_POINT('', (3.119098815213873E+00,-1.349050049207993E+00,4.538208823452485E+01));
#1835 = CARTESIAN_POINT('', (4.442593832243487E+00,-2.238399928415635E+00,4.569677970090918E+01));
#1836 = CARTESIAN_POINT('', (5.766088849273102E+00,-3.127749807623277E+00,4.601147116729351E+01));
#1837 = CARTESIAN_POINT('', (7.868255352124001E+00,-3.521562593828072E+00,4.631850279910866E+01));
#1838 = CARTESIAN_POINT('', (9.975383673910777E+00,-3.896986791922715E+00,4.662571299139940E+01));
#1839 = CARTESIAN_POINT('', (2.527369396197155E+00,1.622664445754200E+00,4.805905804691395E+01));
#1840 = CARTESIAN_POINT('', (3.386894116978676E+00,9.282988757107825E-02,4.837419375766854E+01));
#1841 = CARTESIAN_POINT('', (3.260745629101768E+00,-1.133083803791483E+00,4.872125119326941E+01));
#1842 = CARTESIAN_POINT('', (4.513738566378963E+00,-2.099208446618829E+00,4.902970222045886E+01));
#1843 = CARTESIAN_POINT('', (5.766731503656159E+00,-3.065333089446176E+00,4.933815324764831E+01));
#1844 = CARTESIAN_POINT('', (7.856600437654740E+00,-3.496615896742917E+00,4.963998110810209E+01));
#1845 = CARTESIAN_POINT('', (9.975962781605292E+00,-3.893593312926591E+00,4.994259704362695E+01));
#1846 = CARTESIAN_POINT('', (2.251604875921000E+00,1.768492929938218E+00,5.147418755797541E+01));
#1847 = CARTESIAN_POINT('', (1.187323467621133E+00,7.747539034620761E-01,5.174403916716164E+01));
#1848 = CARTESIAN_POINT('', (2.248922367312825E+00,-8.556280580998354E-01,5.203831048043711E+01));
#1849 = CARTESIAN_POINT('', (3.784254969084598E+00,-1.920294173553253E+00,5.234380271386674E+01));
#1850 = CARTESIAN_POINT('', (5.319587570856371E+00,-2.984960289006670E+00,5.264929494729637E+01));
#1851 = CARTESIAN_POINT('', (7.649671131276803E+00,-3.454127541622987E+00,5.295556748853125E+01));
#1852 = CARTESIAN_POINT('', (9.976473803172860E+00,-3.905927788384815E+00,5.326208884471755E+01));
#1853 = CARTESIAN_POINT('', (2.513155868527273E+00,1.676500252621833E+00,5.479907874595447E+01));
#1854 = CARTESIAN_POINT('', (1.379933265552051E+00,7.286800094526553E-01,5.504896455536174E+01));
#1855 = CARTESIAN_POINT('', (2.400822947382241E+00,-8.549908287843033E-01,5.533798256487885E+01));
#1856 = CARTESIAN_POINT('', (3.889785312204322E+00,-1.919937081742956E+00,5.563980211964203E+01));
#1857 = CARTESIAN_POINT('', (5.378747677026403E+00,-2.984883334701609E+00,5.594162167440521E+01));
#1858 = CARTESIAN_POINT('', (7.674327987583171E+00,-3.461737169121274E+00,5.626173620409692E+01));
#1859 = CARTESIAN_POINT('', (9.975994849048133E+00,-3.903453873940005E+00,5.658211395875786E+01));
#1860 = CARTESIAN_POINT('', (2.774706861133546E+00,1.584507575305448E+00,5.812396993393354E+01));
#1861 = CARTESIAN_POINT('', (1.572543063482968E+00,6.826061154432345E-01,5.835388994356184E+01));
#1862 = CARTESIAN_POINT('', (2.552723527451657E+00,-8.543535994687712E-01,5.863765464932059E+01));
#1863 = CARTESIAN_POINT('', (3.995315655324045E+00,-1.919579989932660E+00,5.893580152541732E+01));
#1864 = CARTESIAN_POINT('', (5.437907783196434E+00,-2.984806380396548E+00,5.923394840151404E+01));
#1865 = CARTESIAN_POINT('', (7.698984843889539E+00,-3.469346796619560E+00,5.956790491966260E+01));
#1866 = CARTESIAN_POINT('', (9.975515894923406E+00,-3.900979959495194E+00,5.990213907279817E+01));
#1867 = CARTESIAN_POINT('', (3.020271994374374E+00,1.546546471210956E+00,6.135346148559056E+01));
#1868 = CARTESIAN_POINT('', (3.755508063783366E+00,6.883532631188775E-02,6.164240136023116E+01));
#1869 = CARTESIAN_POINT('', (3.442892105281818E+00,-1.117415943860207E+00,6.184365266200158E+01));
#1870 = CARTESIAN_POINT('', (4.622731141971890E+00,-2.090129205951149E+00,6.216328047879252E+01));
#1871 = CARTESIAN_POINT('', (5.802570178661963E+00,-3.062842468042091E+00,6.248290829558344E+01));
#1872 = CARTESIAN_POINT('', (7.871557070539576E+00,-3.495935112244316E+00,6.285120968182692E+01));
#1873 = CARTESIAN_POINT('', (9.975356792637672E+00,-3.882580621002752E+00,6.321919793734389E+01));
#1874 = CARTESIAN_POINT('', (3.237157995871224E+00,1.557298215797378E+00,6.453120146545369E+01));
#1875 = CARTESIAN_POINT('', (2.640886598690505E+00,3.735341385014853E-01,6.460551132424683E+01));
#1876 = CARTESIAN_POINT('', (3.058756579507674E+00,-1.040450658708783E+00,6.493908782911340E+01));
#1877 = CARTESIAN_POINT('', (4.331659384400522E+00,-2.046609464340840E+00,6.531000909241217E+01));
#1878 = CARTESIAN_POINT('', (5.604562189293370E+00,-3.052768269972896E+00,6.568093035571093E+01));
#1879 = CARTESIAN_POINT('', (7.781262360543073E+00,-3.465342772801060E+00,6.610759854682158E+01));
#1880 = CARTESIAN_POINT('', (9.976618425687121E+00,-3.841062650170874E+00,6.653159343676924E+01));
#1881 = CARTESIAN_POINT('', (3.454043997368074E+00,1.568049960383800E+00,6.770894144531681E+01));
#1882 = CARTESIAN_POINT('', (1.526265133597645E+00,6.782329506910828E-01,6.756862128826251E+01));
#1883 = CARTESIAN_POINT('', (2.674621053733529E+00,-9.634853735573577E-01,6.803452299622522E+01));
#1884 = CARTESIAN_POINT('', (4.040587626829153E+00,-2.003089722730530E+00,6.845673770603182E+01));
#1885 = CARTESIAN_POINT('', (5.406554199924776E+00,-3.042694071903702E+00,6.887895241583841E+01));
#1886 = CARTESIAN_POINT('', (7.690967650546568E+00,-3.434750433357804E+00,6.936398741181623E+01));
#1887 = CARTESIAN_POINT('', (9.977880058736568E+00,-3.799544679338997E+00,6.984398893619461E+01));
#1888 = CARTESIAN_POINT('', (3.642250867120948E+00,1.627514553651134E+00,7.083492985338606E+01));
#1889 = CARTESIAN_POINT('', (3.184340753788133E+00,3.200035676406439E-01,7.104079379355731E+01));
#1890 = CARTESIAN_POINT('', (3.073729951212340E+00,-1.067601698860777E+00,7.133303854015381E+01));
#1891 = CARTESIAN_POINT('', (4.295481248952211E+00,-2.017416765487372E+00,7.173703568187685E+01));
#1892 = CARTESIAN_POINT('', (5.517232546692082E+00,-2.967231832113967E+00,7.214103282359989E+01));
#1893 = CARTESIAN_POINT('', (7.755945608794476E+00,-3.379838252252884E+00,7.259512063394656E+01));
#1894 = CARTESIAN_POINT('', (9.996590289375703E+00,-3.806032469861102E+00,7.304701656386131E+01));
#1895 = CARTESIAN_POINT('', (3.789085332751311E+00,1.730373271058400E+00,7.395281475418953E+01));
#1896 = CARTESIAN_POINT('', (3.243279910904469E+00,3.810604345130607E-01,7.421970681111100E+01));
#1897 = CARTESIAN_POINT('', (3.092773318710402E+00,-1.023493273016427E+00,7.450684984028572E+01));
#1898 = CARTESIAN_POINT('', (4.318088840423338E+00,-1.978771760823631E+00,7.482557201113505E+01));
#1899 = CARTESIAN_POINT('', (5.543404362136272E+00,-2.934050248630836E+00,7.514429418198436E+01));
#1900 = CARTESIAN_POINT('', (7.780804462971176E+00,-3.434633953529357E+00,7.548910844326058E+01));
#1901 = CARTESIAN_POINT('', (1.002132208979950E+01,-3.926909272611498E+00,7.583815356906777E+01));
#1902 = CARTESIAN_POINT('', (3.935919798381675E+00,1.833231988465666E+00,7.707069965499302E+01));
#1903 = CARTESIAN_POINT('', (3.302219068020805E+00,4.421173013854774E-01,7.739861982866468E+01));
#1904 = CARTESIAN_POINT('', (3.111816686208465E+00,-9.793848471720761E-01,7.768066114041764E+01));
#1905 = CARTESIAN_POINT('', (4.340696431894463E+00,-1.940126756159890E+00,7.791410834039324E+01));
#1906 = CARTESIAN_POINT('', (5.569576177580461E+00,-2.900868665147704E+00,7.814755554036884E+01));
#1907 = CARTESIAN_POINT('', (7.805663317147877E+00,-3.489429654805830E+00,7.838309625257459E+01));
#1908 = CARTESIAN_POINT('', (1.004605389022329E+01,-4.047786075361893E+00,7.862929057427424E+01));
#1909 = CARTESIAN_POINT('', (4.041381859889530E+00,1.979484830012864E+00,8.018048104853074E+01));
#1910 = CARTESIAN_POINT('', (2.171693597838910E+00,6.391959504569179E-01,8.057827562285885E+01));
#1911 = CARTESIAN_POINT('', (2.941490639913701E+00,-8.593235603733200E-01,8.059005780571559E+01));
#1912 = CARTESIAN_POINT('', (4.217273170756378E+00,-2.134813947251714E+00,8.064089661549214E+01));
#1913 = CARTESIAN_POINT('', (5.493055701599056E+00,-3.410304334130108E+00,8.069173542526869E+01));
#1914 = CARTESIAN_POINT('', (7.735203756210036E+00,-4.513405302568642E+00,8.069434201350336E+01));
#1915 = CARTESIAN_POINT('', (9.976889889104161E+00,-5.628935589707112E+00,8.069745677600940E+01));
#1916 = CARTESIAN_POINT('', (4.092778244896343E+00,2.163813071159011E+00,8.332580699933087E+01));
#1917 = CARTESIAN_POINT('', (2.933442205110538E+00,6.380003564333185E-01,8.347875235889396E+01));
#1918 = CARTESIAN_POINT('', (2.953267742994953E+00,-8.612407066161135E-01,8.352180559591829E+01));
#1919 = CARTESIAN_POINT('', (4.232804992718298E+00,-2.193501712189996E+00,8.347256189285653E+01));
#1920 = CARTESIAN_POINT('', (5.512342242441644E+00,-3.525762717763878E+00,8.342331818979477E+01));
#1921 = CARTESIAN_POINT('', (7.745991974897045E+00,-4.728719400022648E+00,8.329620528360616E+01));
#1922 = CARTESIAN_POINT('', (9.986208415097661E+00,-5.935003418566049E+00,8.316487013773016E+01));
#1923 = CARTESIAN_POINT('', (4.144174629903157E+00,2.348141312305159E+00,8.647113295013098E+01));
#1924 = CARTESIAN_POINT('', (3.695190812382167E+00,6.368047624097192E-01,8.637922909492906E+01));
#1925 = CARTESIAN_POINT('', (2.965044846076206E+00,-8.631578528589070E-01,8.645355338612100E+01));
#1926 = CARTESIAN_POINT('', (4.248336814680219E+00,-2.252189477128277E+00,8.630422717022093E+01));
#1927 = CARTESIAN_POINT('', (5.531628783284232E+00,-3.641221101397647E+00,8.615490095432085E+01));
#1928 = CARTESIAN_POINT('', (7.756780193584053E+00,-4.944033497476654E+00,8.589806855370897E+01));
#1929 = CARTESIAN_POINT('', (9.995526941091159E+00,-6.241071247424986E+00,8.563228349945092E+01));
#1930 = CARTESIAN_POINT('', (4.141505338408929E+00,2.570544953050256E+00,8.965200345819349E+01));
#1931 = CARTESIAN_POINT('', (2.736386606053679E+00,1.217869987720141E+00,8.992041857567305E+01));
#1932 = CARTESIAN_POINT('', (3.124991960838134E+00,-4.722386924651724E-01,8.973630534190386E+01));
#1933 = CARTESIAN_POINT('', (4.333178643667242E+00,-1.949746639669197E+00,8.952460840065800E+01));
#1934 = CARTESIAN_POINT('', (5.541365326496352E+00,-3.427254586873222E+00,8.931291145941215E+01));
#1935 = CARTESIAN_POINT('', (7.785135800399571E+00,-4.723034291139451E+00,8.901053567385554E+01));
#1936 = CARTESIAN_POINT('', (1.002789447514614E+01,-5.999298199852423E+00,8.871096471063599E+01));
#1937 = CARTESIAN_POINT('', (4.072077098035128E+00,2.825705268853323E+00,9.291206658804654E+01));
#1938 = CARTESIAN_POINT('', (2.653773023567082E+00,1.371296141820867E+00,9.317224317786341E+01));
#1939 = CARTESIAN_POINT('', (3.057706415843906E+00,-4.218059157303360E-01,9.298280366567386E+01));
#1940 = CARTESIAN_POINT('', (4.262914187673081E+00,-1.965125548813837E+00,9.278132283098833E+01));
#1941 = CARTESIAN_POINT('', (5.468121959502255E+00,-3.508445181897338E+00,9.257984199630280E+01));
#1942 = CARTESIAN_POINT('', (7.728198377548459E+00,-4.838763636847936E+00,9.231071539590340E+01));
#1943 = CARTESIAN_POINT('', (9.993167104243900E+00,-6.161733954808847E+00,9.204584897082717E+01));
#1944 = CARTESIAN_POINT('', (4.002648857661327E+00,3.080865584656390E+00,9.617212971789961E+01));
#1945 = CARTESIAN_POINT('', (2.571159441080484E+00,1.524722295921593E+00,9.642406778005375E+01));
#1946 = CARTESIAN_POINT('', (2.990420870849679E+00,-3.713731389954997E-01,9.622930198944385E+01));
#1947 = CARTESIAN_POINT('', (4.192649731678920E+00,-1.980504457958477E+00,9.603803726131866E+01));
#1948 = CARTESIAN_POINT('', (5.394878592508159E+00,-3.589635776921455E+00,9.584677253319347E+01));
#1949 = CARTESIAN_POINT('', (7.671260954697347E+00,-4.954492982556421E+00,9.561089511795124E+01));
#1950 = CARTESIAN_POINT('', (9.958439733341661E+00,-6.324169709765270E+00,9.538073323101834E+01));
#1951 = CARTESIAN_POINT('', (3.953978079510079E+00,3.245357619145325E+00,9.952441129193946E+01));
#1952 = CARTESIAN_POINT('', (3.690940475854934E+00,1.212113322007873E+00,9.934966330894331E+01));
#1953 = CARTESIAN_POINT('', (2.771049852681703E+00,-5.901684735164716E-01,9.933644147934996E+01));
#1954 = CARTESIAN_POINT('', (3.996092861254073E+00,-2.098693599857953E+00,9.923159132150590E+01));
#1955 = CARTESIAN_POINT('', (5.221135869826443E+00,-3.607218726199434E+00,9.912674116366183E+01));
#1956 = CARTESIAN_POINT('', (7.603937834877240E+00,-4.838855531049491E+00,9.897937270716328E+01));
#1957 = CARTESIAN_POINT('', (9.995600892055965E+00,-6.059027933328704E+00,9.882690515559254E+01));
#1958 = CARTESIAN_POINT('', (3.921264630617243E+00,3.366310703105269E+00,1.029289578841212E+02));
#1959 = CARTESIAN_POINT('', (2.653013651580642E+00,1.546866662654619E+00,1.028660342105927E+02));
#1960 = CARTESIAN_POINT('', (2.359439369864307E+00,-7.206128162772774E-01,1.027787523624853E+02));
#1961 = CARTESIAN_POINT('', (3.573045956746356E+00,-2.449274796613447E+00,1.026826155331835E+02));
#1962 = CARTESIAN_POINT('', (4.786652543628405E+00,-4.177936776949617E+00,1.025864787038818E+02));
#1963 = CARTESIAN_POINT('', (7.351470127956377E+00,-5.169453920689100E+00,1.024829727249786E+02));
#1964 = CARTESIAN_POINT('', (9.990701104176155E+00,-5.976713836394238E+00,1.023823957113602E+02));
#1965 = CARTESIAN_POINT('', (3.888551181724408E+00,3.487263787065213E+00,1.063335044763030E+02));
#1966 = CARTESIAN_POINT('', (1.615086827306348E+00,1.881620003301365E+00,1.063824051122420E+02));
#1967 = CARTESIAN_POINT('', (1.947828887046911E+00,-8.510571590380831E-01,1.062210632456207E+02));
#1968 = CARTESIAN_POINT('', (3.149999052238639E+00,-2.799855993368941E+00,1.061336397448612E+02));
#1969 = CARTESIAN_POINT('', (4.352169217430366E+00,-4.748654827699799E+00,1.060462162441017E+02));
#1970 = CARTESIAN_POINT('', (7.099002421035514E+00,-5.500052310328709E+00,1.059865727427939E+02));
#1971 = CARTESIAN_POINT('', (9.985801316296346E+00,-5.894399739459773E+00,1.059378862671278E+02));
#1972 = CARTESIAN_POINT('', (3.871795062089985E+00,3.564677920496169E+00,1.097903160866267E+02));
#1973 = CARTESIAN_POINT('', (2.646455875220194E+00,1.530616762291463E+00,1.097698179316217E+02));
#1974 = CARTESIAN_POINT('', (2.238181004164162E+00,-9.144894325417173E-01,1.097157985094450E+02));
#1975 = CARTESIAN_POINT('', (3.388649869313866E+00,-2.827735217190518E+00,1.096552098475152E+02));
#1976 = CARTESIAN_POINT('', (4.539118734463570E+00,-4.740981001839318E+00,1.095946211855853E+02));
#1977 = CARTESIAN_POINT('', (7.172683292599128E+00,-5.497840627020893E+00,1.095664678299207E+02));
#1978 = CARTESIAN_POINT('', (9.975699914231507E+00,-5.900912574200811E+00,1.095451285538152E+02));
#1979 = CARTESIAN_POINT('', (3.866196138749836E+00,3.645682434183277E+00,1.132594392890474E+02));
#1980 = CARTESIAN_POINT('', (2.691864973138115E+00,1.567382286605859E+00,1.131925753657653E+02));
#1981 = CARTESIAN_POINT('', (2.220417842905782E+00,-8.728668184975956E-01,1.131436146113498E+02));
#1982 = CARTESIAN_POINT('', (3.351203702686547E+00,-2.808766593841465E+00,1.131311862046541E+02));
#1983 = CARTESIAN_POINT('', (4.481989562467311E+00,-4.744666369185335E+00,1.131187577979585E+02));
#1984 = CARTESIAN_POINT('', (7.144531399913093E+00,-5.486576422376808E+00,1.131416955279437E+02));
#1985 = CARTESIAN_POINT('', (9.975452113281857E+00,-5.893209912880192E+00,1.131677614120642E+02));
#1986 = CARTESIAN_POINT('', (3.860597215409686E+00,3.726686947870385E+00,1.167285624914682E+02));
#1987 = CARTESIAN_POINT('', (2.737274071056036E+00,1.604147810920256E+00,1.166153327999089E+02));
#1988 = CARTESIAN_POINT('', (2.202654681647402E+00,-8.312442044534738E-01,1.165714307132545E+02));
#1989 = CARTESIAN_POINT('', (3.313757536059228E+00,-2.789797970492413E+00,1.166071625617932E+02));
#1990 = CARTESIAN_POINT('', (4.424860390471053E+00,-4.748351736531352E+00,1.166428944103318E+02));
#1991 = CARTESIAN_POINT('', (7.116379507227057E+00,-5.475312217732722E+00,1.167169232259666E+02));
#1992 = CARTESIAN_POINT('', (9.975204312332210E+00,-5.885507251559573E+00,1.167903942703131E+02));
#1993 = CARTESIAN_POINT('', (3.866155488363809E+00,3.811281841813646E+00,1.202099972859859E+02));
#1994 = CARTESIAN_POINT('', (1.315813445890449E+00,2.512493512139108E+00,1.198917346178293E+02));
#1995 = CARTESIAN_POINT('', (1.852981296998314E+00,-5.685717122225783E-01,1.199979111008143E+02));
#1996 = CARTESIAN_POINT('', (3.079610374877561E+00,-2.567858362293421E+00,1.200703382784501E+02));
#1997 = CARTESIAN_POINT('', (4.306239452756807E+00,-4.567145012364263E+00,1.201427654560858E+02));
#1998 = CARTESIAN_POINT('', (7.064547205804629E+00,-5.378134531326825E+00,1.202521481663988E+02));
#1999 = CARTESIAN_POINT('', (9.976112383799267E+00,-5.869841913625740E+00,1.203546267626338E+02));
#2000 = CARTESIAN_POINT('', (3.878070824648065E+00,3.946596446798203E+00,1.236637902465557E+02));
#2001 = CARTESIAN_POINT('', (2.438606404628017E+00,1.920347603282124E+00,1.235076546121641E+02));
#2002 = CARTESIAN_POINT('', (2.167144422821451E+00,-7.370758705028625E-01,1.235451758816787E+02));
#2003 = CARTESIAN_POINT('', (3.261164737958556E+00,-2.700298882263354E+00,1.235979914622799E+02));
#2004 = CARTESIAN_POINT('', (4.355185053095662E+00,-4.663521894023845E+00,1.236508070428810E+02));
#2005 = CARTESIAN_POINT('', (7.085864951420275E+00,-5.399871568039650E+00,1.237370200503423E+02));
#2006 = CARTESIAN_POINT('', (9.975852234152260E+00,-5.862272603504485E+00,1.238216717776171E+02));
#2007 = CARTESIAN_POINT('', (3.889986160932321E+00,4.081911051782761E+00,1.271175832071256E+02));
#2008 = CARTESIAN_POINT('', (3.561399363365585E+00,1.328201694425141E+00,1.271235746064988E+02));
#2009 = CARTESIAN_POINT('', (2.481307548644588E+00,-9.055800287831467E-01,1.270924406625431E+02));
#2010 = CARTESIAN_POINT('', (3.442719101039552E+00,-2.832739402233286E+00,1.271256446461096E+02));
#2011 = CARTESIAN_POINT('', (4.404130653434516E+00,-4.759898775683425E+00,1.271588486296762E+02));
#2012 = CARTESIAN_POINT('', (7.107182697035920E+00,-5.421608604752475E+00,1.272218919342857E+02));
#2013 = CARTESIAN_POINT('', (9.975592084505255E+00,-5.854703293383229E+00,1.272887167926004E+02));
#2014 = CARTESIAN_POINT('', (3.908258560546711E+00,4.267945367808616E+00,1.305437343337476E+02));
#2015 = CARTESIAN_POINT('', (1.888613814099492E+00,2.698980541782178E+00,1.305544081879083E+02));
#2016 = CARTESIAN_POINT('', (1.905589742381369E+00,-3.794500406205574E-01,1.305574095533293E+02));
#2017 = CARTESIAN_POINT('', (3.028741566499044E+00,-2.487361083067882E+00,1.305563329017267E+02));
#2018 = CARTESIAN_POINT('', (4.151893390616720E+00,-4.595272125515208E+00,1.305552562501242E+02));
#2019 = CARTESIAN_POINT('', (6.976142547285952E+00,-5.406722934850435E+00,1.305553276171800E+02));
#2020 = CARTESIAN_POINT('', (9.968305977809504E+00,-5.922179911187341E+00,1.305510426494782E+02));
#2021 = CARTESIAN_POINT('', (3.928087890527094E+00,4.551828725660909E+00,1.339022902003769E+02));
#2022 = CARTESIAN_POINT('', (1.874377892442198E+00,2.937974641086522E+00,1.338639452998283E+02));
#2023 = CARTESIAN_POINT('', (1.872562974771730E+00,-1.934607941861158E-01,1.338079755776072E+02));
#2024 = CARTESIAN_POINT('', (2.980989235981551E+00,-2.388830654026781E+00,1.337302850059894E+02));
#2025 = CARTESIAN_POINT('', (4.089415497191371E+00,-4.584200513867446E+00,1.336525944343716E+02));
#2026 = CARTESIAN_POINT('', (6.939927048562969E+00,-5.404938331804789E+00,1.335497280754689E+02));
#2027 = CARTESIAN_POINT('', (1.000641134045351E+01,-5.858761605519671E+00,1.334468465208292E+02));
#2028 = CARTESIAN_POINT('', (3.947917220507476E+00,4.835712083513202E+00,1.372608460670061E+02));
#2029 = CARTESIAN_POINT('', (1.860141970784904E+00,3.176968740390866E+00,1.371734824117484E+02));
#2030 = CARTESIAN_POINT('', (1.839536207162092E+00,-7.471547751674171E-03,1.370585416018852E+02));
#2031 = CARTESIAN_POINT('', (2.933236905464057E+00,-2.290300224985679E+00,1.369042371102521E+02));
#2032 = CARTESIAN_POINT('', (4.026937603766022E+00,-4.573128902219683E+00,1.367499326186190E+02));
#2033 = CARTESIAN_POINT('', (6.903711549839985E+00,-5.403153728759144E+00,1.365441285337579E+02));
#2034 = CARTESIAN_POINT('', (1.004451670309751E+01,-5.795343299852001E+00,1.363426503921801E+02));
#2035 = CARTESIAN_POINT('', (4.117144831009093E+00,5.042047958245067E+00,1.405536340591230E+02));
#2036 = CARTESIAN_POINT('', (3.729227243998663E+00,2.118643986680840E+00,1.402917958100694E+02));
#2037 = CARTESIAN_POINT('', (2.543373714066119E+00,-2.528581504468592E-01,1.400835033305947E+02));
#2038 = CARTESIAN_POINT('', (3.423895971316877E+00,-2.339086457014691E+00,1.397213908280767E+02));
#2039 = CARTESIAN_POINT('', (4.304418228567634E+00,-4.425314763582522E+00,1.393592783255586E+02));
#2040 = CARTESIAN_POINT('', (7.113009880630385E+00,-5.476817888335430E+00,1.389050401704839E+02));
#2041 = CARTESIAN_POINT('', (1.001172764576164E+01,-6.419078619692423E+00,1.384635542573007E+02));
#2042 = CARTESIAN_POINT('', (4.405830976674121E+00,5.137164816497519E+00,1.437854420410466E+02));
#2043 = CARTESIAN_POINT('', (2.805835990507987E+00,2.847687842533206E+00,1.436745134918091E+02));
#2044 = CARTESIAN_POINT('', (2.030725627909291E+00,1.684753308112359E-01,1.433047900813982E+02));
#2045 = CARTESIAN_POINT('', (3.067917954873275E+00,-2.149969022690387E+00,1.427409886941961E+02));
#2046 = CARTESIAN_POINT('', (4.105110281837258E+00,-4.468413376192010E+00,1.421771873069941E+02));
#2047 = CARTESIAN_POINT('', (6.979913272479939E+00,-5.994649755224634E+00,1.414287236468989E+02));
#2048 = CARTESIAN_POINT('', (9.983775379223044E+00,-7.379187673046880E+00,1.406613455699139E+02));
#2049 = CARTESIAN_POINT('', (4.694517122339150E+00,5.232281674749972E+00,1.470172500229702E+02));
#2050 = CARTESIAN_POINT('', (1.882444737017310E+00,3.576731698385572E+00,1.470572311735488E+02));
#2051 = CARTESIAN_POINT('', (1.518077541752463E+00,5.898088120693309E-01,1.465260768322015E+02));
#2052 = CARTESIAN_POINT('', (2.711939938429672E+00,-1.960851588366084E+00,1.457605865603156E+02));
#2053 = CARTESIAN_POINT('', (3.905802335106882E+00,-4.511511988801498E+00,1.449950962884296E+02));
#2054 = CARTESIAN_POINT('', (6.846816664329493E+00,-6.512481622113838E+00,1.439524071233139E+02));
#2055 = CARTESIAN_POINT('', (9.955823112684442E+00,-8.339296726401338E+00,1.428591368825271E+02));
#2056 = CARTESIAN_POINT('', (5.102661803167589E+00,5.216179516523013E+00,1.501880779947004E+02));
#2057 = CARTESIAN_POINT('', (2.361326138463135E+00,3.505161297349933E+00,1.502122651502911E+02));
#2058 = CARTESIAN_POINT('', (1.049025025868838E+00,2.897565395844296E-01,1.499485859564654E+02));
#2059 = CARTESIAN_POINT('', (1.973455239901106E+00,-2.554504771386241E+00,1.492592719802683E+02));
#2060 = CARTESIAN_POINT('', (2.897885453933374E+00,-5.398766082356911E+00,1.485699580040712E+02));
#2061 = CARTESIAN_POINT('', (6.482452846531608E+00,-6.750185624425127E+00,1.473024634891307E+02));
#2062 = CARTESIAN_POINT('', (1.002612740330566E+01,-8.100708600276551E+00,1.460470750101844E+02));
#2063 = CARTESIAN_POINT('', (5.600325273801614E+00,5.055186808457659E+00,1.533027138205562E+02));
#2064 = CARTESIAN_POINT('', (3.618096777679622E+00,2.922683335319292E+00,1.531779608500206E+02));
#2065 = CARTESIAN_POINT('', (2.569950541306960E+00,4.652650942208925E-02,1.529138700074599E+02));
#2066 = CARTESIAN_POINT('', (3.389810507271659E+00,-2.517749365200447E+00,1.523434190175134E+02));
#2067 = CARTESIAN_POINT('', (4.209670473236359E+00,-5.082025239822983E+00,1.517729680275669E+02));
#2068 = CARTESIAN_POINT('', (7.095554108698035E+00,-6.628859992161099E+00,1.507945645249600E+02));
#2069 = CARTESIAN_POINT('', (1.000313493674526E+01,-8.134057772593243E+00,1.498178270458158E+02));
#2070 = CARTESIAN_POINT('', (6.097988744435638E+00,4.894194100392306E+00,1.564173496464120E+02));
#2071 = CARTESIAN_POINT('', (4.874867416896111E+00,2.340205373288651E+00,1.561436565497501E+02));
#2072 = CARTESIAN_POINT('', (4.090876056745082E+00,-1.967035207402511E-01,1.558791540584544E+02));
#2073 = CARTESIAN_POINT('', (4.806165774642212E+00,-2.480993959014653E+00,1.554275660547586E+02));
#2074 = CARTESIAN_POINT('', (5.521455492539342E+00,-4.765284397289055E+00,1.549759780510627E+02));
#2075 = CARTESIAN_POINT('', (7.708655370864462E+00,-6.507534359897072E+00,1.542866655607892E+02));
#2076 = CARTESIAN_POINT('', (9.980142470184868E+00,-8.167406944909935E+00,1.535885790814472E+02));
#2077 = CARTESIAN_POINT('', (6.685171004875250E+00,4.588310842488556E+00,1.594757933263935E+02));
#2078 = CARTESIAN_POINT('', (5.365577108012376E+00,2.380856105592162E+00,1.589949370727551E+02));
#2079 = CARTESIAN_POINT('', (5.668165547596733E+00,-4.501907197063017E-02,1.587152364467399E+02));
#2080 = CARTESIAN_POINT('', (6.344989227870595E+00,-2.218251459433525E+00,1.583973506014578E+02));
#2081 = CARTESIAN_POINT('', (7.021812908144457E+00,-4.391483846896421E+00,1.580794647561758E+02));
#2082 = CARTESIAN_POINT('', (8.509351553152452E+00,-6.421383802636325E+00,1.577240159783476E+02));
#2083 = CARTESIAN_POINT('', (1.006090091072724E+01,-8.417632655127511E+00,1.573584038668155E+02));
#2084 = CARTESIAN_POINT('', (7.331932309762623E+00,4.103865501387429E+00,1.624828327248194E+02));
#2085 = CARTESIAN_POINT('', (6.779252559461501E+00,1.960785469019902E+00,1.619862571750131E+02));
#2086 = CARTESIAN_POINT('', (6.795220619359361E+00,-2.477607041821364E-01,1.617005637594696E+02));
#2087 = CARTESIAN_POINT('', (7.280551708801855E+00,-2.294693963627085E+00,1.614769750538562E+02));
#2088 = CARTESIAN_POINT('', (7.765882798244348E+00,-4.341627223072034E+00,1.612533863482427E+02));
#2089 = CARTESIAN_POINT('', (8.871958967578715E+00,-6.264148226389672E+00,1.610757315636552E+02));
#2090 = CARTESIAN_POINT('', (1.001042853508576E+01,-8.171928258071555E+00,1.608705516823882E+02));
#2091 = CARTESIAN_POINT('', (7.978693614649996E+00,3.619420160286301E+00,1.654898721232454E+02));
#2092 = CARTESIAN_POINT('', (8.192928010910626E+00,1.540714832447643E+00,1.649775772772711E+02));
#2093 = CARTESIAN_POINT('', (7.922275691121987E+00,-4.505023363936426E-01,1.646858910721994E+02));
#2094 = CARTESIAN_POINT('', (8.216114189733114E+00,-2.371136467820645E+00,1.645565995062545E+02));
#2095 = CARTESIAN_POINT('', (8.509952688344240E+00,-4.291770599247647E+00,1.644273079403097E+02));
#2096 = CARTESIAN_POINT('', (9.234566382004978E+00,-6.106912650143018E+00,1.644274471489628E+02));
#2097 = CARTESIAN_POINT('', (9.959956159444284E+00,-7.926223861015599E+00,1.643826994979608E+02));
#2098 = CARTESIAN_POINT('', (8.685033963985131E+00,2.956412735987795E+00,1.684455072401160E+02));
#2099 = CARTESIAN_POINT('', (8.515625674000200E+00,1.128456870752544E+00,1.682168867694000E+02));
#2100 = CARTESIAN_POINT('', (8.416187146819786E+00,-8.454066447002654E-01,1.674684515280047E+02));
#2101 = CARTESIAN_POINT('', (8.492104878235986E+00,-2.945102263290256E+00,1.669181748308740E+02));
#2102 = CARTESIAN_POINT('', (8.568022609652187E+00,-5.044797881880246E+00,1.663678981337433E+02));
#2103 = CARTESIAN_POINT('', (9.219783217154472E+00,-6.892722749312513E+00,1.665869012869838E+02));
#2104 = CARTESIAN_POINT('', (1.004454328190304E+01,-8.489634740574223E+00,1.673985893842970E+02));
#2105 = CARTESIAN_POINT('', (9.421013612410203E+00,2.081171695132927E+00,1.713545259397501E+02));
#2106 = CARTESIAN_POINT('', (9.431931300450174E+00,7.057026257678226E-01,1.715794086681929E+02));
#2107 = CARTESIAN_POINT('', (9.385612167128945E+00,-7.394183804727466E-01,1.707558062539739E+02));
#2108 = CARTESIAN_POINT('', (9.454068111375179E+00,-2.477928593760145E+00,1.704025465443426E+02));
#2109 = CARTESIAN_POINT('', (9.522524055621412E+00,-4.216438807047544E+00,1.700492868347113E+02));
#2110 = CARTESIAN_POINT('', (9.730219689289282E+00,-6.161766227473113E+00,1.702324249466561E+02));
#2111 = CARTESIAN_POINT('', (9.998121818735388E+00,-7.985822411463806E+00,1.699091303858732E+02));
#2112 = (BOUNDED_SURFACE() B_SPLINE_SURFACE(3,3, ((#1769,#1770,#1771,#1772,#1773,#1774,#1775),(#1776,#1777,#1778,#1779,#1780,#1781,#1782),(#1783,#1784,#1785,#1786,#1787,#1788,#1789),(#1790,#1791,#1792,#1793,#1794,#1795,#1796),(#1797,#1798,#1799,#1800,#1801,#1802,#1803),(#1804,#1805,#1806,#1807,#1808,#1809,#1810),(#1811,#1812,#1813,#1814,#1815,#1816,#1817),(#1818,#1819,#1820,#1821,#1822,#1823,#1824),(#1825,#1826,#1827,#1828,#1829,#1830,#1831),(#1832,#1833,#1834,#1835,#1836,#1837,#1838),(#1839,#1840,#1841,#1842,#1843,#1844,#1845),(#1846,#1847,#1848,#1849,#1850,#1851,#1852),(#1853,#1854,#1855,#1856,#1857,#1858,#1859),(#1860,#1861,#1862,#1863,#1864,#1865,#1866),(#1867,#1868,#1869,#1870,#1871,#1872,#1873),(#1874,#1875,#1876,#1877,#1878,#1879,#1880),(#1881,#1882,#1883,#1884,#1885,#1886,#1887),(#1888,#1889,#1890,#1891,#1892,#1893,#1894),(#1895,#1896,#1897,#1898,#1899,#1900,#1901),(#1902,#1903,#1904,#1905,#1906,#1907,#1908),(#1909,#1910,#1911,#1912,#1913,#1914,#1915),(#1916,#1917,#1918,#1919,#1920,#1921,#1922),(#1923,#1924,#1925,#1926,#1927,#1928,#1929),(#1930,#1931,#1932,#1933,#1934,#1935,#1936),(#1937,#1938,#1939,#1940,#1941,#1942,#1943),(#1944,#1945,#1946,#1947,#1948,#1949,#1950),(#1951,#1952,#1953,#1954,#1955,#1956,#1957),(#1958,#1959,#1960,#1961,#1962,#1963,#1964),(#1965,#1966,#1967,#1968,#1969,#1970,#1971),(#1972,#1973,#1974,#1975,#1976,#1977,#1978),(#1979,#1980,#1981,#1982,#1983,#1984,#1985),(#1986,#1987,#1988,#1989,#1990,#1991,#1992),(#1993,#1994,#1995,#1996,#1997,#1998,#1999),(#2000,#2001,#2002,#2003,#2004,#2005,#2006),(#2007,#2008,#2009,#2010,#2011,#2012,#2013),(#2014,#2015,#2016,#2017,#2018,#2019,#2020),(#2021,#2022,#2023,#2024,#2025,#2026,#2027),(#2028,#2029,#2030,#2031,#2032,#2033,#2034),(#2035,#2036,#2037,#2038,#2039,#2040,#2041),(#2042,#2043,#2044,#2045,#2046,#2047,#2048),(#2049,#2050,#2051,#2052,#2053,#2054,#2055),(#2056,#2057,#2058,#2059,#2060,#2061,#2062),(#2063,#2064,#2065,#2066,#2067,#2068,#2069),(#2070,#2071,#2072,#2073,#2074,#2075,#2076),(#2077,#2078,#2079,#2080,#2081,#2082,#2083),(#2084,#2085,#2086,#2087,#2088,#2089,#2090),(#2091,#2092,#2093,#2094,#2095,#2096,#2097),(#2098,#2099,#2100,#2101,#2102,#2103,#2104),(#2105,#2106,#2107,#2108,#2109,#2110,#2111)), .UNSPECIFIED., .F., .F., .T. )  B_SPLINE_SURFACE_WITH_KNOTS((4,3,3,3,3,3,3,3,3,3,3,3,3,3,3,3,4), (4,3,4), (0.000000000000000E+00,6.250000000000000E-02,1.250000000000000E-01,1.875000000000000E-01,2.500000000000000E-01,3.125000000000000E-01,3.750000000000000E-01,4.375000000000000E-01,5.000000000000000E-01,5.625000000000000E-01,6.250000000000000E-01,6.875000000000000E-01,7.500000000000000E-01,8.125000000000000E-01,8.750000000000000E-01,9.375000000000000E-01,1.000000000000000E+00), (0.000000000000000E+00,5.000000000000000E-01,1.000000000000000E+00), .UNSPECIFIED.)GEOMETRIC_REPRESENTATION_ITEM() RATIONAL_B_SPLINE_SURFACE( ((1.000000000000000E+00,1.000000000000000E+00,1.000000000000000E+00,1.000000000000000E+00,1.000000000000000E+00,1.000000000000000E+00,1.000000000000000E+00),(1.000000000000000E+00,1.000000000000000E+00,1.000000000000000E+00,1.000000000000000E+00,1.000000000000000E+00,1.000000000000000E+00,1.000000000000000E+00),(1.000000000000000E+00,1.000000000000000E+00,1.000000000000000E+00,1.000000000000000E+00,1.000000000000000E+00,1.000000000000000E+00,1.000000000000000E+00),(1.000000000000000E+00,1.000000000000000E+00,1.000000000000000E+00,1.000000000000000E+00,1.000000000000000E+00,1.000000000000000E+00,1.000000000000000E+00),(1.000000000000000E+00,1.000000000000000E+00,1.000000000000000E+00,1.000000000000000E+00,1.000000000000000E+00,1.000000000000000E+00,1.000000000000000E+00),(1.000000000000000E+00,1.000000000000000E+00,1.000000000000000E+00,1.000000000000000E+00,1.000000000000000E+00,1.000000000000000E+00,1.000000000000000E+00),(1.000000000000000E+00,1.000000000000000E+00,1.000000000000000E+00,1.000000000000000E+00,1.000000000000000E+00,1.000000000000000E+00,1.000000000000000E+00),(1.000000000000000E+00,1.000000000000000E+00,1.000000000000000E+00,1.000000000000000E+00,1.000000000000000E+00,1.000000000000000E+00,1.000000000000000E+00),(1.000000000000000E+00,1.000000000000000E+00,1.000000000000000E+00,1.000000000000000E+00,1.000000000000000E+00,1.000000000000000E+00,1.000000000000000E+00),(1.000000000000000E+00,1.000000000000000E+00,1.000000000000000E+00,1.000000000000000E+00,1.000000000000000E+00,1.000000000000000E+00,1.000000000000000E+00),(1.000000000000000E+00,1.000000000000000E+00,1.000000000000000E+00,1.000000000000000E+00,1.000000000000000E+00,1.000000000000000E+00,1.000000000000000E+00),(1.000000000000000E+00,1.000000000000000E+00,1.000000000000000E+00,1.000000000000000E+00,1.000000000000000E+00,1.000000000000000E+00,1.000000000000000E+00),(1.000000000000000E+00,1.000000000000000E+00,1.000000000000000E+00,1.000000000000000E+00,1.000000000000000E+00,1.000000000000000E+00,1.000000000000000E+00),(1.000000000000000E+00,1.000000000000000E+00,1.000000000000000E+00,1.000000000000000E+00,1.000000000000000E+00,1.000000000000000E+00,1.000000000000000E+00),(1.000000000000000E+00,1.000000000000000E+00,1.000000000000000E+00,1.000000000000000E+00,1.000000000000000E+00,1.000000000000000E+00,1.000000000000000E+00),(1.000000000000000E+00,1.000000000000000E+00,1.000000000000000E+00,1.000000000000000E+00,1.000000000000000E+00,1.000000000000000E+00,1.000000000000000E+00),(1.000000000000000E+00,1.000000000000000E+00,1.000000000000000E+00,1.000000000000000E+00,1.000000000000000E+00,1.000000000000000E+00,1.000000000000000E+00),(1.000000000000000E+00,1.000000000000000E+00,1.000000000000000E+00,1.000000000000000E+00,1.000000000000000E+00,1.000000000000000E+00,1.000000000000000E+00),(1.000000000000000E+00,1.000000000000000E+00,1.000000000000000E+00,1.000000000000000E+00,1.000000000000000E+00,1.000000000000000E+00,1.000000000000000E+00),(1.000000000000000E+00,1.000000000000000E+00,1.000000000000000E+00,1.000000000000000E+00,1.000000000000000E+00,1.000000000000000E+00,1.000000000000000E+00),(1.000000000000000E+00,1.000000000000000E+00,1.000000000000000E+00,1.000000000000000E+00,1.000000000000000E+00,1.000000000000000E+00,1.000000000000000E+00),(1.000000000000000E+00,1.000000000000000E+00,1.000000000000000E+00,1.000000000000000E+00,1.000000000000000E+00,1.000000000000000E+00,1.000000000000000E+00),(1.000000000000000E+00,1.000000000000000E+00,1.000000000000000E+00,1.000000000000000E+00,1.000000000000000E+00,1.000000000000000E+00,1.000000000000000E+00),(1.000000000000000E+00,1.000000000000000E+00,1.000000000000000E+00,1.000000000000000E+00,1.000000000000000E+00,1.000000000000000E+00,1.000000000000000E+00),(1.000000000000000E+00,1.000000000000000E+00,1.000000000000000E+00,1.000000000000000E+00,1.000000000000000E+00,1.000000000000000E+00,1.000000000000000E+00),(1.000000000000000E+00,1.000000000000000E+00,1.000000000000000E+00,1.000000000000000E+00,1.000000000000000E+00,1.000000000000000E+00,1.000000000000000E+00),(1.000000000000000E+00,1.000000000000000E+00,1.000000000000000E+00,1.000000000000000E+00,1.000000000000000E+00,1.000000000000000E+00,1.000000000000000E+00),(1.000000000000000E+00,1.000000000000000E+00,1.000000000000000E+00,1.000000000000000E+00,1.000000000000000E+00,1.000000000000000E+00,1.000000000000000E+00),(1.000000000000000E+00,1.000000000000000E+00,1.000000000000000E+00,1.000000000000000E+00,1.000000000000000E+00,1.000000000000000E+00,1.000000000000000E+00),(1.000000000000000E+00,1.000000000000000E+00,1.000000000000000E+00,1.000000000000000E+00,1.000000000000000E+00,1.000000000000000E+00,1.000000000000000E+00),(1.000000000000000E+00,1.000000000000000E+00,1.000000000000000E+00,1.000000000000000E+00,1.000000000000000E+00,1.000000000000000E+00,1.000000000000000E+00),(1.000000000000000E+00,1.000000000000000E+00,1.000000000000000E+00,1.000000000000000E+00,1.000000000000000E+00,1.000000000000000E+00,1.000000000000000E+00),(1.000000000000000E+00,1.000000000000000E+00,1.000000000000000E+00,1.000000000000000E+00,1.000000000000000E+00,1.000000000000000E+00,1.000000000000000E+00),(1.000000000000000E+00,1.000000000000000E+00,1.000000000000000E+00,1.000000000000000E+00,1.000000000000000E+00,1.000000000000000E+00,1.000000000000000E+00),(1.000000000000000E+00,1.000000000000000E+00,1.000000000000000E+00,1.000000000000000E+00,1.000000000000000E+00,1.000000000000000E+00,1.000000000000000E+00),(1.000000000000000E+00,1.000000000000000E+00,1.000000000000000E+00,1.000000000000000E+00,1.000000000000000E+00,1.000000000000000E+00,1.000000000000000E+00),(1.000000000000000E+00,1.000000000000000E+00,1.000000000000000E+00,1.000000000000000E+00,1.000000000000000E+00,1.000000000000000E+00,1.000000000000000E+00),(1.000000000000000E+00,1.000000000000000E+00,1.000000000000000E+00,1.000000000000000E+00,1.000000000000000E+00,1.000000000000000E+00,1.000000000000000E+00),(1.000000000000000E+00,1.000000000000000E+00,1.000000000000000E+00,1.000000000000000E+00,1.000000000000000E+00,1.000000000000000E+00,1.000000000000000E+00),(1.000000000000000E+00,1.000000000000000E+00,1.000000000000000E+00,1.000000000000000E+00,1.000000000000000E+00,1.000000000000000E+00,1.000000000000000E+00),(1.000000000000000E+00,1.000000000000000E+00,1.000000000000000E+00,1.000000000000000E+00,1.000000000000000E+00,1.000000000000000E+00,1.000000000000000E+00),(1.000000000000000E+00,1.000000000000000E+00,1.000000000000000E+00,1.000000000000000E+00,1.000000000000000E+00,1.000000000000000E+00,1.000000000000000E+00),(1.000000000000000E+00,1.000000000000000E+00,1.000000000000000E+00,1.000000000000000E+00,1.000000000000000E+00,1.000000000000000E+00,1.000000000000000E+00),(1.000000000000000E+00,1.000000000000000E+00,1.000000000000000E+00,1.000000000000000E+00,1.000000000000000E+00,1.000000000000000E+00,1.000000000000000E+00),(1.000000000000000E+00,1.000000000000000E+00,1.000000000000000E+00,1.000000000000000E+00,1.000000000000000E+00,1.000000000000000E+00,1.000000000000000E+00),(1.000000000000000E+00,1.000000000000000E+00,1.000000000000000E+00,1.000000000000000E+00,1.000000000000000E+00,1.000000000000000E+00,1.000000000000000E+00),(1.000000000000000E+00,1.000000000000000E+00,1.000000000000000E+00,1.000000000000000E+00,1.000000000000000E+00,1.000000000000000E+00,1.000000000000000E+00),(1.000000000000000E+00,1.000000000000000E+00,1.000000000000000E+00,1.000000000000000E+00,1.000000000000000E+00,1.000000000000000E+00,1.000000000000000E+00),(1.000000000000000E+00,1.000000000000000E+00,1.000000000000000E+00,1.000000000000000E+00,1.000000000000000E+00,1.000000000000000E+00,1.000000000000000E+00))) REPRESENTATION_ITEM('') SURFACE());
#2113 = CARTESIAN_POINT('', (3.164837928808344E+00,2.303715029917035E-02,1.625451494569741E+01));
#2114 = CARTESIAN_POINT('', (9.017796133795928E+00,-1.392696912853551E+00,2.675613607280362E+01));
#2115 = CARTESIAN_POINT('', (1.466951898102181E+00,2.044470961887375E+00,4.149951399403821E+01));
#2116 = CARTESIAN_POINT('', (2.513155868527273E+00,1.676500252621833E+00,5.479907874595447E+01));
#2117 = CARTESIAN_POINT('', (3.559359838952365E+00,1.308529543356291E+00,6.809864349787074E+01));
#2118 = CARTESIAN_POINT('', (4.349790059530331E+00,1.805064005641057E+00,7.987181406863434E+01));
#2119 = CARTESIAN_POINT('', (4.072077098035128E+00,2.825705268853323E+00,9.291206658804654E+01));
#2120 = CARTESIAN_POINT('', (3.794364136539925E+00,3.846346532065590E+00,1.059523191074588E+02));
#2121 = CARTESIAN_POINT('', (3.848770570605563E+00,3.416295294251736E+00,1.204680667338599E+02));
#2122 = CARTESIAN_POINT('', (3.928087890527094E+00,4.551828725660909E+00,1.339022902003769E+02));
#2123 = CARTESIAN_POINT('', (4.007405210448623E+00,5.687362157070081E+00,1.473365136668938E+02));
#2124 = CARTESIAN_POINT('', (6.477095018709914E+00,5.582135858552399E+00,1.597184511412138E+02));
#2125 = CARTESIAN_POINT('', (9.421013612410203E+00,2.081171695132927E+00,1.713545259397501E+02));
#2126 = (BOUNDED_CURVE() B_SPLINE_CURVE(3,(#2113,#2114,#2115,#2116,#2117,#2118,#2119,#2120,#2121,#2122,#2123,#2124,#2125),.UNSPECIFIED.,.F.,.F.) B_SPLINE_CURVE_WITH_KNOTS((4,3,3,3,4),(0.000000000000000E+00,2.500000000000000E-01,5.000000000000000E-01,7.500000000000000E-01,1.000000000000000E+00),.UNSPECIFIED.) CURVE() GEOMETRIC_REPRESENTATION_ITEM() RATIONAL_B_SPLINE_CURVE((1.000000000000000E+00,1.000000000000000E+00,1.000000000000000E+00,1.000000000000000E+00,1.000000000000000E+00,1.000000000000000E+00,1.000000000000000E+00,1.000000000000000E+00,1.000000000000000E+00,1.000000000000000E+00,1.000000000000000E+00,1.000000000000000E+00,1.000000000000000E+00)) REPRESENTATION_ITEM(''));
#2127 = EDGE_CURVE('', #1731, #1588, #2126, .T.);
#2128 = ORIENTED_EDGE('', *,*, #2127, .F.);
#2129 = ORIENTED_EDGE('', *,*, #1597, .F.);
#2130 = CARTESIAN_POINT('', (9.999878486843958E+00,-4.031945135007196E+00,1.711513363955013E+01));
#2131 = CARTESIAN_POINT('', (9.999510542437639E+00,-4.107163530242542E+00,2.035011095759502E+01));
#2132 = CARTESIAN_POINT('', (9.989304513144239E+00,-4.174974488433067E+00,2.359823381980103E+01));
#2133 = CARTESIAN_POINT('', (9.982195386354112E+00,-4.156888443817769E+00,2.686141934021411E+01));
#2134 = CARTESIAN_POINT('', (9.975086259563986E+00,-4.138802399202470E+00,3.012460486062718E+01));
#2135 = CARTESIAN_POINT('', (9.978319254041482E+00,-4.051906144384076E+00,3.340522252097478E+01));
#2136 = CARTESIAN_POINT('', (9.976469141398724E+00,-3.991330055952961E+00,3.670258879741546E+01));
#2137 = CARTESIAN_POINT('', (9.974619028755964E+00,-3.930753967521845E+00,3.999995507385614E+01));
#2138 = CARTESIAN_POINT('', (9.974804566216260E+00,-3.900380270918840E+00,4.330882893917185E+01));
#2139 = CARTESIAN_POINT('', (9.975383673910777E+00,-3.896986791922715E+00,4.662571299139940E+01));
#2140 = CARTESIAN_POINT('', (9.975962781605292E+00,-3.893593312926591E+00,4.994259704362695E+01));
#2141 = CARTESIAN_POINT('', (9.976473803172860E+00,-3.905927788384815E+00,5.326208884471755E+01));
#2142 = CARTESIAN_POINT('', (9.975994849048133E+00,-3.903453873940005E+00,5.658211395875786E+01));
#2143 = CARTESIAN_POINT('', (9.975515894923406E+00,-3.900979959495194E+00,5.990213907279817E+01));
#2144 = CARTESIAN_POINT('', (9.975356792637672E+00,-3.882580621002752E+00,6.321919793734389E+01));
#2145 = CARTESIAN_POINT('', (9.976618425687121E+00,-3.841062650170874E+00,6.653159343676924E+01));
#2146 = CARTESIAN_POINT('', (9.977880058736568E+00,-3.799544679338997E+00,6.984398893619461E+01));
#2147 = CARTESIAN_POINT('', (9.996590289375703E+00,-3.806032469861102E+00,7.304701656386131E+01));
#2148 = CARTESIAN_POINT('', (1.002132208979950E+01,-3.926909272611498E+00,7.583815356906777E+01));
#2149 = CARTESIAN_POINT('', (1.004605389022329E+01,-4.047786075361893E+00,7.862929057427424E+01));
#2150 = CARTESIAN_POINT('', (9.976889889104161E+00,-5.628935589707112E+00,8.069745677600940E+01));
#2151 = CARTESIAN_POINT('', (9.986208415097661E+00,-5.935003418566049E+00,8.316487013773016E+01));
#2152 = CARTESIAN_POINT('', (9.995526941091159E+00,-6.241071247424986E+00,8.563228349945092E+01));
#2153 = CARTESIAN_POINT('', (1.002789447514614E+01,-5.999298199852423E+00,8.871096471063599E+01));
#2154 = CARTESIAN_POINT('', (9.993167104243900E+00,-6.161733954808847E+00,9.204584897082717E+01));
#2155 = CARTESIAN_POINT('', (9.958439733341661E+00,-6.324169709765270E+00,9.538073323101834E+01));
#2156 = CARTESIAN_POINT('', (9.995600892055965E+00,-6.059027933328704E+00,9.882690515559254E+01));
#2157 = CARTESIAN_POINT('', (9.990701104176155E+00,-5.976713836394238E+00,1.023823957113602E+02));
#2158 = CARTESIAN_POINT('', (9.985801316296346E+00,-5.894399739459773E+00,1.059378862671278E+02));
#2159 = CARTESIAN_POINT('', (9.975699914231507E+00,-5.900912574200811E+00,1.095451285538152E+02));
#2160 = CARTESIAN_POINT('', (9.975452113281857E+00,-5.893209912880192E+00,1.131677614120642E+02));
#2161 = CARTESIAN_POINT('', (9.975204312332210E+00,-5.885507251559573E+00,1.167903942703131E+02));
#2162 = CARTESIAN_POINT('', (9.976112383799267E+00,-5.869841913625740E+00,1.203546267626338E+02));
#2163 = CARTESIAN_POINT('', (9.975852234152260E+00,-5.862272603504485E+00,1.238216717776171E+02));
#2164 = CARTESIAN_POINT('', (9.975592084505255E+00,-5.854703293383229E+00,1.272887167926004E+02));
#2165 = CARTESIAN_POINT('', (9.968305977809504E+00,-5.922179911187341E+00,1.305510426494782E+02));
#2166 = CARTESIAN_POINT('', (1.000641134045351E+01,-5.858761605519671E+00,1.334468465208292E+02));
#2167 = CARTESIAN_POINT('', (1.004451670309751E+01,-5.795343299852001E+00,1.363426503921801E+02));
#2168 = CARTESIAN_POINT('', (1.001172764576164E+01,-6.419078619692423E+00,1.384635542573007E+02));
#2169 = CARTESIAN_POINT('', (9.983775379223044E+00,-7.379187673046880E+00,1.406613455699139E+02));
#2170 = CARTESIAN_POINT('', (9.955823112684442E+00,-8.339296726401338E+00,1.428591368825271E+02));
#2171 = CARTESIAN_POINT('', (1.002612740330566E+01,-8.100708600276551E+00,1.460470750101844E+02));
#2172 = CARTESIAN_POINT('', (1.000313493674526E+01,-8.134057772593243E+00,1.498178270458158E+02));
#2173 = CARTESIAN_POINT('', (9.980142470184868E+00,-8.167406944909935E+00,1.535885790814472E+02));
#2174 = CARTESIAN_POINT('', (1.006090091072724E+01,-8.417632655127511E+00,1.573584038668155E+02));
#2175 = CARTESIAN_POINT('', (1.001042853508576E+01,-8.171928258071555E+00,1.608705516823882E+02));
#2176 = CARTESIAN_POINT('', (9.959956159444284E+00,-7.926223861015599E+00,1.643826994979608E+02));
#2177 = CARTESIAN_POINT('', (1.004454328190304E+01,-8.489634740574223E+00,1.673985893842970E+02));
#2178 = CARTESIAN_POINT('', (9.998121818735388E+00,-7.985822411463806E+00,1.699091303858732E+02));
#2179 = (BOUNDED_CURVE() B_SPLINE_CURVE(3,(#2130,#2131,#2132,#2133,#2134,#2135,#2136,#2137,#2138,#2139,#2140,#2141,#2142,#2143,#2144,#2145,#2146,#2147,#2148,#2149,#2150,#2151,#2152,#2153,#2154,#2155,#2156,#2157,#2158,#2159,#2160,#2161,#2162,#2163,#2164,#2165,#2166,#2167,#2168,#2169,#2170,#2171,#2172,#2173,#2174,#2175,#2176,#2177,#2178),.UNSPECIFIED.,.F.,.F.) B_SPLINE_CURVE_WITH_KNOTS((4,3,3,3,3,3,3,3,3,3,3,3,3,3,3,3,4),(0.000000000000000E+00,6.250000000000000E-02,1.250000000000000E-01,1.875000000000000E-01,2.500000000000000E-01,3.125000000000000E-01,3.750000000000000E-01,4.375000000000000E-01,5.000000000000000E-01,5.625000000000000E-01,6.250000000000000E-01,6.875000000000000E-01,7.500000000000000E-01,8.125000000000000E-01,8.750000000000000E-01,9.375000000000000E-01,1.000000000000000E+00),.UNSPECIFIED.) CURVE() GEOMETRIC_REPRESENTATION_ITEM() RATIONAL_B_SPLINE_CURVE((1.000000000000000E+00,1.000000000000000E+00,1.000000000000000E+00,1.000000000000000E+00,1.000000000000000E+00,1.000000000000000E+00,1.000000000000000E+00,1.000000000000000E+00,1.000000000000000E+00,1.000000000000000E+00,1.000000000000000E+00,1.000000000000000E+00,1.000000000000000E+00,1.000000000000000E+00,1.000000000000000E+00,1.000000000000000E+00,1.000000000000000E+00,1.000000000000000E+00,1.000000000000000E+00,1.000000000000000E+00,1.000000000000000E+00,1.000000000000000E+00,1.000000000000000E+00,1.000000000000000E+00,1.000000000000000E+00,1.000000000000000E+00,1.000000000000000E+00,1.000000000000000E+00,1.000000000000000E+00,1.000000000000000E+00,1.000000000000000E+00,1.000000000000000E+00,1.000000000000000E+00,1.000000000000000E+00,1.000000000000000E+00,1.000000000000000E+00,1.000000000000000E+00,1.000000000000000E+00,1.000000000000000E+00,1.000000000000000E+00,1.000000000000000E+00,1.000000000000000E+00,1.000000000000000E+00,1.000000000000000E+00,1.000000000000000E+00,1.000000000000000E+00,1.000000000000000E+00,1.000000000000000E+00,1.000000000000000E+00)) REPRESENTATION_ITEM(''));
#2180 = EDGE_CURVE('', #1733, #1579, #2179, .T.);
#2181 = ORIENTED_EDGE('', *,*, #2180, .T.);
#2182 = ORIENTED_EDGE('', *,*, #1739, .T.);
#2183 = EDGE_LOOP('', (#2128,#2129,#2181,#2182));
#2184 = FACE_OUTER_BOUND('', #2183, .T.);
#2185 = ADVANCED_FACE('', (#2184), #2112, .F.);
#2186 = CARTESIAN_POINT('', (3.164837928808344E+00,2.303715029917035E-02,1.625451494569741E+01));
#2187 = CARTESIAN_POINT('', (4.628077480055240E+00,-3.308963654890100E-01,1.887992022747397E+01));
#2188 = CARTESIAN_POINT('', (5.253579378759554E+00,-3.815235101588373E-01,2.177043530888354E+01));
#2189 = CARTESIAN_POINT('', (5.385106916277535E+00,-2.641261668650011E-01,2.483722315924729E+01));
#2190 = CARTESIAN_POINT('', (5.516634453795517E+00,-1.467288235711648E-01,2.790401100961103E+01));
#2191 = CARTESIAN_POINT('', (5.154187630127169E+00,1.386930076863352E-01,3.114707162892894E+01));
#2192 = CARTESIAN_POINT('', (4.641529736628743E+00,4.568574437528094E-01,3.447756798652217E+01));
#2193 = CARTESIAN_POINT('', (4.128871843130317E+00,7.750218798192836E-01,3.780806434411540E+01));
#2194 = CARTESIAN_POINT('', (3.466002879801813E+00,1.125928920694732E+00,4.122599643998394E+01));
#2195 = CARTESIAN_POINT('', (2.996686137999484E+00,1.374296683224466E+00,4.464252724344895E+01));
#2196 = CARTESIAN_POINT('', (2.527369396197155E+00,1.622664445754200E+00,4.805905804691395E+01));
#2197 = CARTESIAN_POINT('', (2.251604875921000E+00,1.768492929938218E+00,5.147418755797541E+01));
#2198 = CARTESIAN_POINT('', (2.513155868527273E+00,1.676500252621833E+00,5.479907874595447E+01));
#2199 = CARTESIAN_POINT('', (2.774706861133546E+00,1.584507575305448E+00,5.812396993393354E+01));
#2200 = CARTESIAN_POINT('', (3.020271994374374E+00,1.546546471210956E+00,6.135346148559056E+01));
#2201 = CARTESIAN_POINT('', (3.237157995871224E+00,1.557298215797378E+00,6.453120146545369E+01));
#2202 = CARTESIAN_POINT('', (3.454043997368074E+00,1.568049960383800E+00,6.770894144531681E+01));
#2203 = CARTESIAN_POINT('', (3.642250867120948E+00,1.627514553651134E+00,7.083492985338606E+01));
#2204 = CARTESIAN_POINT('', (3.789085332751311E+00,1.730373271058400E+00,7.395281475418953E+01));
#2205 = CARTESIAN_POINT('', (3.935919798381675E+00,1.833231988465666E+00,7.707069965499302E+01));
#2206 = CARTESIAN_POINT('', (4.041381859889530E+00,1.979484830012864E+00,8.018048104853074E+01));
#2207 = CARTESIAN_POINT('', (4.092778244896343E+00,2.163813071159011E+00,8.332580699933087E+01));
#2208 = CARTESIAN_POINT('', (4.144174629903157E+00,2.348141312305159E+00,8.647113295013098E+01));
#2209 = CARTESIAN_POINT('', (4.141505338408929E+00,2.570544953050256E+00,8.965200345819349E+01));
#2210 = CARTESIAN_POINT('', (4.072077098035128E+00,2.825705268853323E+00,9.291206658804654E+01));
#2211 = CARTESIAN_POINT('', (4.002648857661327E+00,3.080865584656390E+00,9.617212971789961E+01));
#2212 = CARTESIAN_POINT('', (3.953978079510079E+00,3.245357619145325E+00,9.952441129193946E+01));
#2213 = CARTESIAN_POINT('', (3.921264630617243E+00,3.366310703105269E+00,1.029289578841212E+02));
#2214 = CARTESIAN_POINT('', (3.888551181724408E+00,3.487263787065213E+00,1.063335044763030E+02));
#2215 = CARTESIAN_POINT('', (3.871795062089985E+00,3.564677920496169E+00,1.097903160866267E+02));
#2216 = CARTESIAN_POINT('', (3.866196138749836E+00,3.645682434183277E+00,1.132594392890474E+02));
#2217 = CARTESIAN_POINT('', (3.860597215409686E+00,3.726686947870385E+00,1.167285624914682E+02));
#2218 = CARTESIAN_POINT('', (3.866155488363809E+00,3.811281841813646E+00,1.202099972859859E+02));
#2219 = CARTESIAN_POINT('', (3.878070824648065E+00,3.946596446798203E+00,1.236637902465557E+02));
#2220 = CARTESIAN_POINT('', (3.889986160932321E+00,4.081911051782761E+00,1.271175832071256E+02));
#2221 = CARTESIAN_POINT('', (3.908258560546711E+00,4.267945367808616E+00,1.305437343337476E+02));
#2222 = CARTESIAN_POINT('', (3.928087890527094E+00,4.551828725660909E+00,1.339022902003769E+02));
#2223 = CARTESIAN_POINT('', (3.947917220507476E+00,4.835712083513202E+00,1.372608460670061E+02));
#2224 = CARTESIAN_POINT('', (4.117144831009093E+00,5.042047958245067E+00,1.405536340591230E+02));
#2225 = CARTESIAN_POINT('', (4.405830976674121E+00,5.137164816497519E+00,1.437854420410466E+02));
#2226 = CARTESIAN_POINT('', (4.694517122339150E+00,5.232281674749972E+00,1.470172500229702E+02));
#2227 = CARTESIAN_POINT('', (5.102661803167589E+00,5.216179516523013E+00,1.501880779947004E+02));
#2228 = CARTESIAN_POINT('', (5.600325273801614E+00,5.055186808457659E+00,1.533027138205562E+02));
#2229 = CARTESIAN_POINT('', (6.097988744435638E+00,4.894194100392306E+00,1.564173496464120E+02));
#2230 = CARTESIAN_POINT('', (6.685171004875250E+00,4.588310842488556E+00,1.594757933263935E+02));
#2231 = CARTESIAN_POINT('', (7.331932309762623E+00,4.103865501387429E+00,1.624828327248194E+02));
#2232 = CARTESIAN_POINT('', (7.978693614649996E+00,3.619420160286301E+00,1.654898721232454E+02));
#2233 = CARTESIAN_POINT('', (8.685033963985131E+00,2.956412735987795E+00,1.684455072401160E+02));
#2234 = CARTESIAN_POINT('', (9.421013612410203E+00,2.081171695132927E+00,1.713545259397501E+02));
#2235 = CARTESIAN_POINT('', (4.060162703848421E+00,1.820319079550180E+00,1.656335831615585E+01));
#2236 = CARTESIAN_POINT('', (5.088850286175534E+00,1.101500944391038E+00,1.909276358230109E+01));
#2237 = CARTESIAN_POINT('', (5.579737826780220E+00,1.856128268358202E+00,2.212798072265497E+01));
#2238 = CARTESIAN_POINT('', (5.312725082717757E+00,1.908891841759251E+00,2.533174101702398E+01));
#2239 = CARTESIAN_POINT('', (5.045712338655293E+00,1.961655415160299E+00,2.853550131139298E+01));
#2240 = CARTESIAN_POINT('', (5.980786092014990E+00,1.694292629625586E+00,3.177912273177851E+01));
#2241 = CARTESIAN_POINT('', (5.378774702676992E+00,2.221773620986207E+00,3.511771603519166E+01));
#2242 = CARTESIAN_POINT('', (4.776763313338995E+00,2.749254612346828E+00,3.845630933860483E+01));
#2243 = CARTESIAN_POINT('', (3.978010025509207E+00,2.928927619306556E+00,4.201335315900525E+01));
#2244 = CARTESIAN_POINT('', (4.383152847798065E+00,2.703756420383659E+00,4.547881110685872E+01));
#2245 = CARTESIAN_POINT('', (4.788295670086923E+00,2.478585221460762E+00,4.894426905471219E+01));
#2246 = CARTESIAN_POINT('', (3.766182714470256E+00,2.812071163437499E+00,5.238806645585813E+01));
#2247 = CARTESIAN_POINT('', (3.946778886621644E+00,2.756110722909604E+00,5.578331487429227E+01));
#2248 = CARTESIAN_POINT('', (4.127375058773031E+00,2.700150282381709E+00,5.917856329272641E+01));
#2249 = CARTESIAN_POINT('', (5.199208826823291E+00,2.417088625395926E+00,6.250952544607709E+01));
#2250 = CARTESIAN_POINT('', (4.766683657247563E+00,2.600882530126480E+00,6.564058259672102E+01));
#2251 = CARTESIAN_POINT('', (4.334158487671837E+00,2.784676434857035E+00,6.877163974736494E+01));
#2252 = CARTESIAN_POINT('', (5.248618984564166E+00,2.736159079951244E+00,7.204123690293792E+01));
#2253 = CARTESIAN_POINT('', (5.429123576539832E+00,2.810475515954325E+00,7.502471984736901E+01));
#2254 = CARTESIAN_POINT('', (5.609628168515497E+00,2.884791951957406E+00,7.800820279180010E+01));
#2255 = CARTESIAN_POINT('', (4.914299567336679E+00,3.454729415391752E+00,8.095074555630519E+01));
#2256 = CARTESIAN_POINT('', (5.547505904979680E+00,3.554074145819302E+00,8.393036698361426E+01));
#2257 = CARTESIAN_POINT('', (6.180712242622681E+00,3.653418876246852E+00,8.690998841092333E+01));
#2258 = CARTESIAN_POINT('', (5.253689687685378E+00,3.936505270829199E+00,9.038181341555537E+01));
#2259 = CARTESIAN_POINT('', (5.213940248593889E+00,4.100270126376558E+00,9.373378505474150E+01));
#2260 = CARTESIAN_POINT('', (5.174190809502400E+00,4.264034981923918E+00,9.708575669392765E+01));
#2261 = CARTESIAN_POINT('', (6.094693542444453E+00,4.178753386592016E+00,1.003005988208563E+02));
#2262 = CARTESIAN_POINT('', (5.418760741061970E+00,4.566445193758820E+00,1.038563361677298E+02));
#2263 = CARTESIAN_POINT('', (4.742827939679485E+00,4.954137000925625E+00,1.074120735146034E+02));
#2264 = CARTESIAN_POINT('', (5.533564836753168E+00,4.893809362755633E+00,1.108965111107710E+02));
#2265 = CARTESIAN_POINT('', (5.550261607702789E+00,4.927587587396699E+00,1.144092131267671E+02));
#2266 = CARTESIAN_POINT('', (5.566958378652410E+00,4.961365812037765E+00,1.179219151427632E+02));
#2267 = CARTESIAN_POINT('', (4.627936938284272E+00,5.183138658148112E+00,1.213053517884207E+02));
#2268 = CARTESIAN_POINT('', (5.469587603463067E+00,4.835819241456315E+00,1.248668725752425E+02));
#2269 = CARTESIAN_POINT('', (6.311238268641861E+00,4.488499824764519E+00,1.284283933620643E+02));
#2270 = CARTESIAN_POINT('', (5.172576657958742E+00,5.270504699420971E+00,1.317517095052184E+02));
#2271 = CARTESIAN_POINT('', (5.200368486835790E+00,5.626536350471707E+00,1.348637716063523E+02));
#2272 = CARTESIAN_POINT('', (5.228160315712838E+00,5.982568001522441E+00,1.379758337074861E+02));
#2273 = CARTESIAN_POINT('', (6.435663733057895E+00,5.863932302434229E+00,1.410036018504011E+02));
#2274 = CARTESIAN_POINT('', (6.153022013621565E+00,6.143412452720485E+00,1.444647743161487E+02));
#2275 = CARTESIAN_POINT('', (5.870380294185235E+00,6.422892603006741E+00,1.479259467818964E+02));
#2276 = CARTESIAN_POINT('', (6.756739937573597E+00,6.115479958588266E+00,1.511868611189823E+02));
#2277 = CARTESIAN_POINT('', (7.083151407393892E+00,6.123071049473401E+00,1.544456293751222E+02));
#2278 = CARTESIAN_POINT('', (7.409562877214187E+00,6.130662140358536E+00,1.577043976312621E+02));
#2279 = CARTESIAN_POINT('', (7.127517788415687E+00,5.741779337235633E+00,1.604424108587931E+02));
#2280 = CARTESIAN_POINT('', (7.967067465383341E+00,4.982554096364236E+00,1.633637616201204E+02));
#2281 = CARTESIAN_POINT('', (8.806617142350994E+00,4.223328855492839E+00,1.662851123814478E+02));
#2282 = CARTESIAN_POINT('', (9.118000165436772E+00,4.448141391633832E+00,1.695930118707937E+02));
#2283 = CARTESIAN_POINT('', (9.602963352589759E+00,2.525194821199999E+00,1.719856111501250E+02));
#2284 = CARTESIAN_POINT('', (7.144090068304416E+00,2.918437436376122E+00,1.635842529580180E+01));
#2285 = CARTESIAN_POINT('', (7.128558976389348E+00,2.659866154569237E+00,1.926578903370285E+01));
#2286 = CARTESIAN_POINT('', (7.488850389743281E+00,3.136971473645883E+00,2.242075832485145E+01));
#2287 = CARTESIAN_POINT('', (7.476650086999795E+00,3.153349206667226E+00,2.569782049591056E+01));
#2288 = CARTESIAN_POINT('', (7.464449784256308E+00,3.169726939688569E+00,2.897488266696967E+01));
#2289 = CARTESIAN_POINT('', (7.702853169453157E+00,3.027530547685562E+00,3.234297513848102E+01));
#2290 = CARTESIAN_POINT('', (7.460108537011407E+00,3.255738233443310E+00,3.577016202513595E+01));
#2291 = CARTESIAN_POINT('', (7.217363904569656E+00,3.483945919201057E+00,3.919734891179088E+01));
#2292 = CARTESIAN_POINT('', (7.038665192349232E+00,3.487485902416870E+00,4.273769812119368E+01));
#2293 = CARTESIAN_POINT('', (7.083116908492824E+00,3.391817152807823E+00,4.627828565481948E+01));
#2294 = CARTESIAN_POINT('', (7.127568624636416E+00,3.296148403198777E+00,4.981887318844529E+01));
#2295 = CARTESIAN_POINT('', (6.958664786743517E+00,3.339956864084049E+00,5.333249421914015E+01));
#2296 = CARTESIAN_POINT('', (7.038230605062424E+00,3.319574090466503E+00,5.680283098019486E+01));
#2297 = CARTESIAN_POINT('', (7.117796423381331E+00,3.299191316848957E+00,6.027316774124956E+01));
#2298 = CARTESIAN_POINT('', (7.358265428974000E+00,3.259706645569740E+00,6.366736035218377E+01));
#2299 = CARTESIAN_POINT('', (7.365397348252783E+00,3.297653659460498E+00,6.696586001259772E+01));
#2300 = CARTESIAN_POINT('', (7.372529267531567E+00,3.335600673351255E+00,7.026435967301165E+01));
#2301 = CARTESIAN_POINT('', (7.558235622564576E+00,3.299049491522247E+00,7.339889725804439E+01));
#2302 = CARTESIAN_POINT('', (7.641736709885999E+00,3.583063847575993E+00,7.613246339094967E+01));
#2303 = CARTESIAN_POINT('', (7.725237797207423E+00,3.867078203629740E+00,7.886602952385495E+01));
#2304 = CARTESIAN_POINT('', (7.620448800586745E+00,4.828485884281069E+00,8.144544892055860E+01));
#2305 = CARTESIAN_POINT('', (7.770309711862110E+00,4.907464801588608E+00,8.443345713401629E+01));
#2306 = CARTESIAN_POINT('', (7.920170623137474E+00,4.986443718896147E+00,8.742146534747397E+01));
#2307 = CARTESIAN_POINT('', (7.716608661878329E+00,5.038564511650209E+00,9.076952118109490E+01));
#2308 = CARTESIAN_POINT('', (7.678437073300934E+00,5.120377987749189E+00,9.422401641177129E+01));
#2309 = CARTESIAN_POINT('', (7.640265484723540E+00,5.202191463848167E+00,9.767851164244769E+01));
#2310 = CARTESIAN_POINT('', (7.821145832193669E+00,5.180546085155432E+00,1.011602131130103E+02));
#2311 = CARTESIAN_POINT('', (7.660798726287188E+00,5.307092133263215E+00,1.047594091545350E+02));
#2312 = CARTESIAN_POINT('', (7.500451620380708E+00,5.433638181370999E+00,1.083586051960597E+02));
#2313 = CARTESIAN_POINT('', (7.635450967811651E+00,5.531342050339017E+00,1.119822084043892E+02));
#2314 = CARTESIAN_POINT('', (7.631038001350451E+00,5.556990089999342E+00,1.155683137966413E+02));
#2315 = CARTESIAN_POINT('', (7.626625034889250E+00,5.582638129659668E+00,1.191544191888934E+02));
#2316 = CARTESIAN_POINT('', (7.490902838814888E+00,5.437388615405514E+00,1.226866112828311E+02));
#2317 = CARTESIAN_POINT('', (7.729234206915342E+00,5.389242095618695E+00,1.261923916648129E+02));
#2318 = CARTESIAN_POINT('', (7.967565575015795E+00,5.341095575831876E+00,1.296981720467947E+02));
#2319 = CARTESIAN_POINT('', (7.725496436564355E+00,5.338732937259151E+00,1.329710084351688E+02));
#2320 = CARTESIAN_POINT('', (7.709281739251222E+00,5.796747237422045E+00,1.358153002821258E+02));
#2321 = CARTESIAN_POINT('', (7.693067041938089E+00,6.254761537584939E+00,1.386595921290827E+02));
#2322 = CARTESIAN_POINT('', (8.056028734816675E+00,7.141256477730394E+00,1.415154892031803E+02));
#2323 = CARTESIAN_POINT('', (8.065531616643636E+00,7.180368422746082E+00,1.450328174859997E+02));
#2324 = CARTESIAN_POINT('', (8.075034498470595E+00,7.219480367761770E+00,1.485501457688192E+02));
#2325 = CARTESIAN_POINT('', (8.319279550741919E+00,7.072617385435080E+00,1.521951980942486E+02));
#2326 = CARTESIAN_POINT('', (8.499390352657453E+00,7.219203070187870E+00,1.555928502208588E+02));
#2327 = CARTESIAN_POINT('', (8.679501154572989E+00,7.365788754940660E+00,1.589905023474689E+02));
#2328 = CARTESIAN_POINT('', (8.655017170862164E+00,6.733607549853053E+00,1.614595602861656E+02));
#2329 = CARTESIAN_POINT('', (8.983429961419201E+00,5.821057510625240E+00,1.642676885683584E+02));
#2330 = CARTESIAN_POINT('', (9.311842751976238E+00,4.908507471397428E+00,1.670758168505511E+02));
#2331 = CARTESIAN_POINT('', (9.652156530864769E+00,5.845721385200658E+00,1.706716256642424E+02));
#2332 = CARTESIAN_POINT('', (9.809949602977499E+00,2.891086460270176E+00,1.727401403637049E+02));
#2333 = CARTESIAN_POINT('', (9.998893368386149E+00,4.062366657888416E+00,1.619909840973015E+01));
#2334 = CARTESIAN_POINT('', (1.001433233757699E+01,4.212818756598744E+00,1.939627881848603E+01));
#2335 = CARTESIAN_POINT('', (9.989917503596836E+00,4.236684957250247E+00,2.268884797026396E+01));
#2336 = CARTESIAN_POINT('', (9.958714572617101E+00,4.185526959078656E+00,2.607170391429405E+01));
#2337 = CARTESIAN_POINT('', (9.927511641637366E+00,4.134368960907064E+00,2.945455985832413E+01));
#2338 = CARTESIAN_POINT('', (9.924443369135410E+00,4.061095219362270E+00,3.291182072108558E+01));
#2339 = CARTESIAN_POINT('', (9.930996191204851E+00,4.008615354928780E+00,3.643392007561432E+01));
#2340 = CARTESIAN_POINT('', (9.937549013274291E+00,3.956135490495291E+00,3.995601943014307E+01));
#2341 = CARTESIAN_POINT('', (9.936181272671680E+00,3.942414456245523E+00,4.351975413944542E+01));
#2342 = CARTESIAN_POINT('', (9.936911085197618E+00,3.935700755253034E+00,4.710783922425218E+01));
#2343 = CARTESIAN_POINT('', (9.937640897723556E+00,3.928987054260546E+00,5.069592430905895E+01));
#2344 = CARTESIAN_POINT('', (9.939120039623626E+00,3.920809075339898E+00,5.427299628731979E+01));
#2345 = CARTESIAN_POINT('', (9.937747972045525E+00,3.920431810587023E+00,5.782176422187653E+01));
#2346 = CARTESIAN_POINT('', (9.936375904467424E+00,3.920054545834148E+00,6.137053215643328E+01));
#2347 = CARTESIAN_POINT('', (9.951214325071316E+00,3.947633499688544E+00,6.485858107173820E+01));
#2348 = CARTESIAN_POINT('', (9.993012680814715E+00,3.916517656501871E+00,6.826909593946635E+01));
#2349 = CARTESIAN_POINT('', (1.003481103655811E+01,3.885401813315199E+00,7.167961080719449E+01));
#2350 = CARTESIAN_POINT('', (1.008935351729749E+01,3.634269453146285E+00,7.479209297651553E+01));
#2351 = CARTESIAN_POINT('', (1.005049678641636E+01,4.202172088748689E+00,7.724987220801194E+01));
#2352 = CARTESIAN_POINT('', (1.001164005553522E+01,4.770074724351095E+00,7.970765143950834E+01));
#2353 = CARTESIAN_POINT('', (9.955502038660537E+00,6.272347398204090E+00,8.198960805485461E+01));
#2354 = CARTESIAN_POINT('', (1.000098887561780E+01,6.257904015115926E+00,8.492240802520590E+01));
#2355 = CARTESIAN_POINT('', (1.004647571257506E+01,6.243460632027762E+00,8.785520799555719E+01));
#2356 = CARTESIAN_POINT('', (1.000260090942138E+01,6.167280653822332E+00,9.120242762800306E+01));
#2357 = CARTESIAN_POINT('', (9.964573145786208E+00,6.174026107017363E+00,9.475952024844371E+01));
#2358 = CARTESIAN_POINT('', (9.926545382151035E+00,6.180771560212393E+00,9.831661286888435E+01));
#2359 = CARTESIAN_POINT('', (9.929824910745635E+00,6.051558400996877E+00,1.019548434150789E+02));
#2360 = CARTESIAN_POINT('', (9.933517112105591E+00,5.992505286998403E+00,1.056515691530645E+02));
#2361 = CARTESIAN_POINT('', (9.937209313465548E+00,5.933452172999929E+00,1.093482948910501E+02));
#2362 = CARTESIAN_POINT('', (9.940541411699394E+00,5.925357615547044E+00,1.130509928451831E+02));
#2363 = CARTESIAN_POINT('', (9.937418638803205E+00,5.922586882944213E+00,1.167324186434596E+02));
#2364 = CARTESIAN_POINT('', (9.934295865907016E+00,5.919816150341380E+00,1.204138444417361E+02));
#2365 = CARTESIAN_POINT('', (9.939009831378405E+00,5.920854932732675E+00,1.240173313728396E+02));
#2366 = CARTESIAN_POINT('', (9.986494391379614E+00,5.915067102855561E+00,1.275073669274982E+02));
#2367 = CARTESIAN_POINT('', (1.003397895138082E+01,5.909279272978448E+00,1.309974024821568E+02));
#2368 = CARTESIAN_POINT('', (1.008716606992938E+01,5.540964979229967E+00,1.341837795877579E+02));
#2369 = CARTESIAN_POINT('', (1.005400331146687E+01,6.074954035520051E+00,1.367712788539970E+02));
#2370 = CARTESIAN_POINT('', (1.002084055300435E+01,6.608943091810135E+00,1.393587781202361E+02));
#2371 = CARTESIAN_POINT('', (9.942057380003790E+00,8.272716691860058E+00,1.419865499823188E+02));
#2372 = CARTESIAN_POINT('', (1.000612679005337E+01,8.194529142370234E+00,1.456074276597446E+02));
#2373 = CARTESIAN_POINT('', (1.007019620010294E+01,8.116341592880410E+00,1.492283053371704E+02));
#2374 = CARTESIAN_POINT('', (9.966454734948991E+00,7.972003815196587E+00,1.531622214489188E+02));
#2375 = CARTESIAN_POINT('', (9.991861487721250E+00,8.294785110811521E+00,1.567365918042760E+02));
#2376 = CARTESIAN_POINT('', (1.001726824049351E+01,8.617566406426455E+00,1.603109621596331E+02));
#2377 = CARTESIAN_POINT('', (1.003147597635906E+01,7.733241235219039E+00,1.624362320294528E+02));
#2378 = CARTESIAN_POINT('', (9.984285314617928E+00,6.663163808823709E+00,1.651810801332827E+02));
#2379 = CARTESIAN_POINT('', (9.937094652876794E+00,5.593086382428380E+00,1.679259282371125E+02));
#2380 = CARTESIAN_POINT('', (1.010703638272147E+01,7.193840625255243E+00,1.716472894120346E+02));
#2381 = CARTESIAN_POINT('', (9.997208913864643E+00,3.274534224860627E+00,1.734821161940771E+02));
#2382 = (BOUNDED_SURFACE() B_SPLINE_SURFACE(3,3, ((#2186,#2187,#2188,#2189,#2190,#2191,#2192,#2193,#2194,#2195,#2196,#2197,#2198,#2199,#2200,#2201,#2202,#2203,#2204,#2205,#2206,#2207,#2208,#2209,#2210,#2211,#2212,#2213,#2214,#2215,#2216,#2217,#2218,#2219,#2220,#2221,#2222,#2223,#2224,#2225,#2226,#2227,#2228,#2229,#2230,#2231,#2232,#2233,#2234),(#2235,#2236,#2237,#2238,#2239,#2240,#2241,#2242,#2243,#2244,#2245,#2246,#2247,#2248,#2249,#2250,#2251,#2252,#2253,#2254,#2255,#2256,#2257,#2258,#2259,#2260,#2261,#2262,#2263,#2264,#2265,#2266,#2267,#2268,#2269,#2270,#2271,#2272,#2273,#2274,#2275,#2276,#2277,#2278,#2279,#2280,#2281,#2282,#2283),(#2284,#2285,#2286,#2287,#2288,#2289,#2290,#2291,#2292,#2293,#2294,#2295,#2296,#2297,#2298,#2299,#2300,#2301,#2302,#2303,#2304,#2305,#2306,#2307,#2308,#2309,#2310,#2311,#2312,#2313,#2314,#2315,#2316,#2317,#2318,#2319,#2320,#2321,#2322,#2323,#2324,#2325,#2326,#2327,#2328,#2329,#2330,#2331,#2332),(#2333,#2334,#2335,#2336,#2337,#2338,#2339,#2340,#2341,#2342,#2343,#2344,#2345,#2346,#2347,#2348,#2349,#2350,#2351,#2352,#2353,#2354,#2355,#2356,#2357,#2358,#2359,#2360,#2361,#2362,#2363,#2364,#2365,#2366,#2367,#2368,#2369,#2370,#2371,#2372,#2373,#2374,#2375,#2376,#2377,#2378,#2379,#2380,#2381)), .UNSPECIFIED., .F., .F., .T. )  B_SPLINE_SURFACE_WITH_KNOTS((4,4), (4,3,3,3,3,3,3,3,3,3,3,3,3,3,3,3,4), (0.000000000000000E+00,1.000000000000000E+00), (0.000000000000000E+00,6.250000000000000E-02,1.250000000000000E-01,1.875000000000000E-01,2.500000000000000E-01,3.125000000000000E-01,3.750000000000000E-01,4.375000000000000E-01,5.000000000000000E-01,5.625000000000000E-01,6.250000000000000E-01,6.875000000000000E-01,7.500000000000000E-01,8.125000000000000E-01,8.750000000000000E-01,9.375000000000000E-01,1.000000000000000E+00), .UNSPECIFIED.)GEOMETRIC_REPRESENTATION_ITEM() RATIONAL_B_SPLINE_SURFACE( ((1.000000000000000E+00,1.000000000000000E+00,1.000000000000000E+00,1.000000000000000E+00,1.000000000000000E+00,1.000000000000000E+00,1.000000000000000E+00,1.000000000000000E+00,1.000000000000000E+00,1.000000000000000E+00,1.000000000000000E+00,1.000000000000000E+00,1.000000000000000E+00,1.000000000000000E+00,1.000000000000000E+00,1.000000000000000E+00,1.000000000000000E+00,1.000000000000000E+00,1.000000000000000E+00,1.000000000000000E+00,1.000000000000000E+00,1.000000000000000E+00,1.000000000000000E+00,1.000000000000000E+00,1.000000000000000E+00,1.000000000000000E+00,1.000000000000000E+00,1.000000000000000E+00,1.000000000000000E+00,1.000000000000000E+00,1.000000000000000E+00,1.000000000000000E+00,1.000000000000000E+00,1.000000000000000E+00,1.000000000000000E+00,1.000000000000000E+00,1.000000000000000E+00,1.000000000000000E+00,1.000000000000000E+00,1.000000000000000E+00,1.000000000000000E+00,1.000000000000000E+00,1.000000000000000E+00,1.000000000000000E+00,1.000000000000000E+00,1.000000000000000E+00,1.000000000000000E+00,1.000000000000000E+00,1.000000000000000E+00),(1.000000000000000E+00,1.000000000000000E+00,1.000000000000000E+00,1.000000000000000E+00,1.000000000000000E+00,1.000000000000000E+00,1.000000000000000E+00,1.000000000000000E+00,1.000000000000000E+00,1.000000000000000E+00,1.000000000000000E+00,1.000000000000000E+00,1.000000000000000E+00,1.000000000000000E+00,1.000000000000000E+00,1.000000000000000E+00,1.000000000000000E+00,1.000000000000000E+00,1.000000000000000E+00,1.000000000000000E+00,1.000000000000000E+00,1.000000000000000E+00,1.000000000000000E+00,1.000000000000000E+00,1.000000000000000E+00,1.000000000000000E+00,1.000000000000000E+00,1.000000000000000E+00,1.000000000000000E+00,1.000000000000000E+00,1.000000000000000E+00,1.000000000000000E+00,1.000000000000000E+00,1.000000000000000E+00,1.000000000000000E+00,1.000000000000000E+00,1.000000000000000E+00,1.000000000000000E+00,1.000000000000000E+00,1.000000000000000E+00,1.000000000000000E+00,1.000000000000000E+00,1.000000000000000E+00,1.000000000000000E+00,1.000000000000000E+00,1.000000000000000E+00,1.000000000000000E+00,1.000000000000000E+00,1.000000000000000E+00),(1.000000000000000E+00,1.000000000000000E+00,1.000000000000000E+00,1.000000000000000E+00,1.000000000000000E+00,1.000000000000000E+00,1.000000000000000E+00,1.000000000000000E+00,1.000000000000000E+00,1.000000000000000E+00,1.000000000000000E+00,1.000000000000000E+00,1.000000000000000E+00,1.000000000000000E+00,1.000000000000000E+00,1.000000000000000E+00,1.000000000000000E+00,1.000000000000000E+00,1.000000000000000E+00,1.000000000000000E+00,1.000000000000000E+00,1.000000000000000E+00,1.000000000000000E+00,1.000000000000000E+00,1.000000000000000E+00,1.000000000000000E+00,1.000000000000000E+00,1.000000000000000E+00,1.000000000000000E+00,1.000000000000000E+00,1.000000000000000E+00,1.000000000000000E+00,1.000000000000000E+00,1.000000000000000E+00,1.000000000000000E+00,1.000000000000000E+00,1.000000000000000E+00,1.000000000000000E+00,1.000000000000000E+00,1.000000000000000E+00,1.000000000000000E+00,1.000000000000000E+00,1.000000000000000E+00,1.000000000000000E+00,1.000000000000000E+00,1.000000000000000E+00,1.000000000000000E+00,1.000000000000000E+00,1.000000000000000E+00),(1.000000000000000E+00,1.000000000000000E+00,1.000000000000000E+00,1.000000000000000E+00,1.000000000000000E+00,1.000000000000000E+00,1.000000000000000E+00,1.000000000000000E+00,1.000000000000000E+00,1.000000000000000E+00,1.000000000000000E+00,1.000000000000000E+00,1.000000000000000E+00,1.000000000000000E+00,1.000000000000000E+00,1.000000000000000E+00,1.000000000000000E+00,1.000000000000000E+00,1.000000000000000E+00,1.000000000000000E+00,1.000000000000000E+00,1.000000000000000E+00,1.000000000000000E+00,1.000000000000000E+00,1.000000000000000E+00,1.000000000000000E+00,1.000000000000000E+00,1.000000000000000E+00,1.000000000000000E+00,1.000000000000000E+00,1.000000000000000E+00,1.000000000000000E+00,1.000000000000000E+00,1.000000000000000E+00,1.000000000000000E+00,1.000000000000000E+00,1.000000000000000E+00,1.000000000000000E+00,1.000000000000000E+00,1.000000000000000E+00,1.000000000000000E+00,1.000000000000000E+00,1.000000000000000E+00,1.000000000000000E+00,1.000000000000000E+00,1.000000000000000E+00,1.000000000000000E+00,1.000000000000000E+00,1.000000000000000E+00))) REPRESENTATION_ITEM('') SURFACE());
#2383 = CARTESIAN_POINT('', (9.998893368386149E+00,4.062366657888416E+00,1.619909840973015E+01));
#2384 = VERTEX_POINT('', #2383);
#2385 = CARTESIAN_POINT('', (3.164837928808344E+00,2.303715029917035E-02,1.625451494569741E+01));
#2386 = CARTESIAN_POINT('', (4.060162703848421E+00,1.820319079550180E+00,1.656335831615585E+01));
#2387 = CARTESIAN_POINT('', (7.144090068304416E+00,2.918437436376122E+00,1.635842529580180E+01));
#2388 = CARTESIAN_POINT('', (9.998893368386149E+00,4.062366657888416E+00,1.619909840973015E+01));
#2389 = (BOUNDED_CURVE() B_SPLINE_CURVE(3,(#2385,#2386,#2387,#2388),.UNSPECIFIED.,.F.,.F.) B_SPLINE_CURVE_WITH_KNOTS((4,4),(0.000000000000000E+00,1.000000000000000E+00),.UNSPECIFIED.) CURVE() GEOMETRIC_REPRESENTATION_ITEM() RATIONAL_B_SPLINE_CURVE((1.000000000000000E+00,1.000000000000000E+00,1.000000000000000E+00,1.000000000000000E+00)) REPRESENTATION_ITEM(''));
#2390 = EDGE_CURVE('', #1731, #2384, #2389, .T.);
#2391 = ORIENTED_EDGE('', *,*, #2390, .F.);
#2392 = CARTESIAN_POINT('', (9.998893368386149E+00,4.062366657888416E+00,1.619909840973015E+01));
#2393 = CARTESIAN_POINT('', (1.001433233757699E+01,4.212818756598744E+00,1.939627881848603E+01));
#2394 = CARTESIAN_POINT('', (9.989917503596836E+00,4.236684957250247E+00,2.268884797026396E+01));
#2395 = CARTESIAN_POINT('', (9.958714572617101E+00,4.185526959078656E+00,2.607170391429405E+01));
#2396 = CARTESIAN_POINT('', (9.927511641637366E+00,4.134368960907064E+00,2.945455985832413E+01));
#2397 = CARTESIAN_POINT('', (9.924443369135410E+00,4.061095219362270E+00,3.291182072108558E+01));
#2398 = CARTESIAN_POINT('', (9.930996191204851E+00,4.008615354928780E+00,3.643392007561432E+01));
#2399 = CARTESIAN_POINT('', (9.937549013274291E+00,3.956135490495291E+00,3.995601943014307E+01));
#2400 = CARTESIAN_POINT('', (9.936181272671680E+00,3.942414456245523E+00,4.351975413944542E+01));
#2401 = CARTESIAN_POINT('', (9.936911085197618E+00,3.935700755253034E+00,4.710783922425218E+01));
#2402 = CARTESIAN_POINT('', (9.937640897723556E+00,3.928987054260546E+00,5.069592430905895E+01));
#2403 = CARTESIAN_POINT('', (9.939120039623626E+00,3.920809075339898E+00,5.427299628731979E+01));
#2404 = CARTESIAN_POINT('', (9.937747972045525E+00,3.920431810587023E+00,5.782176422187653E+01));
#2405 = CARTESIAN_POINT('', (9.936375904467424E+00,3.920054545834148E+00,6.137053215643328E+01));
#2406 = CARTESIAN_POINT('', (9.951214325071316E+00,3.947633499688544E+00,6.485858107173820E+01));
#2407 = CARTESIAN_POINT('', (9.993012680814715E+00,3.916517656501871E+00,6.826909593946635E+01));
#2408 = CARTESIAN_POINT('', (1.003481103655811E+01,3.885401813315199E+00,7.167961080719449E+01));
#2409 = CARTESIAN_POINT('', (1.008935351729749E+01,3.634269453146285E+00,7.479209297651553E+01));
#2410 = CARTESIAN_POINT('', (1.005049678641636E+01,4.202172088748689E+00,7.724987220801194E+01));
#2411 = CARTESIAN_POINT('', (1.001164005553522E+01,4.770074724351095E+00,7.970765143950834E+01));
#2412 = CARTESIAN_POINT('', (9.955502038660537E+00,6.272347398204090E+00,8.198960805485461E+01));
#2413 = CARTESIAN_POINT('', (1.000098887561780E+01,6.257904015115926E+00,8.492240802520590E+01));
#2414 = CARTESIAN_POINT('', (1.004647571257506E+01,6.243460632027762E+00,8.785520799555719E+01));
#2415 = CARTESIAN_POINT('', (1.000260090942138E+01,6.167280653822332E+00,9.120242762800306E+01));
#2416 = CARTESIAN_POINT('', (9.964573145786208E+00,6.174026107017363E+00,9.475952024844371E+01));
#2417 = CARTESIAN_POINT('', (9.926545382151035E+00,6.180771560212393E+00,9.831661286888435E+01));
#2418 = CARTESIAN_POINT('', (9.929824910745635E+00,6.051558400996877E+00,1.019548434150789E+02));
#2419 = CARTESIAN_POINT('', (9.933517112105591E+00,5.992505286998403E+00,1.056515691530645E+02));
#2420 = CARTESIAN_POINT('', (9.937209313465548E+00,5.933452172999929E+00,1.093482948910501E+02));
#2421 = CARTESIAN_POINT('', (9.940541411699394E+00,5.925357615547044E+00,1.130509928451831E+02));
#2422 = CARTESIAN_POINT('', (9.937418638803205E+00,5.922586882944213E+00,1.167324186434596E+02));
#2423 = CARTESIAN_POINT('', (9.934295865907016E+00,5.919816150341380E+00,1.204138444417361E+02));
#2424 = CARTESIAN_POINT('', (9.939009831378405E+00,5.920854932732675E+00,1.240173313728396E+02));
#2425 = CARTESIAN_POINT('', (9.986494391379614E+00,5.915067102855561E+00,1.275073669274982E+02));
#2426 = CARTESIAN_POINT('', (1.003397895138082E+01,5.909279272978448E+00,1.309974024821568E+02));
#2427 = CARTESIAN_POINT('', (1.008716606992938E+01,5.540964979229967E+00,1.341837795877579E+02));
#2428 = CARTESIAN_POINT('', (1.005400331146687E+01,6.074954035520051E+00,1.367712788539970E+02));
#2429 = CARTESIAN_POINT('', (1.002084055300435E+01,6.608943091810135E+00,1.393587781202361E+02));
#2430 = CARTESIAN_POINT('', (9.942057380003790E+00,8.272716691860058E+00,1.419865499823188E+02));
#2431 = CARTESIAN_POINT('', (1.000612679005337E+01,8.194529142370234E+00,1.456074276597446E+02));
#2432 = CARTESIAN_POINT('', (1.007019620010294E+01,8.116341592880410E+00,1.492283053371704E+02));
#2433 = CARTESIAN_POINT('', (9.966454734948991E+00,7.972003815196587E+00,1.531622214489188E+02));
#2434 = CARTESIAN_POINT('', (9.991861487721250E+00,8.294785110811521E+00,1.567365918042760E+02));
#2435 = CARTESIAN_POINT('', (1.001726824049351E+01,8.617566406426455E+00,1.603109621596331E+02));
#2436 = CARTESIAN_POINT('', (1.003147597635906E+01,7.733241235219039E+00,1.624362320294528E+02));
#2437 = CARTESIAN_POINT('', (9.984285314617928E+00,6.663163808823709E+00,1.651810801332827E+02));
#2438 = CARTESIAN_POINT('', (9.937094652876794E+00,5.593086382428380E+00,1.679259282371125E+02));
#2439 = CARTESIAN_POINT('', (1.010703638272147E+01,7.193840625255243E+00,1.716472894120346E+02));
#2440 = CARTESIAN_POINT('', (9.997208913864643E+00,3.274534224860627E+00,1.734821161940771E+02));
#2441 = (BOUNDED_CURVE() B_SPLINE_CURVE(3,(#2392,#2393,#2394,#2395,#2396,#2397,#2398,#2399,#2400,#2401,#2402,#2403,#2404,#2405,#2406,#2407,#2408,#2409,#2410,#2411,#2412,#2413,#2414,#2415,#2416,#2417,#2418,#2419,#2420,#2421,#2422,#2423,#2424,#2425,#2426,#2427,#2428,#2429,#2430,#2431,#2432,#2433,#2434,#2435,#2436,#2437,#2438,#2439,#2440),.UNSPECIFIED.,.F.,.F.) B_SPLINE_CURVE_WITH_KNOTS((4,3,3,3,3,3,3,3,3,3,3,3,3,3,3,3,4),(0.000000000000000E+00,6.250000000000000E-02,1.250000000000000E-01,1.875000000000000E-01,2.500000000000000E-01,3.125000000000000E-01,3.750000000000000E-01,4.375000000000000E-01,5.000000000000000E-01,5.625000000000000E-01,6.250000000000000E-01,6.875000000000000E-01,7.500000000000000E-01,8.125000000000000E-01,8.750000000000000E-01,9.375000000000000E-01,1.000000000000000E+00),.UNSPECIFIED.) CURVE() GEOMETRIC_REPRESENTATION_ITEM() RATIONAL_B_SPLINE_CURVE((1.000000000000000E+00,1.000000000000000E+00,1.000000000000000E+00,1.000000000000000E+00,1.000000000000000E+00,1.000000000000000E+00,1.000000000000000E+00,1.000000000000000E+00,1.000000000000000E+00,1.000000000000000E+00,1.000000000000000E+00,1.000000000000000E+00,1.000000000000000E+00,1.000000000000000E+00,1.000000000000000E+00,1.000000000000000E+00,1.000000000000000E+00,1.000000000000000E+00,1.000000000000000E+00,1.000000000000000E+00,1.000000000000000E+00,1.000000000000000E+00,1.000000000000000E+00,1.000000000000000E+00,1.000000000000000E+00,1.000000000000000E+00,1.000000000000000E+00,1.000000000000000E+00,1.000000000000000E+00,1.000000000000000E+00,1.000000000000000E+00,1.000000000000000E+00,1.000000000000000E+00,1.000000000000000E+00,1.000000000000000E+00,1.000000000000000E+00,1.000000000000000E+00,1.000000000000000E+00,1.000000000000000E+00,1.000000000000000E+00,1.000000000000000E+00,1.000000000000000E+00,1.000000000000000E+00,1.000000000000000E+00,1.000000000000000E+00,1.000000000000000E+00,1.000000000000000E+00,1.000000000000000E+00,1.000000000000000E+00)) REPRESENTATION_ITEM(''));
#2442 = EDGE_CURVE('', #2384, #1600, #2441, .T.);
#2443 = ORIENTED_EDGE('', *,*, #2442, .F.);
#2444 = ORIENTED_EDGE('', *,*, #1606, .T.);
#2445 = ORIENTED_EDGE('', *,*, #2127, .T.);
#2446 = EDGE_LOOP('', (#2391,#2443,#2444,#2445));
#2447 = FACE_OUTER_BOUND('', #2446, .T.);
#2448 = ADVANCED_FACE('', (#2447), #2382, .F.);
#2449 = CARTESIAN_POINT('', (3.164837928808344E+00,2.303715029917035E-02,1.625451494569741E+01));
#2450 = CARTESIAN_POINT('', (4.060162703848421E+00,1.820319079550180E+00,1.656335831615585E+01));
#2451 = CARTESIAN_POINT('', (7.144090068304416E+00,2.918437436376122E+00,1.635842529580180E+01));
#2452 = CARTESIAN_POINT('', (9.998893368386149E+00,4.062366657888416E+00,1.619909840973015E+01));
#2453 = CARTESIAN_POINT('', (1.787202654522850E+00,3.164122324510652E+00,1.219925698996096E+01));
#2454 = CARTESIAN_POINT('', (4.280613925061556E+00,3.240511872444578E+00,1.164258861812422E+01));
#2455 = CARTESIAN_POINT('', (7.095268461231694E+00,3.535410358609553E+00,1.128552459820831E+01));
#2456 = CARTESIAN_POINT('', (9.976676989625030E+00,3.783616699081704E+00,1.094050085514151E+01));
#2457 = CARTESIAN_POINT('', (2.156897889604029E+00,4.801911303918044E+00,5.449589499500625E+00));
#2458 = CARTESIAN_POINT('', (4.891227652325804E+00,4.204461676429491E+00,5.462719186099720E+00));
#2459 = CARTESIAN_POINT('', (7.371001550332735E+00,4.010232735789604E+00,5.506137442892178E+00));
#2460 = CARTESIAN_POINT('', (1.000728633833711E+01,3.809483995859778E+00,5.494608627711183E+00));
#2461 = CARTESIAN_POINT('', (2.265094294876344E+00,3.799506560241761E+00,7.361778872029187E-05));
#2462 = CARTESIAN_POINT('', (4.827925199014891E+00,3.799256668022813E+00,3.743214542313714E-05));
#2463 = CARTESIAN_POINT('', (7.403205917264818E+00,3.800049403936910E+00,1.982448985022465E-04));
#2464 = CARTESIAN_POINT('', (1.000008734740675E+01,3.799767220458968E+00,-8.728416226866968E-05));
#2465 = (BOUNDED_SURFACE() B_SPLINE_SURFACE(3,3, ((#2449,#2450,#2451,#2452),(#2453,#2454,#2455,#2456),(#2457,#2458,#2459,#2460),(#2461,#2462,#2463,#2464)), .UNSPECIFIED., .F., .F., .T. )  B_SPLINE_SURFACE_WITH_KNOTS((4,4), (4,4), (0.000000000000000E+00,1.000000000000000E+00), (0.000000000000000E+00,1.000000000000000E+00), .UNSPECIFIED.)GEOMETRIC_REPRESENTATION_ITEM() RATIONAL_B_SPLINE_SURFACE( ((1.000000000000000E+00,1.000000000000000E+00,1.000000000000000E+00,1.000000000000000E+00),(1.000000000000000E+00,1.000000000000000E+00,1.000000000000000E+00,1.000000000000000E+00),(1.000000000000000E+00,1.000000000000000E+00,1.000000000000000E+00,1.000000000000000E+00),(1.000000000000000E+00,1.000000000000000E+00,1.000000000000000E+00,1.000000000000000E+00))) REPRESENTATION_ITEM('') SURFACE());
#2466 = CARTESIAN_POINT('', (2.265094294876344E+00,3.799506560241761E+00,7.361778872029187E-05));
#2467 = VERTEX_POINT('', #2466);
#2468 = CARTESIAN_POINT('', (3.164837928808344E+00,2.303715029917035E-02,1.625451494569741E+01));
#2469 = CARTESIAN_POINT('', (1.787202654522850E+00,3.164122324510652E+00,1.219925698996096E+01));
#2470 = CARTESIAN_POINT('', (2.156897889604029E+00,4.801911303918044E+00,5.449589499500625E+00));
#2471 = CARTESIAN_POINT('', (2.265094294876344E+00,3.799506560241761E+00,7.361778872029187E-05));
#2472 = (BOUNDED_CURVE() B_SPLINE_CURVE(3,(#2468,#2469,#2470,#2471),.UNSPECIFIED.,.F.,.F.) B_SPLINE_CURVE_WITH_KNOTS((4,4),(0.000000000000000E+00,1.000000000000000E+00),.UNSPECIFIED.) CURVE() GEOMETRIC_REPRESENTATION_ITEM() RATIONAL_B_SPLINE_CURVE((1.000000000000000E+00,1.000000000000000E+00,1.000000000000000E+00,1.000000000000000E+00)) REPRESENTATION_ITEM(''));
#2473 = EDGE_CURVE('', #1731, #2467, #2472, .T.);
#2474 = ORIENTED_EDGE('', *,*, #2473, .F.);
#2475 = CARTESIAN_POINT('', (1.000000000000001E+01,3.799679517745972E+00,4.679623739817019E-15));
#2476 = VERTEX_POINT('', #2475);
#2477 = CARTESIAN_POINT('', (1.000008734740675E+01,3.799767220458968E+00,-8.728416226866968E-05));
#2478 = CARTESIAN_POINT('', (7.403205917264818E+00,3.800049403936910E+00,1.982448985022465E-04));
#2479 = CARTESIAN_POINT('', (4.827925199014891E+00,3.799256668022813E+00,3.743214542313714E-05));
#2480 = CARTESIAN_POINT('', (2.265094294876344E+00,3.799506560241761E+00,7.361778872029187E-05));
#2481 = (BOUNDED_CURVE() B_SPLINE_CURVE(3,(#2477,#2478,#2479,#2480),.UNSPECIFIED.,.F.,.F.) B_SPLINE_CURVE_WITH_KNOTS((4,4),(0.000000000000000E+00,1.000000000000000E+00),.UNSPECIFIED.) CURVE() GEOMETRIC_REPRESENTATION_ITEM() RATIONAL_B_SPLINE_CURVE((1.000000000000000E+00,1.000000000000000E+00,1.000000000000000E+00,1.000000000000000E+00)) REPRESENTATION_ITEM(''));
#2482 = EDGE_CURVE('', #2476, #2467, #2481, .T.);
#2483 = ORIENTED_EDGE('', *,*, #2482, .T.);
#2484 = CARTESIAN_POINT('', (1.000008734740675E+01,3.799767220458968E+00,-8.728416226866968E-05));
#2485 = CARTESIAN_POINT('', (1.000728633833711E+01,3.809483995859778E+00,5.494608627711183E+00));
#2486 = CARTESIAN_POINT('', (9.976676989625030E+00,3.783616699081704E+00,1.094050085514151E+01));
#2487 = CARTESIAN_POINT('', (9.998893368386149E+00,4.062366657888416E+00,1.619909840973015E+01));
#2488 = (BOUNDED_CURVE() B_SPLINE_CURVE(3,(#2484,#2485,#2486,#2487),.UNSPECIFIED.,.F.,.F.) B_SPLINE_CURVE_WITH_KNOTS((4,4),(0.000000000000000E+00,1.000000000000000E+00),.UNSPECIFIED.) CURVE() GEOMETRIC_REPRESENTATION_ITEM() RATIONAL_B_SPLINE_CURVE((1.000000000000000E+00,1.000000000000000E+00,1.000000000000000E+00,1.000000000000000E+00)) REPRESENTATION_ITEM(''));
#2489 = EDGE_CURVE('', #2476, #2384, #2488, .T.);
#2490 = ORIENTED_EDGE('', *,*, #2489, .F.);
#2491 = ORIENTED_EDGE('', *,*, #2390, .T.);
#2492 = EDGE_LOOP('', (#2474,#2483,#2490,#2491));
#2493 = FACE_OUTER_BOUND('', #2492, .T.);
#2494 = ADVANCED_FACE('', (#2493), #2465, .F.);
#2495 = CARTESIAN_POINT('', (3.164837928808344E+00,2.303715029917035E-02,1.625451494569741E+01));
#2496 = CARTESIAN_POINT('', (1.787202654522850E+00,3.164122324510652E+00,1.219925698996096E+01));
#2497 = CARTESIAN_POINT('', (2.156897889604029E+00,4.801911303918044E+00,5.449589499500625E+00));
#2498 = CARTESIAN_POINT('', (2.265094294876344E+00,3.799506560241761E+00,7.361778872029187E-05));
#2499 = CARTESIAN_POINT('', (2.850990590288407E+00,-1.776316234686027E-01,1.587982495999755E+01));
#2500 = CARTESIAN_POINT('', (1.357279738915094E+00,3.180634960029684E+00,1.225459839169315E+01));
#2501 = CARTESIAN_POINT('', (1.740016912839508E+00,4.880777782642820E+00,5.426670852398904E+00));
#2502 = CARTESIAN_POINT('', (1.918601159809459E+00,3.799507033549510E+00,8.671425793378919E-05));
#2503 = CARTESIAN_POINT('', (2.138762929216678E+00,-2.121718989511863E-01,1.549703674969468E+01));
#2504 = CARTESIAN_POINT('', (5.647241200517920E-01,3.369777480569681E+00,1.284053608932130E+01));
#2505 = CARTESIAN_POINT('', (1.810882448109035E+00,4.895883459271873E+00,4.925840367069138E+00));
#2506 = CARTESIAN_POINT('', (1.569757396265321E+00,3.799280547859866E+00,1.180112217408225E-04));
#2507 = CARTESIAN_POINT('', (1.659896441938681E+00,-2.286323661694205E-01,1.515329339024031E+01));
#2508 = CARTESIAN_POINT('', (2.218428066863882E-01,3.382501921334554E+00,1.332562960121381E+01));
#2509 = CARTESIAN_POINT('', (1.433127282381379E+00,5.057065577344380E+00,4.681957121768995E+00));
#2510 = CARTESIAN_POINT('', (1.208639945913923E+00,3.799288263009736E+00,-9.029124415351900E-05));
#2511 = (BOUNDED_SURFACE() B_SPLINE_SURFACE(3,3, ((#2495,#2496,#2497,#2498),(#2499,#2500,#2501,#2502),(#2503,#2504,#2505,#2506),(#2507,#2508,#2509,#2510)), .UNSPECIFIED., .F., .F., .T. )  B_SPLINE_SURFACE_WITH_KNOTS((4,4), (4,4), (0.000000000000000E+00,1.000000000000000E+00), (0.000000000000000E+00,1.000000000000000E+00), .UNSPECIFIED.)GEOMETRIC_REPRESENTATION_ITEM() RATIONAL_B_SPLINE_SURFACE( ((1.000000000000000E+00,1.000000000000000E+00,1.000000000000000E+00,1.000000000000000E+00),(1.000000000000000E+00,1.000000000000000E+00,1.000000000000000E+00,1.000000000000000E+00),(1.000000000000000E+00,1.000000000000000E+00,1.000000000000000E+00,1.000000000000000E+00),(1.000000000000000E+00,1.000000000000000E+00,1.000000000000000E+00,1.000000000000000E+00))) REPRESENTATION_ITEM('') SURFACE());
#2512 = ORIENTED_EDGE('', *,*, #1764, .F.);
#2513 = CARTESIAN_POINT('', (1.208639945913923E+00,3.799288263009736E+00,-9.029124415351900E-05));
#2514 = VERTEX_POINT('', #2513);
#2515 = CARTESIAN_POINT('', (1.659896441938681E+00,-2.286323661694205E-01,1.515329339024031E+01));
#2516 = CARTESIAN_POINT('', (2.218428066863882E-01,3.382501921334554E+00,1.332562960121381E+01));
#2517 = CARTESIAN_POINT('', (1.433127282381379E+00,5.057065577344380E+00,4.681957121768995E+00));
#2518 = CARTESIAN_POINT('', (1.208639945913923E+00,3.799288263009736E+00,-9.029124415351900E-05));
#2519 = (BOUNDED_CURVE() B_SPLINE_CURVE(3,(#2515,#2516,#2517,#2518),.UNSPECIFIED.,.F.,.F.) B_SPLINE_CURVE_WITH_KNOTS((4,4),(0.000000000000000E+00,1.000000000000000E+00),.UNSPECIFIED.) CURVE() GEOMETRIC_REPRESENTATION_ITEM() RATIONAL_B_SPLINE_CURVE((1.000000000000000E+00,1.000000000000000E+00,1.000000000000000E+00,1.000000000000000E+00)) REPRESENTATION_ITEM(''));
#2520 = EDGE_CURVE('', #1751, #2514, #2519, .T.);
#2521 = ORIENTED_EDGE('', *,*, #2520, .F.);
#2522 = CARTESIAN_POINT('', (2.265094294876344E+00,3.799506560241761E+00,7.361778872029187E-05));
#2523 = CARTESIAN_POINT('', (1.918601159809459E+00,3.799507033549510E+00,8.671425793378919E-05));
#2524 = CARTESIAN_POINT('', (1.569757396265321E+00,3.799280547859866E+00,1.180112217408225E-04));
#2525 = CARTESIAN_POINT('', (1.208639945913923E+00,3.799288263009736E+00,-9.029124415351900E-05));
#2526 = (BOUNDED_CURVE() B_SPLINE_CURVE(3,(#2522,#2523,#2524,#2525),.UNSPECIFIED.,.F.,.F.) B_SPLINE_CURVE_WITH_KNOTS((4,4),(0.000000000000000E+00,1.000000000000000E+00),.UNSPECIFIED.) CURVE() GEOMETRIC_REPRESENTATION_ITEM() RATIONAL_B_SPLINE_CURVE((1.000000000000000E+00,1.000000000000000E+00,1.000000000000000E+00,1.000000000000000E+00)) REPRESENTATION_ITEM(''));
#2527 = EDGE_CURVE('', #2467, #2514, #2526, .T.);
#2528 = ORIENTED_EDGE('', *,*, #2527, .T.);
#2529 = ORIENTED_EDGE('', *,*, #2473, .T.);
#2530 = EDGE_LOOP('', (#2512,#2521,#2528,#2529));
#2531 = FACE_OUTER_BOUND('', #2530, .T.);
#2532 = ADVANCED_FACE('', (#2531), #2511, .F.);
#2533 = CARTESIAN_POINT('', (2.953682048453011E+00,-7.905636337588901E+00,1.870592758828895E+02));
#2534 = CARTESIAN_POINT('', (2.680280483172507E+00,-7.971917977147527E+00,1.874099049982858E+02));
#2535 = CARTESIAN_POINT('', (2.336912759027564E+00,-8.099087447025788E+00,1.878100094708183E+02));
#2536 = CARTESIAN_POINT('', (2.112521377632119E+00,-8.293375287806954E+00,1.880556319362487E+02));
#2537 = CARTESIAN_POINT('', (1.341282014747408E+00,-8.310108706657502E+00,1.863451374124018E+02));
#2538 = CARTESIAN_POINT('', (1.228241583961115E+00,-8.354564843152744E+00,1.867096826538254E+02));
#2539 = CARTESIAN_POINT('', (1.101283204428777E+00,-8.445605539770275E+00,1.869489836377549E+02));
#2540 = CARTESIAN_POINT('', (1.001920630373302E+00,-8.581830937729499E+00,1.871931020182552E+02));
#2541 = CARTESIAN_POINT('', (-4.772600997427617E-01,-8.474534631106833E+00,1.862581015649703E+02));
#2542 = CARTESIAN_POINT('', (-4.886371648447045E-01,-8.545272749501025E+00,1.866448792167172E+02));
#2543 = CARTESIAN_POINT('', (-5.154149596383174E-01,-8.621696741362639E+00,1.869071898544177E+02));
#2544 = CARTESIAN_POINT('', (-5.559725033973080E-01,-8.769268484390636E+00,1.871284664120621E+02));
#2545 = CARTESIAN_POINT('', (-2.056280625711745E+00,-8.194871839802756E+00,1.860823071738824E+02));
#2546 = CARTESIAN_POINT('', (-2.009976334219391E+00,-8.269013936554218E+00,1.865843321820709E+02));
#2547 = CARTESIAN_POINT('', (-1.973839027240776E+00,-8.373778387569176E+00,1.871271946491282E+02));
#2548 = CARTESIAN_POINT('', (-1.970656524783700E+00,-8.479620655324824E+00,1.875835958140791E+02));
#2549 = (BOUNDED_SURFACE() B_SPLINE_SURFACE(3,3, ((#2533,#2534,#2535,#2536),(#2537,#2538,#2539,#2540),(#2541,#2542,#2543,#2544),(#2545,#2546,#2547,#2548)), .UNSPECIFIED., .F., .F., .T. )  B_SPLINE_SURFACE_WITH_KNOTS((4,4), (4,4), (0.000000000000000E+00,1.000000000000000E+00), (0.000000000000000E+00,1.000000000000000E+00), .UNSPECIFIED.)GEOMETRIC_REPRESENTATION_ITEM() RATIONAL_B_SPLINE_SURFACE( ((1.000000000000000E+00,1.000000000000000E+00,1.000000000000000E+00,1.000000000000000E+00),(1.000000000000000E+00,1.000000000000000E+00,1.000000000000000E+00,1.000000000000000E+00),(1.000000000000000E+00,1.000000000000000E+00,1.000000000000000E+00,1.000000000000000E+00),(1.000000000000000E+00,1.000000000000000E+00,1.000000000000000E+00,1.000000000000000E+00))) REPRESENTATION_ITEM('') SURFACE());
#2550 = CARTESIAN_POINT('', (2.953682048453011E+00,-7.905636337588901E+00,1.870592758828895E+02));
#2551 = VERTEX_POINT('', #2550);
#2552 = CARTESIAN_POINT('', (2.953682048453011E+00,-7.905636337588901E+00,1.870592758828895E+02));
#2553 = CARTESIAN_POINT('', (1.341282014747408E+00,-8.310108706657502E+00,1.863451374124018E+02));
#2554 = CARTESIAN_POINT('', (-4.772600997427617E-01,-8.474534631106833E+00,1.862581015649703E+02));
#2555 = CARTESIAN_POINT('', (-2.056280625711745E+00,-8.194871839802756E+00,1.860823071738824E+02));
#2556 = (BOUNDED_CURVE() B_SPLINE_CURVE(3,(#2552,#2553,#2554,#2555),.UNSPECIFIED.,.F.,.F.) B_SPLINE_CURVE_WITH_KNOTS((4,4),(0.000000000000000E+00,1.000000000000000E+00),.UNSPECIFIED.) CURVE() GEOMETRIC_REPRESENTATION_ITEM() RATIONAL_B_SPLINE_CURVE((1.000000000000000E+00,1.000000000000000E+00,1.000000000000000E+00,1.000000000000000E+00)) REPRESENTATION_ITEM(''));
#2557 = EDGE_CURVE('', #2551, #1461, #2556, .T.);
#2558 = ORIENTED_EDGE('', *,*, #2557, .F.);
#2559 = CARTESIAN_POINT('', (-1.970656524783700E+00,-8.479620655324824E+00,1.875835958140791E+02));
#2560 = VERTEX_POINT('', #2559);
#2561 = CARTESIAN_POINT('', (-2.056280625711745E+00,-8.194871839802756E+00,1.860823071738824E+02));
#2562 = CARTESIAN_POINT('', (-2.009976334219391E+00,-8.269013936554218E+00,1.865843321820709E+02));
#2563 = CARTESIAN_POINT('', (-1.973839027240776E+00,-8.373778387569176E+00,1.871271946491282E+02));
#2564 = CARTESIAN_POINT('', (-1.970656524783700E+00,-8.479620655324824E+00,1.875835958140791E+02));
#2565 = (BOUNDED_CURVE() B_SPLINE_CURVE(3,(#2561,#2562,#2563,#2564),.UNSPECIFIED.,.F.,.F.) B_SPLINE_CURVE_WITH_KNOTS((4,4),(0.000000000000000E+00,1.000000000000000E+00),.UNSPECIFIED.) CURVE() GEOMETRIC_REPRESENTATION_ITEM() RATIONAL_B_SPLINE_CURVE((1.000000000000000E+00,1.000000000000000E+00,1.000000000000000E+00,1.000000000000000E+00)) REPRESENTATION_ITEM(''));
#2566 = EDGE_CURVE('', #1461, #2560, #2565, .T.);
#2567 = ORIENTED_EDGE('', *,*, #2566, .F.);
#2568 = CARTESIAN_POINT('', (2.112521377632119E+00,-8.293375287806954E+00,1.880556319362487E+02));
#2569 = VERTEX_POINT('', #2568);
#2570 = CARTESIAN_POINT('', (-1.970656524783700E+00,-8.479620655324824E+00,1.875835958140791E+02));
#2571 = CARTESIAN_POINT('', (-5.559725033973080E-01,-8.769268484390636E+00,1.871284664120621E+02));
#2572 = CARTESIAN_POINT('', (1.001920630373302E+00,-8.581830937729499E+00,1.871931020182552E+02));
#2573 = CARTESIAN_POINT('', (2.112521377632119E+00,-8.293375287806954E+00,1.880556319362487E+02));
#2574 = (BOUNDED_CURVE() B_SPLINE_CURVE(3,(#2570,#2571,#2572,#2573),.UNSPECIFIED.,.F.,.F.) B_SPLINE_CURVE_WITH_KNOTS((4,4),(0.000000000000000E+00,1.000000000000000E+00),.UNSPECIFIED.) CURVE() GEOMETRIC_REPRESENTATION_ITEM() RATIONAL_B_SPLINE_CURVE((1.000000000000000E+00,1.000000000000000E+00,1.000000000000000E+00,1.000000000000000E+00)) REPRESENTATION_ITEM(''));
#2575 = EDGE_CURVE('', #2560, #2569, #2574, .T.);
#2576 = ORIENTED_EDGE('', *,*, #2575, .F.);
#2577 = CARTESIAN_POINT('', (2.112521377632119E+00,-8.293375287806954E+00,1.880556319362487E+02));
#2578 = CARTESIAN_POINT('', (2.336912759027564E+00,-8.099087447025788E+00,1.878100094708183E+02));
#2579 = CARTESIAN_POINT('', (2.680280483172507E+00,-7.971917977147527E+00,1.874099049982858E+02));
#2580 = CARTESIAN_POINT('', (2.953682048453011E+00,-7.905636337588901E+00,1.870592758828895E+02));
#2581 = (BOUNDED_CURVE() B_SPLINE_CURVE(3,(#2577,#2578,#2579,#2580),.UNSPECIFIED.,.F.,.F.) B_SPLINE_CURVE_WITH_KNOTS((4,4),(0.000000000000000E+00,1.000000000000000E+00),.UNSPECIFIED.) CURVE() GEOMETRIC_REPRESENTATION_ITEM() RATIONAL_B_SPLINE_CURVE((1.000000000000000E+00,1.000000000000000E+00,1.000000000000000E+00,1.000000000000000E+00)) REPRESENTATION_ITEM(''));
#2582 = EDGE_CURVE('', #2569, #2551, #2581, .T.);
#2583 = ORIENTED_EDGE('', *,*, #2582, .F.);
#2584 = EDGE_LOOP('', (#2558,#2567,#2576,#2583));
#2585 = FACE_OUTER_BOUND('', #2584, .T.);
#2586 = ADVANCED_FACE('', (#2585), #2549, .F.);
#2587 = CARTESIAN_POINT('', (7.363243205622418E+00,-6.777154010113566E+00,1.893236163668837E+02));
#2588 = CARTESIAN_POINT('', (7.695245145964363E+00,-7.744879006238058E+00,1.891818821077626E+02));
#2589 = CARTESIAN_POINT('', (8.177877803482074E+00,-8.789448217109369E+00,1.890161887512477E+02));
#2590 = CARTESIAN_POINT('', (8.575967690004839E+00,-9.819228387102505E+00,1.888696390437251E+02));
#2591 = CARTESIAN_POINT('', (8.597023561684539E+00,-9.873731547817856E+00,1.888619197767884E+02));
#2592 = CARTESIAN_POINT('', (8.618480879344308E+00,-9.936878613448405E+00,1.888512783733294E+02));
#2593 = CARTESIAN_POINT('', (8.639922080152731E+00,-9.999949182257554E+00,1.888406750338148E+02));
#2594 = CARTESIAN_POINT('', (7.718433514016451E+00,-6.807419558051768E+00,1.909912030240208E+02));
#2595 = CARTESIAN_POINT('', (7.747216816278107E+00,-7.831464817838568E+00,1.909340877268488E+02));
#2596 = CARTESIAN_POINT('', (7.906450166513176E+00,-8.811087459319017E+00,1.909277148037597E+02));
#2597 = CARTESIAN_POINT('', (8.088467327594522E+00,-9.796042913602815E+00,1.909104344842519E+02));
#2598 = CARTESIAN_POINT('', (8.097568185648589E+00,-9.845290686317005E+00,1.909095704682765E+02));
#2599 = CARTESIAN_POINT('', (8.136008634268965E+00,-9.938093919327709E+00,1.909230619191073E+02));
#2600 = CARTESIAN_POINT('', (8.166474202078200E+00,-1.001994786487632E+01,1.909401698260985E+02));
#2601 = CARTESIAN_POINT('', (7.807589507992581E+00,-7.071340047503410E+00,1.927237367388036E+02));
#2602 = CARTESIAN_POINT('', (7.771447375331515E+00,-8.054458140638763E+00,1.927245203999211E+02));
#2603 = CARTESIAN_POINT('', (7.842038427533057E+00,-8.969049528673970E+00,1.927855144399059E+02));
#2604 = CARTESIAN_POINT('', (7.901329916043511E+00,-9.918628153288619E+00,1.928766235061865E+02));
#2605 = CARTESIAN_POINT('', (7.904294490469034E+00,-9.966107084519352E+00,1.928811789595006E+02));
#2606 = CARTESIAN_POINT('', (7.861278506447638E+00,-9.967076203021193E+00,1.929109410760445E+02));
#2607 = CARTESIAN_POINT('', (7.826293127002654E+00,-9.979039724703306E+00,1.929370804432949E+02));
#2608 = CARTESIAN_POINT('', (8.277128407960019E+00,-7.132180983199163E+00,1.943732513805261E+02));
#2609 = CARTESIAN_POINT('', (8.235230271898995E+00,-7.993620184586254E+00,1.944925156703688E+02));
#2610 = CARTESIAN_POINT('', (8.255987752433812E+00,-8.926927655432353E+00,1.945774628988537E+02));
#2611 = CARTESIAN_POINT('', (8.253899343438128E+00,-9.860765488509220E+00,1.946269722570261E+02));
#2612 = CARTESIAN_POINT('', (8.253794922988343E+00,-9.907457380163063E+00,1.946294477249347E+02));
#2613 = CARTESIAN_POINT('', (8.253633387814732E+00,-9.954150597722482E+00,1.946318345981676E+02));
#2614 = CARTESIAN_POINT('', (8.253404050229030E+00,-1.000083622394908E+01,1.946341327366235E+02));
#2615 = (BOUNDED_SURFACE() B_SPLINE_SURFACE(3,3, ((#2587,#2588,#2589,#2590,#2591,#2592,#2593),(#2594,#2595,#2596,#2597,#2598,#2599,#2600),(#2601,#2602,#2603,#2604,#2605,#2606,#2607),(#2608,#2609,#2610,#2611,#2612,#2613,#2614)), .UNSPECIFIED., .F., .F., .T. )  B_SPLINE_SURFACE_WITH_KNOTS((4,4), (4,3,4), (0.000000000000000E+00,1.000000000000000E+00), (0.000000000000000E+00,9.523809523809523E-01,1.000000000000000E+00), .UNSPECIFIED.)GEOMETRIC_REPRESENTATION_ITEM() RATIONAL_B_SPLINE_SURFACE( ((1.000000000000000E+00,1.000000000000000E+00,1.000000000000000E+00,1.000000000000000E+00,1.000000000000000E+00,1.000000000000000E+00,1.000000000000000E+00),(1.000000000000000E+00,1.000000000000000E+00,1.000000000000000E+00,1.000000000000000E+00,1.000000000000000E+00,1.000000000000000E+00,1.000000000000000E+00),(1.000000000000000E+00,1.000000000000000E+00,1.000000000000000E+00,1.000000000000000E+00,1.000000000000000E+00,1.000000000000000E+00,1.000000000000000E+00),(1.000000000000000E+00,1.000000000000000E+00,1.000000000000000E+00,1.000000000000000E+00,1.000000000000000E+00,1.000000000000000E+00,1.000000000000000E+00))) REPRESENTATION_ITEM('') SURFACE());
#2616 = CARTESIAN_POINT('', (7.363243205622418E+00,-6.777154010113566E+00,1.893236163668837E+02));
#2617 = CARTESIAN_POINT('', (7.718433514016451E+00,-6.807419558051768E+00,1.909912030240208E+02));
#2618 = CARTESIAN_POINT('', (7.807589507992581E+00,-7.071340047503410E+00,1.927237367388036E+02));
#2619 = CARTESIAN_POINT('', (8.277128407960019E+00,-7.132180983199163E+00,1.943732513805261E+02));
#2620 = (BOUNDED_CURVE() B_SPLINE_CURVE(3,(#2616,#2617,#2618,#2619),.UNSPECIFIED.,.F.,.F.) B_SPLINE_CURVE_WITH_KNOTS((4,4),(0.000000000000000E+00,1.000000000000000E+00),.UNSPECIFIED.) CURVE() GEOMETRIC_REPRESENTATION_ITEM() RATIONAL_B_SPLINE_CURVE((1.000000000000000E+00,1.000000000000000E+00,1.000000000000000E+00,1.000000000000000E+00)) REPRESENTATION_ITEM(''));
#2621 = EDGE_CURVE('', #1273, #1529, #2620, .T.);
#2622 = ORIENTED_EDGE('', *,*, #2621, .F.);
#2623 = ORIENTED_EDGE('', *,*, #1535, .T.);
#2624 = CARTESIAN_POINT('', (8.639922080152731E+00,-9.999949182257554E+00,1.888406750338148E+02));
#2625 = VERTEX_POINT('', #2624);
#2626 = CARTESIAN_POINT('', (8.639922080152731E+00,-9.999949182257554E+00,1.888406750338148E+02));
#2627 = CARTESIAN_POINT('', (8.166474202078200E+00,-1.001994786487632E+01,1.909401698260985E+02));
#2628 = CARTESIAN_POINT('', (7.826293127002654E+00,-9.979039724703306E+00,1.929370804432949E+02));
#2629 = CARTESIAN_POINT('', (8.253404050229030E+00,-1.000083622394908E+01,1.946341327366235E+02));
#2630 = (BOUNDED_CURVE() B_SPLINE_CURVE(3,(#2626,#2627,#2628,#2629),.UNSPECIFIED.,.F.,.F.) B_SPLINE_CURVE_WITH_KNOTS((4,4),(0.000000000000000E+00,1.000000000000000E+00),.UNSPECIFIED.) CURVE() GEOMETRIC_REPRESENTATION_ITEM() RATIONAL_B_SPLINE_CURVE((1.000000000000000E+00,1.000000000000000E+00,1.000000000000000E+00,1.000000000000000E+00)) REPRESENTATION_ITEM(''));
#2631 = EDGE_CURVE('', #2625, #1520, #2630, .T.);
#2632 = ORIENTED_EDGE('', *,*, #2631, .T.);
#2633 = CARTESIAN_POINT('', (8.639922080152731E+00,-9.999949182257554E+00,1.888406750338148E+02));
#2634 = CARTESIAN_POINT('', (8.618480879344308E+00,-9.936878613448405E+00,1.888512783733294E+02));
#2635 = CARTESIAN_POINT('', (8.597023561684539E+00,-9.873731547817856E+00,1.888619197767884E+02));
#2636 = CARTESIAN_POINT('', (8.575967690004839E+00,-9.819228387102505E+00,1.888696390437251E+02));
#2637 = (BOUNDED_CURVE() B_SPLINE_CURVE(3,(#2633,#2634,#2635,#2636),.UNSPECIFIED.,.F.,.F.) B_SPLINE_CURVE_WITH_KNOTS((4,4),(0.000000000000000E+00,1.000000000000000E+00),.UNSPECIFIED.) CURVE() GEOMETRIC_REPRESENTATION_ITEM() RATIONAL_B_SPLINE_CURVE((1.000000000000000E+00,1.000000000000000E+00,1.000000000000000E+00,1.000000000000000E+00)) REPRESENTATION_ITEM(''));
#2638 = EDGE_CURVE('', #2625, #1685, #2637, .T.);
#2639 = ORIENTED_EDGE('', *,*, #2638, .F.);
#2640 = ORIENTED_EDGE('', *,*, #1691, .T.);
#2641 = EDGE_LOOP('', (#2622,#2623,#2632,#2639,#2640));
#2642 = FACE_OUTER_BOUND('', #2641, .T.);
#2643 = ADVANCED_FACE('', (#2642), #2615, .F.);
#2644 = CARTESIAN_POINT('', (7.363243205622418E+00,-6.777154010113566E+00,1.893236163668837E+02));
#2645 = CARTESIAN_POINT('', (7.718433514016451E+00,-6.807419558051768E+00,1.909912030240208E+02));
#2646 = CARTESIAN_POINT('', (7.807589507992581E+00,-7.071340047503410E+00,1.927237367388036E+02));
#2647 = CARTESIAN_POINT('', (8.277128407960019E+00,-7.132180983199163E+00,1.943732513805261E+02));
#2648 = CARTESIAN_POINT('', (7.160794836264244E+00,-5.845871746425235E+00,1.900298692496153E+02));
#2649 = CARTESIAN_POINT('', (7.720139965658218E+00,-6.030284328297636E+00,1.911218412939374E+02));
#2650 = CARTESIAN_POINT('', (7.838387830679679E+00,-6.398024195409292E+00,1.927153025374399E+02));
#2651 = CARTESIAN_POINT('', (8.302232237568344E+00,-6.617458519253558E+00,1.943018787949945E+02));
#2652 = CARTESIAN_POINT('', (7.114649326615462E+00,-4.700842640690890E+00,1.905124027621701E+02));
#2653 = CARTESIAN_POINT('', (7.797290200642571E+00,-5.177011138910975E+00,1.913122195816183E+02));
#2654 = CARTESIAN_POINT('', (7.997275381803140E+00,-5.656822919450587E+00,1.927731625769900E+02));
#2655 = CARTESIAN_POINT('', (8.384058371224690E+00,-6.163157975730408E+00,1.942323970082026E+02));
#2656 = CARTESIAN_POINT('', (7.606242189152083E+00,-3.796427655697463E+00,1.902716542897479E+02));
#2657 = CARTESIAN_POINT('', (8.114552025529012E+00,-4.400303925647784E+00,1.914089649300521E+02));
#2658 = CARTESIAN_POINT('', (8.254522790642110E+00,-5.017515870676115E+00,1.927504304775062E+02));
#2659 = CARTESIAN_POINT('', (8.512539537557755E+00,-5.743202821240994E+00,1.941334221367050E+02));
#2660 = (BOUNDED_SURFACE() B_SPLINE_SURFACE(3,3, ((#2644,#2645,#2646,#2647),(#2648,#2649,#2650,#2651),(#2652,#2653,#2654,#2655),(#2656,#2657,#2658,#2659)), .UNSPECIFIED., .F., .F., .T. )  B_SPLINE_SURFACE_WITH_KNOTS((4,4), (4,4), (0.000000000000000E+00,1.000000000000000E+00), (0.000000000000000E+00,1.000000000000000E+00), .UNSPECIFIED.)GEOMETRIC_REPRESENTATION_ITEM() RATIONAL_B_SPLINE_SURFACE( ((1.000000000000000E+00,1.000000000000000E+00,1.000000000000000E+00,1.000000000000000E+00),(1.000000000000000E+00,1.000000000000000E+00,1.000000000000000E+00,1.000000000000000E+00),(1.000000000000000E+00,1.000000000000000E+00,1.000000000000000E+00,1.000000000000000E+00),(1.000000000000000E+00,1.000000000000000E+00,1.000000000000000E+00,1.000000000000000E+00))) REPRESENTATION_ITEM('') SURFACE());
#2661 = CARTESIAN_POINT('', (7.363243205622418E+00,-6.777154010113566E+00,1.893236163668837E+02));
#2662 = CARTESIAN_POINT('', (7.160794836264244E+00,-5.845871746425235E+00,1.900298692496153E+02));
#2663 = CARTESIAN_POINT('', (7.114649326615462E+00,-4.700842640690890E+00,1.905124027621701E+02));
#2664 = CARTESIAN_POINT('', (7.606242189152083E+00,-3.796427655697463E+00,1.902716542897479E+02));
#2665 = (BOUNDED_CURVE() B_SPLINE_CURVE(3,(#2661,#2662,#2663,#2664),.UNSPECIFIED.,.F.,.F.) B_SPLINE_CURVE_WITH_KNOTS((4,4),(0.000000000000000E+00,1.000000000000000E+00),.UNSPECIFIED.) CURVE() GEOMETRIC_REPRESENTATION_ITEM() RATIONAL_B_SPLINE_CURVE((1.000000000000000E+00,1.000000000000000E+00,1.000000000000000E+00,1.000000000000000E+00)) REPRESENTATION_ITEM(''));
#2666 = EDGE_CURVE('', #1273, #1171, #2665, .T.);
#2667 = ORIENTED_EDGE('', *,*, #2666, .F.);
#2668 = ORIENTED_EDGE('', *,*, #1204, .F.);
#2669 = ORIENTED_EDGE('', *,*, #1542, .F.);
#2670 = ORIENTED_EDGE('', *,*, #2621, .T.);
#2671 = EDGE_LOOP('', (#2667,#2668,#2669,#2670));
#2672 = FACE_OUTER_BOUND('', #2671, .T.);
#2673 = ADVANCED_FACE('', (#2672), #2660, .F.);
#2674 = CARTESIAN_POINT('', (6.397260800538205E+00,-3.749358556382216E+00,1.903012604742042E+02));
#2675 = CARTESIAN_POINT('', (6.566510706070829E+00,-4.596768216974640E+00,1.904210166477604E+02));
#2676 = CARTESIAN_POINT('', (6.552785829146178E+00,-5.672213745759377E+00,1.898358732808198E+02));
#2677 = CARTESIAN_POINT('', (6.577437299800600E+00,-6.330548659981235E+00,1.890572021568968E+02));
#2678 = CARTESIAN_POINT('', (6.761197429039003E+00,-3.867740346291554E+00,1.899489647921519E+02));
#2679 = CARTESIAN_POINT('', (6.809880958713856E+00,-4.526378089028026E+00,1.903450695430411E+02));
#2680 = CARTESIAN_POINT('', (6.854159740068181E+00,-5.690652295525232E+00,1.897131297830081E+02));
#2681 = CARTESIAN_POINT('', (6.942252138055460E+00,-6.339213683199311E+00,1.889863008909830E+02));
#2682 = CARTESIAN_POINT('', (7.251378762214658E+00,-3.890833667293956E+00,1.899382430036459E+02));
#2683 = CARTESIAN_POINT('', (7.055537595166278E+00,-4.584069770212936E+00,1.903016861540242E+02));
#2684 = CARTESIAN_POINT('', (7.015460522398395E+00,-5.757667816343974E+00,1.897350055609207E+02));
#2685 = CARTESIAN_POINT('', (7.214681345339452E+00,-6.506679210033596E+00,1.890877345032143E+02));
#2686 = CARTESIAN_POINT('', (7.606242189152083E+00,-3.796427655697463E+00,1.902716542897479E+02));
#2687 = CARTESIAN_POINT('', (7.114649326615462E+00,-4.700842640690890E+00,1.905124027621701E+02));
#2688 = CARTESIAN_POINT('', (7.160794836264244E+00,-5.845871746425235E+00,1.900298692496153E+02));
#2689 = CARTESIAN_POINT('', (7.363243205622418E+00,-6.777154010113566E+00,1.893236163668837E+02));
#2690 = (BOUNDED_SURFACE() B_SPLINE_SURFACE(3,3, ((#2674,#2675,#2676,#2677),(#2678,#2679,#2680,#2681),(#2682,#2683,#2684,#2685),(#2686,#2687,#2688,#2689)), .UNSPECIFIED., .F., .F., .T. )  B_SPLINE_SURFACE_WITH_KNOTS((4,4), (4,4), (0.000000000000000E+00,1.000000000000000E+00), (0.000000000000000E+00,1.000000000000000E+00), .UNSPECIFIED.)GEOMETRIC_REPRESENTATION_ITEM() RATIONAL_B_SPLINE_SURFACE( ((1.000000000000000E+00,1.000000000000000E+00,1.000000000000000E+00,1.000000000000000E+00),(1.000000000000000E+00,1.000000000000000E+00,1.000000000000000E+00,1.000000000000000E+00),(1.000000000000000E+00,1.000000000000000E+00,1.000000000000000E+00,1.000000000000000E+00),(1.000000000000000E+00,1.000000000000000E+00,1.000000000000000E+00,1.000000000000000E+00))) REPRESENTATION_ITEM('') SURFACE());
#2691 = CARTESIAN_POINT('', (6.397260800538205E+00,-3.749358556382216E+00,1.903012604742042E+02));
#2692 = VERTEX_POINT('', #2691);
#2693 = CARTESIAN_POINT('', (6.397260800538205E+00,-3.749358556382216E+00,1.903012604742042E+02));
#2694 = CARTESIAN_POINT('', (6.761197429039003E+00,-3.867740346291554E+00,1.899489647921519E+02));
#2695 = CARTESIAN_POINT('', (7.251378762214658E+00,-3.890833667293956E+00,1.899382430036459E+02));
#2696 = CARTESIAN_POINT('', (7.606242189152083E+00,-3.796427655697463E+00,1.902716542897479E+02));
#2697 = (BOUNDED_CURVE() B_SPLINE_CURVE(3,(#2693,#2694,#2695,#2696),.UNSPECIFIED.,.F.,.F.) B_SPLINE_CURVE_WITH_KNOTS((4,4),(0.000000000000000E+00,1.000000000000000E+00),.UNSPECIFIED.) CURVE() GEOMETRIC_REPRESENTATION_ITEM() RATIONAL_B_SPLINE_CURVE((1.000000000000000E+00,1.000000000000000E+00,1.000000000000000E+00,1.000000000000000E+00)) REPRESENTATION_ITEM(''));
#2698 = EDGE_CURVE('', #2692, #1171, #2697, .T.);
#2699 = ORIENTED_EDGE('', *,*, #2698, .F.);
#2700 = ORIENTED_EDGE('', *,*, #2666, .T.);
#2701 = ORIENTED_EDGE('', *,*, #1306, .T.);
#2702 = CARTESIAN_POINT('', (6.397260800538205E+00,-3.749358556382216E+00,1.903012604742042E+02));
#2703 = CARTESIAN_POINT('', (6.566510706070829E+00,-4.596768216974640E+00,1.904210166477604E+02));
#2704 = CARTESIAN_POINT('', (6.552785829146178E+00,-5.672213745759377E+00,1.898358732808198E+02));
#2705 = CARTESIAN_POINT('', (6.577437299800600E+00,-6.330548659981235E+00,1.890572021568968E+02));
#2706 = (BOUNDED_CURVE() B_SPLINE_CURVE(3,(#2702,#2703,#2704,#2705),.UNSPECIFIED.,.F.,.F.) B_SPLINE_CURVE_WITH_KNOTS((4,4),(0.000000000000000E+00,1.000000000000000E+00),.UNSPECIFIED.) CURVE() GEOMETRIC_REPRESENTATION_ITEM() RATIONAL_B_SPLINE_CURVE((1.000000000000000E+00,1.000000000000000E+00,1.000000000000000E+00,1.000000000000000E+00)) REPRESENTATION_ITEM(''));
#2707 = EDGE_CURVE('', #2692, #1293, #2706, .T.);
#2708 = ORIENTED_EDGE('', *,*, #2707, .T.);
#2709 = EDGE_LOOP('', (#2699,#2700,#2701,#2708));
#2710 = FACE_OUTER_BOUND('', #2709, .T.);
#2711 = ADVANCED_FACE('', (#2710), #2690, .F.);
#2712 = CARTESIAN_POINT('', (6.397260800538205E+00,-3.749358556382216E+00,1.903012604742042E+02));
#2713 = CARTESIAN_POINT('', (6.761197429039003E+00,-3.867740346291554E+00,1.899489647921519E+02));
#2714 = CARTESIAN_POINT('', (7.251378762214658E+00,-3.890833667293956E+00,1.899382430036459E+02));
#2715 = CARTESIAN_POINT('', (7.606242189152083E+00,-3.796427655697463E+00,1.902716542897479E+02));
#2716 = CARTESIAN_POINT('', (7.060548190831519E+00,-1.433639660318185E+00,1.888174410549966E+02));
#2717 = CARTESIAN_POINT('', (7.219675279933005E+00,-1.650210564657559E+00,1.887939977322826E+02));
#2718 = CARTESIAN_POINT('', (7.594724658874176E+00,-1.879293791844325E+00,1.888599024581144E+02));
#2719 = CARTESIAN_POINT('', (7.827138531511650E+00,-1.879781429255406E+00,1.888435817563852E+02));
#2720 = CARTESIAN_POINT('', (7.261191119164770E+00,-2.141767971947144E-01,1.865569984522895E+02));
#2721 = CARTESIAN_POINT('', (7.389529891343730E+00,-3.937027304552027E-01,1.865568561000523E+02));
#2722 = CARTESIAN_POINT('', (7.425952002668722E+00,-2.841714197243990E-01,1.864652058761444E+02));
#2723 = CARTESIAN_POINT('', (7.619457668094205E+00,-3.118836064248051E-01,1.865332266568153E+02));
#2724 = CARTESIAN_POINT('', (7.710562006464037E+00,-5.095369400709491E-01,1.838245629554182E+02));
#2725 = CARTESIAN_POINT('', (7.760009908889497E+00,-6.598692174381416E-01,1.839176909944565E+02));
#2726 = CARTESIAN_POINT('', (7.867240945570996E+00,-8.340808169448267E-01,1.840452674066227E+02));
#2727 = CARTESIAN_POINT('', (8.006706737826454E+00,-9.292490831477047E-01,1.841523773325153E+02));
#2728 = (BOUNDED_SURFACE() B_SPLINE_SURFACE(3,3, ((#2712,#2713,#2714,#2715),(#2716,#2717,#2718,#2719),(#2720,#2721,#2722,#2723),(#2724,#2725,#2726,#2727)), .UNSPECIFIED., .F., .F., .T. )  B_SPLINE_SURFACE_WITH_KNOTS((4,4), (4,4), (0.000000000000000E+00,1.000000000000000E+00), (0.000000000000000E+00,1.000000000000000E+00), .UNSPECIFIED.)GEOMETRIC_REPRESENTATION_ITEM() RATIONAL_B_SPLINE_SURFACE( ((1.000000000000000E+00,1.000000000000000E+00,1.000000000000000E+00,1.000000000000000E+00),(1.000000000000000E+00,1.000000000000000E+00,1.000000000000000E+00,1.000000000000000E+00),(1.000000000000000E+00,1.000000000000000E+00,1.000000000000000E+00,1.000000000000000E+00),(1.000000000000000E+00,1.000000000000000E+00,1.000000000000000E+00,1.000000000000000E+00))) REPRESENTATION_ITEM('') SURFACE());
#2729 = CARTESIAN_POINT('', (6.397260800538205E+00,-3.749358556382216E+00,1.903012604742042E+02));
#2730 = CARTESIAN_POINT('', (7.060548190831519E+00,-1.433639660318185E+00,1.888174410549966E+02));
#2731 = CARTESIAN_POINT('', (7.261191119164770E+00,-2.141767971947144E-01,1.865569984522895E+02));
#2732 = CARTESIAN_POINT('', (7.710562006464037E+00,-5.095369400709491E-01,1.838245629554182E+02));
#2733 = (BOUNDED_CURVE() B_SPLINE_CURVE(3,(#2729,#2730,#2731,#2732),.UNSPECIFIED.,.F.,.F.) B_SPLINE_CURVE_WITH_KNOTS((4,4),(0.000000000000000E+00,1.000000000000000E+00),.UNSPECIFIED.) CURVE() GEOMETRIC_REPRESENTATION_ITEM() RATIONAL_B_SPLINE_CURVE((1.000000000000000E+00,1.000000000000000E+00,1.000000000000000E+00,1.000000000000000E+00)) REPRESENTATION_ITEM(''));
#2734 = EDGE_CURVE('', #2692, #1134, #2733, .T.);
#2735 = ORIENTED_EDGE('', *,*, #2734, .F.);
#2736 = CARTESIAN_POINT('', (8.006706737826454E+00,-9.292490831477047E-01,1.841523773325153E+02));
#2737 = CARTESIAN_POINT('', (7.867240945570996E+00,-8.340808169448267E-01,1.840452674066227E+02));
#2738 = CARTESIAN_POINT('', (7.760009908889497E+00,-6.598692174381416E-01,1.839176909944565E+02));
#2739 = CARTESIAN_POINT('', (7.710562006464037E+00,-5.095369400709491E-01,1.838245629554182E+02));
#2740 = (BOUNDED_CURVE() B_SPLINE_CURVE(3,(#2736,#2737,#2738,#2739),.UNSPECIFIED.,.F.,.F.) B_SPLINE_CURVE_WITH_KNOTS((4,4),(0.000000000000000E+00,1.000000000000000E+00),.UNSPECIFIED.) CURVE() GEOMETRIC_REPRESENTATION_ITEM() RATIONAL_B_SPLINE_CURVE((1.000000000000000E+00,1.000000000000000E+00,1.000000000000000E+00,1.000000000000000E+00)) REPRESENTATION_ITEM(''));
#2741 = EDGE_CURVE('', #1227, #1134, #2740, .T.);
#2742 = ORIENTED_EDGE('', *,*, #2741, .T.);
#2743 = ORIENTED_EDGE('', *,*, #1233, .T.);
#2744 = ORIENTED_EDGE('', *,*, #2698, .T.);
#2745 = EDGE_LOOP('', (#2735,#2742,#2743,#2744));
#2746 = FACE_OUTER_BOUND('', #2745, .T.);
#2747 = ADVANCED_FACE('', (#2746), #2728, .F.);
#2748 = CARTESIAN_POINT('', (6.397260800538205E+00,-3.749358556382216E+00,1.903012604742042E+02));
#2749 = CARTESIAN_POINT('', (7.060548190831519E+00,-1.433639660318185E+00,1.888174410549966E+02));
#2750 = CARTESIAN_POINT('', (7.261191119164770E+00,-2.141767971947144E-01,1.865569984522895E+02));
#2751 = CARTESIAN_POINT('', (7.710562006464037E+00,-5.095369400709491E-01,1.838245629554182E+02));
#2752 = CARTESIAN_POINT('', (4.856901024421855E+00,-1.628114972220126E+00,1.912492148078894E+02));
#2753 = CARTESIAN_POINT('', (5.013248601017880E+00,4.444073325647510E-01,1.892180095553310E+02));
#2754 = CARTESIAN_POINT('', (5.316834331069917E+00,1.884031890278513E+00,1.868974520534975E+02));
#2755 = CARTESIAN_POINT('', (6.501427245876386E+00,2.328362556330929E+00,1.843128516086399E+02));
#2756 = CARTESIAN_POINT('', (4.804845983536800E+00,6.150777868687121E-01,1.924952385701161E+02));
#2757 = CARTESIAN_POINT('', (4.614701772385167E+00,2.735722535567044E+00,1.900678173488646E+02));
#2758 = CARTESIAN_POINT('', (4.609327756952614E+00,4.327958245063052E+00,1.876198772024241E+02));
#2759 = CARTESIAN_POINT('', (5.997964918809997E+00,5.188836019263029E+00,1.851117097131063E+02));
#2760 = CARTESIAN_POINT('', (7.468473697081593E+00,1.622674036116460E+00,1.931008790531419E+02));
#2761 = CARTESIAN_POINT('', (6.764271326832511E+00,4.109817117237168E+00,1.907266011167298E+02));
#2762 = CARTESIAN_POINT('', (6.577440793454580E+00,5.862668524587878E+00,1.883081328723419E+02));
#2763 = CARTESIAN_POINT('', (7.228512022768934E+00,7.183733868795133E+00,1.857138527446814E+02));
#2764 = CARTESIAN_POINT('', (8.134380625467792E+00,1.874573098428397E+00,1.932522891738984E+02));
#2765 = CARTESIAN_POINT('', (7.301663715444347E+00,4.453340762654699E+00,1.908912970586961E+02));
#2766 = CARTESIAN_POINT('', (7.069469052580070E+00,6.246346094469083E+00,1.884801967898214E+02));
#2767 = CARTESIAN_POINT('', (7.663286874405268E+00,7.802913846005157E+00,1.859617561883698E+02));
#2768 = CARTESIAN_POINT('', (8.970017726005853E+00,2.049247378875266E+00,1.933636753397048E+02));
#2769 = CARTESIAN_POINT('', (8.576700447384413E+00,4.706359579730896E+00,1.909934514775086E+02));
#2770 = CARTESIAN_POINT('', (8.696456400173536E+00,6.069620762953295E+00,1.886192445910804E+02));
#2771 = CARTESIAN_POINT('', (8.883870692864832E+00,7.836056904739189E+00,1.861644581961469E+02));
#2772 = CARTESIAN_POINT('', (9.994562780245760E+00,2.125485226132569E+00,1.934203742270027E+02));
#2773 = CARTESIAN_POINT('', (9.962708967105289E+00,4.907415564190740E+00,1.910812317867436E+02));
#2774 = CARTESIAN_POINT('', (1.011820046569450E+01,6.002397582669524E+00,1.888296243278333E+02));
#2775 = CARTESIAN_POINT('', (9.999092516229997E+00,7.805393771385535E+00,1.862398809597169E+02));
#2776 = (BOUNDED_SURFACE() B_SPLINE_SURFACE(3,3, ((#2748,#2749,#2750,#2751),(#2752,#2753,#2754,#2755),(#2756,#2757,#2758,#2759),(#2760,#2761,#2762,#2763),(#2764,#2765,#2766,#2767),(#2768,#2769,#2770,#2771),(#2772,#2773,#2774,#2775)), .UNSPECIFIED., .F., .F., .T. )  B_SPLINE_SURFACE_WITH_KNOTS((4,3,4), (4,4), (0.000000000000000E+00,8.000000000000000E-01,1.000000000000000E+00), (0.000000000000000E+00,1.000000000000000E+00), .UNSPECIFIED.)GEOMETRIC_REPRESENTATION_ITEM() RATIONAL_B_SPLINE_SURFACE( ((1.000000000000000E+00,1.000000000000000E+00,1.000000000000000E+00,1.000000000000000E+00),(1.000000000000000E+00,1.000000000000000E+00,1.000000000000000E+00,1.000000000000000E+00),(1.000000000000000E+00,1.000000000000000E+00,1.000000000000000E+00,1.000000000000000E+00),(1.000000000000000E+00,1.000000000000000E+00,1.000000000000000E+00,1.000000000000000E+00),(1.000000000000000E+00,1.000000000000000E+00,1.000000000000000E+00,1.000000000000000E+00),(1.000000000000000E+00,1.000000000000000E+00,1.000000000000000E+00,1.000000000000000E+00),(1.000000000000000E+00,1.000000000000000E+00,1.000000000000000E+00,1.000000000000000E+00))) REPRESENTATION_ITEM('') SURFACE());
#2777 = CARTESIAN_POINT('', (9.994562780245760E+00,2.125485226132569E+00,1.934203742270027E+02));
#2778 = VERTEX_POINT('', #2777);
#2779 = CARTESIAN_POINT('', (6.397260800538205E+00,-3.749358556382216E+00,1.903012604742042E+02));
#2780 = CARTESIAN_POINT('', (4.471811080392768E+00,-1.097804076179603E+00,1.914862033913106E+02));
#2781 = CARTESIAN_POINT('', (4.871837509046228E+00,1.744295989846052E+00,1.931368797905133E+02));
#2782 = CARTESIAN_POINT('', (9.994562780245760E+00,2.125485226132569E+00,1.934203742270027E+02));
#2783 = (BOUNDED_CURVE() B_SPLINE_CURVE(3,(#2779,#2780,#2781,#2782),.UNSPECIFIED.,.F.,.F.) B_SPLINE_CURVE_WITH_KNOTS((4,4),(0.000000000000000E+00,1.000000000000000E+00),.UNSPECIFIED.) CURVE() GEOMETRIC_REPRESENTATION_ITEM() RATIONAL_B_SPLINE_CURVE((1.000000000000000E+00,1.000000000000000E+00,1.000000000000000E+00,1.000000000000000E+00)) REPRESENTATION_ITEM(''));
#2784 = EDGE_CURVE('', #2692, #2778, #2783, .T.);
#2785 = ORIENTED_EDGE('', *,*, #2784, .F.);
#2786 = CARTESIAN_POINT('', (9.994562780245760E+00,2.125485226132569E+00,1.934203742270027E+02));
#2787 = CARTESIAN_POINT('', (9.962708967105289E+00,4.907415564190740E+00,1.910812317867436E+02));
#2788 = CARTESIAN_POINT('', (1.011820046569450E+01,6.002397582669524E+00,1.888296243278333E+02));
#2789 = CARTESIAN_POINT('', (9.999092516229997E+00,7.805393771385535E+00,1.862398809597169E+02));
#2790 = (BOUNDED_CURVE() B_SPLINE_CURVE(3,(#2786,#2787,#2788,#2789),.UNSPECIFIED.,.F.,.F.) B_SPLINE_CURVE_WITH_KNOTS((4,4),(0.000000000000000E+00,1.000000000000000E+00),.UNSPECIFIED.) CURVE() GEOMETRIC_REPRESENTATION_ITEM() RATIONAL_B_SPLINE_CURVE((1.000000000000000E+00,1.000000000000000E+00,1.000000000000000E+00,1.000000000000000E+00)) REPRESENTATION_ITEM(''));
#2791 = EDGE_CURVE('', #2778, #1088, #2790, .T.);
#2792 = ORIENTED_EDGE('', *,*, #2791, .F.);
#2793 = ORIENTED_EDGE('', *,*, #1094, .F.);
#2794 = ORIENTED_EDGE('', *,*, #1147, .T.);
#2795 = ORIENTED_EDGE('', *,*, #2734, .T.);
#2796 = EDGE_LOOP('', (#2785,#2792,#2793,#2794,#2795));
#2797 = FACE_OUTER_BOUND('', #2796, .T.);
#2798 = ADVANCED_FACE('', (#2797), #2776, .F.);
#2799 = CARTESIAN_POINT('', (1.659896441938681E+00,-2.286323661694205E-01,1.515329339024031E+01));
#2800 = CARTESIAN_POINT('', (5.543845810016119E-01,-3.126476320951623E+00,1.251861026740966E+01));
#2801 = CARTESIAN_POINT('', (1.112139022601360E+00,-3.614780684559401E+00,5.354961823807140E+00));
#2802 = CARTESIAN_POINT('', (8.986356293095694E-01,-3.799334520030692E+00,-5.326387280600991E-05));
#2803 = CARTESIAN_POINT('', (4.051436277549388E+00,-1.946162140443319E+00,1.616440153977125E+01));
#2804 = CARTESIAN_POINT('', (3.685143904999679E+00,-3.210610603188687E+00,1.190407444614675E+01));
#2805 = CARTESIAN_POINT('', (4.028517147711614E+00,-3.603949988717364E+00,5.456130946715679E+00));
#2806 = CARTESIAN_POINT('', (3.924162345069687E+00,-3.799046535934309E+00,2.610412277292987E-04));
#2807 = CARTESIAN_POINT('', (7.215659214549599E+00,-3.348899774438541E+00,1.608373585712738E+01));
#2808 = CARTESIAN_POINT('', (6.926942952971427E+00,-3.573535987162862E+00,1.139877503102846E+01));
#2809 = CARTESIAN_POINT('', (6.961408590785413E+00,-3.691905900778731E+00,5.592642118550263E+00));
#2810 = CARTESIAN_POINT('', (6.956526495220690E+00,-3.800057076981802E+00,-1.033150544291533E-04));
#2811 = CARTESIAN_POINT('', (1.000023257510961E+01,-4.004153755695599E+00,1.607356832700762E+01));
#2812 = CARTESIAN_POINT('', (1.002662404949889E+01,-3.880989321988356E+00,1.101210556707352E+01));
#2813 = CARTESIAN_POINT('', (9.999017319636810E+00,-3.779216167474647E+00,5.575531477181286E+00));
#2814 = CARTESIAN_POINT('', (9.999806604811672E+00,-3.798817825064778E+00,1.930236582590770E-04));
#2815 = (BOUNDED_SURFACE() B_SPLINE_SURFACE(3,3, ((#2799,#2800,#2801,#2802),(#2803,#2804,#2805,#2806),(#2807,#2808,#2809,#2810),(#2811,#2812,#2813,#2814)), .UNSPECIFIED., .F., .F., .T. )  B_SPLINE_SURFACE_WITH_KNOTS((4,4), (4,4), (0.000000000000000E+00,1.000000000000000E+00), (0.000000000000000E+00,1.000000000000000E+00), .UNSPECIFIED.)GEOMETRIC_REPRESENTATION_ITEM() RATIONAL_B_SPLINE_SURFACE( ((1.000000000000000E+00,1.000000000000000E+00,1.000000000000000E+00,1.000000000000000E+00),(1.000000000000000E+00,1.000000000000000E+00,1.000000000000000E+00,1.000000000000000E+00),(1.000000000000000E+00,1.000000000000000E+00,1.000000000000000E+00,1.000000000000000E+00),(1.000000000000000E+00,1.000000000000000E+00,1.000000000000000E+00,1.000000000000000E+00))) REPRESENTATION_ITEM('') SURFACE());
#2816 = ORIENTED_EDGE('', *,*, #1757, .F.);
#2817 = CARTESIAN_POINT('', (1.000000000000001E+01,-3.799011468887329E+00,5.697731269719933E-16));
#2818 = VERTEX_POINT('', #2817);
#2819 = CARTESIAN_POINT('', (9.999806604811672E+00,-3.798817825064778E+00,1.930236582590770E-04));
#2820 = CARTESIAN_POINT('', (9.999017319636810E+00,-3.779216167474647E+00,5.575531477181286E+00));
#2821 = CARTESIAN_POINT('', (1.002662404949889E+01,-3.880989321988356E+00,1.101210556707352E+01));
#2822 = CARTESIAN_POINT('', (1.000023257510961E+01,-4.004153755695599E+00,1.607356832700762E+01));
#2823 = (BOUNDED_CURVE() B_SPLINE_CURVE(3,(#2819,#2820,#2821,#2822),.UNSPECIFIED.,.F.,.F.) B_SPLINE_CURVE_WITH_KNOTS((4,4),(0.000000000000000E+00,1.000000000000000E+00),.UNSPECIFIED.) CURVE() GEOMETRIC_REPRESENTATION_ITEM() RATIONAL_B_SPLINE_CURVE((1.000000000000000E+00,1.000000000000000E+00,1.000000000000000E+00,1.000000000000000E+00)) REPRESENTATION_ITEM(''));
#2824 = EDGE_CURVE('', #2818, #1742, #2823, .T.);
#2825 = ORIENTED_EDGE('', *,*, #2824, .T.);
#2826 = CARTESIAN_POINT('', (8.986356293095694E-01,-3.799334520030692E+00,-5.326387280600991E-05));
#2827 = VERTEX_POINT('', #2826);
#2828 = CARTESIAN_POINT('', (9.999806604811672E+00,-3.798817825064778E+00,1.930236582590770E-04));
#2829 = CARTESIAN_POINT('', (6.956526495220690E+00,-3.800057076981802E+00,-1.033150544291533E-04));
#2830 = CARTESIAN_POINT('', (3.924162345069687E+00,-3.799046535934309E+00,2.610412277292987E-04));
#2831 = CARTESIAN_POINT('', (8.986356293095694E-01,-3.799334520030692E+00,-5.326387280600991E-05));
#2832 = (BOUNDED_CURVE() B_SPLINE_CURVE(3,(#2828,#2829,#2830,#2831),.UNSPECIFIED.,.F.,.F.) B_SPLINE_CURVE_WITH_KNOTS((4,4),(0.000000000000000E+00,1.000000000000000E+00),.UNSPECIFIED.) CURVE() GEOMETRIC_REPRESENTATION_ITEM() RATIONAL_B_SPLINE_CURVE((1.000000000000000E+00,1.000000000000000E+00,1.000000000000000E+00,1.000000000000000E+00)) REPRESENTATION_ITEM(''));
#2833 = EDGE_CURVE('', #2818, #2827, #2832, .T.);
#2834 = ORIENTED_EDGE('', *,*, #2833, .F.);
#2835 = CARTESIAN_POINT('', (1.659896441938681E+00,-2.286323661694205E-01,1.515329339024031E+01));
#2836 = CARTESIAN_POINT('', (5.543845810016119E-01,-3.126476320951623E+00,1.251861026740966E+01));
#2837 = CARTESIAN_POINT('', (1.112139022601360E+00,-3.614780684559401E+00,5.354961823807140E+00));
#2838 = CARTESIAN_POINT('', (8.986356293095694E-01,-3.799334520030692E+00,-5.326387280600991E-05));
#2839 = (BOUNDED_CURVE() B_SPLINE_CURVE(3,(#2835,#2836,#2837,#2838),.UNSPECIFIED.,.F.,.F.) B_SPLINE_CURVE_WITH_KNOTS((4,4),(0.000000000000000E+00,1.000000000000000E+00),.UNSPECIFIED.) CURVE() GEOMETRIC_REPRESENTATION_ITEM() RATIONAL_B_SPLINE_CURVE((1.000000000000000E+00,1.000000000000000E+00,1.000000000000000E+00,1.000000000000000E+00)) REPRESENTATION_ITEM(''));
#2840 = EDGE_CURVE('', #1751, #2827, #2839, .T.);
#2841 = ORIENTED_EDGE('', *,*, #2840, .T.);
#2842 = EDGE_LOOP('', (#2816,#2825,#2834,#2841));
#2843 = FACE_OUTER_BOUND('', #2842, .T.);
#2844 = ADVANCED_FACE('', (#2843), #2815, .F.);
#2845 = CARTESIAN_POINT('', (-7.240073808600472E+00,-6.869073632345565E+00,1.889936751436715E+02));
#2846 = CARTESIAN_POINT('', (-8.028793693290817E+00,-6.694054852843003E+00,1.902230345883831E+02));
#2847 = CARTESIAN_POINT('', (-7.729772014642270E+00,-7.495041791354647E+00,1.925047715096139E+02));
#2848 = CARTESIAN_POINT('', (-8.243589244896233E+00,-7.532533501823453E+00,1.942707561637480E+02));
#2849 = CARTESIAN_POINT('', (-7.362579070177652E+00,-7.016994449588587E+00,1.889044492211198E+02));
#2850 = CARTESIAN_POINT('', (-7.992090712716852E+00,-6.882136700316225E+00,1.902281205170935E+02));
#2851 = CARTESIAN_POINT('', (-7.705877239447792E+00,-7.679387379111679E+00,1.924913877055406E+02));
#2852 = CARTESIAN_POINT('', (-8.240983219697467E+00,-7.668367444863204E+00,1.942866841105556E+02));
#2853 = CARTESIAN_POINT('', (-7.550423464245151E+00,-7.292183473503209E+00,1.888203979102620E+02));
#2854 = CARTESIAN_POINT('', (-7.795492681030845E+00,-7.202048421384189E+00,1.904494856038036E+02));
#2855 = CARTESIAN_POINT('', (-7.783552020016272E+00,-7.702968731686857E+00,1.923971928818022E+02));
#2856 = CARTESIAN_POINT('', (-8.239898401789052E+00,-7.813495790250808E+00,1.943065805311413E+02));
#2857 = CARTESIAN_POINT('', (-7.650925498208145E+00,-7.520921209601759E+00,1.888378800785135E+02));
#2858 = CARTESIAN_POINT('', (-7.812841722168052E+00,-7.422509331251174E+00,1.905101701300914E+02));
#2859 = CARTESIAN_POINT('', (-7.777876134821285E+00,-7.872834419172397E+00,1.924484508696028E+02));
#2860 = CARTESIAN_POINT('', (-8.240067418717096E+00,-7.965773163433287E+00,1.943290920006909E+02));
#2861 = CARTESIAN_POINT('', (-8.009956125504511E+00,-8.336906696362059E+00,1.889030429692712E+02));
#2862 = CARTESIAN_POINT('', (-7.882237886716880E+00,-8.304352970719108E+00,1.907529082352425E+02));
#2863 = CARTESIAN_POINT('', (-7.755172594041333E+00,-8.552297169114556E+00,1.926534828208049E+02));
#2864 = CARTESIAN_POINT('', (-8.240743486429269E+00,-8.574882656163201E+00,1.944191378788892E+02));
#2865 = CARTESIAN_POINT('', (-8.282901160989782E+00,-9.164437695973001E+00,1.890765945965943E+02));
#2866 = CARTESIAN_POINT('', (-7.965069157477351E+00,-9.160048893768931E+00,1.909889577516746E+02));
#2867 = CARTESIAN_POINT('', (-7.810225782826319E+00,-9.265945252478916E+00,1.928824422030792E+02));
#2868 = CARTESIAN_POINT('', (-8.261480911524789E+00,-9.298376593611136E+00,1.945510245405095E+02));
#2869 = CARTESIAN_POINT('', (-8.534600484738615E+00,-1.000064262013678E+01,1.892271398176190E+02));
#2870 = CARTESIAN_POINT('', (-8.095183120062250E+00,-1.002430988850974E+01,1.912277930579246E+02));
#2871 = CARTESIAN_POINT('', (-7.809543017223594E+00,-9.974652094377717E+00,1.931451065672048E+02));
#2872 = CARTESIAN_POINT('', (-8.285167856954608E+00,-9.998951004386756E+00,1.946381327974395E+02));
#2873 = (BOUNDED_SURFACE() B_SPLINE_SURFACE(3,3, ((#2845,#2846,#2847,#2848),(#2849,#2850,#2851,#2852),(#2853,#2854,#2855,#2856),(#2857,#2858,#2859,#2860),(#2861,#2862,#2863,#2864),(#2865,#2866,#2867,#2868),(#2869,#2870,#2871,#2872)), .UNSPECIFIED., .F., .F., .T. )  B_SPLINE_SURFACE_WITH_KNOTS((4,3,4), (4,4), (0.000000000000000E+00,2.000000000000000E-01,1.000000000000000E+00), (0.000000000000000E+00,1.000000000000000E+00), .UNSPECIFIED.)GEOMETRIC_REPRESENTATION_ITEM() RATIONAL_B_SPLINE_SURFACE( ((1.000000000000000E+00,1.000000000000000E+00,1.000000000000000E+00,1.000000000000000E+00),(1.000000000000000E+00,1.000000000000000E+00,1.000000000000000E+00,1.000000000000000E+00),(1.000000000000000E+00,1.000000000000000E+00,1.000000000000000E+00,1.000000000000000E+00),(1.000000000000000E+00,1.000000000000000E+00,1.000000000000000E+00,1.000000000000000E+00),(1.000000000000000E+00,1.000000000000000E+00,1.000000000000000E+00,1.000000000000000E+00),(1.000000000000000E+00,1.000000000000000E+00,1.000000000000000E+00,1.000000000000000E+00),(1.000000000000000E+00,1.000000000000000E+00,1.000000000000000E+00,1.000000000000000E+00))) REPRESENTATION_ITEM('') SURFACE());
#2874 = CARTESIAN_POINT('', (-7.650925498208145E+00,-7.520921209601759E+00,1.888378800785135E+02));
#2875 = VERTEX_POINT('', #2874);
#2876 = CARTESIAN_POINT('', (-7.240073808600472E+00,-6.869073632345565E+00,1.889936751436715E+02));
#2877 = VERTEX_POINT('', #2876);
#2878 = CARTESIAN_POINT('', (-7.650925498208145E+00,-7.520921209601759E+00,1.888378800785135E+02));
#2879 = CARTESIAN_POINT('', (-7.550423464245151E+00,-7.292183473503209E+00,1.888203979102620E+02));
#2880 = CARTESIAN_POINT('', (-7.362579070177652E+00,-7.016994449588587E+00,1.889044492211198E+02));
#2881 = CARTESIAN_POINT('', (-7.240073808600472E+00,-6.869073632345565E+00,1.889936751436715E+02));
#2882 = (BOUNDED_CURVE() B_SPLINE_CURVE(3,(#2878,#2879,#2880,#2881),.UNSPECIFIED.,.F.,.F.) B_SPLINE_CURVE_WITH_KNOTS((4,4),(0.000000000000000E+00,1.000000000000000E+00),.UNSPECIFIED.) CURVE() GEOMETRIC_REPRESENTATION_ITEM() RATIONAL_B_SPLINE_CURVE((1.000000000000000E+00,1.000000000000000E+00,1.000000000000000E+00,1.000000000000000E+00)) REPRESENTATION_ITEM(''));
#2883 = EDGE_CURVE('', #2875, #2877, #2882, .T.);
#2884 = ORIENTED_EDGE('', *,*, #2883, .T.);
#2885 = CARTESIAN_POINT('', (-8.534600484738615E+00,-1.000064262013678E+01,1.892271398176190E+02));
#2886 = VERTEX_POINT('', #2885);
#2887 = CARTESIAN_POINT('', (-8.534600484738615E+00,-1.000064262013678E+01,1.892271398176190E+02));
#2888 = CARTESIAN_POINT('', (-8.282901160989782E+00,-9.164437695973001E+00,1.890765945965943E+02));
#2889 = CARTESIAN_POINT('', (-8.009956125504511E+00,-8.336906696362059E+00,1.889030429692712E+02));
#2890 = CARTESIAN_POINT('', (-7.650925498208145E+00,-7.520921209601759E+00,1.888378800785135E+02));
#2891 = (BOUNDED_CURVE() B_SPLINE_CURVE(3,(#2887,#2888,#2889,#2890),.UNSPECIFIED.,.F.,.F.) B_SPLINE_CURVE_WITH_KNOTS((4,4),(0.000000000000000E+00,1.000000000000000E+00),.UNSPECIFIED.) CURVE() GEOMETRIC_REPRESENTATION_ITEM() RATIONAL_B_SPLINE_CURVE((1.000000000000000E+00,1.000000000000000E+00,1.000000000000000E+00,1.000000000000000E+00)) REPRESENTATION_ITEM(''));
#2892 = EDGE_CURVE('', #2886, #2875, #2891, .T.);
#2893 = ORIENTED_EDGE('', *,*, #2892, .T.);
#2894 = CARTESIAN_POINT('', (-8.285167856954608E+00,-9.998951004386756E+00,1.946381327974395E+02));
#2895 = VERTEX_POINT('', #2894);
#2896 = CARTESIAN_POINT('', (-8.285167856954608E+00,-9.998951004386756E+00,1.946381327974395E+02));
#2897 = CARTESIAN_POINT('', (-7.809543017223594E+00,-9.974652094377717E+00,1.931451065672048E+02));
#2898 = CARTESIAN_POINT('', (-8.095183120062250E+00,-1.002430988850974E+01,1.912277930579246E+02));
#2899 = CARTESIAN_POINT('', (-8.534600484738615E+00,-1.000064262013678E+01,1.892271398176190E+02));
#2900 = (BOUNDED_CURVE() B_SPLINE_CURVE(3,(#2896,#2897,#2898,#2899),.UNSPECIFIED.,.F.,.F.) B_SPLINE_CURVE_WITH_KNOTS((4,4),(0.000000000000000E+00,1.000000000000000E+00),.UNSPECIFIED.) CURVE() GEOMETRIC_REPRESENTATION_ITEM() RATIONAL_B_SPLINE_CURVE((1.000000000000000E+00,1.000000000000000E+00,1.000000000000000E+00,1.000000000000000E+00)) REPRESENTATION_ITEM(''));
#2901 = EDGE_CURVE('', #2895, #2886, #2900, .T.);
#2902 = ORIENTED_EDGE('', *,*, #2901, .T.);
#2903 = CARTESIAN_POINT('', (-8.243589244896233E+00,-7.532533501823453E+00,1.942707561637480E+02));
#2904 = VERTEX_POINT('', #2903);
#2905 = CARTESIAN_POINT('', (-8.285167856954608E+00,-9.998951004386756E+00,1.946381327974395E+02));
#2906 = CARTESIAN_POINT('', (-8.255559175167335E+00,-9.123232990917232E+00,1.945292474762770E+02));
#2907 = CARTESIAN_POINT('', (-8.230559118902400E+00,-8.211703217022210E+00,1.943503958977859E+02));
#2908 = CARTESIAN_POINT('', (-8.243589244896233E+00,-7.532533501823453E+00,1.942707561637480E+02));
#2909 = (BOUNDED_CURVE() B_SPLINE_CURVE(3,(#2905,#2906,#2907,#2908),.UNSPECIFIED.,.F.,.F.) B_SPLINE_CURVE_WITH_KNOTS((4,4),(0.000000000000000E+00,1.000000000000000E+00),.UNSPECIFIED.) CURVE() GEOMETRIC_REPRESENTATION_ITEM() RATIONAL_B_SPLINE_CURVE((1.000000000000000E+00,1.000000000000000E+00,1.000000000000000E+00,1.000000000000000E+00)) REPRESENTATION_ITEM(''));
#2910 = EDGE_CURVE('', #2895, #2904, #2909, .T.);
#2911 = ORIENTED_EDGE('', *,*, #2910, .F.);
#2912 = CARTESIAN_POINT('', (-7.240073808600472E+00,-6.869073632345565E+00,1.889936751436715E+02));
#2913 = CARTESIAN_POINT('', (-8.028793693290817E+00,-6.694054852843003E+00,1.902230345883831E+02));
#2914 = CARTESIAN_POINT('', (-7.729772014642270E+00,-7.495041791354647E+00,1.925047715096139E+02));
#2915 = CARTESIAN_POINT('', (-8.243589244896233E+00,-7.532533501823453E+00,1.942707561637480E+02));
#2916 = (BOUNDED_CURVE() B_SPLINE_CURVE(3,(#2912,#2913,#2914,#2915),.UNSPECIFIED.,.F.,.F.) B_SPLINE_CURVE_WITH_KNOTS((4,4),(0.000000000000000E+00,1.000000000000000E+00),.UNSPECIFIED.) CURVE() GEOMETRIC_REPRESENTATION_ITEM() RATIONAL_B_SPLINE_CURVE((1.000000000000000E+00,1.000000000000000E+00,1.000000000000000E+00,1.000000000000000E+00)) REPRESENTATION_ITEM(''));
#2917 = EDGE_CURVE('', #2877, #2904, #2916, .T.);
#2918 = ORIENTED_EDGE('', *,*, #2917, .T.);
#2919 = EDGE_LOOP('', (#2884,#2893,#2902,#2911,#2918));
#2920 = FACE_OUTER_BOUND('', #2919, .T.);
#2921 = ADVANCED_FACE('', (#2920), #2873, .F.);
#2922 = CARTESIAN_POINT('', (8.126924231423292E-04,1.000000000000012E+01,8.785831995357705E+01));
#2923 = DIRECTION('', (0.000000000000000E+00,1.000000000000000E+00,0.000000000000000E+00));
#2924 = DIRECTION('', (0.000000000000000E+00,0.000000000000000E+00,1.000000000000000E+00));
#2925 = AXIS2_PLACEMENT_3D('', #2922, #2923, #2924);
#2926 = PLANE('', #2925);
#2927 = CARTESIAN_POINT('', (-9.999999902966726E+00,1.000000000000002E+01,1.838227996826172E+02));
#2928 = VERTEX_POINT('', #2927);
#2929 = CARTESIAN_POINT('', (-6.484241911899129E+00,1.000037269658245E+01,1.817116617197793E+02));
#2930 = VERTEX_POINT('', #2929);
#2931 = CARTESIAN_POINT('', (-9.999879879467031E+00,1.000012646547276E+01,1.838229272327597E+02));
#2932 = CARTESIAN_POINT('', (-8.654459440855124E+00,1.000181471280466E+01,1.831564454338535E+02));
#2933 = CARTESIAN_POINT('', (-7.457658998270994E+00,9.997369022059456E+00,1.824446717759976E+02));
#2934 = CARTESIAN_POINT('', (-6.484241911899129E+00,1.000037269658245E+01,1.817116617197793E+02));
#2935 = (BOUNDED_CURVE() B_SPLINE_CURVE(3,(#2931,#2932,#2933,#2934),.UNSPECIFIED.,.F.,.F.) B_SPLINE_CURVE_WITH_KNOTS((4,4),(0.000000000000000E+00,1.000000000000000E+00),.UNSPECIFIED.) CURVE() GEOMETRIC_REPRESENTATION_ITEM() RATIONAL_B_SPLINE_CURVE((1.000000000000000E+00,1.000000000000000E+00,1.000000000000000E+00,1.000000000000000E+00)) REPRESENTATION_ITEM(''));
#2936 = EDGE_CURVE('', #2928, #2930, #2935, .T.);
#2937 = ORIENTED_EDGE('', *,*, #2936, .F.);
#2938 = CARTESIAN_POINT('', (3.710349798202515E-01,1.000000000000002E+01,1.644057769775391E+02));
#2939 = VERTEX_POINT('', #2938);
#2940 = CARTESIAN_POINT('', (3.779172860215900E-01,1.000104111114079E+01,1.643988946669535E+02));
#2941 = CARTESIAN_POINT('', (-3.116872001365661E+00,1.002934457089156E+01,1.648546971552780E+02));
#2942 = CARTESIAN_POINT('', (-4.210823113229718E+00,9.955229052323368E+00,1.683877022837800E+02));
#2943 = CARTESIAN_POINT('', (-4.022362403603625E+00,1.000373638587995E+01,1.725551495755869E+02));
#2944 = CARTESIAN_POINT('', (-3.833901693977530E+00,1.005224371943653E+01,1.767225968673938E+02));
#2945 = CARTESIAN_POINT('', (-4.075276790156286E+00,9.935054995697975E+00,1.794450102653501E+02));
#2946 = CARTESIAN_POINT('', (-6.484241911899129E+00,1.000037269658245E+01,1.817116617197793E+02));
#2947 = (BOUNDED_CURVE() B_SPLINE_CURVE(3,(#2940,#2941,#2942,#2943,#2944,#2945,#2946),.UNSPECIFIED.,.F.,.F.) B_SPLINE_CURVE_WITH_KNOTS((4,3,4),(0.000000000000000E+00,5.000000000000000E-01,1.000000000000000E+00),.UNSPECIFIED.) CURVE() GEOMETRIC_REPRESENTATION_ITEM() RATIONAL_B_SPLINE_CURVE((1.000000000000000E+00,1.000000000000000E+00,1.000000000000000E+00,1.000000000000000E+00,1.000000000000000E+00,1.000000000000000E+00,1.000000000000000E+00)) REPRESENTATION_ITEM(''));
#2948 = EDGE_CURVE('', #2939, #2930, #2947, .T.);
#2949 = ORIENTED_EDGE('', *,*, #2948, .T.);
#2950 = CARTESIAN_POINT('', (3.779172860215900E-01,1.000104111114079E+01,1.643988946669535E+02));
#2951 = CARTESIAN_POINT('', (3.718856576257160E+00,1.002939797204409E+01,1.657637322321791E+02));
#2952 = CARTESIAN_POINT('', (4.206626558731862E+00,9.947040859260374E+00,1.697200187116968E+02));
#2953 = CARTESIAN_POINT('', (4.006065993457347E+00,9.997371021307012E+00,1.738651561217896E+02));
#2954 = CARTESIAN_POINT('', (3.805505428182832E+00,1.004770118335365E+01,1.780102935318824E+02));
#2955 = CARTESIAN_POINT('', (4.828014867711170E+00,9.969063103073850E+00,1.808387968046906E+02));
#2956 = CARTESIAN_POINT('', (7.666341989304597E+00,1.000000725642425E+01,1.826844127769398E+02));
#2957 = (BOUNDED_CURVE() B_SPLINE_CURVE(3,(#2950,#2951,#2952,#2953,#2954,#2955,#2956),.UNSPECIFIED.,.F.,.F.) B_SPLINE_CURVE_WITH_KNOTS((4,3,4),(0.000000000000000E+00,5.000000000000000E-01,1.000000000000000E+00),.UNSPECIFIED.) CURVE() GEOMETRIC_REPRESENTATION_ITEM() RATIONAL_B_SPLINE_CURVE((1.000000000000000E+00,1.000000000000000E+00,1.000000000000000E+00,1.000000000000000E+00,1.000000000000000E+00,1.000000000000000E+00,1.000000000000000E+00)) REPRESENTATION_ITEM(''));
#2958 = EDGE_CURVE('', #2939, #1043, #2957, .T.);
#2959 = ORIENTED_EDGE('', *,*, #2958, .F.);
#2960 = ORIENTED_EDGE('', *,*, #1049, .T.);
#2961 = CARTESIAN_POINT('', (1.000000000000001E+01,1.000000000000002E+01,-3.193545101731514E-15));
#2962 = VERTEX_POINT('', #2961);
#2963 = CARTESIAN_POINT('', (1.000000021500900E+01,9.999999513913403E+00,4.192439203407470E-07));
#2964 = CARTESIAN_POINT('', (1.000028468397426E+01,9.999660081509450E+00,6.127966529225789E+01));
#2965 = CARTESIAN_POINT('', (9.999356952058122E+00,1.000067644866739E+01,1.225593301651943E+02));
#2966 = CARTESIAN_POINT('', (1.000020725707040E+01,9.999792233877043E+00,1.838389950380422E+02));
#2967 = (BOUNDED_CURVE() B_SPLINE_CURVE(3,(#2963,#2964,#2965,#2966),.UNSPECIFIED.,.F.,.F.) B_SPLINE_CURVE_WITH_KNOTS((4,4),(0.000000000000000E+00,1.000000000000000E+00),.UNSPECIFIED.) CURVE() GEOMETRIC_REPRESENTATION_ITEM() RATIONAL_B_SPLINE_CURVE((1.000000000000000E+00,1.000000000000000E+00,1.000000000000000E+00,1.000000000000000E+00)) REPRESENTATION_ITEM(''));
#2968 = EDGE_CURVE('', #2962, #1034, #2967, .T.);
#2969 = ORIENTED_EDGE('', *,*, #2968, .T.);
#2970 = CARTESIAN_POINT('', (-9.999999963137745E+00,1.000000000000002E+01,-3.200627407179087E-15));
#2971 = VERTEX_POINT('', #2970);
#2972 = CARTESIAN_POINT('', (-1.000000075092987E+01,9.999999051202019E+00,-6.090631762215940E-07));
#2973 = CARTESIAN_POINT('', (-3.333333762283538E+00,1.000000083962902E+01,8.954722824222128E-07));
#2974 = CARTESIAN_POINT('', (3.333333226362754E+00,1.000000008817534E+01,-7.727220615276082E-07));
#2975 = CARTESIAN_POINT('', (1.000000021500900E+01,9.999999513913403E+00,4.192439203407470E-07));
#2976 = (BOUNDED_CURVE() B_SPLINE_CURVE(3,(#2972,#2973,#2974,#2975),.UNSPECIFIED.,.F.,.F.) B_SPLINE_CURVE_WITH_KNOTS((4,4),(0.000000000000000E+00,1.000000000000000E+00),.UNSPECIFIED.) CURVE() GEOMETRIC_REPRESENTATION_ITEM() RATIONAL_B_SPLINE_CURVE((1.000000000000000E+00,1.000000000000000E+00,1.000000000000000E+00,1.000000000000000E+00)) REPRESENTATION_ITEM(''));
#2977 = EDGE_CURVE('', #2971, #2962, #2976, .T.);
#2978 = ORIENTED_EDGE('', *,*, #2977, .T.);
#2979 = CARTESIAN_POINT('', (-9.999879879467031E+00,1.000012646547276E+01,1.838229272327597E+02));
#2980 = CARTESIAN_POINT('', (-1.000021078668126E+01,9.999586115719504E+00,1.225486179521009E+02));
#2981 = CARTESIAN_POINT('', (-9.999916824743607E+00,1.000024145504138E+01,6.127430867149543E+01));
#2982 = CARTESIAN_POINT('', (-1.000000075092987E+01,9.999999051202019E+00,-6.090631762215940E-07));
#2983 = (BOUNDED_CURVE() B_SPLINE_CURVE(3,(#2979,#2980,#2981,#2982),.UNSPECIFIED.,.F.,.F.) B_SPLINE_CURVE_WITH_KNOTS((4,4),(0.000000000000000E+00,1.000000000000000E+00),.UNSPECIFIED.) CURVE() GEOMETRIC_REPRESENTATION_ITEM() RATIONAL_B_SPLINE_CURVE((1.000000000000000E+00,1.000000000000000E+00,1.000000000000000E+00,1.000000000000000E+00)) REPRESENTATION_ITEM(''));
#2984 = EDGE_CURVE('', #2928, #2971, #2983, .T.);
#2985 = ORIENTED_EDGE('', *,*, #2984, .T.);
#2986 = EDGE_LOOP('', (#2937,#2949,#2959,#2960,#2969,#2978,#2985));
#2987 = FACE_OUTER_BOUND('', #2986, .T.);
#2988 = ADVANCED_FACE('', (#2987), #2926, .F.);
#2989 = CARTESIAN_POINT('', (-1.742957266121177E+00,-4.206495130888561E+00,1.578720357374401E+02));
#2990 = CARTESIAN_POINT('', (-2.321086637873698E+00,-3.247794597907009E+00,1.578577757981101E+02));
#2991 = CARTESIAN_POINT('', (-2.809740529580234E+00,-2.060515326235719E+00,1.580000273109350E+02));
#2992 = CARTESIAN_POINT('', (-3.198483259307095E+00,-7.656718720684549E-01,1.582266907855253E+02));
#2993 = CARTESIAN_POINT('', (-1.268924930516218E+00,-3.568798647790339E+00,1.565728318387195E+02));
#2994 = CARTESIAN_POINT('', (-1.866086365809492E+00,-2.584990877422375E+00,1.564685476000571E+02));
#2995 = CARTESIAN_POINT('', (-2.243613162569781E+00,-1.374908929705123E+00,1.566291593859608E+02));
#2996 = CARTESIAN_POINT('', (-2.544379155241045E+00,-1.659406893782536E-01,1.568626032521602E+02));
#2997 = CARTESIAN_POINT('', (7.039115046620137E-01,-2.553212135615473E+00,1.565202936991513E+02));
#2998 = CARTESIAN_POINT('', (-1.336372529711917E-02,-1.661056143026611E+00,1.562419840807324E+02));
#2999 = CARTESIAN_POINT('', (-6.098208931246202E-01,-6.586258038175169E-01,1.561710971112003E+02));
#3000 = CARTESIAN_POINT('', (-9.731666705204756E-01,3.947720701750202E-01,1.562626147804843E+02));
#3001 = CARTESIAN_POINT('', (1.769386347377486E+00,-1.019374547544583E+00,1.570893013482638E+02));
#3002 = CARTESIAN_POINT('', (1.269789742685160E+00,-3.006101063698693E-01,1.567416114751684E+02));
#3003 = CARTESIAN_POINT('', (7.519410738044107E-01,4.828627472774055E-01,1.565212203193159E+02));
#3004 = CARTESIAN_POINT('', (3.707787838947659E-01,1.311462761454211E+00,1.564894177542500E+02));
#3005 = (BOUNDED_SURFACE() B_SPLINE_SURFACE(3,3, ((#2989,#2990,#2991,#2992),(#2993,#2994,#2995,#2996),(#2997,#2998,#2999,#3000),(#3001,#3002,#3003,#3004)), .UNSPECIFIED., .F., .F., .T. )  B_SPLINE_SURFACE_WITH_KNOTS((4,4), (4,4), (0.000000000000000E+00,1.000000000000000E+00), (0.000000000000000E+00,1.000000000000000E+00), .UNSPECIFIED.)GEOMETRIC_REPRESENTATION_ITEM() RATIONAL_B_SPLINE_SURFACE( ((1.000000000000000E+00,1.000000000000000E+00,1.000000000000000E+00,1.000000000000000E+00),(1.000000000000000E+00,1.000000000000000E+00,1.000000000000000E+00,1.000000000000000E+00),(1.000000000000000E+00,1.000000000000000E+00,1.000000000000000E+00,1.000000000000000E+00),(1.000000000000000E+00,1.000000000000000E+00,1.000000000000000E+00,1.000000000000000E+00))) REPRESENTATION_ITEM('') SURFACE());
#3006 = CARTESIAN_POINT('', (1.769386347377486E+00,-1.019374547544583E+00,1.570893013482638E+02));
#3007 = VERTEX_POINT('', #3006);
#3008 = CARTESIAN_POINT('', (-1.742957266121177E+00,-4.206495130888561E+00,1.578720357374401E+02));
#3009 = CARTESIAN_POINT('', (-1.268924930516218E+00,-3.568798647790339E+00,1.565728318387195E+02));
#3010 = CARTESIAN_POINT('', (7.039115046620137E-01,-2.553212135615473E+00,1.565202936991513E+02));
#3011 = CARTESIAN_POINT('', (1.769386347377486E+00,-1.019374547544583E+00,1.570893013482638E+02));
#3012 = (BOUNDED_CURVE() B_SPLINE_CURVE(3,(#3008,#3009,#3010,#3011),.UNSPECIFIED.,.F.,.F.) B_SPLINE_CURVE_WITH_KNOTS((4,4),(0.000000000000000E+00,1.000000000000000E+00),.UNSPECIFIED.) CURVE() GEOMETRIC_REPRESENTATION_ITEM() RATIONAL_B_SPLINE_CURVE((1.000000000000000E+00,1.000000000000000E+00,1.000000000000000E+00,1.000000000000000E+00)) REPRESENTATION_ITEM(''));
#3013 = EDGE_CURVE('', #1424, #3007, #3012, .T.);
#3014 = ORIENTED_EDGE('', *,*, #3013, .F.);
#3015 = CARTESIAN_POINT('', (3.707787838947659E-01,1.311462761454211E+00,1.564894177542500E+02));
#3016 = VERTEX_POINT('', #3015);
#3017 = CARTESIAN_POINT('', (3.707787838947659E-01,1.311462761454211E+00,1.564894177542500E+02));
#3018 = CARTESIAN_POINT('', (7.519410738044107E-01,4.828627472774055E-01,1.565212203193159E+02));
#3019 = CARTESIAN_POINT('', (1.269789742685160E+00,-3.006101063698693E-01,1.567416114751684E+02));
#3020 = CARTESIAN_POINT('', (1.769386347377486E+00,-1.019374547544583E+00,1.570893013482638E+02));
#3021 = (BOUNDED_CURVE() B_SPLINE_CURVE(3,(#3017,#3018,#3019,#3020),.UNSPECIFIED.,.F.,.F.) B_SPLINE_CURVE_WITH_KNOTS((4,4),(0.000000000000000E+00,1.000000000000000E+00),.UNSPECIFIED.) CURVE() GEOMETRIC_REPRESENTATION_ITEM() RATIONAL_B_SPLINE_CURVE((1.000000000000000E+00,1.000000000000000E+00,1.000000000000000E+00,1.000000000000000E+00)) REPRESENTATION_ITEM(''));
#3022 = EDGE_CURVE('', #3016, #3007, #3021, .T.);
#3023 = ORIENTED_EDGE('', *,*, #3022, .T.);
#3024 = CARTESIAN_POINT('', (-3.198483259307095E+00,-7.656718720684549E-01,1.582266907855253E+02));
#3025 = VERTEX_POINT('', #3024);
#3026 = CARTESIAN_POINT('', (3.707787838947659E-01,1.311462761454211E+00,1.564894177542500E+02));
#3027 = CARTESIAN_POINT('', (-9.731666705204756E-01,3.947720701750202E-01,1.562626147804843E+02));
#3028 = CARTESIAN_POINT('', (-2.544379155241045E+00,-1.659406893782536E-01,1.568626032521602E+02));
#3029 = CARTESIAN_POINT('', (-3.198483259307095E+00,-7.656718720684549E-01,1.582266907855253E+02));
#3030 = (BOUNDED_CURVE() B_SPLINE_CURVE(3,(#3026,#3027,#3028,#3029),.UNSPECIFIED.,.F.,.F.) B_SPLINE_CURVE_WITH_KNOTS((4,4),(0.000000000000000E+00,1.000000000000000E+00),.UNSPECIFIED.) CURVE() GEOMETRIC_REPRESENTATION_ITEM() RATIONAL_B_SPLINE_CURVE((1.000000000000000E+00,1.000000000000000E+00,1.000000000000000E+00,1.000000000000000E+00)) REPRESENTATION_ITEM(''));
#3031 = EDGE_CURVE('', #3016, #3025, #3030, .T.);
#3032 = ORIENTED_EDGE('', *,*, #3031, .F.);
#3033 = CARTESIAN_POINT('', (-1.742957266121177E+00,-4.206495130888561E+00,1.578720357374401E+02));
#3034 = CARTESIAN_POINT('', (-2.321086637873698E+00,-3.247794597907009E+00,1.578577757981101E+02));
#3035 = CARTESIAN_POINT('', (-2.809740529580234E+00,-2.060515326235719E+00,1.580000273109350E+02));
#3036 = CARTESIAN_POINT('', (-3.198483259307095E+00,-7.656718720684549E-01,1.582266907855253E+02));
#3037 = (BOUNDED_CURVE() B_SPLINE_CURVE(3,(#3033,#3034,#3035,#3036),.UNSPECIFIED.,.F.,.F.) B_SPLINE_CURVE_WITH_KNOTS((4,4),(0.000000000000000E+00,1.000000000000000E+00),.UNSPECIFIED.) CURVE() GEOMETRIC_REPRESENTATION_ITEM() RATIONAL_B_SPLINE_CURVE((1.000000000000000E+00,1.000000000000000E+00,1.000000000000000E+00,1.000000000000000E+00)) REPRESENTATION_ITEM(''));
#3038 = EDGE_CURVE('', #1424, #3025, #3037, .T.);
#3039 = ORIENTED_EDGE('', *,*, #3038, .T.);
#3040 = EDGE_LOOP('', (#3014,#3023,#3032,#3039));
#3041 = FACE_OUTER_BOUND('', #3040, .T.);
#3042 = ADVANCED_FACE('', (#3041), #3005, .F.);
#3043 = CARTESIAN_POINT('', (9.274352881305864E-01,4.549992703188727E+00,1.578073977385915E+02));
#3044 = CARTESIAN_POINT('', (-2.439540662217917E-01,5.695618994518921E+00,1.582946579779783E+02));
#3045 = CARTESIAN_POINT('', (-1.476079607064858E+00,6.348473140701760E+00,1.593731471249288E+02));
#3046 = CARTESIAN_POINT('', (-2.385889138214500E+00,5.972922992999298E+00,1.609118773469955E+02));
#3047 = CARTESIAN_POINT('', (1.423912578900019E+00,4.833755336481088E+00,1.583192635197907E+02));
#3048 = CARTESIAN_POINT('', (2.948040198816920E-01,6.244977912712458E+00,1.589260432328709E+02));
#3049 = CARTESIAN_POINT('', (-9.959799763702601E-01,7.208588024766729E+00,1.599461160416921E+02));
#3050 = CARTESIAN_POINT('', (-2.012715008542344E+00,6.840783005913655E+00,1.614728600933388E+02));
#3051 = CARTESIAN_POINT('', (1.928137953724524E+00,4.831615791440462E+00,1.589062951483451E+02));
#3052 = CARTESIAN_POINT('', (8.957787342322177E-01,6.536427097912617E+00,1.595923441694102E+02));
#3053 = CARTESIAN_POINT('', (-4.550032532046034E-01,7.898261395786436E+00,1.606556112219485E+02));
#3054 = CARTESIAN_POINT('', (-1.562452404211421E+00,7.605327849019013E+00,1.621282185011135E+02));
#3055 = CARTESIAN_POINT('', (2.409218925430096E+00,4.668073716628643E+00,1.595379105011186E+02));
#3056 = CARTESIAN_POINT('', (1.444985025931477E+00,6.519337044699025E+00,1.603131033793492E+02));
#3057 = CARTESIAN_POINT('', (2.367740563678778E-01,8.553661579382092E+00,1.613732476863467E+02));
#3058 = CARTESIAN_POINT('', (-1.138896836320690E+00,8.333558582205411E+00,1.627357014645141E+02));
#3059 = (BOUNDED_SURFACE() B_SPLINE_SURFACE(3,3, ((#3043,#3044,#3045,#3046),(#3047,#3048,#3049,#3050),(#3051,#3052,#3053,#3054),(#3055,#3056,#3057,#3058)), .UNSPECIFIED., .F., .F., .T. )  B_SPLINE_SURFACE_WITH_KNOTS((4,4), (4,4), (0.000000000000000E+00,1.000000000000000E+00), (0.000000000000000E+00,1.000000000000000E+00), .UNSPECIFIED.)GEOMETRIC_REPRESENTATION_ITEM() RATIONAL_B_SPLINE_SURFACE( ((1.000000000000000E+00,1.000000000000000E+00,1.000000000000000E+00,1.000000000000000E+00),(1.000000000000000E+00,1.000000000000000E+00,1.000000000000000E+00,1.000000000000000E+00),(1.000000000000000E+00,1.000000000000000E+00,1.000000000000000E+00,1.000000000000000E+00),(1.000000000000000E+00,1.000000000000000E+00,1.000000000000000E+00,1.000000000000000E+00))) REPRESENTATION_ITEM('') SURFACE());
#3060 = CARTESIAN_POINT('', (2.409218925430096E+00,4.668073716628643E+00,1.595379105011186E+02));
#3061 = VERTEX_POINT('', #3060);
#3062 = CARTESIAN_POINT('', (9.274352881305864E-01,4.549992703188727E+00,1.578073977385915E+02));
#3063 = VERTEX_POINT('', #3062);
#3064 = CARTESIAN_POINT('', (2.409218925430096E+00,4.668073716628643E+00,1.595379105011186E+02));
#3065 = CARTESIAN_POINT('', (1.928137953724524E+00,4.831615791440462E+00,1.589062951483451E+02));
#3066 = CARTESIAN_POINT('', (1.423912578900019E+00,4.833755336481088E+00,1.583192635197907E+02));
#3067 = CARTESIAN_POINT('', (9.274352881305864E-01,4.549992703188727E+00,1.578073977385915E+02));
#3068 = (BOUNDED_CURVE() B_SPLINE_CURVE(3,(#3064,#3065,#3066,#3067),.UNSPECIFIED.,.F.,.F.) B_SPLINE_CURVE_WITH_KNOTS((4,4),(0.000000000000000E+00,1.000000000000000E+00),.UNSPECIFIED.) CURVE() GEOMETRIC_REPRESENTATION_ITEM() RATIONAL_B_SPLINE_CURVE((1.000000000000000E+00,1.000000000000000E+00,1.000000000000000E+00,1.000000000000000E+00)) REPRESENTATION_ITEM(''));
#3069 = EDGE_CURVE('', #3061, #3063, #3068, .T.);
#3070 = ORIENTED_EDGE('', *,*, #3069, .T.);
#3071 = CARTESIAN_POINT('', (-1.138896836320690E+00,8.333558582205411E+00,1.627357014645141E+02));
#3072 = VERTEX_POINT('', #3071);
#3073 = CARTESIAN_POINT('', (2.409218925430096E+00,4.668073716628643E+00,1.595379105011186E+02));
#3074 = CARTESIAN_POINT('', (1.444985025931477E+00,6.519337044699025E+00,1.603131033793492E+02));
#3075 = CARTESIAN_POINT('', (2.367740563678778E-01,8.553661579382092E+00,1.613732476863467E+02));
#3076 = CARTESIAN_POINT('', (-1.138896836320690E+00,8.333558582205411E+00,1.627357014645141E+02));
#3077 = (BOUNDED_CURVE() B_SPLINE_CURVE(3,(#3073,#3074,#3075,#3076),.UNSPECIFIED.,.F.,.F.) B_SPLINE_CURVE_WITH_KNOTS((4,4),(0.000000000000000E+00,1.000000000000000E+00),.UNSPECIFIED.) CURVE() GEOMETRIC_REPRESENTATION_ITEM() RATIONAL_B_SPLINE_CURVE((1.000000000000000E+00,1.000000000000000E+00,1.000000000000000E+00,1.000000000000000E+00)) REPRESENTATION_ITEM(''));
#3078 = EDGE_CURVE('', #3061, #3072, #3077, .T.);
#3079 = ORIENTED_EDGE('', *,*, #3078, .F.);
#3080 = CARTESIAN_POINT('', (-2.385889138214500E+00,5.972922992999298E+00,1.609118773469955E+02));
#3081 = VERTEX_POINT('', #3080);
#3082 = CARTESIAN_POINT('', (-1.138896836320690E+00,8.333558582205411E+00,1.627357014645141E+02));
#3083 = CARTESIAN_POINT('', (-1.562452404211421E+00,7.605327849019013E+00,1.621282185011135E+02));
#3084 = CARTESIAN_POINT('', (-2.012715008542344E+00,6.840783005913655E+00,1.614728600933388E+02));
#3085 = CARTESIAN_POINT('', (-2.385889138214500E+00,5.972922992999298E+00,1.609118773469955E+02));
#3086 = (BOUNDED_CURVE() B_SPLINE_CURVE(3,(#3082,#3083,#3084,#3085),.UNSPECIFIED.,.F.,.F.) B_SPLINE_CURVE_WITH_KNOTS((4,4),(0.000000000000000E+00,1.000000000000000E+00),.UNSPECIFIED.) CURVE() GEOMETRIC_REPRESENTATION_ITEM() RATIONAL_B_SPLINE_CURVE((1.000000000000000E+00,1.000000000000000E+00,1.000000000000000E+00,1.000000000000000E+00)) REPRESENTATION_ITEM(''));
#3087 = EDGE_CURVE('', #3072, #3081, #3086, .T.);
#3088 = ORIENTED_EDGE('', *,*, #3087, .F.);
#3089 = CARTESIAN_POINT('', (9.274352881305864E-01,4.549992703188727E+00,1.578073977385915E+02));
#3090 = CARTESIAN_POINT('', (-2.439540662217917E-01,5.695618994518921E+00,1.582946579779783E+02));
#3091 = CARTESIAN_POINT('', (-1.476079607064858E+00,6.348473140701760E+00,1.593731471249288E+02));
#3092 = CARTESIAN_POINT('', (-2.385889138214500E+00,5.972922992999298E+00,1.609118773469955E+02));
#3093 = (BOUNDED_CURVE() B_SPLINE_CURVE(3,(#3089,#3090,#3091,#3092),.UNSPECIFIED.,.F.,.F.) B_SPLINE_CURVE_WITH_KNOTS((4,4),(0.000000000000000E+00,1.000000000000000E+00),.UNSPECIFIED.) CURVE() GEOMETRIC_REPRESENTATION_ITEM() RATIONAL_B_SPLINE_CURVE((1.000000000000000E+00,1.000000000000000E+00,1.000000000000000E+00,1.000000000000000E+00)) REPRESENTATION_ITEM(''));
#3094 = EDGE_CURVE('', #3063, #3081, #3093, .T.);
#3095 = ORIENTED_EDGE('', *,*, #3094, .T.);
#3096 = EDGE_LOOP('', (#3070,#3079,#3088,#3095));
#3097 = FACE_OUTER_BOUND('', #3096, .T.);
#3098 = ADVANCED_FACE('', (#3097), #3059, .F.);
#3099 = CARTESIAN_POINT('', (3.022376665639684E+00,2.206382802208657E+00,1.585932041701957E+02));
#3100 = CARTESIAN_POINT('', (3.429820019798408E+00,1.906159925541460E+00,1.591258265361789E+02));
#3101 = CARTESIAN_POINT('', (3.785227646699542E+00,1.624011741095753E+00,1.597397615922272E+02));
#3102 = CARTESIAN_POINT('', (3.994347240755140E+00,1.336616265427201E+00,1.602877266130300E+02));
#3103 = CARTESIAN_POINT('', (2.942629993760931E+00,1.107105199315023E+00,1.581068405201891E+02));
#3104 = CARTESIAN_POINT('', (3.395259954960963E+00,6.986534261036808E-01,1.586135225188235E+02));
#3105 = CARTESIAN_POINT('', (3.729764067346106E+00,3.183319988184121E-01,1.592105450256851E+02));
#3106 = CARTESIAN_POINT('', (3.903023557692928E+00,-1.869121584127923E-02,1.597554648957542E+02));
#3107 = CARTESIAN_POINT('', (2.414508873949987E+00,-1.014839853263600E-01,1.574298079057411E+02));
#3108 = CARTESIAN_POINT('', (2.907987614610209E+00,-6.349652967122013E-01,1.578687331546816E+02));
#3109 = CARTESIAN_POINT('', (3.329479251935057E+00,-9.722676743543673E-01,1.584973555993439E+02));
#3110 = CARTESIAN_POINT('', (3.502049788079898E+00,-1.384308239241129E+00,1.591290650842063E+02));
#3111 = CARTESIAN_POINT('', (1.769386347377486E+00,-1.019374547544583E+00,1.570893013482638E+02));
#3112 = CARTESIAN_POINT('', (2.255164230546937E+00,-1.720669824309759E+00,1.574278937207784E+02));
#3113 = CARTESIAN_POINT('', (2.704268529118254E+00,-2.357218797386019E+00,1.578562268765592E+02));
#3114 = CARTESIAN_POINT('', (2.857764444345133E+00,-2.793481249284000E+00,1.584801873898863E+02));
#3115 = (BOUNDED_SURFACE() B_SPLINE_SURFACE(3,3, ((#3099,#3100,#3101,#3102),(#3103,#3104,#3105,#3106),(#3107,#3108,#3109,#3110),(#3111,#3112,#3113,#3114)), .UNSPECIFIED., .F., .F., .T. )  B_SPLINE_SURFACE_WITH_KNOTS((4,4), (4,4), (0.000000000000000E+00,1.000000000000000E+00), (0.000000000000000E+00,1.000000000000000E+00), .UNSPECIFIED.)GEOMETRIC_REPRESENTATION_ITEM() RATIONAL_B_SPLINE_SURFACE( ((1.000000000000000E+00,1.000000000000000E+00,1.000000000000000E+00,1.000000000000000E+00),(1.000000000000000E+00,1.000000000000000E+00,1.000000000000000E+00,1.000000000000000E+00),(1.000000000000000E+00,1.000000000000000E+00,1.000000000000000E+00,1.000000000000000E+00),(1.000000000000000E+00,1.000000000000000E+00,1.000000000000000E+00,1.000000000000000E+00))) REPRESENTATION_ITEM('') SURFACE());
#3116 = CARTESIAN_POINT('', (3.022376665639684E+00,2.206382802208657E+00,1.585932041701957E+02));
#3117 = VERTEX_POINT('', #3116);
#3118 = CARTESIAN_POINT('', (3.022376665639684E+00,2.206382802208657E+00,1.585932041701957E+02));
#3119 = CARTESIAN_POINT('', (2.942629993760931E+00,1.107105199315023E+00,1.581068405201891E+02));
#3120 = CARTESIAN_POINT('', (2.414508873949987E+00,-1.014839853263600E-01,1.574298079057411E+02));
#3121 = CARTESIAN_POINT('', (1.769386347377486E+00,-1.019374547544583E+00,1.570893013482638E+02));
#3122 = (BOUNDED_CURVE() B_SPLINE_CURVE(3,(#3118,#3119,#3120,#3121),.UNSPECIFIED.,.F.,.F.) B_SPLINE_CURVE_WITH_KNOTS((4,4),(0.000000000000000E+00,1.000000000000000E+00),.UNSPECIFIED.) CURVE() GEOMETRIC_REPRESENTATION_ITEM() RATIONAL_B_SPLINE_CURVE((1.000000000000000E+00,1.000000000000000E+00,1.000000000000000E+00,1.000000000000000E+00)) REPRESENTATION_ITEM(''));
#3123 = EDGE_CURVE('', #3117, #3007, #3122, .T.);
#3124 = ORIENTED_EDGE('', *,*, #3123, .F.);
#3125 = CARTESIAN_POINT('', (2.857764444345133E+00,-2.793481249284000E+00,1.584801873898863E+02));
#3126 = VERTEX_POINT('', #3125);
#3127 = CARTESIAN_POINT('', (1.769386347377486E+00,-1.019374547544583E+00,1.570893013482638E+02));
#3128 = CARTESIAN_POINT('', (2.255164230546937E+00,-1.720669824309759E+00,1.574278937207784E+02));
#3129 = CARTESIAN_POINT('', (2.704268529118254E+00,-2.357218797386019E+00,1.578562268765592E+02));
#3130 = CARTESIAN_POINT('', (2.857764444345133E+00,-2.793481249284000E+00,1.584801873898863E+02));
#3131 = (BOUNDED_CURVE() B_SPLINE_CURVE(3,(#3127,#3128,#3129,#3130),.UNSPECIFIED.,.F.,.F.) B_SPLINE_CURVE_WITH_KNOTS((4,4),(0.000000000000000E+00,1.000000000000000E+00),.UNSPECIFIED.) CURVE() GEOMETRIC_REPRESENTATION_ITEM() RATIONAL_B_SPLINE_CURVE((1.000000000000000E+00,1.000000000000000E+00,1.000000000000000E+00,1.000000000000000E+00)) REPRESENTATION_ITEM(''));
#3132 = EDGE_CURVE('', #3007, #3126, #3131, .T.);
#3133 = ORIENTED_EDGE('', *,*, #3132, .F.);
#3134 = CARTESIAN_POINT('', (3.994347240755140E+00,1.336616265427201E+00,1.602877266130300E+02));
#3135 = VERTEX_POINT('', #3134);
#3136 = CARTESIAN_POINT('', (3.994347240755140E+00,1.336616265427201E+00,1.602877266130300E+02));
#3137 = CARTESIAN_POINT('', (3.903023557692928E+00,-1.869121584127923E-02,1.597554648957542E+02));
#3138 = CARTESIAN_POINT('', (3.502049788079898E+00,-1.384308239241129E+00,1.591290650842063E+02));
#3139 = CARTESIAN_POINT('', (2.857764444345133E+00,-2.793481249284000E+00,1.584801873898863E+02));
#3140 = (BOUNDED_CURVE() B_SPLINE_CURVE(3,(#3136,#3137,#3138,#3139),.UNSPECIFIED.,.F.,.F.) B_SPLINE_CURVE_WITH_KNOTS((4,4),(0.000000000000000E+00,1.000000000000000E+00),.UNSPECIFIED.) CURVE() GEOMETRIC_REPRESENTATION_ITEM() RATIONAL_B_SPLINE_CURVE((1.000000000000000E+00,1.000000000000000E+00,1.000000000000000E+00,1.000000000000000E+00)) REPRESENTATION_ITEM(''));
#3141 = EDGE_CURVE('', #3135, #3126, #3140, .T.);
#3142 = ORIENTED_EDGE('', *,*, #3141, .T.);
#3143 = CARTESIAN_POINT('', (3.022376665639684E+00,2.206382802208657E+00,1.585932041701957E+02));
#3144 = CARTESIAN_POINT('', (3.429820019798408E+00,1.906159925541460E+00,1.591258265361789E+02));
#3145 = CARTESIAN_POINT('', (3.785227646699542E+00,1.624011741095753E+00,1.597397615922272E+02));
#3146 = CARTESIAN_POINT('', (3.994347240755140E+00,1.336616265427201E+00,1.602877266130300E+02));
#3147 = (BOUNDED_CURVE() B_SPLINE_CURVE(3,(#3143,#3144,#3145,#3146),.UNSPECIFIED.,.F.,.F.) B_SPLINE_CURVE_WITH_KNOTS((4,4),(0.000000000000000E+00,1.000000000000000E+00),.UNSPECIFIED.) CURVE() GEOMETRIC_REPRESENTATION_ITEM() RATIONAL_B_SPLINE_CURVE((1.000000000000000E+00,1.000000000000000E+00,1.000000000000000E+00,1.000000000000000E+00)) REPRESENTATION_ITEM(''));
#3148 = EDGE_CURVE('', #3117, #3135, #3147, .T.);
#3149 = ORIENTED_EDGE('', *,*, #3148, .T.);
#3150 = EDGE_LOOP('', (#3124,#3133,#3142,#3149));
#3151 = FACE_OUTER_BOUND('', #3150, .T.);
#3152 = ADVANCED_FACE('', (#3151), #3115, .F.);
#3153 = CARTESIAN_POINT('', (3.022376665639684E+00,2.206382802208657E+00,1.585932041701957E+02));
#3154 = CARTESIAN_POINT('', (3.081376870888301E+00,3.071903135310496E+00,1.589672316457400E+02));
#3155 = CARTESIAN_POINT('', (2.803873284895551E+00,3.902416039755342E+00,1.592164535761407E+02));
#3156 = CARTESIAN_POINT('', (2.409218925430096E+00,4.668073716628643E+00,1.595379105011186E+02));
#3157 = CARTESIAN_POINT('', (3.429820019798408E+00,1.906159925541460E+00,1.591258265361789E+02));
#3158 = CARTESIAN_POINT('', (3.515414853597003E+00,2.816055136479578E+00,1.595221545829126E+02));
#3159 = CARTESIAN_POINT('', (3.222966881016053E+00,3.653298056823738E+00,1.597706971842992E+02));
#3160 = CARTESIAN_POINT('', (2.847462319339868E+00,4.519141903609190E+00,1.601123196181083E+02));
#3161 = CARTESIAN_POINT('', (3.785227646699542E+00,1.624011741095753E+00,1.597397615922272E+02));
#3162 = CARTESIAN_POINT('', (3.811342145387655E+00,2.498069838666646E+00,1.601087272037142E+02));
#3163 = CARTESIAN_POINT('', (3.522958150791550E+00,3.327467487087019E+00,1.603836225948526E+02));
#3164 = CARTESIAN_POINT('', (3.260023926825341E+00,4.124279271178203E+00,1.607147325049332E+02));
#3165 = CARTESIAN_POINT('', (3.994347240755140E+00,1.336616265427201E+00,1.602877266130300E+02));
#3166 = CARTESIAN_POINT('', (4.004617941009131E+00,2.213431738848837E+00,1.606288678720390E+02));
#3167 = CARTESIAN_POINT('', (3.807079318789293E+00,3.049768928824203E+00,1.609608457492126E+02));
#3168 = CARTESIAN_POINT('', (3.534946079112209E+00,3.862292419620077E+00,1.613018959858930E+02));
#3169 = (BOUNDED_SURFACE() B_SPLINE_SURFACE(3,3, ((#3153,#3154,#3155,#3156),(#3157,#3158,#3159,#3160),(#3161,#3162,#3163,#3164),(#3165,#3166,#3167,#3168)), .UNSPECIFIED., .F., .F., .T. )  B_SPLINE_SURFACE_WITH_KNOTS((4,4), (4,4), (0.000000000000000E+00,1.000000000000000E+00), (0.000000000000000E+00,1.000000000000000E+00), .UNSPECIFIED.)GEOMETRIC_REPRESENTATION_ITEM() RATIONAL_B_SPLINE_SURFACE( ((1.000000000000000E+00,1.000000000000000E+00,1.000000000000000E+00,1.000000000000000E+00),(1.000000000000000E+00,1.000000000000000E+00,1.000000000000000E+00,1.000000000000000E+00),(1.000000000000000E+00,1.000000000000000E+00,1.000000000000000E+00,1.000000000000000E+00),(1.000000000000000E+00,1.000000000000000E+00,1.000000000000000E+00,1.000000000000000E+00))) REPRESENTATION_ITEM('') SURFACE());
#3170 = ORIENTED_EDGE('', *,*, #3148, .F.);
#3171 = CARTESIAN_POINT('', (3.994347240755140E+00,1.336616265427201E+00,1.602877266130300E+02));
#3172 = CARTESIAN_POINT('', (4.004617941009131E+00,2.213431738848837E+00,1.606288678720390E+02));
#3173 = CARTESIAN_POINT('', (3.807079318789293E+00,3.049768928824203E+00,1.609608457492126E+02));
#3174 = CARTESIAN_POINT('', (3.534946079112209E+00,3.862292419620077E+00,1.613018959858930E+02));
#3175 = (BOUNDED_CURVE() B_SPLINE_CURVE(3,(#3171,#3172,#3173,#3174),.UNSPECIFIED.,.F.,.F.) B_SPLINE_CURVE_WITH_KNOTS((4,4),(0.000000000000000E+00,1.000000000000000E+00),.UNSPECIFIED.) CURVE() GEOMETRIC_REPRESENTATION_ITEM() RATIONAL_B_SPLINE_CURVE((1.000000000000000E+00,1.000000000000000E+00,1.000000000000000E+00,1.000000000000000E+00)) REPRESENTATION_ITEM(''));
#3176 = EDGE_CURVE('', #3135, #1648, #3175, .T.);
#3177 = ORIENTED_EDGE('', *,*, #3176, .F.);
#3178 = CARTESIAN_POINT('', (3.534946079112209E+00,3.862292419620077E+00,1.613018959858930E+02));
#3179 = CARTESIAN_POINT('', (3.260023926825341E+00,4.124279271178203E+00,1.607147325049332E+02));
#3180 = CARTESIAN_POINT('', (2.847462319339868E+00,4.519141903609190E+00,1.601123196181083E+02));
#3181 = CARTESIAN_POINT('', (2.409218925430096E+00,4.668073716628643E+00,1.595379105011186E+02));
#3182 = (BOUNDED_CURVE() B_SPLINE_CURVE(3,(#3178,#3179,#3180,#3181),.UNSPECIFIED.,.F.,.F.) B_SPLINE_CURVE_WITH_KNOTS((4,4),(0.000000000000000E+00,1.000000000000000E+00),.UNSPECIFIED.) CURVE() GEOMETRIC_REPRESENTATION_ITEM() RATIONAL_B_SPLINE_CURVE((1.000000000000000E+00,1.000000000000000E+00,1.000000000000000E+00,1.000000000000000E+00)) REPRESENTATION_ITEM(''));
#3183 = EDGE_CURVE('', #1648, #3061, #3182, .T.);
#3184 = ORIENTED_EDGE('', *,*, #3183, .F.);
#3185 = CARTESIAN_POINT('', (3.022376665639684E+00,2.206382802208657E+00,1.585932041701957E+02));
#3186 = CARTESIAN_POINT('', (3.081376870888301E+00,3.071903135310496E+00,1.589672316457400E+02));
#3187 = CARTESIAN_POINT('', (2.803873284895551E+00,3.902416039755342E+00,1.592164535761407E+02));
#3188 = CARTESIAN_POINT('', (2.409218925430096E+00,4.668073716628643E+00,1.595379105011186E+02));
#3189 = (BOUNDED_CURVE() B_SPLINE_CURVE(3,(#3185,#3186,#3187,#3188),.UNSPECIFIED.,.F.,.F.) B_SPLINE_CURVE_WITH_KNOTS((4,4),(0.000000000000000E+00,1.000000000000000E+00),.UNSPECIFIED.) CURVE() GEOMETRIC_REPRESENTATION_ITEM() RATIONAL_B_SPLINE_CURVE((1.000000000000000E+00,1.000000000000000E+00,1.000000000000000E+00,1.000000000000000E+00)) REPRESENTATION_ITEM(''));
#3190 = EDGE_CURVE('', #3117, #3061, #3189, .T.);
#3191 = ORIENTED_EDGE('', *,*, #3190, .T.);
#3192 = EDGE_LOOP('', (#3170,#3177,#3184,#3191));
#3193 = FACE_OUTER_BOUND('', #3192, .T.);
#3194 = ADVANCED_FACE('', (#3193), #3169, .F.);
#3195 = CARTESIAN_POINT('', (9.820169577034871E+00,-9.685599936160687E+00,1.861304243024830E+02));
#3196 = CARTESIAN_POINT('', (9.981514176820896E+00,-8.792640200653457E+00,1.851172120839199E+02));
#3197 = CARTESIAN_POINT('', (9.929977913841503E+00,-7.721065850866754E+00,1.839267438557154E+02));
#3198 = CARTESIAN_POINT('', (9.951614979073350E+00,-6.421076605711243E+00,1.832432682860459E+02));
#3199 = CARTESIAN_POINT('', (9.891907030992993E+00,-9.719760536811895E+00,1.860708221712338E+02));
#3200 = CARTESIAN_POINT('', (9.984631809457982E+00,-8.795574704872585E+00,1.851425979030149E+02));
#3201 = CARTESIAN_POINT('', (9.959955724801457E+00,-7.733056565051233E+00,1.839196413417411E+02));
#3202 = CARTESIAN_POINT('', (9.968128166523520E+00,-6.423349361728403E+00,1.832446908488597E+02));
#3203 = CARTESIAN_POINT('', (9.946310974849615E+00,-9.748136197657766E+00,1.860007154671046E+02));
#3204 = CARTESIAN_POINT('', (9.993561780942750E+00,-8.684321278802805E+00,1.852268826567759E+02));
#3205 = CARTESIAN_POINT('', (9.967949702311254E+00,-7.856826913051082E+00,1.838686556784965E+02));
#3206 = CARTESIAN_POINT('', (9.983561584120418E+00,-6.422934198768670E+00,1.832456648839451E+02));
#3207 = CARTESIAN_POINT('', (1.000070693000409E+01,-9.776278687563034E+00,1.859306466983591E+02));
#3208 = CARTESIAN_POINT('', (9.996926637325815E+00,-8.611235064193600E+00,1.852937861817950E+02));
#3209 = CARTESIAN_POINT('', (9.981325328378357E+00,-7.942472599488462E+00,1.838351063728879E+02));
#3210 = CARTESIAN_POINT('', (9.998985038527216E+00,-6.422496537350018E+00,1.832466363102009E+02));
#3211 = (BOUNDED_SURFACE() B_SPLINE_SURFACE(3,3, ((#3195,#3196,#3197,#3198),(#3199,#3200,#3201,#3202),(#3203,#3204,#3205,#3206),(#3207,#3208,#3209,#3210)), .UNSPECIFIED., .F., .F., .T. )  B_SPLINE_SURFACE_WITH_KNOTS((4,4), (4,4), (0.000000000000000E+00,1.000000000000000E+00), (0.000000000000000E+00,1.000000000000000E+00), .UNSPECIFIED.)GEOMETRIC_REPRESENTATION_ITEM() RATIONAL_B_SPLINE_SURFACE( ((1.000000000000000E+00,1.000000000000000E+00,1.000000000000000E+00,1.000000000000000E+00),(1.000000000000000E+00,1.000000000000000E+00,1.000000000000000E+00,1.000000000000000E+00),(1.000000000000000E+00,1.000000000000000E+00,1.000000000000000E+00,1.000000000000000E+00),(1.000000000000000E+00,1.000000000000000E+00,1.000000000000000E+00,1.000000000000000E+00))) REPRESENTATION_ITEM('') SURFACE());
#3212 = CARTESIAN_POINT('', (1.000070693000409E+01,-9.776278687563034E+00,1.859306466983591E+02));
#3213 = VERTEX_POINT('', #3212);
#3214 = CARTESIAN_POINT('', (1.000070693000409E+01,-9.776278687563034E+00,1.859306466983591E+02));
#3215 = CARTESIAN_POINT('', (9.946310974849615E+00,-9.748136197657766E+00,1.860007154671046E+02));
#3216 = CARTESIAN_POINT('', (9.891907030992993E+00,-9.719760536811895E+00,1.860708221712338E+02));
#3217 = CARTESIAN_POINT('', (9.820169577034871E+00,-9.685599936160687E+00,1.861304243024830E+02));
#3218 = (BOUNDED_CURVE() B_SPLINE_CURVE(3,(#3214,#3215,#3216,#3217),.UNSPECIFIED.,.F.,.F.) B_SPLINE_CURVE_WITH_KNOTS((4,4),(0.000000000000000E+00,1.000000000000000E+00),.UNSPECIFIED.) CURVE() GEOMETRIC_REPRESENTATION_ITEM() RATIONAL_B_SPLINE_CURVE((1.000000000000000E+00,1.000000000000000E+00,1.000000000000000E+00,1.000000000000000E+00)) REPRESENTATION_ITEM(''));
#3219 = EDGE_CURVE('', #3213, #1694, #3218, .T.);
#3220 = ORIENTED_EDGE('', *,*, #3219, .T.);
#3221 = CARTESIAN_POINT('', (9.998985038527216E+00,-6.422496537350018E+00,1.832466363102009E+02));
#3222 = VERTEX_POINT('', #3221);
#3223 = CARTESIAN_POINT('', (1.000070693000409E+01,-9.776278687563034E+00,1.859306466983591E+02));
#3224 = CARTESIAN_POINT('', (9.996926637325815E+00,-8.611235064193600E+00,1.852937861817950E+02));
#3225 = CARTESIAN_POINT('', (9.981325328378357E+00,-7.942472599488462E+00,1.838351063728879E+02));
#3226 = CARTESIAN_POINT('', (9.998985038527216E+00,-6.422496537350018E+00,1.832466363102009E+02));
#3227 = (BOUNDED_CURVE() B_SPLINE_CURVE(3,(#3223,#3224,#3225,#3226),.UNSPECIFIED.,.F.,.F.) B_SPLINE_CURVE_WITH_KNOTS((4,4),(0.000000000000000E+00,1.000000000000000E+00),.UNSPECIFIED.) CURVE() GEOMETRIC_REPRESENTATION_ITEM() RATIONAL_B_SPLINE_CURVE((1.000000000000000E+00,1.000000000000000E+00,1.000000000000000E+00,1.000000000000000E+00)) REPRESENTATION_ITEM(''));
#3228 = EDGE_CURVE('', #3213, #3222, #3227, .T.);
#3229 = ORIENTED_EDGE('', *,*, #3228, .F.);
#3230 = CARTESIAN_POINT('', (9.951614979073350E+00,-6.421076605711243E+00,1.832432682860459E+02));
#3231 = VERTEX_POINT('', #3230);
#3232 = CARTESIAN_POINT('', (9.998985038527216E+00,-6.422496537350018E+00,1.832466363102009E+02));
#3233 = CARTESIAN_POINT('', (9.983561584120418E+00,-6.422934198768670E+00,1.832456648839451E+02));
#3234 = CARTESIAN_POINT('', (9.968128166523520E+00,-6.423349361728403E+00,1.832446908488597E+02));
#3235 = CARTESIAN_POINT('', (9.951614979073350E+00,-6.421076605711243E+00,1.832432682860459E+02));
#3236 = (BOUNDED_CURVE() B_SPLINE_CURVE(3,(#3232,#3233,#3234,#3235),.UNSPECIFIED.,.F.,.F.) B_SPLINE_CURVE_WITH_KNOTS((4,4),(0.000000000000000E+00,1.000000000000000E+00),.UNSPECIFIED.) CURVE() GEOMETRIC_REPRESENTATION_ITEM() RATIONAL_B_SPLINE_CURVE((1.000000000000000E+00,1.000000000000000E+00,1.000000000000000E+00,1.000000000000000E+00)) REPRESENTATION_ITEM(''));
#3237 = EDGE_CURVE('', #3222, #3231, #3236, .T.);
#3238 = ORIENTED_EDGE('', *,*, #3237, .F.);
#3239 = CARTESIAN_POINT('', (9.820169577034871E+00,-9.685599936160687E+00,1.861304243024830E+02));
#3240 = CARTESIAN_POINT('', (9.981514176820896E+00,-8.792640200653457E+00,1.851172120839199E+02));
#3241 = CARTESIAN_POINT('', (9.929977913841503E+00,-7.721065850866754E+00,1.839267438557154E+02));
#3242 = CARTESIAN_POINT('', (9.951614979073350E+00,-6.421076605711243E+00,1.832432682860459E+02));
#3243 = (BOUNDED_CURVE() B_SPLINE_CURVE(3,(#3239,#3240,#3241,#3242),.UNSPECIFIED.,.F.,.F.) B_SPLINE_CURVE_WITH_KNOTS((4,4),(0.000000000000000E+00,1.000000000000000E+00),.UNSPECIFIED.) CURVE() GEOMETRIC_REPRESENTATION_ITEM() RATIONAL_B_SPLINE_CURVE((1.000000000000000E+00,1.000000000000000E+00,1.000000000000000E+00,1.000000000000000E+00)) REPRESENTATION_ITEM(''));
#3244 = EDGE_CURVE('', #1694, #3231, #3243, .T.);
#3245 = ORIENTED_EDGE('', *,*, #3244, .T.);
#3246 = EDGE_LOOP('', (#3220,#3229,#3238,#3245));
#3247 = FACE_OUTER_BOUND('', #3246, .T.);
#3248 = ADVANCED_FACE('', (#3247), #3211, .F.);
#3249 = CARTESIAN_POINT('', (-9.815494154135556E-05,6.899725558374117E+00,7.396431433826119E-16));
#3250 = DIRECTION('', (3.541152730313112E-19,-1.269800305336208E-15,-1.000000000000000E+00));
#3251 = DIRECTION('', (0.000000000000000E+00,1.000000000000000E+00,-1.269800305336208E-15));
#3252 = AXIS2_PLACEMENT_3D('', #3249, #3250, #3251);
#3253 = PLANE('', #3252);
#3254 = CARTESIAN_POINT('', (-1.000000000248980E+01,3.799578428268433E+00,4.672669797804955E-15));
#3255 = VERTEX_POINT('', #3254);
#3256 = CARTESIAN_POINT('', (-9.307185787077186E-01,3.799249951949512E+00,-3.496494229089741E-05));
#3257 = VERTEX_POINT('', #3256);
#3258 = CARTESIAN_POINT('', (-9.999820318394912E+00,3.799767670882188E+00,1.769048460814079E-04));
#3259 = CARTESIAN_POINT('', (-6.969232536475960E+00,3.799609046946929E+00,-2.597564295558271E-04));
#3260 = CARTESIAN_POINT('', (-3.948567130975705E+00,3.798801557010294E+00,1.753369427613473E-04));
#3261 = CARTESIAN_POINT('', (-9.307185787077186E-01,3.799249951949512E+00,-3.496494229089741E-05));
#3262 = (BOUNDED_CURVE() B_SPLINE_CURVE(3,(#3258,#3259,#3260,#3261),.UNSPECIFIED.,.F.,.F.) B_SPLINE_CURVE_WITH_KNOTS((4,4),(0.000000000000000E+00,1.000000000000000E+00),.UNSPECIFIED.) CURVE() GEOMETRIC_REPRESENTATION_ITEM() RATIONAL_B_SPLINE_CURVE((1.000000000000000E+00,1.000000000000000E+00,1.000000000000000E+00,1.000000000000000E+00)) REPRESENTATION_ITEM(''));
#3263 = EDGE_CURVE('', #3255, #3257, #3262, .T.);
#3264 = ORIENTED_EDGE('', *,*, #3263, .T.);
#3265 = CARTESIAN_POINT('', (-9.999820318394912E+00,3.799767670882188E+00,1.769048460814079E-04));
#3266 = CARTESIAN_POINT('', (-1.000020738976587E+01,5.866511464320636E+00,-2.030275632588486E-04));
#3267 = CARTESIAN_POINT('', (-9.999898998870664E+00,7.933255257758375E+00,9.708950922486011E-05));
#3268 = CARTESIAN_POINT('', (-1.000000075092987E+01,9.999999051202019E+00,-6.090631762215940E-07));
#3269 = (BOUNDED_CURVE() B_SPLINE_CURVE(3,(#3265,#3266,#3267,#3268),.UNSPECIFIED.,.F.,.F.) B_SPLINE_CURVE_WITH_KNOTS((4,4),(0.000000000000000E+00,1.000000000000000E+00),.UNSPECIFIED.) CURVE() GEOMETRIC_REPRESENTATION_ITEM() RATIONAL_B_SPLINE_CURVE((1.000000000000000E+00,1.000000000000000E+00,1.000000000000000E+00,1.000000000000000E+00)) REPRESENTATION_ITEM(''));
#3270 = EDGE_CURVE('', #3255, #2971, #3269, .T.);
#3271 = ORIENTED_EDGE('', *,*, #3270, .F.);
#3272 = ORIENTED_EDGE('', *,*, #2977, .F.);
#3273 = CARTESIAN_POINT('', (1.000008734740675E+01,3.799767220458968E+00,-8.728416226866968E-05));
#3274 = CARTESIAN_POINT('', (9.999902542865206E+00,5.866511318275530E+00,9.756189622713727E-05));
#3275 = CARTESIAN_POINT('', (1.000004269456907E+01,7.933255416093729E+00,-4.321269382466170E-05));
#3276 = CARTESIAN_POINT('', (1.000000021500900E+01,9.999999513913403E+00,4.192439203407470E-07));
#3277 = (BOUNDED_CURVE() B_SPLINE_CURVE(3,(#3273,#3274,#3275,#3276),.UNSPECIFIED.,.F.,.F.) B_SPLINE_CURVE_WITH_KNOTS((4,4),(0.000000000000000E+00,1.000000000000000E+00),.UNSPECIFIED.) CURVE() GEOMETRIC_REPRESENTATION_ITEM() RATIONAL_B_SPLINE_CURVE((1.000000000000000E+00,1.000000000000000E+00,1.000000000000000E+00,1.000000000000000E+00)) REPRESENTATION_ITEM(''));
#3278 = EDGE_CURVE('', #2476, #2962, #3277, .T.);
#3279 = ORIENTED_EDGE('', *,*, #3278, .T.);
#3280 = ORIENTED_EDGE('', *,*, #2482, .F.);
#3281 = ORIENTED_EDGE('', *,*, #2527, .F.);
#3282 = CARTESIAN_POINT('', (3.678515324261289E-02,3.799332553890014E+00,2.627756977051038E-04));
#3283 = VERTEX_POINT('', #3282);
#3284 = CARTESIAN_POINT('', (3.678515324261289E-02,3.799332553890014E+00,2.627756977051038E-04));
#3285 = CARTESIAN_POINT('', (4.297143655960686E-01,3.799783142136096E+00,1.733984317622964E-04));
#3286 = CARTESIAN_POINT('', (8.254876972552331E-01,3.799291081044655E+00,-3.451785461416970E-04));
#3287 = CARTESIAN_POINT('', (1.208639945913923E+00,3.799288263009736E+00,-9.029124415351900E-05));
#3288 = (BOUNDED_CURVE() B_SPLINE_CURVE(3,(#3284,#3285,#3286,#3287),.UNSPECIFIED.,.F.,.F.) B_SPLINE_CURVE_WITH_KNOTS((4,4),(0.000000000000000E+00,1.000000000000000E+00),.UNSPECIFIED.) CURVE() GEOMETRIC_REPRESENTATION_ITEM() RATIONAL_B_SPLINE_CURVE((1.000000000000000E+00,1.000000000000000E+00,1.000000000000000E+00,1.000000000000000E+00)) REPRESENTATION_ITEM(''));
#3289 = EDGE_CURVE('', #3283, #2514, #3288, .T.);
#3290 = ORIENTED_EDGE('', *,*, #3289, .T.);
#3291 = CARTESIAN_POINT('', (-9.307185787077186E-01,3.799249951949512E+00,-3.496494229089741E-05));
#3292 = CARTESIAN_POINT('', (-6.214929696250725E-01,3.799252738984761E+00,-2.538077272815605E-05));
#3293 = CARTESIAN_POINT('', (-2.979349646863318E-01,3.798946307852750E+00,2.259929714522912E-04));
#3294 = CARTESIAN_POINT('', (3.678515324261289E-02,3.799332553890014E+00,2.627756977051038E-04));
#3295 = (BOUNDED_CURVE() B_SPLINE_CURVE(3,(#3291,#3292,#3293,#3294),.UNSPECIFIED.,.F.,.F.) B_SPLINE_CURVE_WITH_KNOTS((4,4),(0.000000000000000E+00,1.000000000000000E+00),.UNSPECIFIED.) CURVE() GEOMETRIC_REPRESENTATION_ITEM() RATIONAL_B_SPLINE_CURVE((1.000000000000000E+00,1.000000000000000E+00,1.000000000000000E+00,1.000000000000000E+00)) REPRESENTATION_ITEM(''));
#3296 = EDGE_CURVE('', #3257, #3283, #3295, .T.);
#3297 = ORIENTED_EDGE('', *,*, #3296, .T.);
#3298 = EDGE_LOOP('', (#3264,#3271,#3272,#3279,#3280,#3281,#3290,#3297));
#3299 = FACE_OUTER_BOUND('', #3298, .T.);
#3300 = ADVANCED_FACE('', (#3299), #3253, .F.);
#3301 = CARTESIAN_POINT('', (9.841946420836265E-05,-6.899711307410573E+00,1.014885035882010E-16));
#3302 = DIRECTION('', (-1.143065060592894E-18,1.546304804037347E-16,-1.000000000000000E+00));
#3303 = DIRECTION('', (0.000000000000000E+00,1.000000000000000E+00,1.546304804037347E-16));
#3304 = AXIS2_PLACEMENT_3D('', #3301, #3302, #3303);
#3305 = PLANE('', #3304);
#3306 = CARTESIAN_POINT('', (-1.000000005071868E+01,-3.799502372741699E+00,5.926673425323308E-16));
#3307 = VERTEX_POINT('', #3306);
#3308 = CARTESIAN_POINT('', (-2.638592535889041E-01,-3.799363221869775E+00,4.043147087482677E-05));
#3309 = VERTEX_POINT('', #3308);
#3310 = CARTESIAN_POINT('', (-9.999873019329458E+00,-3.799629751912228E+00,-1.271950001526538E-04));
#3311 = CARTESIAN_POINT('', (-6.774246884584613E+00,-3.799697720536605E+00,6.315183431022846E-04));
#3312 = CARTESIAN_POINT('', (-3.533711348749815E+00,-3.799197976897767E+00,-5.373544248570926E-04));
#3313 = CARTESIAN_POINT('', (-2.638592535889041E-01,-3.799363221869775E+00,4.043147087482677E-05));
#3314 = (BOUNDED_CURVE() B_SPLINE_CURVE(3,(#3310,#3311,#3312,#3313),.UNSPECIFIED.,.F.,.F.) B_SPLINE_CURVE_WITH_KNOTS((4,4),(0.000000000000000E+00,1.000000000000000E+00),.UNSPECIFIED.) CURVE() GEOMETRIC_REPRESENTATION_ITEM() RATIONAL_B_SPLINE_CURVE((1.000000000000000E+00,1.000000000000000E+00,1.000000000000000E+00,1.000000000000000E+00)) REPRESENTATION_ITEM(''));
#3315 = EDGE_CURVE('', #3307, #3309, #3314, .T.);
#3316 = ORIENTED_EDGE('', *,*, #3315, .F.);
#3317 = CARTESIAN_POINT('', (-2.638592535889041E-01,-3.799363221869775E+00,4.043147087482677E-05));
#3318 = CARTESIAN_POINT('', (1.145109406243253E-01,-3.799337212565702E+00,9.977145674265007E-05));
#3319 = CARTESIAN_POINT('', (5.122631463953855E-01,-3.799363884573923E+00,-8.156727137766828E-05));
#3320 = CARTESIAN_POINT('', (8.986356293095694E-01,-3.799334520030692E+00,-5.326387280600991E-05));
#3321 = (BOUNDED_CURVE() B_SPLINE_CURVE(3,(#3317,#3318,#3319,#3320),.UNSPECIFIED.,.F.,.F.) B_SPLINE_CURVE_WITH_KNOTS((4,4),(0.000000000000000E+00,1.000000000000000E+00),.UNSPECIFIED.) CURVE() GEOMETRIC_REPRESENTATION_ITEM() RATIONAL_B_SPLINE_CURVE((1.000000000000000E+00,1.000000000000000E+00,1.000000000000000E+00,1.000000000000000E+00)) REPRESENTATION_ITEM(''));
#3322 = EDGE_CURVE('', #3309, #2827, #3321, .T.);
#3323 = ORIENTED_EDGE('', *,*, #3322, .F.);
#3324 = ORIENTED_EDGE('', *,*, #2833, .T.);
#3325 = CARTESIAN_POINT('', (1.000000000000001E+01,-1.000000001276858E+01,-3.887291236315860E-16));
#3326 = VERTEX_POINT('', #3325);
#3327 = CARTESIAN_POINT('', (9.999806604811672E+00,-3.798817825064778E+00,1.930236582590770E-04));
#3328 = CARTESIAN_POINT('', (1.000022305401837E+01,-5.865878589523470E+00,-2.225508655296887E-04));
#3329 = CARTESIAN_POINT('', (9.999891773189219E+00,-7.932939353978271E+00,1.079107030502836E-04));
#3330 = CARTESIAN_POINT('', (1.000000070828602E+01,-1.000000011842960E+01,-8.169553855413218E-07));
#3331 = (BOUNDED_CURVE() B_SPLINE_CURVE(3,(#3327,#3328,#3329,#3330),.UNSPECIFIED.,.F.,.F.) B_SPLINE_CURVE_WITH_KNOTS((4,4),(0.000000000000000E+00,1.000000000000000E+00),.UNSPECIFIED.) CURVE() GEOMETRIC_REPRESENTATION_ITEM() RATIONAL_B_SPLINE_CURVE((1.000000000000000E+00,1.000000000000000E+00,1.000000000000000E+00,1.000000000000000E+00)) REPRESENTATION_ITEM(''));
#3332 = EDGE_CURVE('', #2818, #3326, #3331, .T.);
#3333 = ORIENTED_EDGE('', *,*, #3332, .F.);
#3334 = CARTESIAN_POINT('', (-1.000000009007121E+01,-1.000000000490467E+01,-3.664782151368668E-16));
#3335 = VERTEX_POINT('', #3334);
#3336 = CARTESIAN_POINT('', (-1.000000075310418E+01,-9.999999266378916E+00,5.940302986186425E-07));
#3337 = CARTESIAN_POINT('', (-3.333333599307438E+00,-1.000000090372281E+01,-1.082086826649167E-06));
#3338 = CARTESIAN_POINT('', (3.333333554489294E+00,-9.999999524869303E+00,1.226881686518401E-06));
#3339 = CARTESIAN_POINT('', (1.000000070828602E+01,-1.000000011842960E+01,-8.169553855413218E-07));
#3340 = (BOUNDED_CURVE() B_SPLINE_CURVE(3,(#3336,#3337,#3338,#3339),.UNSPECIFIED.,.F.,.F.) B_SPLINE_CURVE_WITH_KNOTS((4,4),(0.000000000000000E+00,1.000000000000000E+00),.UNSPECIFIED.) CURVE() GEOMETRIC_REPRESENTATION_ITEM() RATIONAL_B_SPLINE_CURVE((1.000000000000000E+00,1.000000000000000E+00,1.000000000000000E+00,1.000000000000000E+00)) REPRESENTATION_ITEM(''));
#3341 = EDGE_CURVE('', #3335, #3326, #3340, .T.);
#3342 = ORIENTED_EDGE('', *,*, #3341, .T.);
#3343 = CARTESIAN_POINT('', (-1.000000075310418E+01,-9.999999266378916E+00,5.940302986186425E-07));
#3344 = CARTESIAN_POINT('', (-9.999932584286208E+00,-7.933209428221356E+00,-6.760824782347991E-05));
#3345 = CARTESIAN_POINT('', (-1.000014461007555E+01,-5.866419590064097E+00,1.447564130219697E-04));
#3346 = CARTESIAN_POINT('', (-9.999873019329458E+00,-3.799629751912228E+00,-1.271950001526538E-04));
#3347 = (BOUNDED_CURVE() B_SPLINE_CURVE(3,(#3343,#3344,#3345,#3346),.UNSPECIFIED.,.F.,.F.) B_SPLINE_CURVE_WITH_KNOTS((4,4),(0.000000000000000E+00,1.000000000000000E+00),.UNSPECIFIED.) CURVE() GEOMETRIC_REPRESENTATION_ITEM() RATIONAL_B_SPLINE_CURVE((1.000000000000000E+00,1.000000000000000E+00,1.000000000000000E+00,1.000000000000000E+00)) REPRESENTATION_ITEM(''));
#3348 = EDGE_CURVE('', #3335, #3307, #3347, .T.);
#3349 = ORIENTED_EDGE('', *,*, #3348, .F.);
#3350 = EDGE_LOOP('', (#3316,#3323,#3324,#3333,#3342,#3349));
#3351 = FACE_OUTER_BOUND('', #3350, .T.);
#3352 = ADVANCED_FACE('', (#3351), #3305, .F.);
#3353 = CARTESIAN_POINT('', (-2.729202093738609E-04,-9.999999999800075E+00,9.879548098688362E+01));
#3354 = DIRECTION('', (-3.931948100444060E-10,-1.000000000000000E+00,9.146639001755830E-11));
#3355 = DIRECTION('', (1.000000000000000E+00,-3.931948100444060E-10,0.000000000000000E+00));
#3356 = AXIS2_PLACEMENT_3D('', #3353, #3354, #3355);
#3357 = PLANE('', #3356);
#3358 = CARTESIAN_POINT('', (-1.000000002920304E+01,-9.999999987896340E+00,1.859526062011719E+02));
#3359 = VERTEX_POINT('', #3358);
#3360 = CARTESIAN_POINT('', (-9.999990318834126E+00,-1.000004709655914E+01,1.859526538154348E+02));
#3361 = CARTESIAN_POINT('', (-1.000001178690892E+01,-9.999936497809625E+00,1.239684360749489E+02));
#3362 = CARTESIAN_POINT('', (-9.999994338142344E+00,-1.000003041000874E+01,6.198421833448149E+01));
#3363 = CARTESIAN_POINT('', (-1.000000075310418E+01,-9.999999266378916E+00,5.940302986186425E-07));
#3364 = (BOUNDED_CURVE() B_SPLINE_CURVE(3,(#3360,#3361,#3362,#3363),.UNSPECIFIED.,.F.,.F.) B_SPLINE_CURVE_WITH_KNOTS((4,4),(0.000000000000000E+00,1.000000000000000E+00),.UNSPECIFIED.) CURVE() GEOMETRIC_REPRESENTATION_ITEM() RATIONAL_B_SPLINE_CURVE((1.000000000000000E+00,1.000000000000000E+00,1.000000000000000E+00,1.000000000000000E+00)) REPRESENTATION_ITEM(''));
#3365 = EDGE_CURVE('', #3359, #3335, #3364, .T.);
#3366 = ORIENTED_EDGE('', *,*, #3365, .F.);
#3367 = ORIENTED_EDGE('', *,*, #3341, .F.);
#3368 = CARTESIAN_POINT('', (1.000000000000001E+01,-9.999999995749912E+00,1.860656433105469E+02));
#3369 = VERTEX_POINT('', #3368);
#3370 = CARTESIAN_POINT('', (1.000000070828602E+01,-1.000000011842960E+01,-8.169553855413218E-07));
#3371 = CARTESIAN_POINT('', (1.000000438019105E+01,-9.999995868702758E+00,6.202188376037845E+01));
#3372 = CARTESIAN_POINT('', (9.999988485917997E+00,-1.000000921139783E+01,1.240437683377151E+02));
#3373 = CARTESIAN_POINT('', (1.000001003467992E+01,-9.999992244073374E+00,1.860656529150550E+02));
#3374 = (BOUNDED_CURVE() B_SPLINE_CURVE(3,(#3370,#3371,#3372,#3373),.UNSPECIFIED.,.F.,.F.) B_SPLINE_CURVE_WITH_KNOTS((4,4),(0.000000000000000E+00,1.000000000000000E+00),.UNSPECIFIED.) CURVE() GEOMETRIC_REPRESENTATION_ITEM() RATIONAL_B_SPLINE_CURVE((1.000000000000000E+00,1.000000000000000E+00,1.000000000000000E+00,1.000000000000000E+00)) REPRESENTATION_ITEM(''));
#3375 = EDGE_CURVE('', #3326, #3369, #3374, .T.);
#3376 = ORIENTED_EDGE('', *,*, #3375, .F.);
#3377 = CARTESIAN_POINT('', (9.916922847411255E+00,-9.999468371574288E+00,1.861976089643859E+02));
#3378 = VERTEX_POINT('', #3377);
#3379 = CARTESIAN_POINT('', (9.916922847411255E+00,-9.999468371574288E+00,1.861976089643859E+02));
#3380 = CARTESIAN_POINT('', (9.939202899852738E+00,-1.000042828401710E+01,1.861613650075705E+02));
#3381 = CARTESIAN_POINT('', (9.968294449207033E+00,-1.000003303862917E+01,1.861155326771178E+02));
#3382 = CARTESIAN_POINT('', (1.000001003467992E+01,-9.999992244073374E+00,1.860656529150550E+02));
#3383 = (BOUNDED_CURVE() B_SPLINE_CURVE(3,(#3379,#3380,#3381,#3382),.UNSPECIFIED.,.F.,.F.) B_SPLINE_CURVE_WITH_KNOTS((4,4),(0.000000000000000E+00,1.000000000000000E+00),.UNSPECIFIED.) CURVE() GEOMETRIC_REPRESENTATION_ITEM() RATIONAL_B_SPLINE_CURVE((1.000000000000000E+00,1.000000000000000E+00,1.000000000000000E+00,1.000000000000000E+00)) REPRESENTATION_ITEM(''));
#3384 = EDGE_CURVE('', #3378, #3369, #3383, .T.);
#3385 = ORIENTED_EDGE('', *,*, #3384, .T.);
#3386 = CARTESIAN_POINT('', (9.916922847411255E+00,-9.999468371574288E+00,1.861976089643859E+02));
#3387 = CARTESIAN_POINT('', (9.395488250602666E+00,-9.990433832689281E+00,1.870049592226887E+02));
#3388 = CARTESIAN_POINT('', (8.899301132328727E+00,-1.001215895950072E+01,1.878169324621028E+02));
#3389 = CARTESIAN_POINT('', (8.639922080152731E+00,-9.999949182257554E+00,1.888406750338148E+02));
#3390 = (BOUNDED_CURVE() B_SPLINE_CURVE(3,(#3386,#3387,#3388,#3389),.UNSPECIFIED.,.F.,.F.) B_SPLINE_CURVE_WITH_KNOTS((4,4),(0.000000000000000E+00,1.000000000000000E+00),.UNSPECIFIED.) CURVE() GEOMETRIC_REPRESENTATION_ITEM() RATIONAL_B_SPLINE_CURVE((1.000000000000000E+00,1.000000000000000E+00,1.000000000000000E+00,1.000000000000000E+00)) REPRESENTATION_ITEM(''));
#3391 = EDGE_CURVE('', #3378, #2625, #3390, .T.);
#3392 = ORIENTED_EDGE('', *,*, #3391, .F.);
#3393 = ORIENTED_EDGE('', *,*, #2631, .F.);
#3394 = ORIENTED_EDGE('', *,*, #1526, .T.);
#3395 = CARTESIAN_POINT('', (1.000000000000001E+01,-9.999999994475392E+00,1.999999999999999E+02));
#3396 = VERTEX_POINT('', #3395);
#3397 = CARTESIAN_POINT('', (1.000070872794198E+01,-9.999291290469415E+00,1.981472565634303E+02));
#3398 = CARTESIAN_POINT('', (9.999180690313709E+00,-1.000082072503796E+01,1.987648422955188E+02));
#3399 = CARTESIAN_POINT('', (1.000039497829004E+01,-9.999599976788931E+00,1.993824280275943E+02));
#3400 = CARTESIAN_POINT('', (1.000001370887494E+01,-9.999995375477088E+00,2.000000137596587E+02));
#3401 = (BOUNDED_CURVE() B_SPLINE_CURVE(3,(#3397,#3398,#3399,#3400),.UNSPECIFIED.,.F.,.F.) B_SPLINE_CURVE_WITH_KNOTS((4,4),(0.000000000000000E+00,1.000000000000000E+00),.UNSPECIFIED.) CURVE() GEOMETRIC_REPRESENTATION_ITEM() RATIONAL_B_SPLINE_CURVE((1.000000000000000E+00,1.000000000000000E+00,1.000000000000000E+00,1.000000000000000E+00)) REPRESENTATION_ITEM(''));
#3402 = EDGE_CURVE('', #1511, #3396, #3401, .T.);
#3403 = ORIENTED_EDGE('', *,*, #3402, .F.);
#3404 = CARTESIAN_POINT('', (-1.000000002460489E+01,-9.999999986611483E+00,1.999999999999999E+02));
#3405 = VERTEX_POINT('', #3404);
#3406 = CARTESIAN_POINT('', (-1.000002789999018E+01,-1.000002672093660E+01,1.999999721488579E+02));
#3407 = CARTESIAN_POINT('', (-3.333347363701170E+00,-9.999960779429687E+00,2.000000442700063E+02));
#3408 = CARTESIAN_POINT('', (3.333333172587101E+00,-1.000002272410249E+01,1.999999668298692E+02));
#3409 = CARTESIAN_POINT('', (1.000001370887494E+01,-9.999995375477088E+00,2.000000137596587E+02));
#3410 = (BOUNDED_CURVE() B_SPLINE_CURVE(3,(#3406,#3407,#3408,#3409),.UNSPECIFIED.,.F.,.F.) B_SPLINE_CURVE_WITH_KNOTS((4,4),(0.000000000000000E+00,1.000000000000000E+00),.UNSPECIFIED.) CURVE() GEOMETRIC_REPRESENTATION_ITEM() RATIONAL_B_SPLINE_CURVE((1.000000000000000E+00,1.000000000000000E+00,1.000000000000000E+00,1.000000000000000E+00)) REPRESENTATION_ITEM(''));
#3411 = EDGE_CURVE('', #3405, #3396, #3410, .T.);
#3412 = ORIENTED_EDGE('', *,*, #3411, .T.);
#3413 = CARTESIAN_POINT('', (-1.000000002524790E+01,-9.999999986791158E+00,1.980355987548828E+02));
#3414 = VERTEX_POINT('', #3413);
#3415 = CARTESIAN_POINT('', (-9.998138513756114E+00,-9.998138542992420E+00,1.980337372139881E+02));
#3416 = CARTESIAN_POINT('', (-1.000218503007110E+01,-1.000218465529663E+01,1.986891488589805E+02));
#3417 = CARTESIAN_POINT('', (-9.998880677577173E+00,-9.998881477059728E+00,1.993445605039342E+02));
#3418 = CARTESIAN_POINT('', (-1.000002789999018E+01,-1.000002672093660E+01,1.999999721488579E+02));
#3419 = (BOUNDED_CURVE() B_SPLINE_CURVE(3,(#3415,#3416,#3417,#3418),.UNSPECIFIED.,.F.,.F.) B_SPLINE_CURVE_WITH_KNOTS((4,4),(0.000000000000000E+00,1.000000000000000E+00),.UNSPECIFIED.) CURVE() GEOMETRIC_REPRESENTATION_ITEM() RATIONAL_B_SPLINE_CURVE((1.000000000000000E+00,1.000000000000000E+00,1.000000000000000E+00,1.000000000000000E+00)) REPRESENTATION_ITEM(''));
#3420 = EDGE_CURVE('', #3414, #3405, #3419, .T.);
#3421 = ORIENTED_EDGE('', *,*, #3420, .T.);
#3422 = CARTESIAN_POINT('', (-9.998138513756114E+00,-9.998138542992420E+00,1.980337372139881E+02));
#3423 = CARTESIAN_POINT('', (-9.150774167083476E+00,-9.984550696934066E+00,1.969396952431775E+02));
#3424 = CARTESIAN_POINT('', (-8.585102594753565E+00,-9.992275407555418E+00,1.959076852143909E+02));
#3425 = CARTESIAN_POINT('', (-8.285167856954608E+00,-9.998951004386756E+00,1.946381327974395E+02));
#3426 = (BOUNDED_CURVE() B_SPLINE_CURVE(3,(#3422,#3423,#3424,#3425),.UNSPECIFIED.,.F.,.F.) B_SPLINE_CURVE_WITH_KNOTS((4,4),(0.000000000000000E+00,1.000000000000000E+00),.UNSPECIFIED.) CURVE() GEOMETRIC_REPRESENTATION_ITEM() RATIONAL_B_SPLINE_CURVE((1.000000000000000E+00,1.000000000000000E+00,1.000000000000000E+00,1.000000000000000E+00)) REPRESENTATION_ITEM(''));
#3427 = EDGE_CURVE('', #3414, #2895, #3426, .T.);
#3428 = ORIENTED_EDGE('', *,*, #3427, .F.);
#3429 = ORIENTED_EDGE('', *,*, #2901, .F.);
#3430 = CARTESIAN_POINT('', (-9.247058322736930E+00,-1.000067681669661E+01,1.873791779128376E+02));
#3431 = VERTEX_POINT('', #3430);
#3432 = CARTESIAN_POINT('', (-9.247058322736930E+00,-1.000067681669661E+01,1.873791779128376E+02));
#3433 = CARTESIAN_POINT('', (-8.957992824923574E+00,-1.000028373975904E+01,1.880087010764806E+02));
#3434 = CARTESIAN_POINT('', (-8.720005028036205E+00,-9.995311784999263E+00,1.886402772939722E+02));
#3435 = CARTESIAN_POINT('', (-8.534600484738615E+00,-1.000064262013678E+01,1.892271398176190E+02));
#3436 = (BOUNDED_CURVE() B_SPLINE_CURVE(3,(#3432,#3433,#3434,#3435),.UNSPECIFIED.,.F.,.F.) B_SPLINE_CURVE_WITH_KNOTS((4,4),(0.000000000000000E+00,1.000000000000000E+00),.UNSPECIFIED.) CURVE() GEOMETRIC_REPRESENTATION_ITEM() RATIONAL_B_SPLINE_CURVE((1.000000000000000E+00,1.000000000000000E+00,1.000000000000000E+00,1.000000000000000E+00)) REPRESENTATION_ITEM(''));
#3437 = EDGE_CURVE('', #3431, #2886, #3436, .T.);
#3438 = ORIENTED_EDGE('', *,*, #3437, .T.);
#3439 = CARTESIAN_POINT('', (-9.999990318834126E+00,-1.000004709655914E+01,1.859526538154348E+02));
#3440 = CARTESIAN_POINT('', (-9.744211113793758E+00,-1.000203316481002E+01,1.864407127624561E+02));
#3441 = CARTESIAN_POINT('', (-9.480852516813750E+00,-9.997070509802267E+00,1.869166377745808E+02));
#3442 = CARTESIAN_POINT('', (-9.247058322736930E+00,-1.000067681669661E+01,1.873791779128376E+02));
#3443 = (BOUNDED_CURVE() B_SPLINE_CURVE(3,(#3439,#3440,#3441,#3442),.UNSPECIFIED.,.F.,.F.) B_SPLINE_CURVE_WITH_KNOTS((4,4),(0.000000000000000E+00,1.000000000000000E+00),.UNSPECIFIED.) CURVE() GEOMETRIC_REPRESENTATION_ITEM() RATIONAL_B_SPLINE_CURVE((1.000000000000000E+00,1.000000000000000E+00,1.000000000000000E+00,1.000000000000000E+00)) REPRESENTATION_ITEM(''));
#3444 = EDGE_CURVE('', #3359, #3431, #3443, .T.);
#3445 = ORIENTED_EDGE('', *,*, #3444, .T.);
#3446 = EDGE_LOOP('', (#3366,#3367,#3376,#3385,#3392,#3393,#3394,#3403,#3412,#3421,#3428,#3429,#3438,#3445));
#3447 = FACE_OUTER_BOUND('', #3446, .T.);
#3448 = CARTESIAN_POINT('', (-1.675538092608326E+00,-9.999899796282264E+00,1.905200890091037E+02));
#3449 = VERTEX_POINT('', #3448);
#3450 = CARTESIAN_POINT('', (-4.129299017347552E-01,-9.997382601423434E+00,1.951222220444061E+02));
#3451 = VERTEX_POINT('', #3450);
#3452 = CARTESIAN_POINT('', (-1.675538092608326E+00,-9.999899796282264E+00,1.905200890091037E+02));
#3453 = CARTESIAN_POINT('', (-2.302595960230016E+00,-9.960426260465653E+00,1.923755790681173E+02));
#3454 = CARTESIAN_POINT('', (-2.132916571948929E+00,-1.003016295077589E+01,1.947321482795652E+02));
#3455 = CARTESIAN_POINT('', (-4.129299017347552E-01,-9.997382601423434E+00,1.951222220444061E+02));
#3456 = (BOUNDED_CURVE() B_SPLINE_CURVE(3,(#3452,#3453,#3454,#3455),.UNSPECIFIED.,.F.,.F.) B_SPLINE_CURVE_WITH_KNOTS((4,4),(0.000000000000000E+00,1.000000000000000E+00),.UNSPECIFIED.) CURVE() GEOMETRIC_REPRESENTATION_ITEM() RATIONAL_B_SPLINE_CURVE((1.000000000000000E+00,1.000000000000000E+00,1.000000000000000E+00,1.000000000000000E+00)) REPRESENTATION_ITEM(''));
#3457 = EDGE_CURVE('', #3449, #3451, #3456, .T.);
#3458 = ORIENTED_EDGE('', *,*, #3457, .F.);
#3459 = CARTESIAN_POINT('', (1.825803621325052E+00,-9.999211799851594E+00,1.914987573850712E+02));
#3460 = VERTEX_POINT('', #3459);
#3461 = CARTESIAN_POINT('', (-4.129299017347552E-01,-9.997382601423434E+00,1.951222220444061E+02));
#3462 = CARTESIAN_POINT('', (1.065872367589453E+00,-1.001621698983963E+01,1.959797573660964E+02));
#3463 = CARTESIAN_POINT('', (2.230725107784220E+00,-1.001429421053740E+01,1.938946355837051E+02));
#3464 = CARTESIAN_POINT('', (1.825803621325052E+00,-9.999211799851594E+00,1.914987573850712E+02));
#3465 = (BOUNDED_CURVE() B_SPLINE_CURVE(3,(#3461,#3462,#3463,#3464),.UNSPECIFIED.,.F.,.F.) B_SPLINE_CURVE_WITH_KNOTS((4,4),(0.000000000000000E+00,1.000000000000000E+00),.UNSPECIFIED.) CURVE() GEOMETRIC_REPRESENTATION_ITEM() RATIONAL_B_SPLINE_CURVE((1.000000000000000E+00,1.000000000000000E+00,1.000000000000000E+00,1.000000000000000E+00)) REPRESENTATION_ITEM(''));
#3466 = EDGE_CURVE('', #3451, #3460, #3465, .T.);
#3467 = ORIENTED_EDGE('', *,*, #3466, .F.);
#3468 = CARTESIAN_POINT('', (9.027032827013998E-01,-9.998080774580616E+00,1.892683850615819E+02));
#3469 = VERTEX_POINT('', #3468);
#3470 = CARTESIAN_POINT('', (1.825803621325052E+00,-9.999211799851594E+00,1.914987573850712E+02));
#3471 = CARTESIAN_POINT('', (1.741488730662605E+00,-1.001008949381306E+01,1.906156954802953E+02));
#3472 = CARTESIAN_POINT('', (1.550273497852256E+00,-9.996729335865314E+00,1.899902695111779E+02));
#3473 = CARTESIAN_POINT('', (9.027032827013998E-01,-9.998080774580616E+00,1.892683850615819E+02));
#3474 = (BOUNDED_CURVE() B_SPLINE_CURVE(3,(#3470,#3471,#3472,#3473),.UNSPECIFIED.,.F.,.F.) B_SPLINE_CURVE_WITH_KNOTS((4,4),(0.000000000000000E+00,1.000000000000000E+00),.UNSPECIFIED.) CURVE() GEOMETRIC_REPRESENTATION_ITEM() RATIONAL_B_SPLINE_CURVE((1.000000000000000E+00,1.000000000000000E+00,1.000000000000000E+00,1.000000000000000E+00)) REPRESENTATION_ITEM(''));
#3475 = EDGE_CURVE('', #3460, #3469, #3474, .T.);
#3476 = ORIENTED_EDGE('', *,*, #3475, .F.);
#3477 = CARTESIAN_POINT('', (-7.207389909755877E-01,-1.000102755324860E+01,1.891225576437531E+02));
#3478 = VERTEX_POINT('', #3477);
#3479 = CARTESIAN_POINT('', (9.027032827013998E-01,-9.998080774580616E+00,1.892683850615819E+02));
#3480 = CARTESIAN_POINT('', (1.573524357855956E-01,-1.000520258443487E+01,1.884135327714252E+02));
#3481 = CARTESIAN_POINT('', (1.791988032601412E-01,-9.998615346507245E+00,1.884269517972947E+02));
#3482 = CARTESIAN_POINT('', (-7.207389909755877E-01,-1.000102755324860E+01,1.891225576437531E+02));
#3483 = (BOUNDED_CURVE() B_SPLINE_CURVE(3,(#3479,#3480,#3481,#3482),.UNSPECIFIED.,.F.,.F.) B_SPLINE_CURVE_WITH_KNOTS((4,4),(0.000000000000000E+00,1.000000000000000E+00),.UNSPECIFIED.) CURVE() GEOMETRIC_REPRESENTATION_ITEM() RATIONAL_B_SPLINE_CURVE((1.000000000000000E+00,1.000000000000000E+00,1.000000000000000E+00,1.000000000000000E+00)) REPRESENTATION_ITEM(''));
#3484 = EDGE_CURVE('', #3469, #3478, #3483, .T.);
#3485 = ORIENTED_EDGE('', *,*, #3484, .F.);
#3486 = CARTESIAN_POINT('', (-1.675538092608326E+00,-9.999899796282264E+00,1.905200890091037E+02));
#3487 = CARTESIAN_POINT('', (-1.479973112253638E+00,-9.998223616372819E+00,1.900677244137437E+02));
#3488 = CARTESIAN_POINT('', (-1.201591856378533E+00,-9.996871599632721E+00,1.895556842290235E+02));
#3489 = CARTESIAN_POINT('', (-7.207389909755877E-01,-1.000102755324860E+01,1.891225576437531E+02));
#3490 = (BOUNDED_CURVE() B_SPLINE_CURVE(3,(#3486,#3487,#3488,#3489),.UNSPECIFIED.,.F.,.F.) B_SPLINE_CURVE_WITH_KNOTS((4,4),(0.000000000000000E+00,1.000000000000000E+00),.UNSPECIFIED.) CURVE() GEOMETRIC_REPRESENTATION_ITEM() RATIONAL_B_SPLINE_CURVE((1.000000000000000E+00,1.000000000000000E+00,1.000000000000000E+00,1.000000000000000E+00)) REPRESENTATION_ITEM(''));
#3491 = EDGE_CURVE('', #3449, #3478, #3490, .T.);
#3492 = ORIENTED_EDGE('', *,*, #3491, .T.);
#3493 = EDGE_LOOP('', (#3458,#3467,#3476,#3485,#3492));
#3494 = FACE_BOUND('', #3493, .T.);
#3495 = ADVANCED_FACE('', (#3447,#3494), #3357, .F.);
#3496 = CARTESIAN_POINT('', (-1.753966104228631E-04,-7.030209552328074E+00,1.999999999999999E+02));
#3497 = DIRECTION('', (-0.000000000000000E+00,0.000000000000000E+00,1.000000000000000E+00));
#3498 = DIRECTION('', (0.000000000000000E+00,-1.000000000000000E+00,0.000000000000000E+00));
#3499 = AXIS2_PLACEMENT_3D('', #3496, #3497, #3498);
#3500 = PLANE('', #3499);
#3501 = CARTESIAN_POINT('', (1.000000000000001E+01,-4.231640338897705E+00,1.999999999999999E+02));
#3502 = VERTEX_POINT('', #3501);
#3503 = CARTESIAN_POINT('', (5.674317272547587E-01,-4.265440572469037E+00,1.999929591879565E+02));
#3504 = VERTEX_POINT('', #3503);
#3505 = CARTESIAN_POINT('', (9.994820336204711E+00,-4.236820009640905E+00,1.999948203594203E+02));
#3506 = CARTESIAN_POINT('', (5.815432507327044E+00,-3.824616359273683E+00,1.999849033779282E+02));
#3507 = CARTESIAN_POINT('', (3.192598332339750E+00,-3.763092185987575E+00,2.001290663095271E+02));
#3508 = CARTESIAN_POINT('', (5.674317272547587E-01,-4.265440572469037E+00,1.999929591879565E+02));
#3509 = (BOUNDED_CURVE() B_SPLINE_CURVE(3,(#3505,#3506,#3507,#3508),.UNSPECIFIED.,.F.,.F.) B_SPLINE_CURVE_WITH_KNOTS((4,4),(0.000000000000000E+00,1.000000000000000E+00),.UNSPECIFIED.) CURVE() GEOMETRIC_REPRESENTATION_ITEM() RATIONAL_B_SPLINE_CURVE((1.000000000000000E+00,1.000000000000000E+00,1.000000000000000E+00,1.000000000000000E+00)) REPRESENTATION_ITEM(''));
#3510 = EDGE_CURVE('', #3502, #3504, #3509, .T.);
#3511 = ORIENTED_EDGE('', *,*, #3510, .F.);
#3512 = CARTESIAN_POINT('', (-9.999999987769323E+00,-4.196083545684814E+00,1.999999999999999E+02));
#3513 = VERTEX_POINT('', #3512);
#3514 = CARTESIAN_POINT('', (-9.992040009634934E+00,-4.204043533604407E+00,2.000079599853645E+02));
#3515 = CARTESIAN_POINT('', (-6.109954847081766E+00,-3.766389758915815E+00,1.999953023887027E+02));
#3516 = CARTESIAN_POINT('', (-2.880293342562295E+00,-4.057555917045649E+00,2.000499248039767E+02));
#3517 = CARTESIAN_POINT('', (5.674317272547587E-01,-4.265440572469037E+00,1.999929591879565E+02));
#3518 = (BOUNDED_CURVE() B_SPLINE_CURVE(3,(#3514,#3515,#3516,#3517),.UNSPECIFIED.,.F.,.F.) B_SPLINE_CURVE_WITH_KNOTS((4,4),(0.000000000000000E+00,1.000000000000000E+00),.UNSPECIFIED.) CURVE() GEOMETRIC_REPRESENTATION_ITEM() RATIONAL_B_SPLINE_CURVE((1.000000000000000E+00,1.000000000000000E+00,1.000000000000000E+00,1.000000000000000E+00)) REPRESENTATION_ITEM(''));
#3519 = EDGE_CURVE('', #3513, #3504, #3518, .T.);
#3520 = ORIENTED_EDGE('', *,*, #3519, .T.);
#3521 = CARTESIAN_POINT('', (-9.992040009634934E+00,-4.204043533604407E+00,2.000079599853645E+02));
#3522 = CARTESIAN_POINT('', (-1.000930045844029E+01,-6.136037929145076E+00,1.999906995338549E+02));
#3523 = CARTESIAN_POINT('', (-9.995322084555179E+00,-8.068032325033343E+00,2.000046779215081E+02));
#3524 = CARTESIAN_POINT('', (-1.000002789999018E+01,-1.000002672093660E+01,1.999999721488579E+02));
#3525 = (BOUNDED_CURVE() B_SPLINE_CURVE(3,(#3521,#3522,#3523,#3524),.UNSPECIFIED.,.F.,.F.) B_SPLINE_CURVE_WITH_KNOTS((4,4),(0.000000000000000E+00,1.000000000000000E+00),.UNSPECIFIED.) CURVE() GEOMETRIC_REPRESENTATION_ITEM() RATIONAL_B_SPLINE_CURVE((1.000000000000000E+00,1.000000000000000E+00,1.000000000000000E+00,1.000000000000000E+00)) REPRESENTATION_ITEM(''));
#3526 = EDGE_CURVE('', #3513, #3405, #3525, .T.);
#3527 = ORIENTED_EDGE('', *,*, #3526, .F.);
#3528 = ORIENTED_EDGE('', *,*, #3411, .F.);
#3529 = CARTESIAN_POINT('', (9.994820336204711E+00,-4.236820009640905E+00,1.999948203594203E+02));
#3530 = CARTESIAN_POINT('', (1.000604963179554E+01,-6.157878464826088E+00,2.000060496043463E+02));
#3531 = CARTESIAN_POINT('', (9.996961714547901E+00,-8.078936920108253E+00,1.999969617130366E+02));
#3532 = CARTESIAN_POINT('', (1.000001370887494E+01,-9.999995375477088E+00,2.000000137596587E+02));
#3533 = (BOUNDED_CURVE() B_SPLINE_CURVE(3,(#3529,#3530,#3531,#3532),.UNSPECIFIED.,.F.,.F.) B_SPLINE_CURVE_WITH_KNOTS((4,4),(0.000000000000000E+00,1.000000000000000E+00),.UNSPECIFIED.) CURVE() GEOMETRIC_REPRESENTATION_ITEM() RATIONAL_B_SPLINE_CURVE((1.000000000000000E+00,1.000000000000000E+00,1.000000000000000E+00,1.000000000000000E+00)) REPRESENTATION_ITEM(''));
#3534 = EDGE_CURVE('', #3502, #3396, #3533, .T.);
#3535 = ORIENTED_EDGE('', *,*, #3534, .T.);
#3536 = EDGE_LOOP('', (#3511,#3520,#3527,#3528,#3535));
#3537 = FACE_OUTER_BOUND('', #3536, .T.);
#3538 = ADVANCED_FACE('', (#3537), #3500, .F.);
#3539 = CARTESIAN_POINT('', (1.000000000000001E+01,6.254400862033177E-02,9.098867177986239E+01));
#3540 = DIRECTION('', (1.000000000000000E+00,-0.000000000000000E+00,0.000000000000000E+00));
#3541 = DIRECTION('', (0.000000000000000E+00,0.000000000000000E+00,-1.000000000000000E+00));
#3542 = AXIS2_PLACEMENT_3D('', #3539, #3540, #3541);
#3543 = PLANE('', #3542);
#3544 = ORIENTED_EDGE('', *,*, #1616, .F.);
#3545 = ORIENTED_EDGE('', *,*, #2442, .T.);
#3546 = ORIENTED_EDGE('', *,*, #2489, .T.);
#3547 = ORIENTED_EDGE('', *,*, #3278, .F.);
#3548 = ORIENTED_EDGE('', *,*, #2968, .F.);
#3549 = ORIENTED_EDGE('', *,*, #1040, .F.);
#3550 = ORIENTED_EDGE('', *,*, #1101, .T.);
#3551 = ORIENTED_EDGE('', *,*, #2791, .T.);
#3552 = CARTESIAN_POINT('', (9.996226452110085E+00,-2.892786177108766E+00,1.987317479920168E+02));
#3553 = VERTEX_POINT('', #3552);
#3554 = CARTESIAN_POINT('', (9.996226452110085E+00,-2.892786177108766E+00,1.987317479920168E+02));
#3555 = CARTESIAN_POINT('', (1.005752874873255E+01,-1.439671202761393E+00,1.970167554961550E+02));
#3556 = CARTESIAN_POINT('', (1.001182140910398E+01,1.011356772123341E-01,1.951542103592344E+02));
#3557 = CARTESIAN_POINT('', (9.994562780245760E+00,2.125485226132569E+00,1.934203742270027E+02));
#3558 = (BOUNDED_CURVE() B_SPLINE_CURVE(3,(#3554,#3555,#3556,#3557),.UNSPECIFIED.,.F.,.F.) B_SPLINE_CURVE_WITH_KNOTS((4,4),(0.000000000000000E+00,1.000000000000000E+00),.UNSPECIFIED.) CURVE() GEOMETRIC_REPRESENTATION_ITEM() RATIONAL_B_SPLINE_CURVE((1.000000000000000E+00,1.000000000000000E+00,1.000000000000000E+00,1.000000000000000E+00)) REPRESENTATION_ITEM(''));
#3559 = EDGE_CURVE('', #3553, #2778, #3558, .T.);
#3560 = ORIENTED_EDGE('', *,*, #3559, .T.);
#3561 = CARTESIAN_POINT('', (9.994820336204711E+00,-4.236820009640905E+00,1.999948203594203E+02));
#3562 = CARTESIAN_POINT('', (9.998994115510794E+00,-3.745249891265716E+00,1.995139411997871E+02));
#3563 = CARTESIAN_POINT('', (9.982264118508301E+00,-3.214613545461571E+00,1.990963581245265E+02));
#3564 = CARTESIAN_POINT('', (9.996226452110085E+00,-2.892786177108766E+00,1.987317479920168E+02));
#3565 = (BOUNDED_CURVE() B_SPLINE_CURVE(3,(#3561,#3562,#3563,#3564),.UNSPECIFIED.,.F.,.F.) B_SPLINE_CURVE_WITH_KNOTS((4,4),(0.000000000000000E+00,1.000000000000000E+00),.UNSPECIFIED.) CURVE() GEOMETRIC_REPRESENTATION_ITEM() RATIONAL_B_SPLINE_CURVE((1.000000000000000E+00,1.000000000000000E+00,1.000000000000000E+00,1.000000000000000E+00)) REPRESENTATION_ITEM(''));
#3566 = EDGE_CURVE('', #3502, #3553, #3565, .T.);
#3567 = ORIENTED_EDGE('', *,*, #3566, .T.);
#3568 = ORIENTED_EDGE('', *,*, #3534, .F.);
#3569 = ORIENTED_EDGE('', *,*, #3402, .T.);
#3570 = ORIENTED_EDGE('', *,*, #1517, .F.);
#3571 = ORIENTED_EDGE('', *,*, #1188, .T.);
#3572 = ORIENTED_EDGE('', *,*, #1249, .F.);
#3573 = CARTESIAN_POINT('', (9.998985038527216E+00,-6.422496537350018E+00,1.832466363102009E+02));
#3574 = CARTESIAN_POINT('', (1.000088093201358E+01,-4.813856379662091E+00,1.824696450516844E+02));
#3575 = CARTESIAN_POINT('', (9.999738762369452E+00,-3.279705299906232E+00,1.834583911167270E+02));
#3576 = CARTESIAN_POINT('', (9.999867563656604E+00,-1.770784837208024E+00,1.855368619167195E+02));
#3577 = (BOUNDED_CURVE() B_SPLINE_CURVE(3,(#3573,#3574,#3575,#3576),.UNSPECIFIED.,.F.,.F.) B_SPLINE_CURVE_WITH_KNOTS((4,4),(0.000000000000000E+00,1.000000000000000E+00),.UNSPECIFIED.) CURVE() GEOMETRIC_REPRESENTATION_ITEM() RATIONAL_B_SPLINE_CURVE((1.000000000000000E+00,1.000000000000000E+00,1.000000000000000E+00,1.000000000000000E+00)) REPRESENTATION_ITEM(''));
#3578 = EDGE_CURVE('', #3222, #1236, #3577, .T.);
#3579 = ORIENTED_EDGE('', *,*, #3578, .T.);
#3580 = ORIENTED_EDGE('', *,*, #3228, .T.);
#3581 = CARTESIAN_POINT('', (1.000001003467992E+01,-9.999992244073374E+00,1.860656529150550E+02));
#3582 = CARTESIAN_POINT('', (1.000027752877871E+01,-9.916317427061321E+00,1.860161619785978E+02));
#3583 = CARTESIAN_POINT('', (9.999237891914984E+00,-9.844739998318390E+00,1.859621395287752E+02));
#3584 = CARTESIAN_POINT('', (1.000070693000409E+01,-9.776278687563034E+00,1.859306466983591E+02));
#3585 = (BOUNDED_CURVE() B_SPLINE_CURVE(3,(#3581,#3582,#3583,#3584),.UNSPECIFIED.,.F.,.F.) B_SPLINE_CURVE_WITH_KNOTS((4,4),(0.000000000000000E+00,1.000000000000000E+00),.UNSPECIFIED.) CURVE() GEOMETRIC_REPRESENTATION_ITEM() RATIONAL_B_SPLINE_CURVE((1.000000000000000E+00,1.000000000000000E+00,1.000000000000000E+00,1.000000000000000E+00)) REPRESENTATION_ITEM(''));
#3586 = EDGE_CURVE('', #3369, #3213, #3585, .T.);
#3587 = ORIENTED_EDGE('', *,*, #3586, .T.);
#3588 = ORIENTED_EDGE('', *,*, #3375, .T.);
#3589 = ORIENTED_EDGE('', *,*, #3332, .T.);
#3590 = ORIENTED_EDGE('', *,*, #2824, .F.);
#3591 = ORIENTED_EDGE('', *,*, #1748, .T.);
#3592 = ORIENTED_EDGE('', *,*, #2180, .F.);
#3593 = ORIENTED_EDGE('', *,*, #1585, .T.);
#3594 = EDGE_LOOP('', (#3544,#3545,#3546,#3547,#3548,#3549,#3550,#3551,#3560,#3567,#3568,#3569,#3570,#3571,#3572,#3579,#3580,#3587,#3588,#3589,#3590,#3591,#3592,#3593));
#3595 = FACE_OUTER_BOUND('', #3594, .T.);
#3596 = ADVANCED_FACE('', (#3595), #3543, .F.);
#3597 = CARTESIAN_POINT('', (-9.999999996440213E+00,6.659117919492019E-02,9.086087128763312E+01));
#3598 = DIRECTION('', (-1.000000000000000E+00,6.346672520862739E-09,3.273310511531236E-10));
#3599 = DIRECTION('', (-6.346672520862739E-09,-1.000000000000000E+00,0.000000000000000E+00));
#3600 = AXIS2_PLACEMENT_3D('', #3597, #3598, #3599);
#3601 = PLANE('', #3600);
#3602 = ORIENTED_EDGE('', *,*, #2984, .F.);
#3603 = ORIENTED_EDGE('', *,*, #3270, .T.);
#3604 = CARTESIAN_POINT('', (-1.000051924396782E+01,3.950688466958069E+00,1.579982705932393E+01));
#3605 = VERTEX_POINT('', #3604);
#3606 = CARTESIAN_POINT('', (-9.999820318394912E+00,3.799767670882188E+00,1.769048460814079E-04));
#3607 = CARTESIAN_POINT('', (-9.990203802411704E+00,3.771736799697351E+00,5.278756910090521E+00));
#3608 = CARTESIAN_POINT('', (-9.998683300150590E+00,3.861177344543169E+00,1.054522214652592E+01));
#3609 = CARTESIAN_POINT('', (-1.000051924396782E+01,3.950688466958069E+00,1.579982705932393E+01));
#3610 = (BOUNDED_CURVE() B_SPLINE_CURVE(3,(#3606,#3607,#3608,#3609),.UNSPECIFIED.,.F.,.F.) B_SPLINE_CURVE_WITH_KNOTS((4,4),(0.000000000000000E+00,1.000000000000000E+00),.UNSPECIFIED.) CURVE() GEOMETRIC_REPRESENTATION_ITEM() RATIONAL_B_SPLINE_CURVE((1.000000000000000E+00,1.000000000000000E+00,1.000000000000000E+00,1.000000000000000E+00)) REPRESENTATION_ITEM(''));
#3611 = EDGE_CURVE('', #3255, #3605, #3610, .T.);
#3612 = ORIENTED_EDGE('', *,*, #3611, .F.);
#3613 = CARTESIAN_POINT('', (-9.997938821140149E+00,3.561949461454200E+00,1.733027384888715E+02));
#3614 = VERTEX_POINT('', #3613);
#3615 = CARTESIAN_POINT('', (-9.997938821140149E+00,3.561949461454200E+00,1.733027384888715E+02));
#3616 = CARTESIAN_POINT('', (-1.011176511197109E+01,7.041361891413017E+00,1.717742043624795E+02));
#3617 = CARTESIAN_POINT('', (-9.930198807665942E+00,5.527818931938810E+00,1.683107549559676E+02));
#3618 = CARTESIAN_POINT('', (-9.985289308198272E+00,6.685516333169211E+00,1.653427935814972E+02));
#3619 = CARTESIAN_POINT('', (-1.004037980873060E+01,7.843213734399612E+00,1.623748322070268E+02));
#3620 = CARTESIAN_POINT('', (-1.005197435043618E+01,8.722810972963799E+00,1.601105244586911E+02));
#3621 = CARTESIAN_POINT('', (-9.977336074934644E+00,8.310596714929297E+00,1.564460248409867E+02));
#3622 = CARTESIAN_POINT('', (-9.902697799433108E+00,7.898382456894792E+00,1.527815252232823E+02));
#3623 = CARTESIAN_POINT('', (-1.008478881768537E+01,8.293888499111814E+00,1.488904658717851E+02));
#3624 = CARTESIAN_POINT('', (-1.000012484903619E+01,8.191021552097375E+00,1.453580804305782E+02));
#3625 = CARTESIAN_POINT('', (-9.915460880387004E+00,8.088154605082938E+00,1.418256949893713E+02));
#3626 = CARTESIAN_POINT('', (-1.005093507860397E+01,6.420038974771967E+00,1.391540614952579E+02));
#3627 = CARTESIAN_POINT('', (-1.006620381878455E+01,6.042956104925190E+00,1.363344648328981E+02));
#3628 = CARTESIAN_POINT('', (-1.008147255896513E+01,5.665873235078412E+00,1.335148681705383E+02));
#3629 = CARTESIAN_POINT('', (-1.002011144960845E+01,5.860377156635076E+00,1.302267169199896E+02));
#3630 = CARTESIAN_POINT('', (-9.968472983628862E+00,5.920616785594159E+00,1.267574376890384E+02));
#3631 = CARTESIAN_POINT('', (-9.916834517649278E+00,5.980856414553243E+00,1.232881584580871E+02));
#3632 = CARTESIAN_POINT('', (-9.928483834789121E+00,5.948286125887246E+00,1.197462706039667E+02));
#3633 = CARTESIAN_POINT('', (-9.944741650442950E+00,5.914408058963428E+00,1.161414682439434E+02));
#3634 = CARTESIAN_POINT('', (-9.960999466096776E+00,5.880529992039609E+00,1.125366658839200E+02));
#3635 = CARTESIAN_POINT('', (-9.958383060616200E+00,5.895017380054644E+00,1.089073721824878E+02));
#3636 = CARTESIAN_POINT('', (-9.942367130125092E+00,5.943089985029392E+00,1.052732160158451E+02));
#3637 = CARTESIAN_POINT('', (-9.926351199633984E+00,5.991162590004140E+00,1.016390598492024E+02));
#3638 = CARTESIAN_POINT('', (-9.920227955662378E+00,6.044471304460989E+00,9.803909707327369E+01));
#3639 = CARTESIAN_POINT('', (-9.959995047912164E+00,6.092267246285363E+00,9.449470102796136E+01));
#3640 = CARTESIAN_POINT('', (-9.999762140161950E+00,6.140063188109738E+00,9.095030498264900E+01));
#3641 = CARTESIAN_POINT('', (-1.003975788942609E+01,6.231822920680711E+00,8.760648487574119E+01));
#3642 = CARTESIAN_POINT('', (-9.988081806055810E+00,6.147106896619249E+00,8.465576528250213E+01));
#3643 = CARTESIAN_POINT('', (-9.936405722685524E+00,6.062390872557788E+00,8.170504568926307E+01));
#3644 = CARTESIAN_POINT('', (-1.002818002807254E+01,4.581758786230873E+00,7.924917362032595E+01));
#3645 = CARTESIAN_POINT('', (-1.005853724655107E+01,4.077042804810990E+00,7.639894930017272E+01));
#3646 = CARTESIAN_POINT('', (-1.008889446502961E+01,3.572326823391107E+00,7.354872498001947E+01));
#3647 = CARTESIAN_POINT('', (-1.004880447543266E+01,3.807008802499974E+00,7.018474878264202E+01));
#3648 = CARTESIAN_POINT('', (-1.001110868267109E+01,3.885258629129568E+00,6.668328210336114E+01));
#3649 = CARTESIAN_POINT('', (-9.973412889909525E+00,3.963508455759162E+00,6.318181542408026E+01));
#3650 = CARTESIAN_POINT('', (-9.953066028427195E+00,3.950890684176425E+00,5.971098886602162E+01));
#3651 = CARTESIAN_POINT('', (-9.944804150371253E+00,3.935838569622876E+00,5.626838712210336E+01));
#3652 = CARTESIAN_POINT('', (-9.936542272315311E+00,3.920786455069327E+00,5.282578537818510E+01));
#3653 = CARTESIAN_POINT('', (-9.933175602929916E+00,3.923117392251421E+00,4.940753005152427E+01));
#3654 = CARTESIAN_POINT('', (-9.932152893984437E+00,3.942413930579556E+00,4.601224185159285E+01));
#3655 = CARTESIAN_POINT('', (-9.931130185038958E+00,3.961710468907692E+00,4.261695365166143E+01));
#3656 = CARTESIAN_POINT('', (-9.931106912456565E+00,3.999035868755642E+00,3.924181610543191E+01));
#3657 = CARTESIAN_POINT('', (-9.934220875343289E+00,4.046306236696338E+00,3.588371607989276E+01));
#3658 = CARTESIAN_POINT('', (-9.937334838230013E+00,4.093576604637035E+00,3.252561605435361E+01));
#3659 = CARTESIAN_POINT('', (-9.945007034874951E+00,4.120665307187166E+00,2.917710615010635E+01));
#3660 = CARTESIAN_POINT('', (-9.958417126732847E+00,4.111166876096215E+00,2.583457525125246E+01));
#3661 = CARTESIAN_POINT('', (-9.971827218590741E+00,4.101668445005263E+00,2.249204435239857E+01));
#3662 = CARTESIAN_POINT('', (-9.990104214989156E+00,4.036185819499558E+00,1.914829386825941E+01));
#3663 = CARTESIAN_POINT('', (-1.000051924396782E+01,3.950688466958069E+00,1.579982705932393E+01));
#3664 = (BOUNDED_CURVE() B_SPLINE_CURVE(3,(#3615,#3616,#3617,#3618,#3619,#3620,#3621,#3622,#3623,#3624,#3625,#3626,#3627,#3628,#3629,#3630,#3631,#3632,#3633,#3634,#3635,#3636,#3637,#3638,#3639,#3640,#3641,#3642,#3643,#3644,#3645,#3646,#3647,#3648,#3649,#3650,#3651,#3652,#3653,#3654,#3655,#3656,#3657,#3658,#3659,#3660,#3661,#3662,#3663),.UNSPECIFIED.,.F.,.F.) B_SPLINE_CURVE_WITH_KNOTS((4,3,3,3,3,3,3,3,3,3,3,3,3,3,3,3,4),(0.000000000000000E+00,6.250000000000000E-02,1.250000000000000E-01,1.875000000000000E-01,2.500000000000000E-01,3.125000000000000E-01,3.750000000000000E-01,4.375000000000000E-01,5.000000000000000E-01,5.625000000000000E-01,6.250000000000000E-01,6.875000000000000E-01,7.500000000000000E-01,8.125000000000000E-01,8.750000000000000E-01,9.375000000000000E-01,1.000000000000000E+00),.UNSPECIFIED.) CURVE() GEOMETRIC_REPRESENTATION_ITEM() RATIONAL_B_SPLINE_CURVE((1.000000000000000E+00,1.000000000000000E+00,1.000000000000000E+00,1.000000000000000E+00,1.000000000000000E+00,1.000000000000000E+00,1.000000000000000E+00,1.000000000000000E+00,1.000000000000000E+00,1.000000000000000E+00,1.000000000000000E+00,1.000000000000000E+00,1.000000000000000E+00,1.000000000000000E+00,1.000000000000000E+00,1.000000000000000E+00,1.000000000000000E+00,1.000000000000000E+00,1.000000000000000E+00,1.000000000000000E+00,1.000000000000000E+00,1.000000000000000E+00,1.000000000000000E+00,1.000000000000000E+00,1.000000000000000E+00,1.000000000000000E+00,1.000000000000000E+00,1.000000000000000E+00,1.000000000000000E+00,1.000000000000000E+00,1.000000000000000E+00,1.000000000000000E+00,1.000000000000000E+00,1.000000000000000E+00,1.000000000000000E+00,1.000000000000000E+00,1.000000000000000E+00,1.000000000000000E+00,1.000000000000000E+00,1.000000000000000E+00,1.000000000000000E+00,1.000000000000000E+00,1.000000000000000E+00,1.000000000000000E+00,1.000000000000000E+00,1.000000000000000E+00,1.000000000000000E+00,1.000000000000000E+00,1.000000000000000E+00)) REPRESENTATION_ITEM(''));
#3665 = EDGE_CURVE('', #3614, #3605, #3664, .T.);
#3666 = ORIENTED_EDGE('', *,*, #3665, .T.);
#3667 = CARTESIAN_POINT('', (-9.996333130707532E+00,-7.718110836093870E+00,1.703285150838605E+02));
#3668 = VERTEX_POINT('', #3667);
#3669 = CARTESIAN_POINT('', (-9.996333130707532E+00,-7.718110836093870E+00,1.703285150838605E+02));
#3670 = CARTESIAN_POINT('', (-1.005589464413795E+01,-5.768256440810104E+00,1.730550297448234E+02));
#3671 = CARTESIAN_POINT('', (-9.992607234291203E+00,-4.077321875039419E+00,1.719902527898399E+02));
#3672 = CARTESIAN_POINT('', (-9.989622000819026E+00,-2.594512716214699E+00,1.721704198826000E+02));
#3673 = CARTESIAN_POINT('', (-9.986636767346848E+00,-1.111703557389978E+00,1.723505869753600E+02));
#3674 = CARTESIAN_POINT('', (-1.005223452894063E+01,5.701649315445554E-01,1.745055835133933E+02));
#3675 = CARTESIAN_POINT('', (-9.997938821140149E+00,3.561949461454200E+00,1.733027384888715E+02));
#3676 = (BOUNDED_CURVE() B_SPLINE_CURVE(3,(#3669,#3670,#3671,#3672,#3673,#3674,#3675),.UNSPECIFIED.,.F.,.F.) B_SPLINE_CURVE_WITH_KNOTS((4,3,4),(0.000000000000000E+00,5.000000000000000E-01,1.000000000000000E+00),.UNSPECIFIED.) CURVE() GEOMETRIC_REPRESENTATION_ITEM() RATIONAL_B_SPLINE_CURVE((1.000000000000000E+00,1.000000000000000E+00,1.000000000000000E+00,1.000000000000000E+00,1.000000000000000E+00,1.000000000000000E+00,1.000000000000000E+00)) REPRESENTATION_ITEM(''));
#3677 = EDGE_CURVE('', #3668, #3614, #3676, .T.);
#3678 = ORIENTED_EDGE('', *,*, #3677, .T.);
#3679 = CARTESIAN_POINT('', (-9.999244839789720E+00,-4.018811518920865E+00,1.552037441179987E+01));
#3680 = VERTEX_POINT('', #3679);
#3681 = CARTESIAN_POINT('', (-9.996333130707532E+00,-7.718110836093870E+00,1.703285150838605E+02));
#3682 = CARTESIAN_POINT('', (-1.005206401555295E+01,-8.669830208826971E+00,1.691521809568992E+02));
#3683 = CARTESIAN_POINT('', (-9.891830379380623E+00,-7.938171095567784E+00,1.659483152400786E+02));
#3684 = CARTESIAN_POINT('', (-9.984071046485980E+00,-8.158839470548561E+00,1.619139882335601E+02));
#3685 = CARTESIAN_POINT('', (-1.007631171359134E+01,-8.379507845529339E+00,1.578796612270417E+02));
#3686 = CARTESIAN_POINT('', (-9.999250446723693E+00,-8.197305531303911E+00,1.539981404081376E+02));
#3687 = CARTESIAN_POINT('', (-1.001773810219076E+01,-8.126516085427689E+00,1.503423440122825E+02));
#3688 = CARTESIAN_POINT('', (-1.003622575765783E+01,-8.055726639551468E+00,1.466865476164273E+02));
#3689 = CARTESIAN_POINT('', (-9.978875099997492E+00,-8.492415560054383E+00,1.435588633869382E+02));
#3690 = CARTESIAN_POINT('', (-9.993755429456122E+00,-7.552151064313994E+00,1.413263427414032E+02));
#3691 = CARTESIAN_POINT('', (-1.000863575891475E+01,-6.611886568573604E+00,1.390938220958681E+02));
#3692 = CARTESIAN_POINT('', (-1.006390625431659E+01,-5.738247461329774E+00,1.367823685106478E+02));
#3693 = CARTESIAN_POINT('', (-1.003790666831916E+01,-5.839499002780562E+00,1.338623980889098E+02));
#3694 = CARTESIAN_POINT('', (-1.001190708232173E+01,-5.940750544231351E+00,1.309424276671718E+02));
#3695 = CARTESIAN_POINT('', (-9.985345109233140E+00,-5.907446786462197E+00,1.276723044056616E+02));
#3696 = CARTESIAN_POINT('', (-9.970350947475090E+00,-5.879628104080914E+00,1.241848389282853E+02));
#3697 = CARTESIAN_POINT('', (-9.955356785717038E+00,-5.851809421699631E+00,1.206973734509089E+02));
#3698 = CARTESIAN_POINT('', (-9.957093606168067E+00,-5.846376034474804E+00,1.171004431520031E+02));
#3699 = CARTESIAN_POINT('', (-9.957644729330051E+00,-5.846759235303658E+00,1.134327540487003E+02));
#3700 = CARTESIAN_POINT('', (-9.958195852492034E+00,-5.847142436132511E+00,1.097650649453976E+02));
#3701 = CARTESIAN_POINT('', (-9.959422205935354E+00,-5.873069533599000E+00,1.060992042668962E+02));
#3702 = CARTESIAN_POINT('', (-9.961047289492694E+00,-5.987583865247672E+00,1.024709026408170E+02));
#3703 = CARTESIAN_POINT('', (-9.962672373050035E+00,-6.102098196896343E+00,9.884260101473777E+01));
#3704 = CARTESIAN_POINT('', (-9.956582726436505E+00,-6.206030358430701E+00,9.531798351527290E+01));
#3705 = CARTESIAN_POINT('', (-9.990790007866721E+00,-6.118263574530136E+00,9.192845221391195E+01));
#3706 = CARTESIAN_POINT('', (-1.002499728929694E+01,-6.030496790629571E+00,8.853892091255101E+01));
#3707 = CARTESIAN_POINT('', (-1.000222789381241E+01,-6.286831380213316E+00,8.550197497712438E+01));
#3708 = CARTESIAN_POINT('', (-9.991281535494542E+00,-5.982498093399960E+00,8.312725777235767E+01));
#3709 = CARTESIAN_POINT('', (-9.980335177176670E+00,-5.678164806586604E+00,8.075254056759094E+01));
#3710 = CARTESIAN_POINT('', (-1.006843927569901E+01,-4.077430074782788E+00,7.854334930511504E+01));
#3711 = CARTESIAN_POINT('', (-1.003581946432998E+01,-3.938758818769638E+00,7.561058773284304E+01));
#3712 = CARTESIAN_POINT('', (-1.000319965296096E+01,-3.800087562756488E+00,7.267782616057106E+01));
#3713 = CARTESIAN_POINT('', (-9.971169717710644E+00,-3.908755894166397E+00,6.940824500233273E+01));
#3714 = CARTESIAN_POINT('', (-9.963339737851733E+00,-3.908064655325644E+00,6.604520786559114E+01));
#3715 = CARTESIAN_POINT('', (-9.955509757992822E+00,-3.907373416484890E+00,6.268217072884954E+01));
#3716 = CARTESIAN_POINT('', (-9.957509448923069E+00,-3.895214162239632E+00,5.930504403773717E+01));
#3717 = CARTESIAN_POINT('', (-9.957295140868572E+00,-3.898859599016761E+00,5.591960915097099E+01));
#3718 = CARTESIAN_POINT('', (-9.957080832814075E+00,-3.902505035793890E+00,5.253417426420481E+01));
#3719 = CARTESIAN_POINT('', (-9.957146312076418E+00,-3.918234989556173E+00,4.914849424200062E+01));
#3720 = CARTESIAN_POINT('', (-9.956189761883932E+00,-3.939957111352618E+00,4.576512866306350E+01));
#3721 = CARTESIAN_POINT('', (-9.955233211691446E+00,-3.961679233149065E+00,4.238176308412638E+01));
#3722 = CARTESIAN_POINT('', (-9.958259218338988E+00,-3.981563896588171E+00,3.900468240491285E+01));
#3723 = CARTESIAN_POINT('', (-9.961540264607464E+00,-3.998084310466672E+00,3.563484971347278E+01));
#3724 = CARTESIAN_POINT('', (-9.964821310875939E+00,-4.014604724345173E+00,3.226501702203272E+01));
#3725 = CARTESIAN_POINT('', (-9.971127097121261E+00,-4.035331331410550E+00,2.890283292046766E+01));
#3726 = CARTESIAN_POINT('', (-9.979416319636794E+00,-4.065296942156765E+00,2.554878398573727E+01));
#3727 = CARTESIAN_POINT('', (-9.987705542152325E+00,-4.095262552902979E+00,2.219473505100687E+01));
#3728 = CARTESIAN_POINT('', (-9.990658427545918E+00,-4.103432753963681E+00,1.885169674427939E+01));
#3729 = CARTESIAN_POINT('', (-9.999244839789720E+00,-4.018811518920865E+00,1.552037441179987E+01));
#3730 = (BOUNDED_CURVE() B_SPLINE_CURVE(3,(#3681,#3682,#3683,#3684,#3685,#3686,#3687,#3688,#3689,#3690,#3691,#3692,#3693,#3694,#3695,#3696,#3697,#3698,#3699,#3700,#3701,#3702,#3703,#3704,#3705,#3706,#3707,#3708,#3709,#3710,#3711,#3712,#3713,#3714,#3715,#3716,#3717,#3718,#3719,#3720,#3721,#3722,#3723,#3724,#3725,#3726,#3727,#3728,#3729),.UNSPECIFIED.,.F.,.F.) B_SPLINE_CURVE_WITH_KNOTS((4,3,3,3,3,3,3,3,3,3,3,3,3,3,3,3,4),(0.000000000000000E+00,6.250000000000000E-02,1.250000000000000E-01,1.875000000000000E-01,2.500000000000000E-01,3.125000000000000E-01,3.750000000000000E-01,4.375000000000000E-01,5.000000000000000E-01,5.625000000000000E-01,6.250000000000000E-01,6.875000000000000E-01,7.500000000000000E-01,8.125000000000000E-01,8.750000000000000E-01,9.375000000000000E-01,1.000000000000000E+00),.UNSPECIFIED.) CURVE() GEOMETRIC_REPRESENTATION_ITEM() RATIONAL_B_SPLINE_CURVE((1.000000000000000E+00,1.000000000000000E+00,1.000000000000000E+00,1.000000000000000E+00,1.000000000000000E+00,1.000000000000000E+00,1.000000000000000E+00,1.000000000000000E+00,1.000000000000000E+00,1.000000000000000E+00,1.000000000000000E+00,1.000000000000000E+00,1.000000000000000E+00,1.000000000000000E+00,1.000000000000000E+00,1.000000000000000E+00,1.000000000000000E+00,1.000000000000000E+00,1.000000000000000E+00,1.000000000000000E+00,1.000000000000000E+00,1.000000000000000E+00,1.000000000000000E+00,1.000000000000000E+00,1.000000000000000E+00,1.000000000000000E+00,1.000000000000000E+00,1.000000000000000E+00,1.000000000000000E+00,1.000000000000000E+00,1.000000000000000E+00,1.000000000000000E+00,1.000000000000000E+00,1.000000000000000E+00,1.000000000000000E+00,1.000000000000000E+00,1.000000000000000E+00,1.000000000000000E+00,1.000000000000000E+00,1.000000000000000E+00,1.000000000000000E+00,1.000000000000000E+00,1.000000000000000E+00,1.000000000000000E+00,1.000000000000000E+00,1.000000000000000E+00,1.000000000000000E+00,1.000000000000000E+00,1.000000000000000E+00)) REPRESENTATION_ITEM(''));
#3731 = EDGE_CURVE('', #3668, #3680, #3730, .T.);
#3732 = ORIENTED_EDGE('', *,*, #3731, .F.);
#3733 = CARTESIAN_POINT('', (-9.999118855992469E+00,-3.981090407209334E+00,1.475311115331677E+01));
#3734 = VERTEX_POINT('', #3733);
#3735 = CARTESIAN_POINT('', (-9.999118855992469E+00,-3.981090407209334E+00,1.475311115331677E+01));
#3736 = CARTESIAN_POINT('', (-9.999009729938319E+00,-3.991430534525566E+00,1.499447939362183E+01));
#3737 = CARTESIAN_POINT('', (-9.999958309462400E+00,-4.011866105392507E+00,1.525605629533238E+01));
#3738 = CARTESIAN_POINT('', (-9.999244839789720E+00,-4.018811518920865E+00,1.552037441179987E+01));
#3739 = (BOUNDED_CURVE() B_SPLINE_CURVE(3,(#3735,#3736,#3737,#3738),.UNSPECIFIED.,.F.,.F.) B_SPLINE_CURVE_WITH_KNOTS((4,4),(0.000000000000000E+00,1.000000000000000E+00),.UNSPECIFIED.) CURVE() GEOMETRIC_REPRESENTATION_ITEM() RATIONAL_B_SPLINE_CURVE((1.000000000000000E+00,1.000000000000000E+00,1.000000000000000E+00,1.000000000000000E+00)) REPRESENTATION_ITEM(''));
#3740 = EDGE_CURVE('', #3734, #3680, #3739, .T.);
#3741 = ORIENTED_EDGE('', *,*, #3740, .T.);
#3742 = CARTESIAN_POINT('', (-9.999873019329458E+00,-3.799629751912228E+00,-1.271950001526538E-04));
#3743 = CARTESIAN_POINT('', (-1.000310706612039E+01,-3.800573189776325E+00,5.112456390671120E+00));
#3744 = CARTESIAN_POINT('', (-1.000168030120996E+01,-3.779923263300936E+00,1.010793663237144E+01));
#3745 = CARTESIAN_POINT('', (-9.999118855992469E+00,-3.981090407209334E+00,1.475311115331677E+01));
#3746 = (BOUNDED_CURVE() B_SPLINE_CURVE(3,(#3742,#3743,#3744,#3745),.UNSPECIFIED.,.F.,.F.) B_SPLINE_CURVE_WITH_KNOTS((4,4),(0.000000000000000E+00,1.000000000000000E+00),.UNSPECIFIED.) CURVE() GEOMETRIC_REPRESENTATION_ITEM() RATIONAL_B_SPLINE_CURVE((1.000000000000000E+00,1.000000000000000E+00,1.000000000000000E+00,1.000000000000000E+00)) REPRESENTATION_ITEM(''));
#3747 = EDGE_CURVE('', #3307, #3734, #3746, .T.);
#3748 = ORIENTED_EDGE('', *,*, #3747, .T.);
#3749 = ORIENTED_EDGE('', *,*, #3348, .T.);
#3750 = ORIENTED_EDGE('', *,*, #3365, .T.);
#3751 = CARTESIAN_POINT('', (-9.999755493284880E+00,-8.546468093084695E+00,1.849466269289537E+02));
#3752 = VERTEX_POINT('', #3751);
#3753 = CARTESIAN_POINT('', (-9.999755493284880E+00,-8.546468093084695E+00,1.849466269289537E+02));
#3754 = CARTESIAN_POINT('', (-1.000084820540527E+01,-9.036371476520904E+00,1.852968045744283E+02));
#3755 = CARTESIAN_POINT('', (-9.999423459221022E+00,-9.525542227715325E+00,1.856190310900922E+02));
#3756 = CARTESIAN_POINT('', (-9.999990318834126E+00,-1.000004709655914E+01,1.859526538154348E+02));
#3757 = (BOUNDED_CURVE() B_SPLINE_CURVE(3,(#3753,#3754,#3755,#3756),.UNSPECIFIED.,.F.,.F.) B_SPLINE_CURVE_WITH_KNOTS((4,4),(0.000000000000000E+00,1.000000000000000E+00),.UNSPECIFIED.) CURVE() GEOMETRIC_REPRESENTATION_ITEM() RATIONAL_B_SPLINE_CURVE((1.000000000000000E+00,1.000000000000000E+00,1.000000000000000E+00,1.000000000000000E+00)) REPRESENTATION_ITEM(''));
#3758 = EDGE_CURVE('', #3752, #3359, #3757, .T.);
#3759 = ORIENTED_EDGE('', *,*, #3758, .T.);
#3760 = CARTESIAN_POINT('', (-9.999755493284880E+00,-8.546468093084695E+00,1.849466269289537E+02));
#3761 = CARTESIAN_POINT('', (-1.000106428220821E+01,-8.353982927842656E+00,1.847992643300178E+02));
#3762 = CARTESIAN_POINT('', (-9.998231081609962E+00,-8.135478606920657E+00,1.845896630009141E+02));
#3763 = CARTESIAN_POINT('', (-9.999879011745726E+00,-7.932024647204579E+00,1.843899365579549E+02));
#3764 = (BOUNDED_CURVE() B_SPLINE_CURVE(3,(#3760,#3761,#3762,#3763),.UNSPECIFIED.,.F.,.F.) B_SPLINE_CURVE_WITH_KNOTS((4,4),(0.000000000000000E+00,1.000000000000000E+00),.UNSPECIFIED.) CURVE() GEOMETRIC_REPRESENTATION_ITEM() RATIONAL_B_SPLINE_CURVE((1.000000000000000E+00,1.000000000000000E+00,1.000000000000000E+00,1.000000000000000E+00)) REPRESENTATION_ITEM(''));
#3765 = EDGE_CURVE('', #3752, #1352, #3764, .T.);
#3766 = ORIENTED_EDGE('', *,*, #3765, .F.);
#3767 = ORIENTED_EDGE('', *,*, #1358, .F.);
#3768 = CARTESIAN_POINT('', (-1.000011576320165E+01,-2.697984634568940E+00,1.842846324374369E+02));
#3769 = VERTEX_POINT('', #3768);
#3770 = CARTESIAN_POINT('', (-1.000011576320165E+01,-2.697984634568940E+00,1.842846324374369E+02));
#3771 = CARTESIAN_POINT('', (-9.997788660671638E+00,-3.656479424627948E+00,1.833494948427080E+02));
#3772 = CARTESIAN_POINT('', (-1.000462362045064E+01,-4.687760652960709E+00,1.827604639891357E+02));
#3773 = CARTESIAN_POINT('', (-9.998609002100951E+00,-5.711508170042723E+00,1.830433408245571E+02));
#3774 = (BOUNDED_CURVE() B_SPLINE_CURVE(3,(#3770,#3771,#3772,#3773),.UNSPECIFIED.,.F.,.F.) B_SPLINE_CURVE_WITH_KNOTS((4,4),(0.000000000000000E+00,1.000000000000000E+00),.UNSPECIFIED.) CURVE() GEOMETRIC_REPRESENTATION_ITEM() RATIONAL_B_SPLINE_CURVE((1.000000000000000E+00,1.000000000000000E+00,1.000000000000000E+00,1.000000000000000E+00)) REPRESENTATION_ITEM(''));
#3775 = EDGE_CURVE('', #3769, #1343, #3774, .T.);
#3776 = ORIENTED_EDGE('', *,*, #3775, .T.);
#3777 = CARTESIAN_POINT('', (-1.000040166023862E+01,-9.766338902555046E-01,1.895889116694785E+02));
#3778 = VERTEX_POINT('', #3777);
#3779 = CARTESIAN_POINT('', (-1.000011576320165E+01,-2.697984634568940E+00,1.842846324374369E+02));
#3780 = CARTESIAN_POINT('', (-1.001633069686448E+01,-1.409352887396408E+00,1.857678709355405E+02));
#3781 = CARTESIAN_POINT('', (-9.969187954170808E+00,-7.330692226923168E-01,1.878198568810336E+02));
#3782 = CARTESIAN_POINT('', (-1.000040166023862E+01,-9.766338902555046E-01,1.895889116694785E+02));
#3783 = (BOUNDED_CURVE() B_SPLINE_CURVE(3,(#3779,#3780,#3781,#3782),.UNSPECIFIED.,.F.,.F.) B_SPLINE_CURVE_WITH_KNOTS((4,4),(0.000000000000000E+00,1.000000000000000E+00),.UNSPECIFIED.) CURVE() GEOMETRIC_REPRESENTATION_ITEM() RATIONAL_B_SPLINE_CURVE((1.000000000000000E+00,1.000000000000000E+00,1.000000000000000E+00,1.000000000000000E+00)) REPRESENTATION_ITEM(''));
#3784 = EDGE_CURVE('', #3769, #3778, #3783, .T.);
#3785 = ORIENTED_EDGE('', *,*, #3784, .F.);
#3786 = CARTESIAN_POINT('', (-1.000021412583447E+01,-1.586880357292077E+00,1.912443133426149E+02));
#3787 = VERTEX_POINT('', #3786);
#3788 = CARTESIAN_POINT('', (-1.000021412583447E+01,-1.586880357292077E+00,1.912443133426149E+02));
#3789 = CARTESIAN_POINT('', (-1.000110783694670E+01,-1.352882066096107E+00,1.906455094659805E+02));
#3790 = CARTESIAN_POINT('', (-9.997839316657782E+00,-1.105968984115372E+00,1.900003530577652E+02));
#3791 = CARTESIAN_POINT('', (-1.000040166023862E+01,-9.766338902555046E-01,1.895889116694785E+02));
#3792 = (BOUNDED_CURVE() B_SPLINE_CURVE(3,(#3788,#3789,#3790,#3791),.UNSPECIFIED.,.F.,.F.) B_SPLINE_CURVE_WITH_KNOTS((4,4),(0.000000000000000E+00,1.000000000000000E+00),.UNSPECIFIED.) CURVE() GEOMETRIC_REPRESENTATION_ITEM() RATIONAL_B_SPLINE_CURVE((1.000000000000000E+00,1.000000000000000E+00,1.000000000000000E+00,1.000000000000000E+00)) REPRESENTATION_ITEM(''));
#3793 = EDGE_CURVE('', #3787, #3778, #3792, .T.);
#3794 = ORIENTED_EDGE('', *,*, #3793, .T.);
#3795 = CARTESIAN_POINT('', (-9.998228604342918E+00,-5.399314740978205E+00,1.968212893802890E+02));
#3796 = VERTEX_POINT('', #3795);
#3797 = CARTESIAN_POINT('', (-9.998228604342918E+00,-5.399314740978205E+00,1.968212893802890E+02));
#3798 = CARTESIAN_POINT('', (-1.000766923770459E+01,-3.646002942384286E+00,1.955931181466192E+02));
#3799 = CARTESIAN_POINT('', (-9.994626557315822E+00,-2.611484636784049E+00,1.935624009216874E+02));
#3800 = CARTESIAN_POINT('', (-1.000021412583447E+01,-1.586880357292077E+00,1.912443133426149E+02));
#3801 = (BOUNDED_CURVE() B_SPLINE_CURVE(3,(#3797,#3798,#3799,#3800),.UNSPECIFIED.,.F.,.F.) B_SPLINE_CURVE_WITH_KNOTS((4,4),(0.000000000000000E+00,1.000000000000000E+00),.UNSPECIFIED.) CURVE() GEOMETRIC_REPRESENTATION_ITEM() RATIONAL_B_SPLINE_CURVE((1.000000000000000E+00,1.000000000000000E+00,1.000000000000000E+00,1.000000000000000E+00)) REPRESENTATION_ITEM(''));
#3802 = EDGE_CURVE('', #3796, #3787, #3801, .T.);
#3803 = ORIENTED_EDGE('', *,*, #3802, .T.);
#3804 = CARTESIAN_POINT('', (-9.998138513756114E+00,-9.998138542992420E+00,1.980337372139881E+02));
#3805 = CARTESIAN_POINT('', (-9.998132742837383E+00,-8.413044887736397E+00,1.982881650261161E+02));
#3806 = CARTESIAN_POINT('', (-9.984391492022041E+00,-7.130862118281275E+00,1.978681200234196E+02));
#3807 = CARTESIAN_POINT('', (-9.998228604342918E+00,-5.399314740978205E+00,1.968212893802890E+02));
#3808 = (BOUNDED_CURVE() B_SPLINE_CURVE(3,(#3804,#3805,#3806,#3807),.UNSPECIFIED.,.F.,.F.) B_SPLINE_CURVE_WITH_KNOTS((4,4),(0.000000000000000E+00,1.000000000000000E+00),.UNSPECIFIED.) CURVE() GEOMETRIC_REPRESENTATION_ITEM() RATIONAL_B_SPLINE_CURVE((1.000000000000000E+00,1.000000000000000E+00,1.000000000000000E+00,1.000000000000000E+00)) REPRESENTATION_ITEM(''));
#3809 = EDGE_CURVE('', #3414, #3796, #3808, .T.);
#3810 = ORIENTED_EDGE('', *,*, #3809, .T.);
#3811 = ORIENTED_EDGE('', *,*, #3420, .F.);
#3812 = ORIENTED_EDGE('', *,*, #3526, .T.);
#3813 = CARTESIAN_POINT('', (-1.000059220235459E+01,-2.918136116407423E+00,1.987034008428279E+02));
#3814 = VERTEX_POINT('', #3813);
#3815 = CARTESIAN_POINT('', (-9.992040009634934E+00,-4.204043533604407E+00,2.000079599853645E+02));
#3816 = CARTESIAN_POINT('', (-1.000303839729662E+01,-3.739083339507382E+00,1.996002991897654E+02));
#3817 = CARTESIAN_POINT('', (-1.000364163574626E+01,-3.309271130426238E+00,1.991681549789591E+02));
#3818 = CARTESIAN_POINT('', (-1.000059220235459E+01,-2.918136116407423E+00,1.987034008428279E+02));
#3819 = (BOUNDED_CURVE() B_SPLINE_CURVE(3,(#3815,#3816,#3817,#3818),.UNSPECIFIED.,.F.,.F.) B_SPLINE_CURVE_WITH_KNOTS((4,4),(0.000000000000000E+00,1.000000000000000E+00),.UNSPECIFIED.) CURVE() GEOMETRIC_REPRESENTATION_ITEM() RATIONAL_B_SPLINE_CURVE((1.000000000000000E+00,1.000000000000000E+00,1.000000000000000E+00,1.000000000000000E+00)) REPRESENTATION_ITEM(''));
#3820 = EDGE_CURVE('', #3513, #3814, #3819, .T.);
#3821 = ORIENTED_EDGE('', *,*, #3820, .F.);
#3822 = CARTESIAN_POINT('', (-9.998931561730478E+00,-2.366342733566537E+00,1.980544111729927E+02));
#3823 = VERTEX_POINT('', #3822);
#3824 = CARTESIAN_POINT('', (-9.998931561730478E+00,-2.366342733566537E+00,1.980544111729927E+02));
#3825 = CARTESIAN_POINT('', (-1.000038943192972E+01,-2.537373887339196E+00,1.982671453024711E+02));
#3826 = CARTESIAN_POINT('', (-9.999089491788203E+00,-2.730585238368398E+00,1.984801227633532E+02));
#3827 = CARTESIAN_POINT('', (-1.000059220235459E+01,-2.918136116407423E+00,1.987034008428279E+02));
#3828 = (BOUNDED_CURVE() B_SPLINE_CURVE(3,(#3824,#3825,#3826,#3827),.UNSPECIFIED.,.F.,.F.) B_SPLINE_CURVE_WITH_KNOTS((4,4),(0.000000000000000E+00,1.000000000000000E+00),.UNSPECIFIED.) CURVE() GEOMETRIC_REPRESENTATION_ITEM() RATIONAL_B_SPLINE_CURVE((1.000000000000000E+00,1.000000000000000E+00,1.000000000000000E+00,1.000000000000000E+00)) REPRESENTATION_ITEM(''));
#3829 = EDGE_CURVE('', #3823, #3814, #3828, .T.);
#3830 = ORIENTED_EDGE('', *,*, #3829, .T.);
#3831 = CARTESIAN_POINT('', (-9.998132328291288E+00,2.200965037617938E+00,1.934007484825688E+02));
#3832 = VERTEX_POINT('', #3831);
#3833 = CARTESIAN_POINT('', (-9.998132328291288E+00,2.200965037617938E+00,1.934007484825688E+02));
#3834 = CARTESIAN_POINT('', (-9.988421826216065E+00,5.480533146942878E-01,1.948554820729687E+02));
#3835 = CARTESIAN_POINT('', (-9.987026034220467E+00,-9.852686747104547E-01,1.963317750465980E+02));
#3836 = CARTESIAN_POINT('', (-9.998931561730478E+00,-2.366342733566537E+00,1.980544111729927E+02));
#3837 = (BOUNDED_CURVE() B_SPLINE_CURVE(3,(#3833,#3834,#3835,#3836),.UNSPECIFIED.,.F.,.F.) B_SPLINE_CURVE_WITH_KNOTS((4,4),(0.000000000000000E+00,1.000000000000000E+00),.UNSPECIFIED.) CURVE() GEOMETRIC_REPRESENTATION_ITEM() RATIONAL_B_SPLINE_CURVE((1.000000000000000E+00,1.000000000000000E+00,1.000000000000000E+00,1.000000000000000E+00)) REPRESENTATION_ITEM(''));
#3838 = EDGE_CURVE('', #3832, #3823, #3837, .T.);
#3839 = ORIENTED_EDGE('', *,*, #3838, .T.);
#3840 = CARTESIAN_POINT('', (-9.999460760408578E+00,3.263341248265720E+00,1.923392939950363E+02));
#3841 = VERTEX_POINT('', #3840);
#3842 = CARTESIAN_POINT('', (-9.998132328291288E+00,2.200965037617938E+00,1.934007484825688E+02));
#3843 = CARTESIAN_POINT('', (-1.000017860455910E+01,2.547595157382910E+00,1.930953310823855E+02));
#3844 = CARTESIAN_POINT('', (-1.001060567444263E+01,2.896257818121242E+00,1.926940532402248E+02));
#3845 = CARTESIAN_POINT('', (-9.999460760408578E+00,3.263341248265720E+00,1.923392939950363E+02));
#3846 = (BOUNDED_CURVE() B_SPLINE_CURVE(3,(#3842,#3843,#3844,#3845),.UNSPECIFIED.,.F.,.F.) B_SPLINE_CURVE_WITH_KNOTS((4,4),(0.000000000000000E+00,1.000000000000000E+00),.UNSPECIFIED.) CURVE() GEOMETRIC_REPRESENTATION_ITEM() RATIONAL_B_SPLINE_CURVE((1.000000000000000E+00,1.000000000000000E+00,1.000000000000000E+00,1.000000000000000E+00)) REPRESENTATION_ITEM(''));
#3847 = EDGE_CURVE('', #3832, #3841, #3846, .T.);
#3848 = ORIENTED_EDGE('', *,*, #3847, .F.);
#3849 = CARTESIAN_POINT('', (-9.997009003051220E+00,8.582185046601735E+00,1.853949523278668E+02));
#3850 = VERTEX_POINT('', #3849);
#3851 = CARTESIAN_POINT('', (-9.999460760408578E+00,3.263341248265720E+00,1.923392939950363E+02));
#3852 = CARTESIAN_POINT('', (-9.901307989274443E+00,5.982158496886409E+00,1.899464201064023E+02));
#3853 = CARTESIAN_POINT('', (-1.000813368582402E+01,6.653597446196382E+00,1.872532626618292E+02));
#3854 = CARTESIAN_POINT('', (-9.997009003051220E+00,8.582185046601735E+00,1.853949523278668E+02));
#3855 = (BOUNDED_CURVE() B_SPLINE_CURVE(3,(#3851,#3852,#3853,#3854),.UNSPECIFIED.,.F.,.F.) B_SPLINE_CURVE_WITH_KNOTS((4,4),(0.000000000000000E+00,1.000000000000000E+00),.UNSPECIFIED.) CURVE() GEOMETRIC_REPRESENTATION_ITEM() RATIONAL_B_SPLINE_CURVE((1.000000000000000E+00,1.000000000000000E+00,1.000000000000000E+00,1.000000000000000E+00)) REPRESENTATION_ITEM(''));
#3856 = EDGE_CURVE('', #3841, #3850, #3855, .T.);
#3857 = ORIENTED_EDGE('', *,*, #3856, .F.);
#3858 = CARTESIAN_POINT('', (-9.999879879467031E+00,1.000012646547276E+01,1.838229272327597E+02));
#3859 = CARTESIAN_POINT('', (-1.000066976500510E+01,9.433725628575569E+00,1.844431032320374E+02));
#3860 = CARTESIAN_POINT('', (-9.998216501522130E+00,8.942364734865494E+00,1.850190820371037E+02));
#3861 = CARTESIAN_POINT('', (-9.997009003051220E+00,8.582185046601735E+00,1.853949523278668E+02));
#3862 = (BOUNDED_CURVE() B_SPLINE_CURVE(3,(#3858,#3859,#3860,#3861),.UNSPECIFIED.,.F.,.F.) B_SPLINE_CURVE_WITH_KNOTS((4,4),(0.000000000000000E+00,1.000000000000000E+00),.UNSPECIFIED.) CURVE() GEOMETRIC_REPRESENTATION_ITEM() RATIONAL_B_SPLINE_CURVE((1.000000000000000E+00,1.000000000000000E+00,1.000000000000000E+00,1.000000000000000E+00)) REPRESENTATION_ITEM(''));
#3863 = EDGE_CURVE('', #2928, #3850, #3862, .T.);
#3864 = ORIENTED_EDGE('', *,*, #3863, .T.);
#3865 = EDGE_LOOP('', (#3602,#3603,#3612,#3666,#3678,#3732,#3741,#3748,#3749,#3750,#3759,#3766,#3767,#3776,#3785,#3794,#3803,#3810,#3811,#3812,#3821,#3830,#3839,#3848,#3857,#3864));
#3866 = FACE_OUTER_BOUND('', #3865, .T.);
#3867 = ADVANCED_FACE('', (#3866), #3601, .F.);
#3868 = CARTESIAN_POINT('', (9.820169577034871E+00,-9.685599936160687E+00,1.861304243024830E+02));
#3869 = CARTESIAN_POINT('', (9.854728520212490E+00,-9.767782913422247E+00,1.861614769965969E+02));
#3870 = CARTESIAN_POINT('', (9.885949144797795E+00,-9.883930320626261E+00,1.861792885088145E+02));
#3871 = CARTESIAN_POINT('', (9.916922847411255E+00,-9.999468371574288E+00,1.861976089643859E+02));
#3872 = CARTESIAN_POINT('', (9.307867458592019E+00,-9.863335773925403E+00,1.869410339514383E+02));
#3873 = CARTESIAN_POINT('', (9.337901903255341E+00,-9.915855129153110E+00,1.869404373027061E+02));
#3874 = CARTESIAN_POINT('', (9.366615718325054E+00,-9.950081760987070E+00,1.869786235796890E+02));
#3875 = CARTESIAN_POINT('', (9.395488250602666E+00,-9.990433832689281E+00,1.870049592226887E+02));
#3876 = CARTESIAN_POINT('', (8.812624004640677E+00,-9.832387753983909E+00,1.878863504788296E+02));
#3877 = CARTESIAN_POINT('', (8.841848913849455E+00,-9.890158331689872E+00,1.878750767693353E+02));
#3878 = CARTESIAN_POINT('', (8.870599097327764E+00,-9.953990402033050E+00,1.878402523167263E+02));
#3879 = CARTESIAN_POINT('', (8.899301132328727E+00,-1.001215895950072E+01,1.878169324621028E+02));
#3880 = CARTESIAN_POINT('', (8.575967690004839E+00,-9.819228387102505E+00,1.888696390437251E+02));
#3881 = CARTESIAN_POINT('', (8.597023561684539E+00,-9.873731547817856E+00,1.888619197767884E+02));
#3882 = CARTESIAN_POINT('', (8.618480879344308E+00,-9.936878613448405E+00,1.888512783733294E+02));
#3883 = CARTESIAN_POINT('', (8.639922080152731E+00,-9.999949182257554E+00,1.888406750338148E+02));
#3884 = (BOUNDED_SURFACE() B_SPLINE_SURFACE(3,3, ((#3868,#3869,#3870,#3871),(#3872,#3873,#3874,#3875),(#3876,#3877,#3878,#3879),(#3880,#3881,#3882,#3883)), .UNSPECIFIED., .F., .F., .T. )  B_SPLINE_SURFACE_WITH_KNOTS((4,4), (4,4), (0.000000000000000E+00,1.000000000000000E+00), (0.000000000000000E+00,1.000000000000000E+00), .UNSPECIFIED.)GEOMETRIC_REPRESENTATION_ITEM() RATIONAL_B_SPLINE_SURFACE( ((1.000000000000000E+00,1.000000000000000E+00,1.000000000000000E+00,1.000000000000000E+00),(1.000000000000000E+00,1.000000000000000E+00,1.000000000000000E+00,1.000000000000000E+00),(1.000000000000000E+00,1.000000000000000E+00,1.000000000000000E+00,1.000000000000000E+00),(1.000000000000000E+00,1.000000000000000E+00,1.000000000000000E+00,1.000000000000000E+00))) REPRESENTATION_ITEM('') SURFACE());
#3885 = ORIENTED_EDGE('', *,*, #1700, .F.);
#3886 = ORIENTED_EDGE('', *,*, #2638, .T.);
#3887 = ORIENTED_EDGE('', *,*, #3391, .T.);
#3888 = CARTESIAN_POINT('', (9.916922847411255E+00,-9.999468371574288E+00,1.861976089643859E+02));
#3889 = CARTESIAN_POINT('', (9.885949144797795E+00,-9.883930320626261E+00,1.861792885088145E+02));
#3890 = CARTESIAN_POINT('', (9.854728520212490E+00,-9.767782913422247E+00,1.861614769965969E+02));
#3891 = CARTESIAN_POINT('', (9.820169577034871E+00,-9.685599936160687E+00,1.861304243024830E+02));
#3892 = (BOUNDED_CURVE() B_SPLINE_CURVE(3,(#3888,#3889,#3890,#3891),.UNSPECIFIED.,.F.,.F.) B_SPLINE_CURVE_WITH_KNOTS((4,4),(0.000000000000000E+00,1.000000000000000E+00),.UNSPECIFIED.) CURVE() GEOMETRIC_REPRESENTATION_ITEM() RATIONAL_B_SPLINE_CURVE((1.000000000000000E+00,1.000000000000000E+00,1.000000000000000E+00,1.000000000000000E+00)) REPRESENTATION_ITEM(''));
#3893 = EDGE_CURVE('', #3378, #1694, #3892, .T.);
#3894 = ORIENTED_EDGE('', *,*, #3893, .F.);
#3895 = EDGE_LOOP('', (#3885,#3886,#3887,#3894));
#3896 = FACE_OUTER_BOUND('', #3895, .T.);
#3897 = ADVANCED_FACE('', (#3896), #3884, .F.);
#3898 = CARTESIAN_POINT('', (1.794239381729694E+00,2.908842120529868E+00,1.574521667743427E+02));
#3899 = CARTESIAN_POINT('', (1.620809344274633E+00,3.513623564408829E+00,1.575210214189833E+02));
#3900 = CARTESIAN_POINT('', (1.307930170533938E+00,4.174407618164988E+00,1.576459466650590E+02));
#3901 = CARTESIAN_POINT('', (9.274352881305864E-01,4.549992703188727E+00,1.578073977385915E+02));
#3902 = CARTESIAN_POINT('', (2.225704819919585E+00,2.740584874493500E+00,1.577350615014983E+02));
#3903 = CARTESIAN_POINT('', (2.177472519939113E+00,3.556422450670777E+00,1.579155075807626E+02));
#3904 = CARTESIAN_POINT('', (1.829258931377182E+00,4.335164709977244E+00,1.581042164818361E+02));
#3905 = CARTESIAN_POINT('', (1.423912578900019E+00,4.833755336481088E+00,1.583192635197907E+02));
#3906 = CARTESIAN_POINT('', (2.659771346003017E+00,2.473183857402293E+00,1.581202293969450E+02));
#3907 = CARTESIAN_POINT('', (2.678220201713763E+00,3.323005085069100E+00,1.584288746257961E+02));
#3908 = CARTESIAN_POINT('', (2.349872022646950E+00,4.164625291904562E+00,1.586427334109177E+02));
#3909 = CARTESIAN_POINT('', (1.928137953724524E+00,4.831615791440462E+00,1.589062951483451E+02));
#3910 = CARTESIAN_POINT('', (3.022376665639684E+00,2.206382802208657E+00,1.585932041701957E+02));
#3911 = CARTESIAN_POINT('', (3.081376870888301E+00,3.071903135310496E+00,1.589672316457400E+02));
#3912 = CARTESIAN_POINT('', (2.803873284895551E+00,3.902416039755342E+00,1.592164535761407E+02));
#3913 = CARTESIAN_POINT('', (2.409218925430096E+00,4.668073716628643E+00,1.595379105011186E+02));
#3914 = (BOUNDED_SURFACE() B_SPLINE_SURFACE(3,3, ((#3898,#3899,#3900,#3901),(#3902,#3903,#3904,#3905),(#3906,#3907,#3908,#3909),(#3910,#3911,#3912,#3913)), .UNSPECIFIED., .F., .F., .T. )  B_SPLINE_SURFACE_WITH_KNOTS((4,4), (4,4), (0.000000000000000E+00,1.000000000000000E+00), (0.000000000000000E+00,1.000000000000000E+00), .UNSPECIFIED.)GEOMETRIC_REPRESENTATION_ITEM() RATIONAL_B_SPLINE_SURFACE( ((1.000000000000000E+00,1.000000000000000E+00,1.000000000000000E+00,1.000000000000000E+00),(1.000000000000000E+00,1.000000000000000E+00,1.000000000000000E+00,1.000000000000000E+00),(1.000000000000000E+00,1.000000000000000E+00,1.000000000000000E+00,1.000000000000000E+00),(1.000000000000000E+00,1.000000000000000E+00,1.000000000000000E+00,1.000000000000000E+00))) REPRESENTATION_ITEM('') SURFACE());
#3915 = CARTESIAN_POINT('', (1.794239381729694E+00,2.908842120529868E+00,1.574521667743427E+02));
#3916 = VERTEX_POINT('', #3915);
#3917 = CARTESIAN_POINT('', (1.794239381729694E+00,2.908842120529868E+00,1.574521667743427E+02));
#3918 = CARTESIAN_POINT('', (2.225704819919585E+00,2.740584874493500E+00,1.577350615014983E+02));
#3919 = CARTESIAN_POINT('', (2.659771346003017E+00,2.473183857402293E+00,1.581202293969450E+02));
#3920 = CARTESIAN_POINT('', (3.022376665639684E+00,2.206382802208657E+00,1.585932041701957E+02));
#3921 = (BOUNDED_CURVE() B_SPLINE_CURVE(3,(#3917,#3918,#3919,#3920),.UNSPECIFIED.,.F.,.F.) B_SPLINE_CURVE_WITH_KNOTS((4,4),(0.000000000000000E+00,1.000000000000000E+00),.UNSPECIFIED.) CURVE() GEOMETRIC_REPRESENTATION_ITEM() RATIONAL_B_SPLINE_CURVE((1.000000000000000E+00,1.000000000000000E+00,1.000000000000000E+00,1.000000000000000E+00)) REPRESENTATION_ITEM(''));
#3922 = EDGE_CURVE('', #3916, #3117, #3921, .T.);
#3923 = ORIENTED_EDGE('', *,*, #3922, .F.);
#3924 = ORIENTED_EDGE('', *,*, #3190, .F.);
#3925 = ORIENTED_EDGE('', *,*, #3069, .F.);
#3926 = CARTESIAN_POINT('', (1.794239381729694E+00,2.908842120529868E+00,1.574521667743427E+02));
#3927 = CARTESIAN_POINT('', (1.620809344274633E+00,3.513623564408829E+00,1.575210214189833E+02));
#3928 = CARTESIAN_POINT('', (1.307930170533938E+00,4.174407618164988E+00,1.576459466650590E+02));
#3929 = CARTESIAN_POINT('', (9.274352881305864E-01,4.549992703188727E+00,1.578073977385915E+02));
#3930 = (BOUNDED_CURVE() B_SPLINE_CURVE(3,(#3926,#3927,#3928,#3929),.UNSPECIFIED.,.F.,.F.) B_SPLINE_CURVE_WITH_KNOTS((4,4),(0.000000000000000E+00,1.000000000000000E+00),.UNSPECIFIED.) CURVE() GEOMETRIC_REPRESENTATION_ITEM() RATIONAL_B_SPLINE_CURVE((1.000000000000000E+00,1.000000000000000E+00,1.000000000000000E+00,1.000000000000000E+00)) REPRESENTATION_ITEM(''));
#3931 = EDGE_CURVE('', #3916, #3063, #3930, .T.);
#3932 = ORIENTED_EDGE('', *,*, #3931, .T.);
#3933 = EDGE_LOOP('', (#3923,#3924,#3925,#3932));
#3934 = FACE_OUTER_BOUND('', #3933, .T.);
#3935 = ADVANCED_FACE('', (#3934), #3914, .F.);
#3936 = CARTESIAN_POINT('', (1.794239381729694E+00,2.908842120529868E+00,1.574521667743427E+02));
#3937 = CARTESIAN_POINT('', (2.225704819919585E+00,2.740584874493500E+00,1.577350615014983E+02));
#3938 = CARTESIAN_POINT('', (2.659771346003017E+00,2.473183857402293E+00,1.581202293969450E+02));
#3939 = CARTESIAN_POINT('', (3.022376665639684E+00,2.206382802208657E+00,1.585932041701957E+02));
#3940 = CARTESIAN_POINT('', (1.480556527126724E+00,2.422090423265998E+00,1.570397004244064E+02));
#3941 = CARTESIAN_POINT('', (2.000785720123035E+00,1.953116348727900E+00,1.572241621392166E+02));
#3942 = CARTESIAN_POINT('', (2.510198725872641E+00,1.484282885526788E+00,1.576215467199870E+02));
#3943 = CARTESIAN_POINT('', (2.942629993760931E+00,1.107105199315023E+00,1.581068405201891E+02));
#3944 = CARTESIAN_POINT('', (9.390726877854246E-01,1.701401636586028E+00,1.565846214215404E+02));
#3945 = CARTESIAN_POINT('', (1.411599827376762E+00,1.017510337051415E+00,1.566836356810165E+02));
#3946 = CARTESIAN_POINT('', (1.948202130998353E+00,4.154560755596303E-01,1.570047214321867E+02));
#3947 = CARTESIAN_POINT('', (2.414508873949987E+00,-1.014839853263600E-01,1.574298079057411E+02));
#3948 = CARTESIAN_POINT('', (3.707787838947659E-01,1.311462761454211E+00,1.564894177542500E+02));
#3949 = CARTESIAN_POINT('', (7.519410738044107E-01,4.828627472774055E-01,1.565212203193159E+02));
#3950 = CARTESIAN_POINT('', (1.269789742685160E+00,-3.006101063698693E-01,1.567416114751684E+02));
#3951 = CARTESIAN_POINT('', (1.769386347377486E+00,-1.019374547544583E+00,1.570893013482638E+02));
#3952 = (BOUNDED_SURFACE() B_SPLINE_SURFACE(3,3, ((#3936,#3937,#3938,#3939),(#3940,#3941,#3942,#3943),(#3944,#3945,#3946,#3947),(#3948,#3949,#3950,#3951)), .UNSPECIFIED., .F., .F., .T. )  B_SPLINE_SURFACE_WITH_KNOTS((4,4), (4,4), (0.000000000000000E+00,1.000000000000000E+00), (0.000000000000000E+00,1.000000000000000E+00), .UNSPECIFIED.)GEOMETRIC_REPRESENTATION_ITEM() RATIONAL_B_SPLINE_SURFACE( ((1.000000000000000E+00,1.000000000000000E+00,1.000000000000000E+00,1.000000000000000E+00),(1.000000000000000E+00,1.000000000000000E+00,1.000000000000000E+00,1.000000000000000E+00),(1.000000000000000E+00,1.000000000000000E+00,1.000000000000000E+00,1.000000000000000E+00),(1.000000000000000E+00,1.000000000000000E+00,1.000000000000000E+00,1.000000000000000E+00))) REPRESENTATION_ITEM('') SURFACE());
#3953 = CARTESIAN_POINT('', (1.794239381729694E+00,2.908842120529868E+00,1.574521667743427E+02));
#3954 = CARTESIAN_POINT('', (1.480556527126724E+00,2.422090423265998E+00,1.570397004244064E+02));
#3955 = CARTESIAN_POINT('', (9.390726877854246E-01,1.701401636586028E+00,1.565846214215404E+02));
#3956 = CARTESIAN_POINT('', (3.707787838947659E-01,1.311462761454211E+00,1.564894177542500E+02));
#3957 = (BOUNDED_CURVE() B_SPLINE_CURVE(3,(#3953,#3954,#3955,#3956),.UNSPECIFIED.,.F.,.F.) B_SPLINE_CURVE_WITH_KNOTS((4,4),(0.000000000000000E+00,1.000000000000000E+00),.UNSPECIFIED.) CURVE() GEOMETRIC_REPRESENTATION_ITEM() RATIONAL_B_SPLINE_CURVE((1.000000000000000E+00,1.000000000000000E+00,1.000000000000000E+00,1.000000000000000E+00)) REPRESENTATION_ITEM(''));
#3958 = EDGE_CURVE('', #3916, #3016, #3957, .T.);
#3959 = ORIENTED_EDGE('', *,*, #3958, .F.);
#3960 = ORIENTED_EDGE('', *,*, #3022, .F.);
#3961 = ORIENTED_EDGE('', *,*, #3123, .T.);
#3962 = ORIENTED_EDGE('', *,*, #3922, .T.);
#3963 = EDGE_LOOP('', (#3959,#3960,#3961,#3962));
#3964 = FACE_OUTER_BOUND('', #3963, .T.);
#3965 = ADVANCED_FACE('', (#3964), #3952, .F.);
#3966 = CARTESIAN_POINT('', (-3.808786051841119E-01,-5.595011111210537E+00,1.582967429126202E+02));
#3967 = CARTESIAN_POINT('', (-8.664086653345039E-01,-5.323944332225282E+00,1.580246915421477E+02));
#3968 = CARTESIAN_POINT('', (-1.346773516146792E+00,-4.863593976630346E+00,1.578819890228120E+02));
#3969 = CARTESIAN_POINT('', (-1.742957266121177E+00,-4.206495130888561E+00,1.578720357374401E+02));
#3970 = CARTESIAN_POINT('', (6.926981157109214E-01,-5.423615800814559E+00,1.577290128971592E+02));
#3971 = CARTESIAN_POINT('', (2.624547925554215E-01,-5.268806610948060E+00,1.569723734284617E+02));
#3972 = CARTESIAN_POINT('', (-7.362723580617202E-01,-4.445258221700881E+00,1.566473735291456E+02));
#3973 = CARTESIAN_POINT('', (-1.268924930516218E+00,-3.568798647790339E+00,1.565728318387195E+02));
#3974 = CARTESIAN_POINT('', (2.146310222721222E+00,-4.349838400692813E+00,1.577635802206271E+02));
#3975 = CARTESIAN_POINT('', (2.007075061084977E+00,-3.907615232359974E+00,1.571544083280503E+02));
#3976 = CARTESIAN_POINT('', (1.306626665874456E+00,-3.295249815576992E+00,1.567527397251201E+02));
#3977 = CARTESIAN_POINT('', (7.039115046620137E-01,-2.553212135615473E+00,1.565202936991513E+02));
#3978 = CARTESIAN_POINT('', (2.857764444345133E+00,-2.793481249284000E+00,1.584801873898863E+02));
#3979 = CARTESIAN_POINT('', (2.704268529118254E+00,-2.357218797386019E+00,1.578562268765592E+02));
#3980 = CARTESIAN_POINT('', (2.255164230546937E+00,-1.720669824309759E+00,1.574278937207784E+02));
#3981 = CARTESIAN_POINT('', (1.769386347377486E+00,-1.019374547544583E+00,1.570893013482638E+02));
#3982 = (BOUNDED_SURFACE() B_SPLINE_SURFACE(3,3, ((#3966,#3967,#3968,#3969),(#3970,#3971,#3972,#3973),(#3974,#3975,#3976,#3977),(#3978,#3979,#3980,#3981)), .UNSPECIFIED., .F., .F., .T. )  B_SPLINE_SURFACE_WITH_KNOTS((4,4), (4,4), (0.000000000000000E+00,1.000000000000000E+00), (0.000000000000000E+00,1.000000000000000E+00), .UNSPECIFIED.)GEOMETRIC_REPRESENTATION_ITEM() RATIONAL_B_SPLINE_SURFACE( ((1.000000000000000E+00,1.000000000000000E+00,1.000000000000000E+00,1.000000000000000E+00),(1.000000000000000E+00,1.000000000000000E+00,1.000000000000000E+00,1.000000000000000E+00),(1.000000000000000E+00,1.000000000000000E+00,1.000000000000000E+00,1.000000000000000E+00),(1.000000000000000E+00,1.000000000000000E+00,1.000000000000000E+00,1.000000000000000E+00))) REPRESENTATION_ITEM('') SURFACE());
#3983 = CARTESIAN_POINT('', (-3.808786051841119E-01,-5.595011111210537E+00,1.582967429126202E+02));
#3984 = CARTESIAN_POINT('', (6.926981157109214E-01,-5.423615800814559E+00,1.577290128971592E+02));
#3985 = CARTESIAN_POINT('', (2.146310222721222E+00,-4.349838400692813E+00,1.577635802206271E+02));
#3986 = CARTESIAN_POINT('', (2.857764444345133E+00,-2.793481249284000E+00,1.584801873898863E+02));
#3987 = (BOUNDED_CURVE() B_SPLINE_CURVE(3,(#3983,#3984,#3985,#3986),.UNSPECIFIED.,.F.,.F.) B_SPLINE_CURVE_WITH_KNOTS((4,4),(0.000000000000000E+00,1.000000000000000E+00),.UNSPECIFIED.) CURVE() GEOMETRIC_REPRESENTATION_ITEM() RATIONAL_B_SPLINE_CURVE((1.000000000000000E+00,1.000000000000000E+00,1.000000000000000E+00,1.000000000000000E+00)) REPRESENTATION_ITEM(''));
#3988 = EDGE_CURVE('', #1415, #3126, #3987, .T.);
#3989 = ORIENTED_EDGE('', *,*, #3988, .F.);
#3990 = ORIENTED_EDGE('', *,*, #3132, .T.);
#3991 = ORIENTED_EDGE('', *,*, #3013, .T.);
#3992 = ORIENTED_EDGE('', *,*, #1430, .T.);
#3993 = EDGE_LOOP('', (#3989,#3990,#3991,#3992));
#3994 = FACE_OUTER_BOUND('', #3993, .T.);
#3995 = ADVANCED_FACE('', (#3994), #3982, .F.);
#3996 = CARTESIAN_POINT('', (-3.808786051841119E-01,-5.595011111210537E+00,1.582967429126202E+02));
#3997 = CARTESIAN_POINT('', (3.348392087459102E-01,-5.480747570946551E+00,1.579182562356462E+02));
#3998 = CARTESIAN_POINT('', (1.219461638727162E+00,-4.965425324137781E+00,1.578074572648628E+02));
#3999 = CARTESIAN_POINT('', (1.940486974685079E+00,-4.173430248840135E+00,1.579879734097108E+02));
#4000 = CARTESIAN_POINT('', (2.300999642664038E+00,-3.777432711191313E+00,1.580782314821348E+02));
#4001 = CARTESIAN_POINT('', (2.620613037137162E+00,-3.312266966420271E+00,1.582413183334666E+02));
#4002 = CARTESIAN_POINT('', (2.857764444345133E+00,-2.793481249284000E+00,1.584801873898863E+02));
#4003 = CARTESIAN_POINT('', (-1.085937024764978E+00,-9.046788399669079E+00,1.637319043614988E+02));
#4004 = CARTESIAN_POINT('', (2.904503048972381E-01,-9.565470501406061E+00,1.632120890117338E+02));
#4005 = CARTESIAN_POINT('', (1.674942722401559E+00,-9.393697636251034E+00,1.632018549990042E+02));
#4006 = CARTESIAN_POINT('', (2.784843564947029E+00,-8.737868139445135E+00,1.634459149635236E+02));
#4007 = CARTESIAN_POINT('', (3.339793986219764E+00,-8.409953391042187E+00,1.635679449457834E+02));
#4008 = CARTESIAN_POINT('', (3.892083204038266E+00,-7.552148894867575E+00,1.640157078866419E+02));
#4009 = CARTESIAN_POINT('', (4.255322028007216E+00,-6.879927819691621E+00,1.642665969546212E+02));
#4010 = CARTESIAN_POINT('', (-1.395516542244804E+00,-7.030103534411972E+00,1.740243809112411E+02));
#4011 = CARTESIAN_POINT('', (-2.375370745677568E-01,-7.314374875322946E+00,1.739508043391547E+02));
#4012 = CARTESIAN_POINT('', (1.100555243993052E+00,-7.305840787467202E+00,1.738384293747188E+02));
#4013 = CARTESIAN_POINT('', (2.481434683231825E+00,-7.202850584773891E+00,1.737583932923003E+02));
#4014 = CARTESIAN_POINT('', (3.171874402851212E+00,-7.151355483427236E+00,1.737183752510910E+02));
#4015 = CARTESIAN_POINT('', (3.596659597016506E+00,-7.009773659769902E+00,1.736854546954440E+02));
#4016 = CARTESIAN_POINT('', (3.911239645425312E+00,-6.399884713669786E+00,1.739121032485159E+02));
#4017 = CARTESIAN_POINT('', (-2.291603273071730E+00,-7.703020043116935E+00,1.822367257398919E+02));
#4018 = CARTESIAN_POINT('', (-5.357565725217213E-01,-8.017351322210903E+00,1.823326997267330E+02));
#4019 = CARTESIAN_POINT('', (1.382095214257206E+00,-7.980012621269085E+00,1.823262365605900E+02));
#4020 = CARTESIAN_POINT('', (3.177742534836026E+00,-7.675742066792699E+00,1.822693869042709E+02));
#4021 = CARTESIAN_POINT('', (4.540745464745924E+00,-7.426701372385233E+00,1.822221922965618E+02));
#4022 = CARTESIAN_POINT('', (5.880042446346575E+00,-7.050851716756104E+00,1.821064437261317E+02));
#4023 = CARTESIAN_POINT('', (6.586377899702364E+00,-6.391070733744156E+00,1.823067816597750E+02));
#4024 = (BOUNDED_SURFACE() B_SPLINE_SURFACE(3,3, ((#3996,#3997,#3998,#3999,#4000,#4001,#4002),(#4003,#4004,#4005,#4006,#4007,#4008,#4009),(#4010,#4011,#4012,#4013,#4014,#4015,#4016),(#4017,#4018,#4019,#4020,#4021,#4022,#4023)), .UNSPECIFIED., .F., .F., .T. )  B_SPLINE_SURFACE_WITH_KNOTS((4,4), (4,3,4), (0.000000000000000E+00,1.000000000000000E+00), (0.000000000000000E+00,6.666666666666666E-01,1.000000000000000E+00), .UNSPECIFIED.)GEOMETRIC_REPRESENTATION_ITEM() RATIONAL_B_SPLINE_SURFACE( ((1.000000000000000E+00,1.000000000000000E+00,1.000000000000000E+00,1.000000000000000E+00,1.000000000000000E+00,1.000000000000000E+00,1.000000000000000E+00),(1.000000000000000E+00,1.000000000000000E+00,1.000000000000000E+00,1.000000000000000E+00,1.000000000000000E+00,1.000000000000000E+00,1.000000000000000E+00),(1.000000000000000E+00,1.000000000000000E+00,1.000000000000000E+00,1.000000000000000E+00,1.000000000000000E+00,1.000000000000000E+00,1.000000000000000E+00),(1.000000000000000E+00,1.000000000000000E+00,1.000000000000000E+00,1.000000000000000E+00,1.000000000000000E+00,1.000000000000000E+00,1.000000000000000E+00))) REPRESENTATION_ITEM('') SURFACE());
#4025 = ORIENTED_EDGE('', *,*, #1421, .F.);
#4026 = CARTESIAN_POINT('', (3.177742534836026E+00,-7.675742066792699E+00,1.822693869042709E+02));
#4027 = VERTEX_POINT('', #4026);
#4028 = CARTESIAN_POINT('', (3.177742534836026E+00,-7.675742066792699E+00,1.822693869042709E+02));
#4029 = CARTESIAN_POINT('', (1.382095214257206E+00,-7.980012621269085E+00,1.823262365605900E+02));
#4030 = CARTESIAN_POINT('', (-5.357565725217213E-01,-8.017351322210903E+00,1.823326997267330E+02));
#4031 = CARTESIAN_POINT('', (-2.291603273071730E+00,-7.703020043116935E+00,1.822367257398919E+02));
#4032 = (BOUNDED_CURVE() B_SPLINE_CURVE(3,(#4028,#4029,#4030,#4031),.UNSPECIFIED.,.F.,.F.) B_SPLINE_CURVE_WITH_KNOTS((4,4),(0.000000000000000E+00,1.000000000000000E+00),.UNSPECIFIED.) CURVE() GEOMETRIC_REPRESENTATION_ITEM() RATIONAL_B_SPLINE_CURVE((1.000000000000000E+00,1.000000000000000E+00,1.000000000000000E+00,1.000000000000000E+00)) REPRESENTATION_ITEM(''));
#4033 = EDGE_CURVE('', #4027, #1406, #4032, .T.);
#4034 = ORIENTED_EDGE('', *,*, #4033, .T.);
#4035 = CARTESIAN_POINT('', (6.586377899702364E+00,-6.391070733744156E+00,1.823067816597750E+02));
#4036 = VERTEX_POINT('', #4035);
#4037 = CARTESIAN_POINT('', (6.586377899702364E+00,-6.391070733744156E+00,1.823067816597750E+02));
#4038 = CARTESIAN_POINT('', (5.880042446346575E+00,-7.050851716756104E+00,1.821064437261317E+02));
#4039 = CARTESIAN_POINT('', (4.540745464745924E+00,-7.426701372385233E+00,1.822221922965618E+02));
#4040 = CARTESIAN_POINT('', (3.177742534836026E+00,-7.675742066792699E+00,1.822693869042709E+02));
#4041 = (BOUNDED_CURVE() B_SPLINE_CURVE(3,(#4037,#4038,#4039,#4040),.UNSPECIFIED.,.F.,.F.) B_SPLINE_CURVE_WITH_KNOTS((4,4),(0.000000000000000E+00,1.000000000000000E+00),.UNSPECIFIED.) CURVE() GEOMETRIC_REPRESENTATION_ITEM() RATIONAL_B_SPLINE_CURVE((1.000000000000000E+00,1.000000000000000E+00,1.000000000000000E+00,1.000000000000000E+00)) REPRESENTATION_ITEM(''));
#4042 = EDGE_CURVE('', #4036, #4027, #4041, .T.);
#4043 = ORIENTED_EDGE('', *,*, #4042, .T.);
#4044 = CARTESIAN_POINT('', (6.586377899702364E+00,-6.391070733744156E+00,1.823067816597750E+02));
#4045 = CARTESIAN_POINT('', (3.911239645425312E+00,-6.399884713669786E+00,1.739121032485159E+02));
#4046 = CARTESIAN_POINT('', (4.255322028007216E+00,-6.879927819691621E+00,1.642665969546212E+02));
#4047 = CARTESIAN_POINT('', (2.857764444345133E+00,-2.793481249284000E+00,1.584801873898863E+02));
#4048 = (BOUNDED_CURVE() B_SPLINE_CURVE(3,(#4044,#4045,#4046,#4047),.UNSPECIFIED.,.F.,.F.) B_SPLINE_CURVE_WITH_KNOTS((4,4),(0.000000000000000E+00,1.000000000000000E+00),.UNSPECIFIED.) CURVE() GEOMETRIC_REPRESENTATION_ITEM() RATIONAL_B_SPLINE_CURVE((1.000000000000000E+00,1.000000000000000E+00,1.000000000000000E+00,1.000000000000000E+00)) REPRESENTATION_ITEM(''));
#4049 = EDGE_CURVE('', #4036, #3126, #4048, .T.);
#4050 = ORIENTED_EDGE('', *,*, #4049, .F.);
#4051 = ORIENTED_EDGE('', *,*, #3988, .T.);
#4052 = EDGE_LOOP('', (#4025,#4034,#4043,#4050,#4051));
#4053 = FACE_OUTER_BOUND('', #4052, .T.);
#4054 = ADVANCED_FACE('', (#4053), #4024, .F.);
#4055 = CARTESIAN_POINT('', (-1.970656524783700E+00,-8.479620655324824E+00,1.875835958140791E+02));
#4056 = CARTESIAN_POINT('', (-3.718873521959237E+00,-7.837903743532094E+00,1.869403203967164E+02));
#4057 = CARTESIAN_POINT('', (-5.736230959972982E+00,-7.289890376615845E+00,1.864490522430484E+02));
#4058 = CARTESIAN_POINT('', (-7.275070812400902E+00,-7.397560288299421E+00,1.865338021226046E+02));
#4059 = CARTESIAN_POINT('', (-1.973839027240776E+00,-8.373778387569176E+00,1.871271946491282E+02));
#4060 = CARTESIAN_POINT('', (-3.773916928596269E+00,-7.909128541139411E+00,1.866052028478844E+02));
#4061 = CARTESIAN_POINT('', (-5.704980710503364E+00,-7.347916326207226E+00,1.861227876353445E+02));
#4062 = CARTESIAN_POINT('', (-7.281711524271884E+00,-7.382637229872537E+00,1.862051970525295E+02));
#4063 = CARTESIAN_POINT('', (-2.009976334219391E+00,-8.269013936554218E+00,1.865843321820709E+02));
#4064 = CARTESIAN_POINT('', (-3.868147152100478E+00,-7.903252754997258E+00,1.862721099367034E+02));
#4065 = CARTESIAN_POINT('', (-5.670001113068778E+00,-7.397984834682337E+00,1.857680828961197E+02));
#4066 = CARTESIAN_POINT('', (-7.252954368970387E+00,-7.281932005444846E+00,1.858547353005776E+02));
#4067 = CARTESIAN_POINT('', (-2.056280625711745E+00,-8.194871839802756E+00,1.860823071738824E+02));
#4068 = CARTESIAN_POINT('', (-3.911567656614272E+00,-7.863936763582896E+00,1.858593248881828E+02));
#4069 = CARTESIAN_POINT('', (-5.665521135127304E+00,-7.356916351961557E+00,1.854145604168026E+02));
#4070 = CARTESIAN_POINT('', (-7.217352884735646E+00,-7.165999821094202E+00,1.855161911945822E+02));
#4071 = (BOUNDED_SURFACE() B_SPLINE_SURFACE(3,3, ((#4055,#4056,#4057,#4058),(#4059,#4060,#4061,#4062),(#4063,#4064,#4065,#4066),(#4067,#4068,#4069,#4070)), .UNSPECIFIED., .F., .F., .T. )  B_SPLINE_SURFACE_WITH_KNOTS((4,4), (4,4), (0.000000000000000E+00,1.000000000000000E+00), (0.000000000000000E+00,1.000000000000000E+00), .UNSPECIFIED.)GEOMETRIC_REPRESENTATION_ITEM() RATIONAL_B_SPLINE_SURFACE( ((1.000000000000000E+00,1.000000000000000E+00,1.000000000000000E+00,1.000000000000000E+00),(1.000000000000000E+00,1.000000000000000E+00,1.000000000000000E+00,1.000000000000000E+00),(1.000000000000000E+00,1.000000000000000E+00,1.000000000000000E+00,1.000000000000000E+00),(1.000000000000000E+00,1.000000000000000E+00,1.000000000000000E+00,1.000000000000000E+00))) REPRESENTATION_ITEM('') SURFACE());
#4072 = ORIENTED_EDGE('', *,*, #2566, .T.);
#4073 = ORIENTED_EDGE('', *,*, #1467, .F.);
#4074 = CARTESIAN_POINT('', (-7.275070812400902E+00,-7.397560288299421E+00,1.865338021226046E+02));
#4075 = VERTEX_POINT('', #4074);
#4076 = CARTESIAN_POINT('', (-7.275070812400902E+00,-7.397560288299421E+00,1.865338021226046E+02));
#4077 = CARTESIAN_POINT('', (-7.281711524271884E+00,-7.382637229872537E+00,1.862051970525295E+02));
#4078 = CARTESIAN_POINT('', (-7.252954368970387E+00,-7.281932005444846E+00,1.858547353005776E+02));
#4079 = CARTESIAN_POINT('', (-7.217352884735646E+00,-7.165999821094202E+00,1.855161911945822E+02));
#4080 = (BOUNDED_CURVE() B_SPLINE_CURVE(3,(#4076,#4077,#4078,#4079),.UNSPECIFIED.,.F.,.F.) B_SPLINE_CURVE_WITH_KNOTS((4,4),(0.000000000000000E+00,1.000000000000000E+00),.UNSPECIFIED.) CURVE() GEOMETRIC_REPRESENTATION_ITEM() RATIONAL_B_SPLINE_CURVE((1.000000000000000E+00,1.000000000000000E+00,1.000000000000000E+00,1.000000000000000E+00)) REPRESENTATION_ITEM(''));
#4081 = EDGE_CURVE('', #4075, #1370, #4080, .T.);
#4082 = ORIENTED_EDGE('', *,*, #4081, .T.);
#4083 = CARTESIAN_POINT('', (-1.970656524783700E+00,-8.479620655324824E+00,1.875835958140791E+02));
#4084 = CARTESIAN_POINT('', (-3.718873521959237E+00,-7.837903743532094E+00,1.869403203967164E+02));
#4085 = CARTESIAN_POINT('', (-5.736230959972982E+00,-7.289890376615845E+00,1.864490522430484E+02));
#4086 = CARTESIAN_POINT('', (-7.275070812400902E+00,-7.397560288299421E+00,1.865338021226046E+02));
#4087 = (BOUNDED_CURVE() B_SPLINE_CURVE(3,(#4083,#4084,#4085,#4086),.UNSPECIFIED.,.F.,.F.) B_SPLINE_CURVE_WITH_KNOTS((4,4),(0.000000000000000E+00,1.000000000000000E+00),.UNSPECIFIED.) CURVE() GEOMETRIC_REPRESENTATION_ITEM() RATIONAL_B_SPLINE_CURVE((1.000000000000000E+00,1.000000000000000E+00,1.000000000000000E+00,1.000000000000000E+00)) REPRESENTATION_ITEM(''));
#4088 = EDGE_CURVE('', #2560, #4075, #4087, .T.);
#4089 = ORIENTED_EDGE('', *,*, #4088, .T.);
#4090 = EDGE_LOOP('', (#4072,#4073,#4082,#4089));
#4091 = FACE_OUTER_BOUND('', #4090, .T.);
#4092 = ADVANCED_FACE('', (#4091), #4071, .F.);
#4093 = CARTESIAN_POINT('', (-1.970656524783700E+00,-8.479620655324824E+00,1.875835958140791E+02));
#4094 = CARTESIAN_POINT('', (-5.559725033973080E-01,-8.769268484390636E+00,1.871284664120621E+02));
#4095 = CARTESIAN_POINT('', (1.001920630373302E+00,-8.581830937729499E+00,1.871931020182552E+02));
#4096 = CARTESIAN_POINT('', (2.112521377632119E+00,-8.293375287806954E+00,1.880556319362487E+02));
#4097 = CARTESIAN_POINT('', (-1.443713294933610E+00,-8.809022482722867E+00,1.883905494098388E+02));
#4098 = CARTESIAN_POINT('', (-4.235268213240488E-01,-9.034207977432709E+00,1.877372834534561E+02));
#4099 = CARTESIAN_POINT('', (7.237828360531291E-01,-8.931305067042638E+00,1.877971884732713E+02));
#4100 = CARTESIAN_POINT('', (1.590106373900812E+00,-8.745812112942883E+00,1.886269269666022E+02));
#4101 = CARTESIAN_POINT('', (-1.036303463954402E+00,-9.383326831552496E+00,1.887770868459437E+02));
#4102 = CARTESIAN_POINT('', (-1.853220159743966E-01,-9.452853400513417E+00,1.881698186813353E+02));
#4103 = CARTESIAN_POINT('', (4.755064268216030E-01,-9.432553372785765E+00,1.882067894870955E+02));
#4104 = CARTESIAN_POINT('', (1.243127175140383E+00,-9.349387742356374E+00,1.889484620548376E+02));
#4105 = CARTESIAN_POINT('', (-7.207389909755877E-01,-1.000102755324860E+01,1.891225576437531E+02));
#4106 = CARTESIAN_POINT('', (1.791988032601412E-01,-9.998615346507245E+00,1.884269517972947E+02));
#4107 = CARTESIAN_POINT('', (1.573524357855956E-01,-1.000520258443487E+01,1.884135327714252E+02));
#4108 = CARTESIAN_POINT('', (9.027032827013998E-01,-9.998080774580616E+00,1.892683850615819E+02));
#4109 = (BOUNDED_SURFACE() B_SPLINE_SURFACE(3,3, ((#4093,#4094,#4095,#4096),(#4097,#4098,#4099,#4100),(#4101,#4102,#4103,#4104),(#4105,#4106,#4107,#4108)), .UNSPECIFIED., .F., .F., .T. )  B_SPLINE_SURFACE_WITH_KNOTS((4,4), (4,4), (0.000000000000000E+00,1.000000000000000E+00), (0.000000000000000E+00,1.000000000000000E+00), .UNSPECIFIED.)GEOMETRIC_REPRESENTATION_ITEM() RATIONAL_B_SPLINE_SURFACE( ((1.000000000000000E+00,1.000000000000000E+00,1.000000000000000E+00,1.000000000000000E+00),(1.000000000000000E+00,1.000000000000000E+00,1.000000000000000E+00,1.000000000000000E+00),(1.000000000000000E+00,1.000000000000000E+00,1.000000000000000E+00,1.000000000000000E+00),(1.000000000000000E+00,1.000000000000000E+00,1.000000000000000E+00,1.000000000000000E+00))) REPRESENTATION_ITEM('') SURFACE());
#4110 = CARTESIAN_POINT('', (-1.970656524783700E+00,-8.479620655324824E+00,1.875835958140791E+02));
#4111 = CARTESIAN_POINT('', (-1.443713294933610E+00,-8.809022482722867E+00,1.883905494098388E+02));
#4112 = CARTESIAN_POINT('', (-1.036303463954402E+00,-9.383326831552496E+00,1.887770868459437E+02));
#4113 = CARTESIAN_POINT('', (-7.207389909755877E-01,-1.000102755324860E+01,1.891225576437531E+02));
#4114 = (BOUNDED_CURVE() B_SPLINE_CURVE(3,(#4110,#4111,#4112,#4113),.UNSPECIFIED.,.F.,.F.) B_SPLINE_CURVE_WITH_KNOTS((4,4),(0.000000000000000E+00,1.000000000000000E+00),.UNSPECIFIED.) CURVE() GEOMETRIC_REPRESENTATION_ITEM() RATIONAL_B_SPLINE_CURVE((1.000000000000000E+00,1.000000000000000E+00,1.000000000000000E+00,1.000000000000000E+00)) REPRESENTATION_ITEM(''));
#4115 = EDGE_CURVE('', #2560, #3478, #4114, .T.);
#4116 = ORIENTED_EDGE('', *,*, #4115, .F.);
#4117 = ORIENTED_EDGE('', *,*, #3484, .T.);
#4118 = CARTESIAN_POINT('', (9.027032827013998E-01,-9.998080774580616E+00,1.892683850615819E+02));
#4119 = CARTESIAN_POINT('', (1.243127175140383E+00,-9.349387742356374E+00,1.889484620548376E+02));
#4120 = CARTESIAN_POINT('', (1.590106373900812E+00,-8.745812112942883E+00,1.886269269666022E+02));
#4121 = CARTESIAN_POINT('', (2.112521377632119E+00,-8.293375287806954E+00,1.880556319362487E+02));
#4122 = (BOUNDED_CURVE() B_SPLINE_CURVE(3,(#4118,#4119,#4120,#4121),.UNSPECIFIED.,.F.,.F.) B_SPLINE_CURVE_WITH_KNOTS((4,4),(0.000000000000000E+00,1.000000000000000E+00),.UNSPECIFIED.) CURVE() GEOMETRIC_REPRESENTATION_ITEM() RATIONAL_B_SPLINE_CURVE((1.000000000000000E+00,1.000000000000000E+00,1.000000000000000E+00,1.000000000000000E+00)) REPRESENTATION_ITEM(''));
#4123 = EDGE_CURVE('', #3469, #2569, #4122, .T.);
#4124 = ORIENTED_EDGE('', *,*, #4123, .F.);
#4125 = ORIENTED_EDGE('', *,*, #2575, .T.);
#4126 = EDGE_LOOP('', (#4116,#4117,#4124,#4125));
#4127 = FACE_OUTER_BOUND('', #4126, .T.);
#4128 = ADVANCED_FACE('', (#4127), #4109, .F.);
#4129 = CARTESIAN_POINT('', (9.820169577034871E+00,-9.685599936160687E+00,1.861304243024830E+02));
#4130 = CARTESIAN_POINT('', (9.037480412816212E+00,-8.829260207227614E+00,1.863420250667581E+02));
#4131 = CARTESIAN_POINT('', (8.214456124894243E+00,-8.028754447350728E+00,1.864598800538413E+02));
#4132 = CARTESIAN_POINT('', (7.413518343543888E+00,-7.477758142165332E+00,1.865239632394324E+02));
#4133 = CARTESIAN_POINT('', (9.981514176820896E+00,-8.792640200653457E+00,1.851172120839199E+02));
#4134 = CARTESIAN_POINT('', (9.184832002814941E+00,-8.275508930273563E+00,1.850902681379148E+02));
#4135 = CARTESIAN_POINT('', (8.316088166339373E+00,-7.757887542552260E+00,1.850863314770465E+02));
#4136 = CARTESIAN_POINT('', (7.479881493529857E+00,-7.388293326929217E+00,1.850988114202165E+02));
#4137 = CARTESIAN_POINT('', (9.929977913841503E+00,-7.721065850866754E+00,1.839267438557154E+02));
#4138 = CARTESIAN_POINT('', (9.056746008630800E+00,-7.350321276907313E+00,1.838306359279906E+02));
#4139 = CARTESIAN_POINT('', (8.074304297674288E+00,-7.014469358735921E+00,1.836879396708582E+02));
#4140 = CARTESIAN_POINT('', (7.211802770479160E+00,-6.917729910244341E+00,1.835015561445886E+02));
#4141 = CARTESIAN_POINT('', (9.951614979073350E+00,-6.421076605711243E+00,1.832432682860459E+02));
#4142 = CARTESIAN_POINT('', (9.187895858782900E+00,-6.316113834983919E+00,1.831775803951896E+02));
#4143 = CARTESIAN_POINT('', (8.391746549389454E+00,-6.089860290998647E+00,1.831927067001727E+02));
#4144 = CARTESIAN_POINT('', (7.484455060819147E+00,-6.143967324500097E+00,1.828730204144871E+02));
#4145 = (BOUNDED_SURFACE() B_SPLINE_SURFACE(3,3, ((#4129,#4130,#4131,#4132),(#4133,#4134,#4135,#4136),(#4137,#4138,#4139,#4140),(#4141,#4142,#4143,#4144)), .UNSPECIFIED., .F., .F., .T. )  B_SPLINE_SURFACE_WITH_KNOTS((4,4), (4,4), (0.000000000000000E+00,1.000000000000000E+00), (0.000000000000000E+00,1.000000000000000E+00), .UNSPECIFIED.)GEOMETRIC_REPRESENTATION_ITEM() RATIONAL_B_SPLINE_SURFACE( ((1.000000000000000E+00,1.000000000000000E+00,1.000000000000000E+00,1.000000000000000E+00),(1.000000000000000E+00,1.000000000000000E+00,1.000000000000000E+00,1.000000000000000E+00),(1.000000000000000E+00,1.000000000000000E+00,1.000000000000000E+00,1.000000000000000E+00),(1.000000000000000E+00,1.000000000000000E+00,1.000000000000000E+00,1.000000000000000E+00))) REPRESENTATION_ITEM('') SURFACE());
#4146 = ORIENTED_EDGE('', *,*, #3244, .F.);
#4147 = CARTESIAN_POINT('', (7.484455060819147E+00,-6.143967324500097E+00,1.828730204144871E+02));
#4148 = VERTEX_POINT('', #4147);
#4149 = CARTESIAN_POINT('', (7.484455060819147E+00,-6.143967324500097E+00,1.828730204144871E+02));
#4150 = CARTESIAN_POINT('', (8.391746549389454E+00,-6.089860290998647E+00,1.831927067001727E+02));
#4151 = CARTESIAN_POINT('', (9.187895858782900E+00,-6.316113834983919E+00,1.831775803951896E+02));
#4152 = CARTESIAN_POINT('', (9.951614979073350E+00,-6.421076605711243E+00,1.832432682860459E+02));
#4153 = (BOUNDED_CURVE() B_SPLINE_CURVE(3,(#4149,#4150,#4151,#4152),.UNSPECIFIED.,.F.,.F.) B_SPLINE_CURVE_WITH_KNOTS((4,4),(0.000000000000000E+00,1.000000000000000E+00),.UNSPECIFIED.) CURVE() GEOMETRIC_REPRESENTATION_ITEM() RATIONAL_B_SPLINE_CURVE((1.000000000000000E+00,1.000000000000000E+00,1.000000000000000E+00,1.000000000000000E+00)) REPRESENTATION_ITEM(''));
#4154 = EDGE_CURVE('', #4148, #3231, #4153, .T.);
#4155 = ORIENTED_EDGE('', *,*, #4154, .T.);
#4156 = CARTESIAN_POINT('', (7.484455060819147E+00,-6.143967324500097E+00,1.828730204144871E+02));
#4157 = CARTESIAN_POINT('', (7.211802770479160E+00,-6.917729910244341E+00,1.835015561445886E+02));
#4158 = CARTESIAN_POINT('', (7.479881493529857E+00,-7.388293326929217E+00,1.850988114202165E+02));
#4159 = CARTESIAN_POINT('', (7.413518343543888E+00,-7.477758142165332E+00,1.865239632394324E+02));
#4160 = (BOUNDED_CURVE() B_SPLINE_CURVE(3,(#4156,#4157,#4158,#4159),.UNSPECIFIED.,.F.,.F.) B_SPLINE_CURVE_WITH_KNOTS((4,4),(0.000000000000000E+00,1.000000000000000E+00),.UNSPECIFIED.) CURVE() GEOMETRIC_REPRESENTATION_ITEM() RATIONAL_B_SPLINE_CURVE((1.000000000000000E+00,1.000000000000000E+00,1.000000000000000E+00,1.000000000000000E+00)) REPRESENTATION_ITEM(''));
#4161 = EDGE_CURVE('', #4148, #1275, #4160, .T.);
#4162 = ORIENTED_EDGE('', *,*, #4161, .F.);
#4163 = ORIENTED_EDGE('', *,*, #1707, .T.);
#4164 = EDGE_LOOP('', (#4146,#4155,#4162,#4163));
#4165 = FACE_OUTER_BOUND('', #4164, .T.);
#4166 = ADVANCED_FACE('', (#4165), #4145, .F.);
#4167 = CARTESIAN_POINT('', (1.000001003467992E+01,-9.999992244073374E+00,1.860656529150550E+02));
#4168 = CARTESIAN_POINT('', (9.968294449207033E+00,-1.000003303862917E+01,1.861155326771178E+02));
#4169 = CARTESIAN_POINT('', (9.939202899852738E+00,-1.000042828401710E+01,1.861613650075705E+02));
#4170 = CARTESIAN_POINT('', (9.916922847411255E+00,-9.999468371574288E+00,1.861976089643859E+02));
#4171 = CARTESIAN_POINT('', (1.000027752877871E+01,-9.916317427061321E+00,1.860161619785978E+02));
#4172 = CARTESIAN_POINT('', (9.958111311584563E+00,-9.900986552746319E+00,1.860767787071177E+02));
#4173 = CARTESIAN_POINT('', (9.914931347919564E+00,-9.882369844052343E+00,1.861375087346297E+02));
#4174 = CARTESIAN_POINT('', (9.885949144797795E+00,-9.883930320626261E+00,1.861792885088145E+02));
#4175 = CARTESIAN_POINT('', (9.999237891914984E+00,-9.844739998318390E+00,1.859621395287752E+02));
#4176 = CARTESIAN_POINT('', (9.952391767863086E+00,-9.808875025639065E+00,1.860388713756173E+02));
#4177 = CARTESIAN_POINT('', (9.896082470009796E+00,-9.781847127623950E+00,1.861067499671242E+02));
#4178 = CARTESIAN_POINT('', (9.854728520212490E+00,-9.767782913422247E+00,1.861614769965969E+02));
#4179 = CARTESIAN_POINT('', (1.000070693000409E+01,-9.776278687563034E+00,1.859306466983591E+02));
#4180 = CARTESIAN_POINT('', (9.946310974849615E+00,-9.748136197657766E+00,1.860007154671046E+02));
#4181 = CARTESIAN_POINT('', (9.891907030992993E+00,-9.719760536811895E+00,1.860708221712338E+02));
#4182 = CARTESIAN_POINT('', (9.820169577034871E+00,-9.685599936160687E+00,1.861304243024830E+02));
#4183 = (BOUNDED_SURFACE() B_SPLINE_SURFACE(3,3, ((#4167,#4168,#4169,#4170),(#4171,#4172,#4173,#4174),(#4175,#4176,#4177,#4178),(#4179,#4180,#4181,#4182)), .UNSPECIFIED., .F., .F., .T. )  B_SPLINE_SURFACE_WITH_KNOTS((4,4), (4,4), (0.000000000000000E+00,1.000000000000000E+00), (0.000000000000000E+00,1.000000000000000E+00), .UNSPECIFIED.)GEOMETRIC_REPRESENTATION_ITEM() RATIONAL_B_SPLINE_SURFACE( ((1.000000000000000E+00,1.000000000000000E+00,1.000000000000000E+00,1.000000000000000E+00),(1.000000000000000E+00,1.000000000000000E+00,1.000000000000000E+00,1.000000000000000E+00),(1.000000000000000E+00,1.000000000000000E+00,1.000000000000000E+00,1.000000000000000E+00),(1.000000000000000E+00,1.000000000000000E+00,1.000000000000000E+00,1.000000000000000E+00))) REPRESENTATION_ITEM('') SURFACE());
#4184 = ORIENTED_EDGE('', *,*, #3586, .F.);
#4185 = ORIENTED_EDGE('', *,*, #3219, .F.);
#4186 = ORIENTED_EDGE('', *,*, #3893, .T.);
#4187 = ORIENTED_EDGE('', *,*, #3384, .F.);
#4188 = EDGE_LOOP('', (#4184,#4185,#4186,#4187));
#4189 = FACE_OUTER_BOUND('', #4188, .T.);
#4190 = ADVANCED_FACE('', (#4189), #4183, .F.);
#4191 = CARTESIAN_POINT('', (7.710562006464037E+00,-5.095369400709491E-01,1.838245629554182E+02));
#4192 = CARTESIAN_POINT('', (7.760009908889497E+00,-6.598692174381416E-01,1.839176909944565E+02));
#4193 = CARTESIAN_POINT('', (7.867240945570996E+00,-8.340808169448267E-01,1.840452674066227E+02));
#4194 = CARTESIAN_POINT('', (8.006706737826454E+00,-9.292490831477047E-01,1.841523773325153E+02));
#4195 = CARTESIAN_POINT('', (8.605406664093385E+00,-1.337248623669589E+00,1.846123637753298E+02));
#4196 = CARTESIAN_POINT('', (9.273388035546626E+00,-1.530294869388991E+00,1.850332483871922E+02));
#4197 = CARTESIAN_POINT('', (9.946701338293016E+00,-1.753126523313179E+00,1.854999225425346E+02));
#4198 = CARTESIAN_POINT('', (9.964420109417921E+00,-1.758990514205921E+00,1.855122034413594E+02));
#4199 = CARTESIAN_POINT('', (9.982142573016018E+00,-1.764875132112655E+00,1.855245160503944E+02));
#4200 = CARTESIAN_POINT('', (9.999867563656604E+00,-1.770784837208024E+00,1.855368619167195E+02));
#4201 = CARTESIAN_POINT('', (8.469059689067688E+00,-2.073840054310824E+00,1.827013539747931E+02));
#4202 = CARTESIAN_POINT('', (8.499269207856823E+00,-2.040781391372592E+00,1.828024028989643E+02));
#4203 = CARTESIAN_POINT('', (8.250125649136880E+00,-1.431245617409323E+00,1.823586847160315E+02));
#4204 = CARTESIAN_POINT('', (8.346456113403796E+00,-1.527247835740246E+00,1.824277936078566E+02));
#4205 = CARTESIAN_POINT('', (8.804025818671652E+00,-1.983258372812132E+00,1.827560608440256E+02));
#4206 = CARTESIAN_POINT('', (9.372435897578089E+00,-2.466842341849695E+00,1.831270394476091E+02));
#4207 = CARTESIAN_POINT('', (9.948643615266612E+00,-2.815517326559944E+00,1.833621262810169E+02));
#4208 = CARTESIAN_POINT('', (9.963806976258414E+00,-2.824692984052319E+00,1.833683127766329E+02));
#4209 = CARTESIAN_POINT('', (9.982900332548054E+00,-3.094575679378531E+00,1.834220388644485E+02));
#4210 = CARTESIAN_POINT('', (9.999738762369452E+00,-3.279705299906232E+00,1.834583911167270E+02));
#4211 = CARTESIAN_POINT('', (8.063736809690633E+00,-4.573390905197527E+00,1.816501241263447E+02));
#4212 = CARTESIAN_POINT('', (8.080216329100287E+00,-4.544479969069201E+00,1.817071682975746E+02));
#4213 = CARTESIAN_POINT('', (8.357395212414506E+00,-5.025039419588198E+00,1.822148112369763E+02));
#4214 = CARTESIAN_POINT('', (8.450699018215545E+00,-5.002313155473416E+00,1.822381112146393E+02));
#4215 = CARTESIAN_POINT('', (8.893892095770484E+00,-4.894363400928206E+00,1.823487861085387E+02));
#4216 = CARTESIAN_POINT('', (9.429791441253954E+00,-4.971119160606484E+00,1.824582665792566E+02));
#4217 = CARTESIAN_POINT('', (9.974732467282038E+00,-5.185093598772802E+00,1.825881917805156E+02));
#4218 = CARTESIAN_POINT('', (9.989073020598568E+00,-5.190724505040337E+00,1.825916108647593E+02));
#4219 = CARTESIAN_POINT('', (9.993857153607619E+00,-4.959879266323085E+00,1.825219850754179E+02));
#4220 = CARTESIAN_POINT('', (1.000088093201358E+01,-4.813856379662091E+00,1.824696450516844E+02));
#4221 = CARTESIAN_POINT('', (7.484455060819147E+00,-6.143967324500097E+00,1.828730204144871E+02));
#4222 = CARTESIAN_POINT('', (7.642244884918330E+00,-6.134557405630280E+00,1.829286180293890E+02));
#4223 = CARTESIAN_POINT('', (7.796673130819348E+00,-6.133627201769512E+00,1.829740889874842E+02));
#4224 = CARTESIAN_POINT('', (7.948153833811484E+00,-6.139063974654652E+00,1.830116195396429E+02));
#4225 = CARTESIAN_POINT('', (8.667687173024134E+00,-6.164888645859068E+00,1.831898896623968E+02));
#4226 = CARTESIAN_POINT('', (9.320716575355153E+00,-6.334368229893019E+00,1.831890043762081E+02));
#4227 = CARTESIAN_POINT('', (9.951614979073350E+00,-6.421076605711243E+00,1.832432682860459E+02));
#4228 = CARTESIAN_POINT('', (9.968128166523520E+00,-6.423349361728403E+00,1.832446908488597E+02));
#4229 = CARTESIAN_POINT('', (9.983561584120418E+00,-6.422934198768670E+00,1.832456648839451E+02));
#4230 = CARTESIAN_POINT('', (9.998985038527216E+00,-6.422496537350018E+00,1.832466363102009E+02));
#4231 = (BOUNDED_SURFACE() B_SPLINE_SURFACE(3,3, ((#4191,#4192,#4193,#4194,#4195,#4196,#4197,#4198,#4199,#4200),(#4201,#4202,#4203,#4204,#4205,#4206,#4207,#4208,#4209,#4210),(#4211,#4212,#4213,#4214,#4215,#4216,#4217,#4218,#4219,#4220),(#4221,#4222,#4223,#4224,#4225,#4226,#4227,#4228,#4229,#4230)), .UNSPECIFIED., .F., .F., .T. )  B_SPLINE_SURFACE_WITH_KNOTS((4,4), (4,3,3,4), (0.000000000000000E+00,1.000000000000000E+00), (0.000000000000000E+00,1.702127659574468E-01,9.787234042553191E-01,1.000000000000000E+00), .UNSPECIFIED.)GEOMETRIC_REPRESENTATION_ITEM() RATIONAL_B_SPLINE_SURFACE( ((1.000000000000000E+00,1.000000000000000E+00,1.000000000000000E+00,1.000000000000000E+00,1.000000000000000E+00,1.000000000000000E+00,1.000000000000000E+00,1.000000000000000E+00,1.000000000000000E+00,1.000000000000000E+00),(1.000000000000000E+00,1.000000000000000E+00,1.000000000000000E+00,1.000000000000000E+00,1.000000000000000E+00,1.000000000000000E+00,1.000000000000000E+00,1.000000000000000E+00,1.000000000000000E+00,1.000000000000000E+00),(1.000000000000000E+00,1.000000000000000E+00,1.000000000000000E+00,1.000000000000000E+00,1.000000000000000E+00,1.000000000000000E+00,1.000000000000000E+00,1.000000000000000E+00,1.000000000000000E+00,1.000000000000000E+00),(1.000000000000000E+00,1.000000000000000E+00,1.000000000000000E+00,1.000000000000000E+00,1.000000000000000E+00,1.000000000000000E+00,1.000000000000000E+00,1.000000000000000E+00,1.000000000000000E+00,1.000000000000000E+00))) REPRESENTATION_ITEM('') SURFACE());
#4232 = CARTESIAN_POINT('', (7.484455060819147E+00,-6.143967324500097E+00,1.828730204144871E+02));
#4233 = CARTESIAN_POINT('', (8.063736809690633E+00,-4.573390905197527E+00,1.816501241263447E+02));
#4234 = CARTESIAN_POINT('', (8.469059689067688E+00,-2.073840054310824E+00,1.827013539747931E+02));
#4235 = CARTESIAN_POINT('', (7.710562006464037E+00,-5.095369400709491E-01,1.838245629554182E+02));
#4236 = (BOUNDED_CURVE() B_SPLINE_CURVE(3,(#4232,#4233,#4234,#4235),.UNSPECIFIED.,.F.,.F.) B_SPLINE_CURVE_WITH_KNOTS((4,4),(0.000000000000000E+00,1.000000000000000E+00),.UNSPECIFIED.) CURVE() GEOMETRIC_REPRESENTATION_ITEM() RATIONAL_B_SPLINE_CURVE((1.000000000000000E+00,1.000000000000000E+00,1.000000000000000E+00,1.000000000000000E+00)) REPRESENTATION_ITEM(''));
#4237 = EDGE_CURVE('', #4148, #1134, #4236, .T.);
#4238 = ORIENTED_EDGE('', *,*, #4237, .T.);
#4239 = ORIENTED_EDGE('', *,*, #4154, .F.);
#4240 = ORIENTED_EDGE('', *,*, #3237, .T.);
#4241 = ORIENTED_EDGE('', *,*, #3578, .F.);
#4242 = ORIENTED_EDGE('', *,*, #1242, .F.);
#4243 = ORIENTED_EDGE('', *,*, #2741, .F.);
#4244 = EDGE_LOOP('', (#4238,#4239,#4240,#4241,#4242,#4243));
#4245 = FACE_OUTER_BOUND('', #4244, .T.);
#4246 = ADVANCED_FACE('', (#4245), #4231, .F.);
#4247 = CARTESIAN_POINT('', (6.586377899702364E+00,-6.391070733744156E+00,1.823067816597750E+02));
#4248 = CARTESIAN_POINT('', (3.911239645425312E+00,-6.399884713669786E+00,1.739121032485159E+02));
#4249 = CARTESIAN_POINT('', (4.255322028007216E+00,-6.879927819691621E+00,1.642665969546212E+02));
#4250 = CARTESIAN_POINT('', (2.857764444345133E+00,-2.793481249284000E+00,1.584801873898863E+02));
#4251 = CARTESIAN_POINT('', (7.471575013311512E+00,-5.248907617407671E+00,1.815902814958285E+02));
#4252 = CARTESIAN_POINT('', (4.781844596102086E+00,-5.097175095246056E+00,1.739904584805703E+02));
#4253 = CARTESIAN_POINT('', (5.090285021963986E+00,-5.158925590174608E+00,1.649325076975178E+02));
#4254 = CARTESIAN_POINT('', (3.502049788079898E+00,-1.384308239241129E+00,1.591290650842063E+02));
#4255 = CARTESIAN_POINT('', (7.871842245966842E+00,-3.853303342091137E+00,1.816293982543903E+02));
#4256 = CARTESIAN_POINT('', (5.447336054887260E+00,-3.451929836527404E+00,1.742611412620900E+02));
#4257 = CARTESIAN_POINT('', (5.706381953895839E+00,-3.449291089164032E+00,1.654078345951975E+02));
#4258 = CARTESIAN_POINT('', (3.903023557692928E+00,-1.869121584127923E-02,1.597554648957542E+02));
#4259 = CARTESIAN_POINT('', (7.849601850708392E+00,-2.366325508207309E+00,1.819350668992309E+02));
#4260 = CARTESIAN_POINT('', (5.958277428133772E+00,-1.749380872874288E+00,1.745728709471285E+02));
#4261 = CARTESIAN_POINT('', (6.150636899653366E+00,-1.636582775883141E+00,1.659226857360226E+02));
#4262 = CARTESIAN_POINT('', (3.994347240755140E+00,1.336616265427201E+00,1.602877266130300E+02));
#4263 = CARTESIAN_POINT('', (7.838481653079166E+00,-1.622836591265395E+00,1.820879012216512E+02));
#4264 = CARTESIAN_POINT('', (6.213748114757028E+00,-8.981063910477296E-01,1.747287357896477E+02));
#4265 = CARTESIAN_POINT('', (6.372764372532130E+00,-7.302286192426964E-01,1.661801113064352E+02));
#4266 = CARTESIAN_POINT('', (4.004617941009131E+00,2.213431738848837E+00,1.606288678720390E+02));
#4267 = CARTESIAN_POINT('', (7.721734548471495E+00,-8.565042846816570E-01,1.823073735156413E+02));
#4268 = CARTESIAN_POINT('', (6.426517919832968E+00,-5.009486470424654E-02,1.747553155429887E+02));
#4269 = CARTESIAN_POINT('', (6.282691965301884E+00,3.745448085198105E-01,1.666645159835691E+02));
#4270 = CARTESIAN_POINT('', (3.807079318789293E+00,3.049768928824203E+00,1.609608457492126E+02));
#4271 = CARTESIAN_POINT('', (7.507163318515384E+00,-8.758703850768969E-02,1.825323506516723E+02));
#4272 = CARTESIAN_POINT('', (6.306945121536698E+00,8.173325823819734E-01,1.750170733394978E+02));
#4273 = CARTESIAN_POINT('', (6.188951655950195E+00,1.326950109586728E+00,1.669439154794943E+02));
#4274 = CARTESIAN_POINT('', (3.534946079112209E+00,3.862292419620077E+00,1.613018959858930E+02));
#4275 = (BOUNDED_SURFACE() B_SPLINE_SURFACE(3,3, ((#4247,#4248,#4249,#4250),(#4251,#4252,#4253,#4254),(#4255,#4256,#4257,#4258),(#4259,#4260,#4261,#4262),(#4263,#4264,#4265,#4266),(#4267,#4268,#4269,#4270),(#4271,#4272,#4273,#4274)), .UNSPECIFIED., .F., .F., .T. )  B_SPLINE_SURFACE_WITH_KNOTS((4,3,4), (4,4), (0.000000000000000E+00,6.666666666666666E-01,1.000000000000000E+00), (0.000000000000000E+00,1.000000000000000E+00), .UNSPECIFIED.)GEOMETRIC_REPRESENTATION_ITEM() RATIONAL_B_SPLINE_SURFACE( ((1.000000000000000E+00,1.000000000000000E+00,1.000000000000000E+00,1.000000000000000E+00),(1.000000000000000E+00,1.000000000000000E+00,1.000000000000000E+00,1.000000000000000E+00),(1.000000000000000E+00,1.000000000000000E+00,1.000000000000000E+00,1.000000000000000E+00),(1.000000000000000E+00,1.000000000000000E+00,1.000000000000000E+00,1.000000000000000E+00),(1.000000000000000E+00,1.000000000000000E+00,1.000000000000000E+00,1.000000000000000E+00),(1.000000000000000E+00,1.000000000000000E+00,1.000000000000000E+00,1.000000000000000E+00),(1.000000000000000E+00,1.000000000000000E+00,1.000000000000000E+00,1.000000000000000E+00))) REPRESENTATION_ITEM('') SURFACE());
#4276 = CARTESIAN_POINT('', (7.507163318515384E+00,-8.758703850768969E-02,1.825323506516723E+02));
#4277 = CARTESIAN_POINT('', (8.150877008383716E+00,-2.394338777029592E+00,1.818574192435791E+02));
#4278 = CARTESIAN_POINT('', (7.914173570116086E+00,-4.677826059239427E+00,1.812320314138552E+02));
#4279 = CARTESIAN_POINT('', (6.586377899702364E+00,-6.391070733744156E+00,1.823067816597750E+02));
#4280 = (BOUNDED_CURVE() B_SPLINE_CURVE(3,(#4276,#4277,#4278,#4279),.UNSPECIFIED.,.F.,.F.) B_SPLINE_CURVE_WITH_KNOTS((4,4),(0.000000000000000E+00,1.000000000000000E+00),.UNSPECIFIED.) CURVE() GEOMETRIC_REPRESENTATION_ITEM() RATIONAL_B_SPLINE_CURVE((1.000000000000000E+00,1.000000000000000E+00,1.000000000000000E+00,1.000000000000000E+00)) REPRESENTATION_ITEM(''));
#4281 = EDGE_CURVE('', #1125, #4036, #4280, .T.);
#4282 = ORIENTED_EDGE('', *,*, #4281, .T.);
#4283 = ORIENTED_EDGE('', *,*, #1661, .T.);
#4284 = ORIENTED_EDGE('', *,*, #3176, .T.);
#4285 = ORIENTED_EDGE('', *,*, #3141, .F.);
#4286 = ORIENTED_EDGE('', *,*, #4049, .T.);
#4287 = EDGE_LOOP('', (#4282,#4283,#4284,#4285,#4286));
#4288 = FACE_OUTER_BOUND('', #4287, .T.);
#4289 = ADVANCED_FACE('', (#4288), #4275, .F.);
#4290 = CARTESIAN_POINT('', (6.586377899702364E+00,-6.391070733744156E+00,1.823067816597750E+02));
#4291 = CARTESIAN_POINT('', (7.914173570116086E+00,-4.677826059239427E+00,1.812320314138552E+02));
#4292 = CARTESIAN_POINT('', (8.150877008383716E+00,-2.394338777029592E+00,1.818574192435791E+02));
#4293 = CARTESIAN_POINT('', (7.507163318515384E+00,-8.758703850768969E-02,1.825323506516723E+02));
#4294 = CARTESIAN_POINT('', (6.780523446621544E+00,-6.266977993410359E+00,1.825362567823896E+02));
#4295 = CARTESIAN_POINT('', (8.003869060903334E+00,-4.612175020060119E+00,1.815457296433406E+02));
#4296 = CARTESIAN_POINT('', (8.230545067872983E+00,-2.403529466724272E+00,1.821426843322344E+02));
#4297 = CARTESIAN_POINT('', (7.574410225994673E+00,-1.384733046831357E-01,1.829531733989305E+02));
#4298 = CARTESIAN_POINT('', (7.130353760396734E+00,-6.165124575677681E+00,1.827480666022855E+02));
#4299 = CARTESIAN_POINT('', (8.035787643371293E+00,-4.624513678722732E+00,1.815286085480710E+02));
#4300 = CARTESIAN_POINT('', (8.342755766161863E+00,-2.233414681104476E+00,1.824707539757320E+02));
#4301 = CARTESIAN_POINT('', (7.674347442748195E+00,-3.121463486066155E-01,1.834599304328721E+02));
#4302 = CARTESIAN_POINT('', (7.484455060819147E+00,-6.143967324500097E+00,1.828730204144871E+02));
#4303 = CARTESIAN_POINT('', (8.063736809690633E+00,-4.573390905197527E+00,1.816501241263447E+02));
#4304 = CARTESIAN_POINT('', (8.469059689067688E+00,-2.073840054310824E+00,1.827013539747931E+02));
#4305 = CARTESIAN_POINT('', (7.710562006464037E+00,-5.095369400709491E-01,1.838245629554182E+02));
#4306 = (BOUNDED_SURFACE() B_SPLINE_SURFACE(3,3, ((#4290,#4291,#4292,#4293),(#4294,#4295,#4296,#4297),(#4298,#4299,#4300,#4301),(#4302,#4303,#4304,#4305)), .UNSPECIFIED., .F., .F., .T. )  B_SPLINE_SURFACE_WITH_KNOTS((4,4), (4,4), (0.000000000000000E+00,1.000000000000000E+00), (0.000000000000000E+00,1.000000000000000E+00), .UNSPECIFIED.)GEOMETRIC_REPRESENTATION_ITEM() RATIONAL_B_SPLINE_SURFACE( ((1.000000000000000E+00,1.000000000000000E+00,1.000000000000000E+00,1.000000000000000E+00),(1.000000000000000E+00,1.000000000000000E+00,1.000000000000000E+00,1.000000000000000E+00),(1.000000000000000E+00,1.000000000000000E+00,1.000000000000000E+00,1.000000000000000E+00),(1.000000000000000E+00,1.000000000000000E+00,1.000000000000000E+00,1.000000000000000E+00))) REPRESENTATION_ITEM('') SURFACE());
#4307 = CARTESIAN_POINT('', (7.484455060819147E+00,-6.143967324500097E+00,1.828730204144871E+02));
#4308 = CARTESIAN_POINT('', (7.130353760396734E+00,-6.165124575677681E+00,1.827480666022855E+02));
#4309 = CARTESIAN_POINT('', (6.780523446621544E+00,-6.266977993410359E+00,1.825362567823896E+02));
#4310 = CARTESIAN_POINT('', (6.586377899702364E+00,-6.391070733744156E+00,1.823067816597750E+02));
#4311 = (BOUNDED_CURVE() B_SPLINE_CURVE(3,(#4307,#4308,#4309,#4310),.UNSPECIFIED.,.F.,.F.) B_SPLINE_CURVE_WITH_KNOTS((4,4),(0.000000000000000E+00,1.000000000000000E+00),.UNSPECIFIED.) CURVE() GEOMETRIC_REPRESENTATION_ITEM() RATIONAL_B_SPLINE_CURVE((1.000000000000000E+00,1.000000000000000E+00,1.000000000000000E+00,1.000000000000000E+00)) REPRESENTATION_ITEM(''));
#4312 = EDGE_CURVE('', #4148, #4036, #4311, .T.);
#4313 = ORIENTED_EDGE('', *,*, #4312, .T.);
#4314 = ORIENTED_EDGE('', *,*, #4237, .F.);
#4315 = ORIENTED_EDGE('', *,*, #1140, .T.);
#4316 = ORIENTED_EDGE('', *,*, #4281, .F.);
#4317 = EDGE_LOOP('', (#4313,#4314,#4315,#4316));
#4318 = FACE_OUTER_BOUND('', #4317, .T.);
#4319 = ADVANCED_FACE('', (#4318), #4306, .F.);
#4320 = CARTESIAN_POINT('', (6.586377899702364E+00,-6.391070733744156E+00,1.823067816597750E+02));
#4321 = CARTESIAN_POINT('', (6.780523446621544E+00,-6.266977993410359E+00,1.825362567823896E+02));
#4322 = CARTESIAN_POINT('', (7.130353760396734E+00,-6.165124575677681E+00,1.827480666022855E+02));
#4323 = CARTESIAN_POINT('', (7.484455060819147E+00,-6.143967324500097E+00,1.828730204144871E+02));
#4324 = CARTESIAN_POINT('', (6.600391521793807E+00,-6.804163193403741E+00,1.835707464358907E+02));
#4325 = CARTESIAN_POINT('', (6.761298444466802E+00,-6.771174141739309E+00,1.836077890402892E+02));
#4326 = CARTESIAN_POINT('', (6.939812907331783E+00,-6.879735161197846E+00,1.834510890476817E+02));
#4327 = CARTESIAN_POINT('', (7.211802770479160E+00,-6.917729910244341E+00,1.835015561445886E+02));
#4328 = CARTESIAN_POINT('', (6.606238631729686E+00,-7.295773005671531E+00,1.849998468494008E+02));
#4329 = CARTESIAN_POINT('', (6.904166160810481E+00,-7.257444962297703E+00,1.850027565777854E+02));
#4330 = CARTESIAN_POINT('', (7.199414369882268E+00,-7.264520968284801E+00,1.851008852213427E+02));
#4331 = CARTESIAN_POINT('', (7.479881493529857E+00,-7.388293326929217E+00,1.850988114202165E+02));
#4332 = CARTESIAN_POINT('', (6.556263493198999E+00,-7.236125235254724E+00,1.865427701691586E+02));
#4333 = CARTESIAN_POINT('', (6.858341885867118E+00,-7.227006400195551E+00,1.865262668913785E+02));
#4334 = CARTESIAN_POINT('', (7.169844722507264E+00,-7.310063908244967E+00,1.865434134548237E+02));
#4335 = CARTESIAN_POINT('', (7.413518343543888E+00,-7.477758142165332E+00,1.865239632394324E+02));
#4336 = (BOUNDED_SURFACE() B_SPLINE_SURFACE(3,3, ((#4320,#4321,#4322,#4323),(#4324,#4325,#4326,#4327),(#4328,#4329,#4330,#4331),(#4332,#4333,#4334,#4335)), .UNSPECIFIED., .F., .F., .T. )  B_SPLINE_SURFACE_WITH_KNOTS((4,4), (4,4), (0.000000000000000E+00,1.000000000000000E+00), (0.000000000000000E+00,1.000000000000000E+00), .UNSPECIFIED.)GEOMETRIC_REPRESENTATION_ITEM() RATIONAL_B_SPLINE_SURFACE( ((1.000000000000000E+00,1.000000000000000E+00,1.000000000000000E+00,1.000000000000000E+00),(1.000000000000000E+00,1.000000000000000E+00,1.000000000000000E+00,1.000000000000000E+00),(1.000000000000000E+00,1.000000000000000E+00,1.000000000000000E+00,1.000000000000000E+00),(1.000000000000000E+00,1.000000000000000E+00,1.000000000000000E+00,1.000000000000000E+00))) REPRESENTATION_ITEM('') SURFACE());
#4337 = CARTESIAN_POINT('', (6.586377899702364E+00,-6.391070733744156E+00,1.823067816597750E+02));
#4338 = CARTESIAN_POINT('', (6.600391521793807E+00,-6.804163193403741E+00,1.835707464358907E+02));
#4339 = CARTESIAN_POINT('', (6.606238631729686E+00,-7.295773005671531E+00,1.849998468494008E+02));
#4340 = CARTESIAN_POINT('', (6.556263493198999E+00,-7.236125235254724E+00,1.865427701691586E+02));
#4341 = (BOUNDED_CURVE() B_SPLINE_CURVE(3,(#4337,#4338,#4339,#4340),.UNSPECIFIED.,.F.,.F.) B_SPLINE_CURVE_WITH_KNOTS((4,4),(0.000000000000000E+00,1.000000000000000E+00),.UNSPECIFIED.) CURVE() GEOMETRIC_REPRESENTATION_ITEM() RATIONAL_B_SPLINE_CURVE((1.000000000000000E+00,1.000000000000000E+00,1.000000000000000E+00,1.000000000000000E+00)) REPRESENTATION_ITEM(''));
#4342 = EDGE_CURVE('', #4036, #1284, #4341, .T.);
#4343 = ORIENTED_EDGE('', *,*, #4342, .F.);
#4344 = ORIENTED_EDGE('', *,*, #1290, .T.);
#4345 = ORIENTED_EDGE('', *,*, #4161, .T.);
#4346 = ORIENTED_EDGE('', *,*, #4312, .F.);
#4347 = EDGE_LOOP('', (#4343,#4344,#4345,#4346));
#4348 = FACE_OUTER_BOUND('', #4347, .T.);
#4349 = ADVANCED_FACE('', (#4348), #4336, .F.);
#4350 = CARTESIAN_POINT('', (2.953682048453011E+00,-7.905636337588901E+00,1.870592758828895E+02));
#4351 = CARTESIAN_POINT('', (1.341282014747408E+00,-8.310108706657502E+00,1.863451374124018E+02));
#4352 = CARTESIAN_POINT('', (-4.772600997427617E-01,-8.474534631106833E+00,1.862581015649703E+02));
#4353 = CARTESIAN_POINT('', (-2.056280625711745E+00,-8.194871839802756E+00,1.860823071738824E+02));
#4354 = CARTESIAN_POINT('', (3.120279689021997E+00,-7.871990928610976E+00,1.854235332712750E+02));
#4355 = CARTESIAN_POINT('', (1.437353034810795E+00,-8.128845944161965E+00,1.851185084789575E+02));
#4356 = CARTESIAN_POINT('', (-5.095658944016364E-01,-8.233708096684955E+00,1.849346907535617E+02));
#4357 = CARTESIAN_POINT('', (-2.183041159509042E+00,-7.993879792645616E+00,1.847229787594074E+02));
#4358 = CARTESIAN_POINT('', (3.283816494402767E+00,-7.760340347125382E+00,1.836937639960205E+02));
#4359 = CARTESIAN_POINT('', (1.452928821832468E+00,-8.085849960089357E+00,1.836521801396860E+02));
#4360 = CARTESIAN_POINT('', (-5.919628446069047E-01,-8.106600609727719E+00,1.834749525335823E+02));
#4361 = CARTESIAN_POINT('', (-2.412868465400110E+00,-7.792716535097935E+00,1.833247927442011E+02));
#4362 = CARTESIAN_POINT('', (3.177742534836026E+00,-7.675742066792699E+00,1.822693869042709E+02));
#4363 = CARTESIAN_POINT('', (1.382095214257206E+00,-7.980012621269085E+00,1.823262365605900E+02));
#4364 = CARTESIAN_POINT('', (-5.357565725217213E-01,-8.017351322210903E+00,1.823326997267330E+02));
#4365 = CARTESIAN_POINT('', (-2.291603273071730E+00,-7.703020043116935E+00,1.822367257398919E+02));
#4366 = (BOUNDED_SURFACE() B_SPLINE_SURFACE(3,3, ((#4350,#4351,#4352,#4353),(#4354,#4355,#4356,#4357),(#4358,#4359,#4360,#4361),(#4362,#4363,#4364,#4365)), .UNSPECIFIED., .F., .F., .T. )  B_SPLINE_SURFACE_WITH_KNOTS((4,4), (4,4), (0.000000000000000E+00,1.000000000000000E+00), (0.000000000000000E+00,1.000000000000000E+00), .UNSPECIFIED.)GEOMETRIC_REPRESENTATION_ITEM() RATIONAL_B_SPLINE_SURFACE( ((1.000000000000000E+00,1.000000000000000E+00,1.000000000000000E+00,1.000000000000000E+00),(1.000000000000000E+00,1.000000000000000E+00,1.000000000000000E+00,1.000000000000000E+00),(1.000000000000000E+00,1.000000000000000E+00,1.000000000000000E+00,1.000000000000000E+00),(1.000000000000000E+00,1.000000000000000E+00,1.000000000000000E+00,1.000000000000000E+00))) REPRESENTATION_ITEM('') SURFACE());
#4367 = CARTESIAN_POINT('', (2.953682048453011E+00,-7.905636337588901E+00,1.870592758828895E+02));
#4368 = CARTESIAN_POINT('', (3.120279689021997E+00,-7.871990928610976E+00,1.854235332712750E+02));
#4369 = CARTESIAN_POINT('', (3.283816494402767E+00,-7.760340347125382E+00,1.836937639960205E+02));
#4370 = CARTESIAN_POINT('', (3.177742534836026E+00,-7.675742066792699E+00,1.822693869042709E+02));
#4371 = (BOUNDED_CURVE() B_SPLINE_CURVE(3,(#4367,#4368,#4369,#4370),.UNSPECIFIED.,.F.,.F.) B_SPLINE_CURVE_WITH_KNOTS((4,4),(0.000000000000000E+00,1.000000000000000E+00),.UNSPECIFIED.) CURVE() GEOMETRIC_REPRESENTATION_ITEM() RATIONAL_B_SPLINE_CURVE((1.000000000000000E+00,1.000000000000000E+00,1.000000000000000E+00,1.000000000000000E+00)) REPRESENTATION_ITEM(''));
#4372 = EDGE_CURVE('', #2551, #4027, #4371, .T.);
#4373 = ORIENTED_EDGE('', *,*, #4372, .F.);
#4374 = ORIENTED_EDGE('', *,*, #4033, .F.);
#4375 = ORIENTED_EDGE('', *,*, #1474, .T.);
#4376 = ORIENTED_EDGE('', *,*, #2557, .T.);
#4377 = EDGE_LOOP('', (#4373,#4374,#4375,#4376));
#4378 = FACE_OUTER_BOUND('', #4377, .T.);
#4379 = ADVANCED_FACE('', (#4378), #4366, .F.);
#4380 = CARTESIAN_POINT('', (-8.093646140733510E+00,-7.800222656399347E+00,1.864389778122604E+02));
#4381 = CARTESIAN_POINT('', (-8.056497243766302E+00,-7.636662377162061E+00,1.861249089396465E+02));
#4382 = CARTESIAN_POINT('', (-8.002814763911433E+00,-7.501100061102584E+00,1.857314988745381E+02));
#4383 = CARTESIAN_POINT('', (-7.938143165724672E+00,-7.311100461341429E+00,1.853639264886167E+02));
#4384 = CARTESIAN_POINT('', (-7.857461708705062E+00,-7.592434593217773E+00,1.864997535763849E+02));
#4385 = CARTESIAN_POINT('', (-7.832685578275499E+00,-7.515383255506784E+00,1.861939035723566E+02));
#4386 = CARTESIAN_POINT('', (-7.771483628051459E+00,-7.392232331064976E+00,1.858365333515621E+02));
#4387 = CARTESIAN_POINT('', (-7.708575751962779E+00,-7.231817565972226E+00,1.854661386087495E+02));
#4388 = CARTESIAN_POINT('', (-7.512149071079447E+00,-7.413802042485382E+00,1.865461994533148E+02));
#4389 = CARTESIAN_POINT('', (-7.518567497637719E+00,-7.389281730007560E+00,1.862168797053017E+02));
#4390 = CARTESIAN_POINT('', (-7.471260436436664E+00,-7.267693095435303E+00,1.858690347127037E+02));
#4391 = CARTESIAN_POINT('', (-7.418496064984282E+00,-7.141162712580769E+00,1.855293397570952E+02));
#4392 = CARTESIAN_POINT('', (-7.275070812400902E+00,-7.397560288299421E+00,1.865338021226046E+02));
#4393 = CARTESIAN_POINT('', (-7.281711524271884E+00,-7.382637229872537E+00,1.862051970525295E+02));
#4394 = CARTESIAN_POINT('', (-7.252954368970387E+00,-7.281932005444846E+00,1.858547353005776E+02));
#4395 = CARTESIAN_POINT('', (-7.217352884735646E+00,-7.165999821094202E+00,1.855161911945822E+02));
#4396 = (BOUNDED_SURFACE() B_SPLINE_SURFACE(3,3, ((#4380,#4381,#4382,#4383),(#4384,#4385,#4386,#4387),(#4388,#4389,#4390,#4391),(#4392,#4393,#4394,#4395)), .UNSPECIFIED., .F., .F., .T. )  B_SPLINE_SURFACE_WITH_KNOTS((4,4), (4,4), (0.000000000000000E+00,1.000000000000000E+00), (0.000000000000000E+00,1.000000000000000E+00), .UNSPECIFIED.)GEOMETRIC_REPRESENTATION_ITEM() RATIONAL_B_SPLINE_SURFACE( ((1.000000000000000E+00,1.000000000000000E+00,1.000000000000000E+00,1.000000000000000E+00),(1.000000000000000E+00,1.000000000000000E+00,1.000000000000000E+00,1.000000000000000E+00),(1.000000000000000E+00,1.000000000000000E+00,1.000000000000000E+00,1.000000000000000E+00),(1.000000000000000E+00,1.000000000000000E+00,1.000000000000000E+00,1.000000000000000E+00))) REPRESENTATION_ITEM('') SURFACE());
#4397 = CARTESIAN_POINT('', (-8.093646140733510E+00,-7.800222656399347E+00,1.864389778122604E+02));
#4398 = VERTEX_POINT('', #4397);
#4399 = CARTESIAN_POINT('', (-7.275070812400902E+00,-7.397560288299421E+00,1.865338021226046E+02));
#4400 = CARTESIAN_POINT('', (-7.512149071079447E+00,-7.413802042485382E+00,1.865461994533148E+02));
#4401 = CARTESIAN_POINT('', (-7.857461708705062E+00,-7.592434593217773E+00,1.864997535763849E+02));
#4402 = CARTESIAN_POINT('', (-8.093646140733510E+00,-7.800222656399347E+00,1.864389778122604E+02));
#4403 = (BOUNDED_CURVE() B_SPLINE_CURVE(3,(#4399,#4400,#4401,#4402),.UNSPECIFIED.,.F.,.F.) B_SPLINE_CURVE_WITH_KNOTS((4,4),(0.000000000000000E+00,1.000000000000000E+00),.UNSPECIFIED.) CURVE() GEOMETRIC_REPRESENTATION_ITEM() RATIONAL_B_SPLINE_CURVE((1.000000000000000E+00,1.000000000000000E+00,1.000000000000000E+00,1.000000000000000E+00)) REPRESENTATION_ITEM(''));
#4404 = EDGE_CURVE('', #4075, #4398, #4403, .T.);
#4405 = ORIENTED_EDGE('', *,*, #4404, .T.);
#4406 = ORIENTED_EDGE('', *,*, #4081, .F.);
#4407 = ORIENTED_EDGE('', *,*, #1376, .T.);
#4408 = CARTESIAN_POINT('', (-7.938143165724672E+00,-7.311100461341429E+00,1.853639264886167E+02));
#4409 = CARTESIAN_POINT('', (-8.002814763911433E+00,-7.501100061102584E+00,1.857314988745381E+02));
#4410 = CARTESIAN_POINT('', (-8.056497243766302E+00,-7.636662377162061E+00,1.861249089396465E+02));
#4411 = CARTESIAN_POINT('', (-8.093646140733510E+00,-7.800222656399347E+00,1.864389778122604E+02));
#4412 = (BOUNDED_CURVE() B_SPLINE_CURVE(3,(#4408,#4409,#4410,#4411),.UNSPECIFIED.,.F.,.F.) B_SPLINE_CURVE_WITH_KNOTS((4,4),(0.000000000000000E+00,1.000000000000000E+00),.UNSPECIFIED.) CURVE() GEOMETRIC_REPRESENTATION_ITEM() RATIONAL_B_SPLINE_CURVE((1.000000000000000E+00,1.000000000000000E+00,1.000000000000000E+00,1.000000000000000E+00)) REPRESENTATION_ITEM(''));
#4413 = EDGE_CURVE('', #1361, #4398, #4412, .T.);
#4414 = ORIENTED_EDGE('', *,*, #4413, .F.);
#4415 = EDGE_LOOP('', (#4405,#4406,#4407,#4414));
#4416 = FACE_OUTER_BOUND('', #4415, .T.);
#4417 = ADVANCED_FACE('', (#4416), #4396, .F.);
#4418 = CARTESIAN_POINT('', (-8.093646140733510E+00,-7.800222656399347E+00,1.864389778122604E+02));
#4419 = CARTESIAN_POINT('', (-7.857461708705062E+00,-7.592434593217773E+00,1.864997535763849E+02));
#4420 = CARTESIAN_POINT('', (-7.512149071079447E+00,-7.413802042485382E+00,1.865461994533148E+02));
#4421 = CARTESIAN_POINT('', (-7.275070812400902E+00,-7.397560288299421E+00,1.865338021226046E+02));
#4422 = CARTESIAN_POINT('', (-7.759794095110777E+00,-7.811380454532077E+00,1.872664872000749E+02));
#4423 = CARTESIAN_POINT('', (-7.617463609594397E+00,-7.615626181157735E+00,1.872890626387068E+02));
#4424 = CARTESIAN_POINT('', (-7.444604709355783E+00,-7.482973468868576E+00,1.873543320240216E+02));
#4425 = CARTESIAN_POINT('', (-7.258264557882621E+00,-7.435463990445236E+00,1.873658160043165E+02));
#4426 = CARTESIAN_POINT('', (-7.583476380854736E+00,-7.565198256325447E+00,1.881302170792119E+02));
#4427 = CARTESIAN_POINT('', (-7.474288367732366E+00,-7.400035068963028E+00,1.881241716240768E+02));
#4428 = CARTESIAN_POINT('', (-7.343800158951257E+00,-7.353421833180714E+00,1.882011869655452E+02));
#4429 = CARTESIAN_POINT('', (-7.185763866310130E+00,-7.314785732400512E+00,1.882189665035708E+02));
#4430 = CARTESIAN_POINT('', (-7.650925498208145E+00,-7.520921209601759E+00,1.888378800785135E+02));
#4431 = CARTESIAN_POINT('', (-7.550423464245151E+00,-7.292183473503209E+00,1.888203979102620E+02));
#4432 = CARTESIAN_POINT('', (-7.362579070177652E+00,-7.016994449588587E+00,1.889044492211198E+02));
#4433 = CARTESIAN_POINT('', (-7.240073808600472E+00,-6.869073632345565E+00,1.889936751436715E+02));
#4434 = (BOUNDED_SURFACE() B_SPLINE_SURFACE(3,3, ((#4418,#4419,#4420,#4421),(#4422,#4423,#4424,#4425),(#4426,#4427,#4428,#4429),(#4430,#4431,#4432,#4433)), .UNSPECIFIED., .F., .F., .T. )  B_SPLINE_SURFACE_WITH_KNOTS((4,4), (4,4), (0.000000000000000E+00,1.000000000000000E+00), (0.000000000000000E+00,1.000000000000000E+00), .UNSPECIFIED.)GEOMETRIC_REPRESENTATION_ITEM() RATIONAL_B_SPLINE_SURFACE( ((1.000000000000000E+00,1.000000000000000E+00,1.000000000000000E+00,1.000000000000000E+00),(1.000000000000000E+00,1.000000000000000E+00,1.000000000000000E+00,1.000000000000000E+00),(1.000000000000000E+00,1.000000000000000E+00,1.000000000000000E+00,1.000000000000000E+00),(1.000000000000000E+00,1.000000000000000E+00,1.000000000000000E+00,1.000000000000000E+00))) REPRESENTATION_ITEM('') SURFACE());
#4435 = CARTESIAN_POINT('', (-8.093646140733510E+00,-7.800222656399347E+00,1.864389778122604E+02));
#4436 = CARTESIAN_POINT('', (-7.759794095110777E+00,-7.811380454532077E+00,1.872664872000749E+02));
#4437 = CARTESIAN_POINT('', (-7.583476380854736E+00,-7.565198256325447E+00,1.881302170792119E+02));
#4438 = CARTESIAN_POINT('', (-7.650925498208145E+00,-7.520921209601759E+00,1.888378800785135E+02));
#4439 = (BOUNDED_CURVE() B_SPLINE_CURVE(3,(#4435,#4436,#4437,#4438),.UNSPECIFIED.,.F.,.F.) B_SPLINE_CURVE_WITH_KNOTS((4,4),(0.000000000000000E+00,1.000000000000000E+00),.UNSPECIFIED.) CURVE() GEOMETRIC_REPRESENTATION_ITEM() RATIONAL_B_SPLINE_CURVE((1.000000000000000E+00,1.000000000000000E+00,1.000000000000000E+00,1.000000000000000E+00)) REPRESENTATION_ITEM(''));
#4440 = EDGE_CURVE('', #4398, #2875, #4439, .T.);
#4441 = ORIENTED_EDGE('', *,*, #4440, .F.);
#4442 = ORIENTED_EDGE('', *,*, #2883, .F.);
#4443 = CARTESIAN_POINT('', (-7.240073808600472E+00,-6.869073632345565E+00,1.889936751436715E+02));
#4444 = CARTESIAN_POINT('', (-7.185763866310130E+00,-7.314785732400512E+00,1.882189665035708E+02));
#4445 = CARTESIAN_POINT('', (-7.258264557882621E+00,-7.435463990445236E+00,1.873658160043165E+02));
#4446 = CARTESIAN_POINT('', (-7.275070812400902E+00,-7.397560288299421E+00,1.865338021226046E+02));
#4447 = (BOUNDED_CURVE() B_SPLINE_CURVE(3,(#4443,#4444,#4445,#4446),.UNSPECIFIED.,.F.,.F.) B_SPLINE_CURVE_WITH_KNOTS((4,4),(0.000000000000000E+00,1.000000000000000E+00),.UNSPECIFIED.) CURVE() GEOMETRIC_REPRESENTATION_ITEM() RATIONAL_B_SPLINE_CURVE((1.000000000000000E+00,1.000000000000000E+00,1.000000000000000E+00,1.000000000000000E+00)) REPRESENTATION_ITEM(''));
#4448 = EDGE_CURVE('', #2877, #4075, #4447, .T.);
#4449 = ORIENTED_EDGE('', *,*, #4448, .F.);
#4450 = ORIENTED_EDGE('', *,*, #4404, .F.);
#4451 = EDGE_LOOP('', (#4441,#4442,#4449,#4450));
#4452 = FACE_OUTER_BOUND('', #4451, .T.);
#4453 = ADVANCED_FACE('', (#4452), #4434, .F.);
#4454 = CARTESIAN_POINT('', (-8.093646140733510E+00,-7.800222656399347E+00,1.864389778122604E+02));
#4455 = CARTESIAN_POINT('', (-7.759794095110777E+00,-7.811380454532077E+00,1.872664872000749E+02));
#4456 = CARTESIAN_POINT('', (-7.583476380854736E+00,-7.565198256325447E+00,1.881302170792119E+02));
#4457 = CARTESIAN_POINT('', (-7.650925498208145E+00,-7.520921209601759E+00,1.888378800785135E+02));
#4458 = CARTESIAN_POINT('', (-8.605685419597791E+00,-8.456721608865111E+00,1.868163772360452E+02));
#4459 = CARTESIAN_POINT('', (-8.254162983790106E+00,-8.390822498875460E+00,1.874766374582844E+02));
#4460 = CARTESIAN_POINT('', (-8.070844631590829E+00,-8.331152184597290E+00,1.882061794506544E+02));
#4461 = CARTESIAN_POINT('', (-8.009956125504511E+00,-8.336906696362059E+00,1.889030429692712E+02));
#4462 = CARTESIAN_POINT('', (-8.947623273529610E+00,-9.255462227672629E+00,1.870995172938854E+02));
#4463 = CARTESIAN_POINT('', (-8.603383709737324E+00,-9.192133183101021E+00,1.877491884239164E+02));
#4464 = CARTESIAN_POINT('', (-8.365268288452018E+00,-9.175662005193985E+00,1.884128560968816E+02));
#4465 = CARTESIAN_POINT('', (-8.282901160989782E+00,-9.164437695973001E+00,1.890765945965943E+02));
#4466 = CARTESIAN_POINT('', (-9.247058322736930E+00,-1.000067681669661E+01,1.873791779128376E+02));
#4467 = CARTESIAN_POINT('', (-8.957992824923574E+00,-1.000028373975904E+01,1.880087010764806E+02));
#4468 = CARTESIAN_POINT('', (-8.720005028036205E+00,-9.995311784999263E+00,1.886402772939722E+02));
#4469 = CARTESIAN_POINT('', (-8.534600484738615E+00,-1.000064262013678E+01,1.892271398176190E+02));
#4470 = (BOUNDED_SURFACE() B_SPLINE_SURFACE(3,3, ((#4454,#4455,#4456,#4457),(#4458,#4459,#4460,#4461),(#4462,#4463,#4464,#4465),(#4466,#4467,#4468,#4469)), .UNSPECIFIED., .F., .F., .T. )  B_SPLINE_SURFACE_WITH_KNOTS((4,4), (4,4), (0.000000000000000E+00,1.000000000000000E+00), (0.000000000000000E+00,1.000000000000000E+00), .UNSPECIFIED.)GEOMETRIC_REPRESENTATION_ITEM() RATIONAL_B_SPLINE_SURFACE( ((1.000000000000000E+00,1.000000000000000E+00,1.000000000000000E+00,1.000000000000000E+00),(1.000000000000000E+00,1.000000000000000E+00,1.000000000000000E+00,1.000000000000000E+00),(1.000000000000000E+00,1.000000000000000E+00,1.000000000000000E+00,1.000000000000000E+00),(1.000000000000000E+00,1.000000000000000E+00,1.000000000000000E+00,1.000000000000000E+00))) REPRESENTATION_ITEM('') SURFACE());
#4471 = CARTESIAN_POINT('', (-8.093646140733510E+00,-7.800222656399347E+00,1.864389778122604E+02));
#4472 = CARTESIAN_POINT('', (-8.605685419597791E+00,-8.456721608865111E+00,1.868163772360452E+02));
#4473 = CARTESIAN_POINT('', (-8.947623273529610E+00,-9.255462227672629E+00,1.870995172938854E+02));
#4474 = CARTESIAN_POINT('', (-9.247058322736930E+00,-1.000067681669661E+01,1.873791779128376E+02));
#4475 = (BOUNDED_CURVE() B_SPLINE_CURVE(3,(#4471,#4472,#4473,#4474),.UNSPECIFIED.,.F.,.F.) B_SPLINE_CURVE_WITH_KNOTS((4,4),(0.000000000000000E+00,1.000000000000000E+00),.UNSPECIFIED.) CURVE() GEOMETRIC_REPRESENTATION_ITEM() RATIONAL_B_SPLINE_CURVE((1.000000000000000E+00,1.000000000000000E+00,1.000000000000000E+00,1.000000000000000E+00)) REPRESENTATION_ITEM(''));
#4476 = EDGE_CURVE('', #4398, #3431, #4475, .T.);
#4477 = ORIENTED_EDGE('', *,*, #4476, .F.);
#4478 = ORIENTED_EDGE('', *,*, #3437, .F.);
#4479 = ORIENTED_EDGE('', *,*, #2892, .F.);
#4480 = ORIENTED_EDGE('', *,*, #4440, .T.);
#4481 = EDGE_LOOP('', (#4477,#4478,#4479,#4480));
#4482 = FACE_OUTER_BOUND('', #4481, .T.);
#4483 = ADVANCED_FACE('', (#4482), #4470, .F.);
#4484 = CARTESIAN_POINT('', (-9.999879879467031E+00,1.000012646547276E+01,1.838229272327597E+02));
#4485 = CARTESIAN_POINT('', (-8.654459440855124E+00,1.000181471280466E+01,1.831564454338535E+02));
#4486 = CARTESIAN_POINT('', (-7.457658998270994E+00,9.997369022059456E+00,1.824446717759976E+02));
#4487 = CARTESIAN_POINT('', (-6.484241911899129E+00,1.000037269658245E+01,1.817116617197793E+02));
#4488 = CARTESIAN_POINT('', (-1.000066976500510E+01,9.433725628575569E+00,1.844431032320374E+02));
#4489 = CARTESIAN_POINT('', (-8.598122611660347E+00,9.279757398468798E+00,1.837070152037102E+02));
#4490 = CARTESIAN_POINT('', (-7.278733266966359E+00,9.059280835222944E+00,1.830552009053845E+02));
#4491 = CARTESIAN_POINT('', (-6.587481837276907E+00,8.847173819107894E+00,1.821629506303049E+02));
#4492 = CARTESIAN_POINT('', (-9.998216501522130E+00,8.942364734865494E+00,1.850190820371037E+02));
#4493 = CARTESIAN_POINT('', (-8.474361504006545E+00,8.625878672161898E+00,1.842615371939451E+02));
#4494 = CARTESIAN_POINT('', (-7.197837877081153E+00,8.128072818295180E+00,1.835142681799238E+02));
#4495 = CARTESIAN_POINT('', (-6.641013103050698E+00,7.680588742495109E+00,1.826693209292607E+02));
#4496 = CARTESIAN_POINT('', (-9.997009003051220E+00,8.582185046601735E+00,1.853949523278668E+02));
#4497 = CARTESIAN_POINT('', (-8.484505615769057E+00,8.197416952607160E+00,1.846892835717968E+02));
#4498 = CARTESIAN_POINT('', (-6.962025474573062E+00,7.697946356033997E+00,1.840130685861107E+02));
#4499 = CARTESIAN_POINT('', (-6.477727823398202E+00,6.856805892621844E+00,1.830852587630535E+02));
#4500 = (BOUNDED_SURFACE() B_SPLINE_SURFACE(3,3, ((#4484,#4485,#4486,#4487),(#4488,#4489,#4490,#4491),(#4492,#4493,#4494,#4495),(#4496,#4497,#4498,#4499)), .UNSPECIFIED., .F., .F., .T. )  B_SPLINE_SURFACE_WITH_KNOTS((4,4), (4,4), (0.000000000000000E+00,1.000000000000000E+00), (0.000000000000000E+00,1.000000000000000E+00), .UNSPECIFIED.)GEOMETRIC_REPRESENTATION_ITEM() RATIONAL_B_SPLINE_SURFACE( ((1.000000000000000E+00,1.000000000000000E+00,1.000000000000000E+00,1.000000000000000E+00),(1.000000000000000E+00,1.000000000000000E+00,1.000000000000000E+00,1.000000000000000E+00),(1.000000000000000E+00,1.000000000000000E+00,1.000000000000000E+00,1.000000000000000E+00),(1.000000000000000E+00,1.000000000000000E+00,1.000000000000000E+00,1.000000000000000E+00))) REPRESENTATION_ITEM('') SURFACE());
#4501 = ORIENTED_EDGE('', *,*, #3863, .F.);
#4502 = CARTESIAN_POINT('', (-6.477727823398202E+00,6.856805892621844E+00,1.830852587630535E+02));
#4503 = VERTEX_POINT('', #4502);
#4504 = CARTESIAN_POINT('', (-6.477727823398202E+00,6.856805892621844E+00,1.830852587630535E+02));
#4505 = CARTESIAN_POINT('', (-6.962025474573062E+00,7.697946356033997E+00,1.840130685861107E+02));
#4506 = CARTESIAN_POINT('', (-8.484505615769057E+00,8.197416952607160E+00,1.846892835717968E+02));
#4507 = CARTESIAN_POINT('', (-9.997009003051220E+00,8.582185046601735E+00,1.853949523278668E+02));
#4508 = (BOUNDED_CURVE() B_SPLINE_CURVE(3,(#4504,#4505,#4506,#4507),.UNSPECIFIED.,.F.,.F.) B_SPLINE_CURVE_WITH_KNOTS((4,4),(0.000000000000000E+00,1.000000000000000E+00),.UNSPECIFIED.) CURVE() GEOMETRIC_REPRESENTATION_ITEM() RATIONAL_B_SPLINE_CURVE((1.000000000000000E+00,1.000000000000000E+00,1.000000000000000E+00,1.000000000000000E+00)) REPRESENTATION_ITEM(''));
#4509 = EDGE_CURVE('', #4503, #3850, #4508, .T.);
#4510 = ORIENTED_EDGE('', *,*, #4509, .T.);
#4511 = CARTESIAN_POINT('', (-6.477727823398202E+00,6.856805892621844E+00,1.830852587630535E+02));
#4512 = CARTESIAN_POINT('', (-6.641013103050698E+00,7.680588742495109E+00,1.826693209292607E+02));
#4513 = CARTESIAN_POINT('', (-6.587481837276907E+00,8.847173819107894E+00,1.821629506303049E+02));
#4514 = CARTESIAN_POINT('', (-6.484241911899129E+00,1.000037269658245E+01,1.817116617197793E+02));
#4515 = (BOUNDED_CURVE() B_SPLINE_CURVE(3,(#4511,#4512,#4513,#4514),.UNSPECIFIED.,.F.,.F.) B_SPLINE_CURVE_WITH_KNOTS((4,4),(0.000000000000000E+00,1.000000000000000E+00),.UNSPECIFIED.) CURVE() GEOMETRIC_REPRESENTATION_ITEM() RATIONAL_B_SPLINE_CURVE((1.000000000000000E+00,1.000000000000000E+00,1.000000000000000E+00,1.000000000000000E+00)) REPRESENTATION_ITEM(''));
#4516 = EDGE_CURVE('', #4503, #2930, #4515, .T.);
#4517 = ORIENTED_EDGE('', *,*, #4516, .F.);
#4518 = ORIENTED_EDGE('', *,*, #2936, .T.);
#4519 = EDGE_LOOP('', (#4501,#4510,#4517,#4518));
#4520 = FACE_OUTER_BOUND('', #4519, .T.);
#4521 = ADVANCED_FACE('', (#4520), #4500, .F.);
#4522 = CARTESIAN_POINT('', (-9.345611709276591E+00,2.024593408198772E+00,1.703700969577808E+02));
#4523 = CARTESIAN_POINT('', (-8.466309372758865E+00,2.885364902083662E+00,1.675935704512157E+02));
#4524 = CARTESIAN_POINT('', (-7.730473211978563E+00,3.570472168718597E+00,1.647340165384654E+02));
#4525 = CARTESIAN_POINT('', (-7.117770398646234E+00,4.109703947359067E+00,1.618030606682173E+02));
#4526 = CARTESIAN_POINT('', (-6.505067585313906E+00,4.648935725999538E+00,1.588721047979691E+02));
#4527 = CARTESIAN_POINT('', (-6.015498119429553E+00,5.042292016645544E+00,1.558697469702231E+02));
#4528 = CARTESIAN_POINT('', (-5.628729172703727E+00,5.319561558552576E+00,1.528076126336667E+02));
#4529 = CARTESIAN_POINT('', (-5.241960225977900E+00,5.596831100459608E+00,1.497454782971103E+02));
#4530 = CARTESIAN_POINT('', (-4.957991798410601E+00,5.758013893627666E+00,1.466235674517436E+02));
#4531 = CARTESIAN_POINT('', (-4.756491061712380E+00,5.832898677312239E+00,1.434535055462538E+02));
#4532 = CARTESIAN_POINT('', (-4.554990325014158E+00,5.907783460996813E+00,1.402834436407641E+02));
#4533 = CARTESIAN_POINT('', (-4.435957279185016E+00,5.896370235197903E+00,1.370652306751515E+02));
#4534 = CARTESIAN_POINT('', (-4.379059095935503E+00,5.828447739170998E+00,1.338104920981033E+02));
#4535 = CARTESIAN_POINT('', (-4.322160912685991E+00,5.760525243144094E+00,1.305557535210551E+02));
#4536 = CARTESIAN_POINT('', (-4.327397592016108E+00,5.636093476889195E+00,1.272644893325715E+02));
#4537 = CARTESIAN_POINT('', (-4.374436305636408E+00,5.484941179661792E+00,1.239483249813398E+02));
#4538 = CARTESIAN_POINT('', (-4.421475019256707E+00,5.333788882434391E+00,1.206321606301081E+02));
#4539 = CARTESIAN_POINT('', (-4.510315767167191E+00,5.155916054234485E+00,1.172910961161283E+02));
#4540 = CARTESIAN_POINT('', (-4.620625721078405E+00,4.981111434317564E+00,1.139367568880880E+02));
#4541 = CARTESIAN_POINT('', (-4.730935674989620E+00,4.806306814400644E+00,1.105824176600476E+02));
#4542 = CARTESIAN_POINT('', (-4.862714834901571E+00,4.634570402766710E+00,1.072148037179467E+02));
#4543 = CARTESIAN_POINT('', (-4.995630372524805E+00,4.495690938671252E+00,1.038455405104726E+02));
#4544 = CARTESIAN_POINT('', (-5.128545910148040E+00,4.356811474575795E+00,1.004762773029985E+02));
#4545 = CARTESIAN_POINT('', (-5.262597825482560E+00,4.250788958018814E+00,9.710536483015119E+01));
#4546 = CARTESIAN_POINT('', (-5.377453290238918E+00,4.207412128255799E+00,9.374442854061823E+01));
#4547 = CARTESIAN_POINT('', (-5.492308754995276E+00,4.164035298492784E+00,9.038349225108527E+01));
#4548 = CARTESIAN_POINT('', (-5.595697681566745E+00,4.122172562397497E+00,8.704379087797138E+01));
#4549 = CARTESIAN_POINT('', (-5.688377529891326E+00,4.081105507515177E+00,8.372292115185850E+01));
#4550 = CARTESIAN_POINT('', (-5.781057378215907E+00,4.040038452632857E+00,8.040205142574561E+01));
#4551 = CARTESIAN_POINT('', (-5.863028148293599E+00,3.999767078963505E+00,7.710001334663373E+01));
#4552 = CARTESIAN_POINT('', (-5.935047300062406E+00,3.959572974052364E+00,7.381440364510478E+01));
#4553 = CARTESIAN_POINT('', (-6.007066451831211E+00,3.919378869141221E+00,7.052879394357583E+01));
#4554 = CARTESIAN_POINT('', (-6.069133985291130E+00,3.879262032988288E+00,6.725961261962983E+01));
#4555 = CARTESIAN_POINT('', (-6.122007360380164E+00,3.838504053138807E+00,6.400445640384871E+01));
#4556 = CARTESIAN_POINT('', (-6.174880735469197E+00,3.797746073289324E+00,6.074930018806758E+01));
#4557 = CARTESIAN_POINT('', (-6.218559952187345E+00,3.756346949743292E+00,5.750816908045135E+01));
#4558 = CARTESIAN_POINT('', (-6.253802470472606E+00,3.713588270045951E+00,5.427865981158192E+01));
#4559 = CARTESIAN_POINT('', (-6.289044988757869E+00,3.670829590348611E+00,5.104915054271250E+01));
#4560 = CARTESIAN_POINT('', (-6.315850808610247E+00,3.626711354499962E+00,4.783126311258987E+01));
#4561 = CARTESIAN_POINT('', (-6.334977389967740E+00,3.580515150045246E+00,4.462259425179602E+01));
#4562 = CARTESIAN_POINT('', (-6.354103971325235E+00,3.534318945590529E+00,4.141392539100217E+01));
#4563 = CARTESIAN_POINT('', (-6.365551314187845E+00,3.486044772529745E+00,3.821447509953706E+01));
#4564 = CARTESIAN_POINT('', (-6.370076878493574E+00,3.434974218408135E+00,3.502184010798265E+01));
#4565 = CARTESIAN_POINT('', (-6.374602442799301E+00,3.383903664286525E+00,3.182920511642824E+01));
#4566 = CARTESIAN_POINT('', (-6.372206228548146E+00,3.330036729104089E+00,2.864338542478452E+01));
#4567 = CARTESIAN_POINT('', (-6.363645695678111E+00,3.272655000406068E+00,2.546197776363343E+01));
#4568 = CARTESIAN_POINT('', (-6.355085162808074E+00,3.215273271708047E+00,2.228057010248234E+01));
#4569 = CARTESIAN_POINT('', (-6.340360311319155E+00,3.154376749494440E+00,1.910357447182388E+01));
#4570 = CARTESIAN_POINT('', (-6.320228601149357E+00,3.089247021310490E+00,1.592858760223998E+01));
#4571 = CARTESIAN_POINT('', (-9.749126044370609E+00,2.848039830420157E+00,1.714571807345370E+02));
#4572 = CARTESIAN_POINT('', (-9.857777961410850E+00,5.401174293147250E+00,1.692223798425120E+02));
#4573 = CARTESIAN_POINT('', (-8.096179789971600E+00,3.784187211713396E+00,1.658297303223357E+02));
#4574 = CARTESIAN_POINT('', (-7.963817601907719E+00,4.829169756601454E+00,1.629559258146941E+02));
#4575 = CARTESIAN_POINT('', (-7.831455413843837E+00,5.874152301489512E+00,1.600821213070524E+02));
#4576 = CARTESIAN_POINT('', (-7.307355919721028E+00,6.210688584998769E+00,1.572630555797058E+02));
#4577 = CARTESIAN_POINT('', (-7.062410547915539E+00,6.295281643176527E+00,1.540195245970034E+02));
#4578 = CARTESIAN_POINT('', (-6.817465176110049E+00,6.379874701354286E+00,1.507759936143011E+02));
#4579 = CARTESIAN_POINT('', (-6.569800626792589E+00,7.297635726493260E+00,1.468048090131248E+02));
#4580 = CARTESIAN_POINT('', (-6.459680494547074E+00,6.888781212090599E+00,1.438704161728978E+02));
#4581 = CARTESIAN_POINT('', (-6.349560362301559E+00,6.479926697687937E+00,1.409360233326707E+02));
#4582 = CARTESIAN_POINT('', (-6.351429433272960E+00,6.082391027584514E+00,1.377163696900413E+02));
#4583 = CARTESIAN_POINT('', (-6.223911686445208E+00,5.956200143406578E+00,1.346458825884379E+02));
#4584 = CARTESIAN_POINT('', (-6.096393939617457E+00,5.830009259228643E+00,1.315753954868345E+02));
#4585 = CARTESIAN_POINT('', (-6.767749043489096E+00,5.281148364416724E+00,1.281659955919753E+02));
#4586 = CARTESIAN_POINT('', (-5.309297780583556E+00,6.374891741058304E+00,1.250237500514006E+02));
#4587 = CARTESIAN_POINT('', (-3.850846517678015E+00,7.468635117699885E+00,1.218815045108259E+02));
#4588 = CARTESIAN_POINT('', (-6.314592803138373E+00,5.414642397437263E+00,1.181151206156178E+02));
#4589 = CARTESIAN_POINT('', (-6.422723399425982E+00,5.276696479481352E+00,1.146619413683525E+02));
#4590 = CARTESIAN_POINT('', (-6.530853995713592E+00,5.138750561525441E+00,1.112087621210872E+02));
#4591 = CARTESIAN_POINT('', (-6.421428094055182E+00,5.111687243267771E+00,1.078474857322756E+02));
#4592 = CARTESIAN_POINT('', (-6.742133966687108E+00,4.938769318824050E+00,1.042729721626780E+02));
#4593 = CARTESIAN_POINT('', (-7.062839839319035E+00,4.765851394380328E+00,1.006984585930804E+02));
#4594 = CARTESIAN_POINT('', (-6.140005070004202E+00,5.123112587771154E+00,9.774957925470977E+01));
#4595 = CARTESIAN_POINT('', (-6.227547791421353E+00,5.109971520975140E+00,9.432952610231871E+01));
#4596 = CARTESIAN_POINT('', (-6.315090512838505E+00,5.096830454179126E+00,9.090947294992766E+01));
#4597 = CARTESIAN_POINT('', (-7.412437868002397E+00,4.694301408911890E+00,8.706463665199253E+01));
#4598 = CARTESIAN_POINT('', (-7.219867785398895E+00,4.728141713371413E+00,8.398534456160729E+01));
#4599 = CARTESIAN_POINT('', (-7.027297702795393E+00,4.761982017830937E+00,8.090605247122204E+01));
#4600 = CARTESIAN_POINT('', (-7.306015069480426E+00,4.172649239671811E+00,7.779557580134457E+01));
#4601 = CARTESIAN_POINT('', (-7.324559653516437E+00,3.995803964114215E+00,7.466765142666540E+01));
#4602 = CARTESIAN_POINT('', (-7.343104237552448E+00,3.818958688556618E+00,7.153972705198625E+01));
#4603 = CARTESIAN_POINT('', (-6.586485241186213E+00,5.043685809506630E+00,6.747058420459425E+01));
#4604 = CARTESIAN_POINT('', (-7.097400101330505E+00,4.322685084243874E+00,6.459829341644456E+01));
#4605 = CARTESIAN_POINT('', (-7.608314961474797E+00,3.601684358981119E+00,6.172600262829489E+01));
#4606 = CARTESIAN_POINT('', (-7.434745856542595E+00,3.875503380639101E+00,5.819907315790933E+01));
#4607 = CARTESIAN_POINT('', (-7.452381299997755E+00,3.823070961125092E+00,5.492682047701410E+01));
#4608 = CARTESIAN_POINT('', (-7.470016743452914E+00,3.770638541611083E+00,5.165456779611887E+01));
#4609 = CARTESIAN_POINT('', (-7.708699212801108E+00,3.583857698022221E+00,4.835684433347249E+01));
#4610 = CARTESIAN_POINT('', (-7.173068006379108E+00,3.983937612915916E+00,4.507380288308359E+01));
#4611 = CARTESIAN_POINT('', (-6.637436799957108E+00,4.384017527809610E+00,4.179076143269469E+01));
#4612 = CARTESIAN_POINT('', (-7.537975167243653E+00,3.674797796781733E+00,3.855598661079483E+01));
#4613 = CARTESIAN_POINT('', (-7.557197919926264E+00,3.636032139303667E+00,3.530840143257667E+01));
#4614 = CARTESIAN_POINT('', (-7.576420672608875E+00,3.597266481825599E+00,3.206081625435852E+01));
#4615 = CARTESIAN_POINT('', (-7.544665023425679E+00,3.642254598742023E+00,2.882497712582934E+01));
#4616 = CARTESIAN_POINT('', (-7.572318261061454E+00,3.516781526612993E+00,2.558291058437709E+01));
#4617 = CARTESIAN_POINT('', (-7.599971498697229E+00,3.391308454483963E+00,2.234084404292484E+01));
#4618 = CARTESIAN_POINT('', (-7.487315059025351E+00,3.721826871427614E+00,1.914048764084688E+01));
#4619 = CARTESIAN_POINT('', (-7.393067783925611E+00,3.544035549997409E+00,1.592295502248555E+01));
#4620 = CARTESIAN_POINT('', (-9.927963669160304E+00,3.025213983452911E+00,1.723521344937331E+02));
#4621 = CARTESIAN_POINT('', (-9.936622011490167E+00,6.883908060646672E+00,1.706640892199414E+02));
#4622 = CARTESIAN_POINT('', (-9.080408457494524E+00,4.425244367079359E+00,1.670099210938693E+02));
#4623 = CARTESIAN_POINT('', (-8.985319270101808E+00,5.687565136621467E+00,1.641294420369882E+02));
#4624 = CARTESIAN_POINT('', (-8.890230082709094E+00,6.949885906163574E+00,1.612489629801071E+02));
#4625 = CARTESIAN_POINT('', (-8.706090755542036E+00,7.414733479314186E+00,1.586933660564013E+02));
#4626 = CARTESIAN_POINT('', (-8.525212094767955E+00,7.312237641592962E+00,1.552136423835189E+02));
#4627 = CARTESIAN_POINT('', (-8.344333433993876E+00,7.209741803871736E+00,1.517339187106366E+02));
#4628 = CARTESIAN_POINT('', (-8.332823853849069E+00,7.710870897277321E+00,1.479207455196386E+02));
#4629 = CARTESIAN_POINT('', (-8.239972373453348E+00,7.517794630733388E+00,1.446240740189154E+02));
#4630 = CARTESIAN_POINT('', (-8.147120893057625E+00,7.324718364189454E+00,1.413274025181922E+02));
#4631 = CARTESIAN_POINT('', (-8.151216391219734E+00,6.267286939088047E+00,1.384687680069675E+02));
#4632 = CARTESIAN_POINT('', (-8.172165029896806E+00,5.972455670712985E+00,1.354919835598000E+02));
#4633 = CARTESIAN_POINT('', (-8.193113668573879E+00,5.677624402337923E+00,1.325151991126325E+02));
#4634 = CARTESIAN_POINT('', (-8.178946689834341E+00,5.737046865331364E+00,1.292342776679027E+02));
#4635 = CARTESIAN_POINT('', (-7.684469451279071E+00,6.108784946722085E+00,1.258862202594547E+02));
#4636 = CARTESIAN_POINT('', (-7.189992212723802E+00,6.480523028112805E+00,1.225381628510067E+02));
#4637 = CARTESIAN_POINT('', (-7.927443860619350E+00,5.840924221144755E+00,1.189561072502516E+02));
#4638 = CARTESIAN_POINT('', (-8.111393989817699E+00,5.650274614144511E+00,1.154153463848611E+02));
#4639 = CARTESIAN_POINT('', (-8.295344119016047E+00,5.459625007144266E+00,1.118745855194706E+02));
#4640 = CARTESIAN_POINT('', (-8.214104171436587E+00,5.504530993105075E+00,1.083557802054235E+02));
#4641 = CARTESIAN_POINT('', (-8.316415350428528E+00,5.454616530049098E+00,1.047830109240201E+02));
#4642 = CARTESIAN_POINT('', (-8.418726529420471E+00,5.404702066993121E+00,1.012102416426166E+02));
#4643 = CARTESIAN_POINT('', (-8.081959719808955E+00,5.564450843630743E+00,9.786748948714816E+01));
#4644 = CARTESIAN_POINT('', (-8.148556426540811E+00,5.579695271705580E+00,9.438395619401693E+01));
#4645 = CARTESIAN_POINT('', (-8.215153133272667E+00,5.594939699780417E+00,9.090042290088570E+01));
#4646 = CARTESIAN_POINT('', (-8.639639095348421E+00,5.497070270019751E+00,8.738279875611693E+01));
#4647 = CARTESIAN_POINT('', (-8.583550970512984E+00,5.447609331353969E+00,8.432726350473305E+01));
#4648 = CARTESIAN_POINT('', (-8.527462845677549E+00,5.398148392688187E+00,8.127172825334920E+01));
#4649 = CARTESIAN_POINT('', (-8.662551498386813E+00,4.356028526541917E+00,7.855948359344735E+01));
#4650 = CARTESIAN_POINT('', (-8.662290962515112E+00,4.073567330118070E+00,7.551531953885593E+01));
#4651 = CARTESIAN_POINT('', (-8.662030426643410E+00,3.791106133694223E+00,7.247115548426451E+01));
#4652 = CARTESIAN_POINT('', (-8.414037223298111E+00,4.274266431455838E+00,6.893032659299745E+01));
#4653 = CARTESIAN_POINT('', (-8.571288860086650E+00,4.078457988194458E+00,6.565730781950069E+01));
#4654 = CARTESIAN_POINT('', (-8.728540496875187E+00,3.882649544933078E+00,6.238428904600394E+01));
#4655 = CARTESIAN_POINT('', (-8.708424310255243E+00,3.877436729726849E+00,5.898761418638153E+01));
#4656 = CARTESIAN_POINT('', (-8.716540340123785E+00,3.859481742990166E+00,5.560613786675222E+01));
#4657 = CARTESIAN_POINT('', (-8.724656369992328E+00,3.841526756253482E+00,5.222466154712291E+01));
#4658 = CARTESIAN_POINT('', (-8.746659880058131E+00,3.805483236060196E+00,4.888715239243606E+01));
#4659 = CARTESIAN_POINT('', (-8.573131267521008E+00,3.946069699336557E+00,4.554552344996956E+01));
#4660 = CARTESIAN_POINT('', (-8.399602654983886E+00,4.086656162612918E+00,4.220389450750306E+01));
#4661 = CARTESIAN_POINT('', (-8.659710153066159E+00,3.891170504267349E+00,3.889827910330547E+01));
#4662 = CARTESIAN_POINT('', (-8.720072370224123E+00,3.862489905372131E+00,3.559552475217891E+01));
#4663 = CARTESIAN_POINT('', (-8.780434587382087E+00,3.833809306476912E+00,3.229277040105235E+01));
#4664 = CARTESIAN_POINT('', (-8.740677317852427E+00,3.872683665704739E+00,2.900301521892418E+01));
#4665 = CARTESIAN_POINT('', (-8.761251158992362E+00,3.820408253926615E+00,2.570693542282838E+01));
#4666 = CARTESIAN_POINT('', (-8.781825000132297E+00,3.768132842148491E+00,2.241085562673259E+01));
#4667 = CARTESIAN_POINT('', (-8.737456359845005E+00,3.874465085906714E+00,1.916250023522019E+01));
#4668 = CARTESIAN_POINT('', (-8.694565472665239E+00,3.729909637558121E+00,1.585540460579936E+01));
#4669 = CARTESIAN_POINT('', (-9.997938821140149E+00,3.561949461454200E+00,1.733027384888715E+02));
#4670 = CARTESIAN_POINT('', (-1.011176511197109E+01,7.041361891413017E+00,1.717742043624795E+02));
#4671 = CARTESIAN_POINT('', (-9.930198807665942E+00,5.527818931938810E+00,1.683107549559676E+02));
#4672 = CARTESIAN_POINT('', (-9.985289308198272E+00,6.685516333169211E+00,1.653427935814972E+02));
#4673 = CARTESIAN_POINT('', (-1.004037980873060E+01,7.843213734399612E+00,1.623748322070268E+02));
#4674 = CARTESIAN_POINT('', (-1.005197435043618E+01,8.722810972963799E+00,1.601105244586911E+02));
#4675 = CARTESIAN_POINT('', (-9.977336074934644E+00,8.310596714929297E+00,1.564460248409867E+02));
#4676 = CARTESIAN_POINT('', (-9.902697799433108E+00,7.898382456894792E+00,1.527815252232823E+02));
#4677 = CARTESIAN_POINT('', (-1.008478881768537E+01,8.293888499111814E+00,1.488904658717851E+02));
#4678 = CARTESIAN_POINT('', (-1.000012484903619E+01,8.191021552097375E+00,1.453580804305782E+02));
#4679 = CARTESIAN_POINT('', (-9.915460880387004E+00,8.088154605082938E+00,1.418256949893713E+02));
#4680 = CARTESIAN_POINT('', (-1.005093507860397E+01,6.420038974771967E+00,1.391540614952579E+02));
#4681 = CARTESIAN_POINT('', (-1.006620381878455E+01,6.042956104925190E+00,1.363344648328981E+02));
#4682 = CARTESIAN_POINT('', (-1.008147255896513E+01,5.665873235078412E+00,1.335148681705383E+02));
#4683 = CARTESIAN_POINT('', (-1.002011144960845E+01,5.860377156635076E+00,1.302267169199896E+02));
#4684 = CARTESIAN_POINT('', (-9.968472983628862E+00,5.920616785594159E+00,1.267574376890384E+02));
#4685 = CARTESIAN_POINT('', (-9.916834517649278E+00,5.980856414553243E+00,1.232881584580871E+02));
#4686 = CARTESIAN_POINT('', (-9.928483834789121E+00,5.948286125887246E+00,1.197462706039667E+02));
#4687 = CARTESIAN_POINT('', (-9.944741650442950E+00,5.914408058963428E+00,1.161414682439434E+02));
#4688 = CARTESIAN_POINT('', (-9.960999466096776E+00,5.880529992039609E+00,1.125366658839200E+02));
#4689 = CARTESIAN_POINT('', (-9.958383060616200E+00,5.895017380054644E+00,1.089073721824878E+02));
#4690 = CARTESIAN_POINT('', (-9.942367130125092E+00,5.943089985029392E+00,1.052732160158451E+02));
#4691 = CARTESIAN_POINT('', (-9.926351199633984E+00,5.991162590004140E+00,1.016390598492024E+02));
#4692 = CARTESIAN_POINT('', (-9.920227955662378E+00,6.044471304460989E+00,9.803909707327369E+01));
#4693 = CARTESIAN_POINT('', (-9.959995047912164E+00,6.092267246285363E+00,9.449470102796136E+01));
#4694 = CARTESIAN_POINT('', (-9.999762140161950E+00,6.140063188109738E+00,9.095030498264900E+01));
#4695 = CARTESIAN_POINT('', (-1.003975788942609E+01,6.231822920680711E+00,8.760648487574119E+01));
#4696 = CARTESIAN_POINT('', (-9.988081806055810E+00,6.147106896619249E+00,8.465576528250213E+01));
#4697 = CARTESIAN_POINT('', (-9.936405722685524E+00,6.062390872557788E+00,8.170504568926307E+01));
#4698 = CARTESIAN_POINT('', (-1.002818002807254E+01,4.581758786230873E+00,7.924917362032595E+01));
#4699 = CARTESIAN_POINT('', (-1.005853724655107E+01,4.077042804810990E+00,7.639894930017272E+01));
#4700 = CARTESIAN_POINT('', (-1.008889446502961E+01,3.572326823391107E+00,7.354872498001947E+01));
#4701 = CARTESIAN_POINT('', (-1.004880447543266E+01,3.807008802499974E+00,7.018474878264202E+01));
#4702 = CARTESIAN_POINT('', (-1.001110868267109E+01,3.885258629129568E+00,6.668328210336114E+01));
#4703 = CARTESIAN_POINT('', (-9.973412889909525E+00,3.963508455759162E+00,6.318181542408026E+01));
#4704 = CARTESIAN_POINT('', (-9.953066028427195E+00,3.950890684176425E+00,5.971098886602162E+01));
#4705 = CARTESIAN_POINT('', (-9.944804150371253E+00,3.935838569622876E+00,5.626838712210336E+01));
#4706 = CARTESIAN_POINT('', (-9.936542272315311E+00,3.920786455069327E+00,5.282578537818510E+01));
#4707 = CARTESIAN_POINT('', (-9.933175602929916E+00,3.923117392251421E+00,4.940753005152427E+01));
#4708 = CARTESIAN_POINT('', (-9.932152893984437E+00,3.942413930579556E+00,4.601224185159285E+01));
#4709 = CARTESIAN_POINT('', (-9.931130185038958E+00,3.961710468907692E+00,4.261695365166143E+01));
#4710 = CARTESIAN_POINT('', (-9.931106912456565E+00,3.999035868755642E+00,3.924181610543191E+01));
#4711 = CARTESIAN_POINT('', (-9.934220875343289E+00,4.046306236696338E+00,3.588371607989276E+01));
#4712 = CARTESIAN_POINT('', (-9.937334838230013E+00,4.093576604637035E+00,3.252561605435361E+01));
#4713 = CARTESIAN_POINT('', (-9.945007034874951E+00,4.120665307187166E+00,2.917710615010635E+01));
#4714 = CARTESIAN_POINT('', (-9.958417126732847E+00,4.111166876096215E+00,2.583457525125246E+01));
#4715 = CARTESIAN_POINT('', (-9.971827218590741E+00,4.101668445005263E+00,2.249204435239857E+01));
#4716 = CARTESIAN_POINT('', (-9.990104214989156E+00,4.036185819499558E+00,1.914829386825941E+01));
#4717 = CARTESIAN_POINT('', (-1.000051924396782E+01,3.950688466958069E+00,1.579982705932393E+01));
#4718 = (BOUNDED_SURFACE() B_SPLINE_SURFACE(3,3, ((#4522,#4523,#4524,#4525,#4526,#4527,#4528,#4529,#4530,#4531,#4532,#4533,#4534,#4535,#4536,#4537,#4538,#4539,#4540,#4541,#4542,#4543,#4544,#4545,#4546,#4547,#4548,#4549,#4550,#4551,#4552,#4553,#4554,#4555,#4556,#4557,#4558,#4559,#4560,#4561,#4562,#4563,#4564,#4565,#4566,#4567,#4568,#4569,#4570),(#4571,#4572,#4573,#4574,#4575,#4576,#4577,#4578,#4579,#4580,#4581,#4582,#4583,#4584,#4585,#4586,#4587,#4588,#4589,#4590,#4591,#4592,#4593,#4594,#4595,#4596,#4597,#4598,#4599,#4600,#4601,#4602,#4603,#4604,#4605,#4606,#4607,#4608,#4609,#4610,#4611,#4612,#4613,#4614,#4615,#4616,#4617,#4618,#4619),(#4620,#4621,#4622,#4623,#4624,#4625,#4626,#4627,#4628,#4629,#4630,#4631,#4632,#4633,#4634,#4635,#4636,#4637,#4638,#4639,#4640,#4641,#4642,#4643,#4644,#4645,#4646,#4647,#4648,#4649,#4650,#4651,#4652,#4653,#4654,#4655,#4656,#4657,#4658,#4659,#4660,#4661,#4662,#4663,#4664,#4665,#4666,#4667,#4668),(#4669,#4670,#4671,#4672,#4673,#4674,#4675,#4676,#4677,#4678,#4679,#4680,#4681,#4682,#4683,#4684,#4685,#4686,#4687,#4688,#4689,#4690,#4691,#4692,#4693,#4694,#4695,#4696,#4697,#4698,#4699,#4700,#4701,#4702,#4703,#4704,#4705,#4706,#4707,#4708,#4709,#4710,#4711,#4712,#4713,#4714,#4715,#4716,#4717)), .UNSPECIFIED., .F., .F., .T. )  B_SPLINE_SURFACE_WITH_KNOTS((4,4), (4,3,3,3,3,3,3,3,3,3,3,3,3,3,3,3,4), (0.000000000000000E+00,1.000000000000000E+00), (0.000000000000000E+00,6.250000000000000E-02,1.250000000000000E-01,1.875000000000000E-01,2.500000000000000E-01,3.125000000000000E-01,3.750000000000000E-01,4.375000000000000E-01,5.000000000000000E-01,5.625000000000000E-01,6.250000000000000E-01,6.875000000000000E-01,7.500000000000000E-01,8.125000000000000E-01,8.750000000000000E-01,9.375000000000000E-01,1.000000000000000E+00), .UNSPECIFIED.)GEOMETRIC_REPRESENTATION_ITEM() RATIONAL_B_SPLINE_SURFACE( ((1.000000000000000E+00,1.000000000000000E+00,1.000000000000000E+00,1.000000000000000E+00,1.000000000000000E+00,1.000000000000000E+00,1.000000000000000E+00,1.000000000000000E+00,1.000000000000000E+00,1.000000000000000E+00,1.000000000000000E+00,1.000000000000000E+00,1.000000000000000E+00,1.000000000000000E+00,1.000000000000000E+00,1.000000000000000E+00,1.000000000000000E+00,1.000000000000000E+00,1.000000000000000E+00,1.000000000000000E+00,1.000000000000000E+00,1.000000000000000E+00,1.000000000000000E+00,1.000000000000000E+00,1.000000000000000E+00,1.000000000000000E+00,1.000000000000000E+00,1.000000000000000E+00,1.000000000000000E+00,1.000000000000000E+00,1.000000000000000E+00,1.000000000000000E+00,1.000000000000000E+00,1.000000000000000E+00,1.000000000000000E+00,1.000000000000000E+00,1.000000000000000E+00,1.000000000000000E+00,1.000000000000000E+00,1.000000000000000E+00,1.000000000000000E+00,1.000000000000000E+00,1.000000000000000E+00,1.000000000000000E+00,1.000000000000000E+00,1.000000000000000E+00,1.000000000000000E+00,1.000000000000000E+00,1.000000000000000E+00),(1.000000000000000E+00,1.000000000000000E+00,1.000000000000000E+00,1.000000000000000E+00,1.000000000000000E+00,1.000000000000000E+00,1.000000000000000E+00,1.000000000000000E+00,1.000000000000000E+00,1.000000000000000E+00,1.000000000000000E+00,1.000000000000000E+00,1.000000000000000E+00,1.000000000000000E+00,1.000000000000000E+00,1.000000000000000E+00,1.000000000000000E+00,1.000000000000000E+00,1.000000000000000E+00,1.000000000000000E+00,1.000000000000000E+00,1.000000000000000E+00,1.000000000000000E+00,1.000000000000000E+00,1.000000000000000E+00,1.000000000000000E+00,1.000000000000000E+00,1.000000000000000E+00,1.000000000000000E+00,1.000000000000000E+00,1.000000000000000E+00,1.000000000000000E+00,1.000000000000000E+00,1.000000000000000E+00,1.000000000000000E+00,1.000000000000000E+00,1.000000000000000E+00,1.000000000000000E+00,1.000000000000000E+00,1.000000000000000E+00,1.000000000000000E+00,1.000000000000000E+00,1.000000000000000E+00,1.000000000000000E+00,1.000000000000000E+00,1.000000000000000E+00,1.000000000000000E+00,1.000000000000000E+00,1.000000000000000E+00),(1.000000000000000E+00,1.000000000000000E+00,1.000000000000000E+00,1.000000000000000E+00,1.000000000000000E+00,1.000000000000000E+00,1.000000000000000E+00,1.000000000000000E+00,1.000000000000000E+00,1.000000000000000E+00,1.000000000000000E+00,1.000000000000000E+00,1.000000000000000E+00,1.000000000000000E+00,1.000000000000000E+00,1.000000000000000E+00,1.000000000000000E+00,1.000000000000000E+00,1.000000000000000E+00,1.000000000000000E+00,1.000000000000000E+00,1.000000000000000E+00,1.000000000000000E+00,1.000000000000000E+00,1.000000000000000E+00,1.000000000000000E+00,1.000000000000000E+00,1.000000000000000E+00,1.000000000000000E+00,1.000000000000000E+00,1.000000000000000E+00,1.000000000000000E+00,1.000000000000000E+00,1.000000000000000E+00,1.000000000000000E+00,1.000000000000000E+00,1.000000000000000E+00,1.000000000000000E+00,1.000000000000000E+00,1.000000000000000E+00,1.000000000000000E+00,1.000000000000000E+00,1.000000000000000E+00,1.000000000000000E+00,1.000000000000000E+00,1.000000000000000E+00,1.000000000000000E+00,1.000000000000000E+00,1.000000000000000E+00),(1.000000000000000E+00,1.000000000000000E+00,1.000000000000000E+00,1.000000000000000E+00,1.000000000000000E+00,1.000000000000000E+00,1.000000000000000E+00,1.000000000000000E+00,1.000000000000000E+00,1.000000000000000E+00,1.000000000000000E+00,1.000000000000000E+00,1.000000000000000E+00,1.000000000000000E+00,1.000000000000000E+00,1.000000000000000E+00,1.000000000000000E+00,1.000000000000000E+00,1.000000000000000E+00,1.000000000000000E+00,1.000000000000000E+00,1.000000000000000E+00,1.000000000000000E+00,1.000000000000000E+00,1.000000000000000E+00,1.000000000000000E+00,1.000000000000000E+00,1.000000000000000E+00,1.000000000000000E+00,1.000000000000000E+00,1.000000000000000E+00,1.000000000000000E+00,1.000000000000000E+00,1.000000000000000E+00,1.000000000000000E+00,1.000000000000000E+00,1.000000000000000E+00,1.000000000000000E+00,1.000000000000000E+00,1.000000000000000E+00,1.000000000000000E+00,1.000000000000000E+00,1.000000000000000E+00,1.000000000000000E+00,1.000000000000000E+00,1.000000000000000E+00,1.000000000000000E+00,1.000000000000000E+00,1.000000000000000E+00))) REPRESENTATION_ITEM('') SURFACE());
#4719 = CARTESIAN_POINT('', (-9.345611709276591E+00,2.024593408198772E+00,1.703700969577808E+02));
#4720 = VERTEX_POINT('', #4719);
#4721 = CARTESIAN_POINT('', (-9.345611709276591E+00,2.024593408198772E+00,1.703700969577808E+02));
#4722 = CARTESIAN_POINT('', (-9.749126044370609E+00,2.848039830420157E+00,1.714571807345370E+02));
#4723 = CARTESIAN_POINT('', (-9.927963669160304E+00,3.025213983452911E+00,1.723521344937331E+02));
#4724 = CARTESIAN_POINT('', (-9.997938821140149E+00,3.561949461454200E+00,1.733027384888715E+02));
#4725 = (BOUNDED_CURVE() B_SPLINE_CURVE(3,(#4721,#4722,#4723,#4724),.UNSPECIFIED.,.F.,.F.) B_SPLINE_CURVE_WITH_KNOTS((4,4),(0.000000000000000E+00,1.000000000000000E+00),.UNSPECIFIED.) CURVE() GEOMETRIC_REPRESENTATION_ITEM() RATIONAL_B_SPLINE_CURVE((1.000000000000000E+00,1.000000000000000E+00,1.000000000000000E+00,1.000000000000000E+00)) REPRESENTATION_ITEM(''));
#4726 = EDGE_CURVE('', #4720, #3614, #4725, .T.);
#4727 = ORIENTED_EDGE('', *,*, #4726, .F.);
#4728 = ORIENTED_EDGE('', *,*, #3665, .F.);
#4729 = CARTESIAN_POINT('', (-6.320228601149357E+00,3.089247021310490E+00,1.592858760223998E+01));
#4730 = VERTEX_POINT('', #4729);
#4731 = CARTESIAN_POINT('', (-1.000051924396782E+01,3.950688466958069E+00,1.579982705932393E+01));
#4732 = CARTESIAN_POINT('', (-8.694565472665239E+00,3.729909637558121E+00,1.585540460579936E+01));
#4733 = CARTESIAN_POINT('', (-7.393067783925611E+00,3.544035549997409E+00,1.592295502248555E+01));
#4734 = CARTESIAN_POINT('', (-6.320228601149357E+00,3.089247021310490E+00,1.592858760223998E+01));
#4735 = (BOUNDED_CURVE() B_SPLINE_CURVE(3,(#4731,#4732,#4733,#4734),.UNSPECIFIED.,.F.,.F.) B_SPLINE_CURVE_WITH_KNOTS((4,4),(0.000000000000000E+00,1.000000000000000E+00),.UNSPECIFIED.) CURVE() GEOMETRIC_REPRESENTATION_ITEM() RATIONAL_B_SPLINE_CURVE((1.000000000000000E+00,1.000000000000000E+00,1.000000000000000E+00,1.000000000000000E+00)) REPRESENTATION_ITEM(''));
#4736 = EDGE_CURVE('', #3605, #4730, #4735, .T.);
#4737 = ORIENTED_EDGE('', *,*, #4736, .F.);
#4738 = CARTESIAN_POINT('', (-9.345611709276591E+00,2.024593408198772E+00,1.703700969577808E+02));
#4739 = CARTESIAN_POINT('', (-2.311193017134783E+00,8.910765359277887E+00,1.481578849052605E+02));
#4740 = CARTESIAN_POINT('', (-4.458609572188055E+00,4.554426766359917E+00,1.206319188568819E+02));
#4741 = CARTESIAN_POINT('', (-5.377453290238918E+00,4.207412128255799E+00,9.374442854061823E+01));
#4742 = CARTESIAN_POINT('', (-6.296297008289781E+00,3.860397490151680E+00,6.685693822435455E+01));
#4743 = CARTESIAN_POINT('', (-6.481282282507745E+00,3.610284846782093E+00,4.132848255891115E+01));
#4744 = CARTESIAN_POINT('', (-6.320228601149357E+00,3.089247021310490E+00,1.592858760223998E+01));
#4745 = (BOUNDED_CURVE() B_SPLINE_CURVE(3,(#4738,#4739,#4740,#4741,#4742,#4743,#4744),.UNSPECIFIED.,.F.,.F.) B_SPLINE_CURVE_WITH_KNOTS((4,3,4),(0.000000000000000E+00,5.000000000000000E-01,1.000000000000000E+00),.UNSPECIFIED.) CURVE() GEOMETRIC_REPRESENTATION_ITEM() RATIONAL_B_SPLINE_CURVE((1.000000000000000E+00,1.000000000000000E+00,1.000000000000000E+00,1.000000000000000E+00,1.000000000000000E+00,1.000000000000000E+00,1.000000000000000E+00)) REPRESENTATION_ITEM(''));
#4746 = EDGE_CURVE('', #4720, #4730, #4745, .T.);
#4747 = ORIENTED_EDGE('', *,*, #4746, .T.);
#4748 = EDGE_LOOP('', (#4727,#4728,#4737,#4747));
#4749 = FACE_OUTER_BOUND('', #4748, .T.);
#4750 = ADVANCED_FACE('', (#4749), #4718, .F.);
#4751 = CARTESIAN_POINT('', (-7.950467766214693E+00,-1.873492693007165E+00,1.825487228791463E+02));
#4752 = CARTESIAN_POINT('', (-6.138060448223924E+00,-2.193578969030824E+00,1.747981102834195E+02));
#4753 = CARTESIAN_POINT('', (-6.135893064999818E+00,-3.561313259688659E+00,1.643811610868648E+02));
#4754 = CARTESIAN_POINT('', (-3.198483259307095E+00,-7.656718720684549E-01,1.582266907855253E+02));
#4755 = CARTESIAN_POINT('', (-8.193061949146774E+00,-3.355389397113310E+00,1.819199610105076E+02));
#4756 = CARTESIAN_POINT('', (-5.506624307938005E+00,-3.448508395283457E+00,1.746305450162735E+02));
#4757 = CARTESIAN_POINT('', (-5.406834447300566E+00,-4.920358842198557E+00,1.642300997390707E+02));
#4758 = CARTESIAN_POINT('', (-2.809740529580234E+00,-2.060515326235719E+00,1.580000273109350E+02));
#4759 = CARTESIAN_POINT('', (-7.781752641750503E+00,-4.862607993646669E+00,1.817877301503959E+02));
#4760 = CARTESIAN_POINT('', (-4.919975162162046E+00,-4.672128284583148E+00,1.745148217756938E+02));
#4761 = CARTESIAN_POINT('', (-4.623309901669091E+00,-6.127499552400167E+00,1.640618251409393E+02));
#4762 = CARTESIAN_POINT('', (-2.321086637873698E+00,-3.247794597907009E+00,1.578577757981101E+02));
#4763 = CARTESIAN_POINT('', (-6.918576594164739E+00,-5.871894912194404E+00,1.823916158052153E+02));
#4764 = CARTESIAN_POINT('', (-3.932245199263330E+00,-5.513727771538184E+00,1.745556840346301E+02));
#4765 = CARTESIAN_POINT('', (-3.760804204772635E+00,-7.296201322356255E+00,1.638075318527775E+02));
#4766 = CARTESIAN_POINT('', (-1.742957266121177E+00,-4.206495130888561E+00,1.578720357374401E+02));
#4767 = (BOUNDED_SURFACE() B_SPLINE_SURFACE(3,3, ((#4751,#4752,#4753,#4754),(#4755,#4756,#4757,#4758),(#4759,#4760,#4761,#4762),(#4763,#4764,#4765,#4766)), .UNSPECIFIED., .F., .F., .T. )  B_SPLINE_SURFACE_WITH_KNOTS((4,4), (4,4), (0.000000000000000E+00,1.000000000000000E+00), (0.000000000000000E+00,1.000000000000000E+00), .UNSPECIFIED.)GEOMETRIC_REPRESENTATION_ITEM() RATIONAL_B_SPLINE_SURFACE( ((1.000000000000000E+00,1.000000000000000E+00,1.000000000000000E+00,1.000000000000000E+00),(1.000000000000000E+00,1.000000000000000E+00,1.000000000000000E+00,1.000000000000000E+00),(1.000000000000000E+00,1.000000000000000E+00,1.000000000000000E+00,1.000000000000000E+00),(1.000000000000000E+00,1.000000000000000E+00,1.000000000000000E+00,1.000000000000000E+00))) REPRESENTATION_ITEM('') SURFACE());
#4768 = CARTESIAN_POINT('', (-7.950467766214693E+00,-1.873492693007165E+00,1.825487228791463E+02));
#4769 = VERTEX_POINT('', #4768);
#4770 = CARTESIAN_POINT('', (-7.950467766214693E+00,-1.873492693007165E+00,1.825487228791463E+02));
#4771 = CARTESIAN_POINT('', (-8.193061949146774E+00,-3.355389397113310E+00,1.819199610105076E+02));
#4772 = CARTESIAN_POINT('', (-7.781752641750503E+00,-4.862607993646669E+00,1.817877301503959E+02));
#4773 = CARTESIAN_POINT('', (-6.918576594164739E+00,-5.871894912194404E+00,1.823916158052153E+02));
#4774 = (BOUNDED_CURVE() B_SPLINE_CURVE(3,(#4770,#4771,#4772,#4773),.UNSPECIFIED.,.F.,.F.) B_SPLINE_CURVE_WITH_KNOTS((4,4),(0.000000000000000E+00,1.000000000000000E+00),.UNSPECIFIED.) CURVE() GEOMETRIC_REPRESENTATION_ITEM() RATIONAL_B_SPLINE_CURVE((1.000000000000000E+00,1.000000000000000E+00,1.000000000000000E+00,1.000000000000000E+00)) REPRESENTATION_ITEM(''));
#4775 = EDGE_CURVE('', #4769, #1341, #4774, .T.);
#4776 = ORIENTED_EDGE('', *,*, #4775, .F.);
#4777 = ORIENTED_EDGE('', *,*, #1437, .F.);
#4778 = ORIENTED_EDGE('', *,*, #3038, .F.);
#4779 = CARTESIAN_POINT('', (-7.950467766214693E+00,-1.873492693007165E+00,1.825487228791463E+02));
#4780 = CARTESIAN_POINT('', (-6.138060448223924E+00,-2.193578969030824E+00,1.747981102834195E+02));
#4781 = CARTESIAN_POINT('', (-6.135893064999818E+00,-3.561313259688659E+00,1.643811610868648E+02));
#4782 = CARTESIAN_POINT('', (-3.198483259307095E+00,-7.656718720684549E-01,1.582266907855253E+02));
#4783 = (BOUNDED_CURVE() B_SPLINE_CURVE(3,(#4779,#4780,#4781,#4782),.UNSPECIFIED.,.F.,.F.) B_SPLINE_CURVE_WITH_KNOTS((4,4),(0.000000000000000E+00,1.000000000000000E+00),.UNSPECIFIED.) CURVE() GEOMETRIC_REPRESENTATION_ITEM() RATIONAL_B_SPLINE_CURVE((1.000000000000000E+00,1.000000000000000E+00,1.000000000000000E+00,1.000000000000000E+00)) REPRESENTATION_ITEM(''));
#4784 = EDGE_CURVE('', #4769, #3025, #4783, .T.);
#4785 = ORIENTED_EDGE('', *,*, #4784, .T.);
#4786 = EDGE_LOOP('', (#4776,#4777,#4778,#4785));
#4787 = FACE_OUTER_BOUND('', #4786, .T.);
#4788 = ADVANCED_FACE('', (#4787), #4767, .F.);
#4789 = CARTESIAN_POINT('', (-6.477727823398202E+00,6.856805892621844E+00,1.830852587630535E+02));
#4790 = CARTESIAN_POINT('', (-6.623293704784530E+00,5.246172118238594E+00,1.858420590059827E+02));
#4791 = CARTESIAN_POINT('', (-5.932581353042658E+00,4.352057208268586E+00,1.887878764860770E+02));
#4792 = CARTESIAN_POINT('', (-6.218375980810582E+00,2.280521663914071E+00,1.915203247657870E+02));
#4793 = CARTESIAN_POINT('', (-6.962025474573062E+00,7.697946356033997E+00,1.840130685861107E+02));
#4794 = CARTESIAN_POINT('', (-7.099433262926725E+00,5.976227238308714E+00,1.863468114891325E+02));
#4795 = CARTESIAN_POINT('', (-6.789404977142245E+00,5.075647508296825E+00,1.891713388647627E+02));
#4796 = CARTESIAN_POINT('', (-6.958516786130064E+00,2.799395066853469E+00,1.919058030459765E+02));
#4797 = CARTESIAN_POINT('', (-8.484505615769057E+00,8.197416952607160E+00,1.846892835717968E+02));
#4798 = CARTESIAN_POINT('', (-8.536398925573121E+00,6.329960776182001E+00,1.868279133686046E+02));
#4799 = CARTESIAN_POINT('', (-8.329320769621232E+00,5.488495057025533E+00,1.895600778123221E+02));
#4800 = CARTESIAN_POINT('', (-8.449332626412538E+00,3.028398905412544E+00,1.921514256409046E+02));
#4801 = CARTESIAN_POINT('', (-9.997009003051220E+00,8.582185046601735E+00,1.853949523278668E+02));
#4802 = CARTESIAN_POINT('', (-1.000813368582402E+01,6.653597446196382E+00,1.872532626618292E+02));
#4803 = CARTESIAN_POINT('', (-9.901307989274443E+00,5.982158496886409E+00,1.899464201064023E+02));
#4804 = CARTESIAN_POINT('', (-9.999460760408578E+00,3.263341248265720E+00,1.923392939950363E+02));
#4805 = (BOUNDED_SURFACE() B_SPLINE_SURFACE(3,3, ((#4789,#4790,#4791,#4792),(#4793,#4794,#4795,#4796),(#4797,#4798,#4799,#4800),(#4801,#4802,#4803,#4804)), .UNSPECIFIED., .F., .F., .T. )  B_SPLINE_SURFACE_WITH_KNOTS((4,4), (4,4), (0.000000000000000E+00,1.000000000000000E+00), (0.000000000000000E+00,1.000000000000000E+00), .UNSPECIFIED.)GEOMETRIC_REPRESENTATION_ITEM() RATIONAL_B_SPLINE_SURFACE( ((1.000000000000000E+00,1.000000000000000E+00,1.000000000000000E+00,1.000000000000000E+00),(1.000000000000000E+00,1.000000000000000E+00,1.000000000000000E+00,1.000000000000000E+00),(1.000000000000000E+00,1.000000000000000E+00,1.000000000000000E+00,1.000000000000000E+00),(1.000000000000000E+00,1.000000000000000E+00,1.000000000000000E+00,1.000000000000000E+00))) REPRESENTATION_ITEM('') SURFACE());
#4806 = ORIENTED_EDGE('', *,*, #4509, .F.);
#4807 = ORIENTED_EDGE('', *,*, #3856, .T.);
#4808 = CARTESIAN_POINT('', (-6.218375980810582E+00,2.280521663914071E+00,1.915203247657870E+02));
#4809 = VERTEX_POINT('', #4808);
#4810 = CARTESIAN_POINT('', (-9.999460760408578E+00,3.263341248265720E+00,1.923392939950363E+02));
#4811 = CARTESIAN_POINT('', (-8.449332626412538E+00,3.028398905412544E+00,1.921514256409046E+02));
#4812 = CARTESIAN_POINT('', (-6.958516786130064E+00,2.799395066853469E+00,1.919058030459765E+02));
#4813 = CARTESIAN_POINT('', (-6.218375980810582E+00,2.280521663914071E+00,1.915203247657870E+02));
#4814 = (BOUNDED_CURVE() B_SPLINE_CURVE(3,(#4810,#4811,#4812,#4813),.UNSPECIFIED.,.F.,.F.) B_SPLINE_CURVE_WITH_KNOTS((4,4),(0.000000000000000E+00,1.000000000000000E+00),.UNSPECIFIED.) CURVE() GEOMETRIC_REPRESENTATION_ITEM() RATIONAL_B_SPLINE_CURVE((1.000000000000000E+00,1.000000000000000E+00,1.000000000000000E+00,1.000000000000000E+00)) REPRESENTATION_ITEM(''));
#4815 = EDGE_CURVE('', #3841, #4809, #4814, .T.);
#4816 = ORIENTED_EDGE('', *,*, #4815, .F.);
#4817 = CARTESIAN_POINT('', (-6.477727823398202E+00,6.856805892621844E+00,1.830852587630535E+02));
#4818 = CARTESIAN_POINT('', (-6.623293704784530E+00,5.246172118238594E+00,1.858420590059827E+02));
#4819 = CARTESIAN_POINT('', (-5.932581353042658E+00,4.352057208268586E+00,1.887878764860770E+02));
#4820 = CARTESIAN_POINT('', (-6.218375980810582E+00,2.280521663914071E+00,1.915203247657870E+02));
#4821 = (BOUNDED_CURVE() B_SPLINE_CURVE(3,(#4817,#4818,#4819,#4820),.UNSPECIFIED.,.F.,.F.) B_SPLINE_CURVE_WITH_KNOTS((4,4),(0.000000000000000E+00,1.000000000000000E+00),.UNSPECIFIED.) CURVE() GEOMETRIC_REPRESENTATION_ITEM() RATIONAL_B_SPLINE_CURVE((1.000000000000000E+00,1.000000000000000E+00,1.000000000000000E+00,1.000000000000000E+00)) REPRESENTATION_ITEM(''));
#4822 = EDGE_CURVE('', #4503, #4809, #4821, .T.);
#4823 = ORIENTED_EDGE('', *,*, #4822, .T.);
#4824 = EDGE_LOOP('', (#4806,#4807,#4816,#4823));
#4825 = FACE_OUTER_BOUND('', #4824, .T.);
#4826 = ADVANCED_FACE('', (#4825), #4805, .F.);
#4827 = CARTESIAN_POINT('', (-6.477727823398202E+00,6.856805892621844E+00,1.830852587630535E+02));
#4828 = CARTESIAN_POINT('', (-6.641013103050698E+00,7.680588742495109E+00,1.826693209292607E+02));
#4829 = CARTESIAN_POINT('', (-6.587481837276907E+00,8.847173819107894E+00,1.821629506303049E+02));
#4830 = CARTESIAN_POINT('', (-6.484241911899129E+00,1.000037269658245E+01,1.817116617197793E+02));
#4831 = CARTESIAN_POINT('', (-5.729623690226508E+00,6.914618331558982E+00,1.798384206766076E+02));
#4832 = CARTESIAN_POINT('', (-5.103236041866744E+00,7.914968518973948E+00,1.797885576252080E+02));
#4833 = CARTESIAN_POINT('', (-4.588185143726937E+00,8.881255013504594E+00,1.796048798071442E+02));
#4834 = CARTESIAN_POINT('', (-4.075276790156286E+00,9.935054995697975E+00,1.794450102653501E+02));
#4835 = CARTESIAN_POINT('', (-5.531847864471379E+00,7.076867979106995E+00,1.758570438064781E+02));
#4836 = CARTESIAN_POINT('', (-5.141676626656936E+00,8.077356029594664E+00,1.759936288695162E+02));
#4837 = CARTESIAN_POINT('', (-4.475701972719091E+00,9.109243520919536E+00,1.764010403965570E+02));
#4838 = CARTESIAN_POINT('', (-3.833901693977530E+00,1.005224371943653E+01,1.767225968673938E+02));
#4839 = CARTESIAN_POINT('', (-4.952632111502050E+00,7.328133779344662E+00,1.721343702307074E+02));
#4840 = CARTESIAN_POINT('', (-4.657217939782527E+00,8.268353033702649E+00,1.723104616793009E+02));
#4841 = CARTESIAN_POINT('', (-4.340328538210564E+00,9.125041147599863E+00,1.724205412424984E+02));
#4842 = CARTESIAN_POINT('', (-4.022362403603625E+00,1.000373638587995E+01,1.725551495755869E+02));
#4843 = CARTESIAN_POINT('', (-4.373416358532720E+00,7.579399579582329E+00,1.684116966549367E+02));
#4844 = CARTESIAN_POINT('', (-4.172759252908117E+00,8.459350037810633E+00,1.686272944890856E+02));
#4845 = CARTESIAN_POINT('', (-4.204955103702036E+00,9.140838774280189E+00,1.684400420884397E+02));
#4846 = CARTESIAN_POINT('', (-4.210823113229718E+00,9.955229052323368E+00,1.683877022837800E+02));
#4847 = CARTESIAN_POINT('', (-3.412760678349189E+00,7.919681532509652E+00,1.649477263735248E+02));
#4848 = CARTESIAN_POINT('', (-3.343609538514900E+00,8.629483150788321E+00,1.648952064446027E+02));
#4849 = CARTESIAN_POINT('', (-3.192823848423302E+00,9.327622260808134E+00,1.649164488898415E+02));
#4850 = CARTESIAN_POINT('', (-3.116872001365661E+00,1.002934457089156E+01,1.648546971552780E+02));
#4851 = CARTESIAN_POINT('', (-1.138896836320690E+00,8.333558582205411E+00,1.627357014645141E+02));
#4852 = CARTESIAN_POINT('', (-6.976254260155821E-01,9.092379613971346E+00,1.633686699471809E+02));
#4853 = CARTESIAN_POINT('', (-2.744865727374023E-01,9.941932570860013E+00,1.640886055776980E+02));
#4854 = CARTESIAN_POINT('', (3.779172860215900E-01,1.000104111114079E+01,1.643988946669535E+02));
#4855 = (BOUNDED_SURFACE() B_SPLINE_SURFACE(3,3, ((#4827,#4828,#4829,#4830),(#4831,#4832,#4833,#4834),(#4835,#4836,#4837,#4838),(#4839,#4840,#4841,#4842),(#4843,#4844,#4845,#4846),(#4847,#4848,#4849,#4850),(#4851,#4852,#4853,#4854)), .UNSPECIFIED., .F., .F., .T. )  B_SPLINE_SURFACE_WITH_KNOTS((4,3,4), (4,4), (0.000000000000000E+00,5.000000000000000E-01,1.000000000000000E+00), (0.000000000000000E+00,1.000000000000000E+00), .UNSPECIFIED.)GEOMETRIC_REPRESENTATION_ITEM() RATIONAL_B_SPLINE_SURFACE( ((1.000000000000000E+00,1.000000000000000E+00,1.000000000000000E+00,1.000000000000000E+00),(1.000000000000000E+00,1.000000000000000E+00,1.000000000000000E+00,1.000000000000000E+00),(1.000000000000000E+00,1.000000000000000E+00,1.000000000000000E+00,1.000000000000000E+00),(1.000000000000000E+00,1.000000000000000E+00,1.000000000000000E+00,1.000000000000000E+00),(1.000000000000000E+00,1.000000000000000E+00,1.000000000000000E+00,1.000000000000000E+00),(1.000000000000000E+00,1.000000000000000E+00,1.000000000000000E+00,1.000000000000000E+00),(1.000000000000000E+00,1.000000000000000E+00,1.000000000000000E+00,1.000000000000000E+00))) REPRESENTATION_ITEM('') SURFACE());
#4856 = CARTESIAN_POINT('', (-6.477727823398202E+00,6.856805892621844E+00,1.830852587630535E+02));
#4857 = CARTESIAN_POINT('', (-4.981519557054814E+00,6.972430770496119E+00,1.765915825901617E+02));
#4858 = CARTESIAN_POINT('', (-5.686624520377687E+00,7.505804482813893E+00,1.671597512825355E+02));
#4859 = CARTESIAN_POINT('', (-1.138896836320690E+00,8.333558582205411E+00,1.627357014645141E+02));
#4860 = (BOUNDED_CURVE() B_SPLINE_CURVE(3,(#4856,#4857,#4858,#4859),.UNSPECIFIED.,.F.,.F.) B_SPLINE_CURVE_WITH_KNOTS((4,4),(0.000000000000000E+00,1.000000000000000E+00),.UNSPECIFIED.) CURVE() GEOMETRIC_REPRESENTATION_ITEM() RATIONAL_B_SPLINE_CURVE((1.000000000000000E+00,1.000000000000000E+00,1.000000000000000E+00,1.000000000000000E+00)) REPRESENTATION_ITEM(''));
#4861 = EDGE_CURVE('', #4503, #3072, #4860, .T.);
#4862 = ORIENTED_EDGE('', *,*, #4861, .F.);
#4863 = CARTESIAN_POINT('', (3.779172860215900E-01,1.000104111114079E+01,1.643988946669535E+02));
#4864 = CARTESIAN_POINT('', (-2.744865727374023E-01,9.941932570860013E+00,1.640886055776980E+02));
#4865 = CARTESIAN_POINT('', (-6.976254260155821E-01,9.092379613971346E+00,1.633686699471809E+02));
#4866 = CARTESIAN_POINT('', (-1.138896836320690E+00,8.333558582205411E+00,1.627357014645141E+02));
#4867 = (BOUNDED_CURVE() B_SPLINE_CURVE(3,(#4863,#4864,#4865,#4866),.UNSPECIFIED.,.F.,.F.) B_SPLINE_CURVE_WITH_KNOTS((4,4),(0.000000000000000E+00,1.000000000000000E+00),.UNSPECIFIED.) CURVE() GEOMETRIC_REPRESENTATION_ITEM() RATIONAL_B_SPLINE_CURVE((1.000000000000000E+00,1.000000000000000E+00,1.000000000000000E+00,1.000000000000000E+00)) REPRESENTATION_ITEM(''));
#4868 = EDGE_CURVE('', #2939, #3072, #4867, .T.);
#4869 = ORIENTED_EDGE('', *,*, #4868, .T.);
#4870 = ORIENTED_EDGE('', *,*, #2948, .F.);
#4871 = ORIENTED_EDGE('', *,*, #4516, .T.);
#4872 = EDGE_LOOP('', (#4862,#4869,#4870,#4871));
#4873 = FACE_OUTER_BOUND('', #4872, .T.);
#4874 = ADVANCED_FACE('', (#4873), #4855, .F.);
#4875 = CARTESIAN_POINT('', (-7.397240380642548E+00,-2.145305736338291E+00,1.896833573595059E+02));
#4876 = CARTESIAN_POINT('', (-8.099104367695764E+00,-2.229380938854665E+00,1.892556481156180E+02));
#4877 = CARTESIAN_POINT('', (-9.054323921720574E+00,-1.604947635679352E+00,1.894506295320687E+02));
#4878 = CARTESIAN_POINT('', (-1.000040166023862E+01,-9.766338902555046E-01,1.895889116694785E+02));
#4879 = CARTESIAN_POINT('', (-7.623126755659976E+00,-2.543740665549488E+00,1.899528387790560E+02));
#4880 = CARTESIAN_POINT('', (-8.218624937429393E+00,-2.363213890430904E+00,1.897421006917194E+02));
#4881 = CARTESIAN_POINT('', (-9.047698306901642E+00,-1.736588128257168E+00,1.898749524159065E+02));
#4882 = CARTESIAN_POINT('', (-9.997839316657782E+00,-1.105968984115372E+00,1.900003530577652E+02));
#4883 = CARTESIAN_POINT('', (-7.817309522436314E+00,-3.098625537550994E+00,1.901824988758100E+02));
#4884 = CARTESIAN_POINT('', (-8.389305939906681E+00,-2.574410006076930E+00,1.902068658385112E+02));
#4885 = CARTESIAN_POINT('', (-9.177499596418375E+00,-1.958810930966811E+00,1.904334359703190E+02));
#4886 = CARTESIAN_POINT('', (-1.000110783694670E+01,-1.352882066096107E+00,1.906455094659805E+02));
#4887 = CARTESIAN_POINT('', (-7.967068156399724E+00,-3.438513324253988E+00,1.905875719586811E+02));
#4888 = CARTESIAN_POINT('', (-8.497316655687113E+00,-2.827791017786279E+00,1.906956125800810E+02));
#4889 = CARTESIAN_POINT('', (-9.228614997603499E+00,-2.234135463585512E+00,1.909590819897982E+02));
#4890 = CARTESIAN_POINT('', (-1.000021412583447E+01,-1.586880357292077E+00,1.912443133426149E+02));
#4891 = (BOUNDED_SURFACE() B_SPLINE_SURFACE(3,3, ((#4875,#4876,#4877,#4878),(#4879,#4880,#4881,#4882),(#4883,#4884,#4885,#4886),(#4887,#4888,#4889,#4890)), .UNSPECIFIED., .F., .F., .T. )  B_SPLINE_SURFACE_WITH_KNOTS((4,4), (4,4), (0.000000000000000E+00,1.000000000000000E+00), (0.000000000000000E+00,1.000000000000000E+00), .UNSPECIFIED.)GEOMETRIC_REPRESENTATION_ITEM() RATIONAL_B_SPLINE_SURFACE( ((1.000000000000000E+00,1.000000000000000E+00,1.000000000000000E+00,1.000000000000000E+00),(1.000000000000000E+00,1.000000000000000E+00,1.000000000000000E+00,1.000000000000000E+00),(1.000000000000000E+00,1.000000000000000E+00,1.000000000000000E+00,1.000000000000000E+00),(1.000000000000000E+00,1.000000000000000E+00,1.000000000000000E+00,1.000000000000000E+00))) REPRESENTATION_ITEM('') SURFACE());
#4892 = CARTESIAN_POINT('', (-7.397240380642548E+00,-2.145305736338291E+00,1.896833573595059E+02));
#4893 = VERTEX_POINT('', #4892);
#4894 = CARTESIAN_POINT('', (-7.967068156399724E+00,-3.438513324253988E+00,1.905875719586811E+02));
#4895 = VERTEX_POINT('', #4894);
#4896 = CARTESIAN_POINT('', (-7.397240380642548E+00,-2.145305736338291E+00,1.896833573595059E+02));
#4897 = CARTESIAN_POINT('', (-7.623126755659976E+00,-2.543740665549488E+00,1.899528387790560E+02));
#4898 = CARTESIAN_POINT('', (-7.817309522436314E+00,-3.098625537550994E+00,1.901824988758100E+02));
#4899 = CARTESIAN_POINT('', (-7.967068156399724E+00,-3.438513324253988E+00,1.905875719586811E+02));
#4900 = (BOUNDED_CURVE() B_SPLINE_CURVE(3,(#4896,#4897,#4898,#4899),.UNSPECIFIED.,.F.,.F.) B_SPLINE_CURVE_WITH_KNOTS((4,4),(0.000000000000000E+00,1.000000000000000E+00),.UNSPECIFIED.) CURVE() GEOMETRIC_REPRESENTATION_ITEM() RATIONAL_B_SPLINE_CURVE((1.000000000000000E+00,1.000000000000000E+00,1.000000000000000E+00,1.000000000000000E+00)) REPRESENTATION_ITEM(''));
#4901 = EDGE_CURVE('', #4893, #4895, #4900, .T.);
#4902 = ORIENTED_EDGE('', *,*, #4901, .F.);
#4903 = CARTESIAN_POINT('', (-1.000021412583447E+01,-1.586880357292077E+00,1.912443133426149E+02));
#4904 = CARTESIAN_POINT('', (-9.228614997603499E+00,-2.234135463585512E+00,1.909590819897982E+02));
#4905 = CARTESIAN_POINT('', (-8.497316655687113E+00,-2.827791017786279E+00,1.906956125800810E+02));
#4906 = CARTESIAN_POINT('', (-7.967068156399724E+00,-3.438513324253988E+00,1.905875719586811E+02));
#4907 = (BOUNDED_CURVE() B_SPLINE_CURVE(3,(#4903,#4904,#4905,#4906),.UNSPECIFIED.,.F.,.F.) B_SPLINE_CURVE_WITH_KNOTS((4,4),(0.000000000000000E+00,1.000000000000000E+00),.UNSPECIFIED.) CURVE() GEOMETRIC_REPRESENTATION_ITEM() RATIONAL_B_SPLINE_CURVE((1.000000000000000E+00,1.000000000000000E+00,1.000000000000000E+00,1.000000000000000E+00)) REPRESENTATION_ITEM(''));
#4908 = EDGE_CURVE('', #3787, #4895, #4907, .T.);
#4909 = ORIENTED_EDGE('', *,*, #4908, .T.);
#4910 = ORIENTED_EDGE('', *,*, #3793, .F.);
#4911 = CARTESIAN_POINT('', (-7.397240380642548E+00,-2.145305736338291E+00,1.896833573595059E+02));
#4912 = CARTESIAN_POINT('', (-8.099104367695764E+00,-2.229380938854665E+00,1.892556481156180E+02));
#4913 = CARTESIAN_POINT('', (-9.054323921720574E+00,-1.604947635679352E+00,1.894506295320687E+02));
#4914 = CARTESIAN_POINT('', (-1.000040166023862E+01,-9.766338902555046E-01,1.895889116694785E+02));
#4915 = (BOUNDED_CURVE() B_SPLINE_CURVE(3,(#4911,#4912,#4913,#4914),.UNSPECIFIED.,.F.,.F.) B_SPLINE_CURVE_WITH_KNOTS((4,4),(0.000000000000000E+00,1.000000000000000E+00),.UNSPECIFIED.) CURVE() GEOMETRIC_REPRESENTATION_ITEM() RATIONAL_B_SPLINE_CURVE((1.000000000000000E+00,1.000000000000000E+00,1.000000000000000E+00,1.000000000000000E+00)) REPRESENTATION_ITEM(''));
#4916 = EDGE_CURVE('', #4893, #3778, #4915, .T.);
#4917 = ORIENTED_EDGE('', *,*, #4916, .T.);
#4918 = EDGE_LOOP('', (#4902,#4909,#4910,#4917));
#4919 = FACE_OUTER_BOUND('', #4918, .T.);
#4920 = ADVANCED_FACE('', (#4919), #4891, .F.);
#4921 = CARTESIAN_POINT('', (-7.397240380642548E+00,-2.145305736338291E+00,1.896833573595059E+02));
#4922 = CARTESIAN_POINT('', (-7.121311405093540E+00,-2.333153616883221E+00,1.900954787072208E+02));
#4923 = CARTESIAN_POINT('', (-6.795212103528940E+00,-2.810686398997243E+00,1.902199460777800E+02));
#4924 = CARTESIAN_POINT('', (-6.409013024550694E+00,-3.122254392649110E+00,1.904713158855749E+02));
#4925 = CARTESIAN_POINT('', (-5.667331643062152E+00,-9.646246834406796E-01,1.896625492711878E+02));
#4926 = CARTESIAN_POINT('', (-5.651054267343959E+00,-1.096660432148717E+00,1.901621848690902E+02));
#4927 = CARTESIAN_POINT('', (-5.470826490539923E+00,-1.187772684242621E+00,1.906286844817919E+02));
#4928 = CARTESIAN_POINT('', (-5.297802701794128E+00,-1.356425410721241E+00,1.910838474346733E+02));
#4929 = CARTESIAN_POINT('', (-4.805923325469206E+00,1.291808182527667E+00,1.907886482338170E+02));
#4930 = CARTESIAN_POINT('', (-4.865098252928322E+00,9.626877844548134E-01,1.911742129279331E+02));
#4931 = CARTESIAN_POINT('', (-4.971460815692466E+00,6.848778068009903E-01,1.916395206185337E+02));
#4932 = CARTESIAN_POINT('', (-5.039869118931592E+00,3.573745934001012E-01,1.920408306776988E+02));
#4933 = CARTESIAN_POINT('', (-6.218375980810582E+00,2.280521663914071E+00,1.915203247657870E+02));
#4934 = CARTESIAN_POINT('', (-6.260086878673153E+00,1.986689152096066E+00,1.919081249420304E+02));
#4935 = CARTESIAN_POINT('', (-6.386357531719862E+00,1.656206455820626E+00,1.923110418159332E+02));
#4936 = CARTESIAN_POINT('', (-6.473715316514326E+00,1.346015134318085E+00,1.927046335234049E+02));
#4937 = CARTESIAN_POINT('', (-6.958516786130064E+00,2.799395066853469E+00,1.919058030459765E+02));
#4938 = CARTESIAN_POINT('', (-6.957581191545569E+00,2.498689835916692E+00,1.922750809490790E+02));
#4939 = CARTESIAN_POINT('', (-7.093805889733561E+00,2.141870780330443E+00,1.926468024146329E+02));
#4940 = CARTESIAN_POINT('', (-7.190638415305694E+00,1.840335404777077E+00,1.930365349462580E+02));
#4941 = CARTESIAN_POINT('', (-8.449332626412538E+00,3.028398905412544E+00,1.921514256409046E+02));
#4942 = CARTESIAN_POINT('', (-8.486921603900292E+00,2.656443006005423E+00,1.925188054864754E+02));
#4943 = CARTESIAN_POINT('', (-8.387377772850881E+00,2.428881924445219E+00,1.929121029828422E+02));
#4944 = CARTESIAN_POINT('', (-8.330506459208380E+00,2.153365809435229E+00,1.932951412697813E+02));
#4945 = CARTESIAN_POINT('', (-9.999460760408578E+00,3.263341248265720E+00,1.923392939950363E+02));
#4946 = CARTESIAN_POINT('', (-1.001060567444263E+01,2.896257818121242E+00,1.926940532402248E+02));
#4947 = CARTESIAN_POINT('', (-1.000017860455910E+01,2.547595157382910E+00,1.930953310823855E+02));
#4948 = CARTESIAN_POINT('', (-9.998132328291288E+00,2.200965037617938E+00,1.934007484825688E+02));
#4949 = (BOUNDED_SURFACE() B_SPLINE_SURFACE(3,3, ((#4921,#4922,#4923,#4924),(#4925,#4926,#4927,#4928),(#4929,#4930,#4931,#4932),(#4933,#4934,#4935,#4936),(#4937,#4938,#4939,#4940),(#4941,#4942,#4943,#4944),(#4945,#4946,#4947,#4948)), .UNSPECIFIED., .F., .F., .T. )  B_SPLINE_SURFACE_WITH_KNOTS((4,3,4), (4,4), (0.000000000000000E+00,6.666666666666666E-01,1.000000000000000E+00), (0.000000000000000E+00,1.000000000000000E+00), .UNSPECIFIED.)GEOMETRIC_REPRESENTATION_ITEM() RATIONAL_B_SPLINE_SURFACE( ((1.000000000000000E+00,1.000000000000000E+00,1.000000000000000E+00,1.000000000000000E+00),(1.000000000000000E+00,1.000000000000000E+00,1.000000000000000E+00,1.000000000000000E+00),(1.000000000000000E+00,1.000000000000000E+00,1.000000000000000E+00,1.000000000000000E+00),(1.000000000000000E+00,1.000000000000000E+00,1.000000000000000E+00,1.000000000000000E+00),(1.000000000000000E+00,1.000000000000000E+00,1.000000000000000E+00,1.000000000000000E+00),(1.000000000000000E+00,1.000000000000000E+00,1.000000000000000E+00,1.000000000000000E+00),(1.000000000000000E+00,1.000000000000000E+00,1.000000000000000E+00,1.000000000000000E+00))) REPRESENTATION_ITEM('') SURFACE());
#4950 = CARTESIAN_POINT('', (-7.397240380642548E+00,-2.145305736338291E+00,1.896833573595059E+02));
#4951 = CARTESIAN_POINT('', (-5.667331643062152E+00,-9.646246834406796E-01,1.896625492711878E+02));
#4952 = CARTESIAN_POINT('', (-4.805923325469206E+00,1.291808182527667E+00,1.907886482338170E+02));
#4953 = CARTESIAN_POINT('', (-6.218375980810582E+00,2.280521663914071E+00,1.915203247657870E+02));
#4954 = (BOUNDED_CURVE() B_SPLINE_CURVE(3,(#4950,#4951,#4952,#4953),.UNSPECIFIED.,.F.,.F.) B_SPLINE_CURVE_WITH_KNOTS((4,4),(0.000000000000000E+00,1.000000000000000E+00),.UNSPECIFIED.) CURVE() GEOMETRIC_REPRESENTATION_ITEM() RATIONAL_B_SPLINE_CURVE((1.000000000000000E+00,1.000000000000000E+00,1.000000000000000E+00,1.000000000000000E+00)) REPRESENTATION_ITEM(''));
#4955 = EDGE_CURVE('', #4893, #4809, #4954, .T.);
#4956 = ORIENTED_EDGE('', *,*, #4955, .F.);
#4957 = ORIENTED_EDGE('', *,*, #4815, .T.);
#4958 = ORIENTED_EDGE('', *,*, #3847, .T.);
#4959 = CARTESIAN_POINT('', (-6.409013024550694E+00,-3.122254392649110E+00,1.904713158855749E+02));
#4960 = VERTEX_POINT('', #4959);
#4961 = CARTESIAN_POINT('', (-9.998132328291288E+00,2.200965037617938E+00,1.934007484825688E+02));
#4962 = CARTESIAN_POINT('', (-4.995254721042562E+00,2.058167353069812E+00,1.930839268442060E+02));
#4963 = CARTESIAN_POINT('', (-4.742197540415845E+00,-4.735109197573065E-01,1.913901132092224E+02));
#4964 = CARTESIAN_POINT('', (-6.409013024550694E+00,-3.122254392649110E+00,1.904713158855749E+02));
#4965 = (BOUNDED_CURVE() B_SPLINE_CURVE(3,(#4961,#4962,#4963,#4964),.UNSPECIFIED.,.F.,.F.) B_SPLINE_CURVE_WITH_KNOTS((4,4),(0.000000000000000E+00,1.000000000000000E+00),.UNSPECIFIED.) CURVE() GEOMETRIC_REPRESENTATION_ITEM() RATIONAL_B_SPLINE_CURVE((1.000000000000000E+00,1.000000000000000E+00,1.000000000000000E+00,1.000000000000000E+00)) REPRESENTATION_ITEM(''));
#4966 = EDGE_CURVE('', #3832, #4960, #4965, .T.);
#4967 = ORIENTED_EDGE('', *,*, #4966, .F.);
#4968 = CARTESIAN_POINT('', (-7.397240380642548E+00,-2.145305736338291E+00,1.896833573595059E+02));
#4969 = CARTESIAN_POINT('', (-7.121311405093540E+00,-2.333153616883221E+00,1.900954787072208E+02));
#4970 = CARTESIAN_POINT('', (-6.795212103528940E+00,-2.810686398997243E+00,1.902199460777800E+02));
#4971 = CARTESIAN_POINT('', (-6.409013024550694E+00,-3.122254392649110E+00,1.904713158855749E+02));
#4972 = (BOUNDED_CURVE() B_SPLINE_CURVE(3,(#4968,#4969,#4970,#4971),.UNSPECIFIED.,.F.,.F.) B_SPLINE_CURVE_WITH_KNOTS((4,4),(0.000000000000000E+00,1.000000000000000E+00),.UNSPECIFIED.) CURVE() GEOMETRIC_REPRESENTATION_ITEM() RATIONAL_B_SPLINE_CURVE((1.000000000000000E+00,1.000000000000000E+00,1.000000000000000E+00,1.000000000000000E+00)) REPRESENTATION_ITEM(''));
#4973 = EDGE_CURVE('', #4893, #4960, #4972, .T.);
#4974 = ORIENTED_EDGE('', *,*, #4973, .T.);
#4975 = EDGE_LOOP('', (#4956,#4957,#4958,#4967,#4974));
#4976 = FACE_OUTER_BOUND('', #4975, .T.);
#4977 = ADVANCED_FACE('', (#4976), #4949, .F.);
#4978 = CARTESIAN_POINT('', (-8.093646140733510E+00,-7.800222656399347E+00,1.864389778122604E+02));
#4979 = CARTESIAN_POINT('', (-8.605685419597791E+00,-8.456721608865111E+00,1.868163772360452E+02));
#4980 = CARTESIAN_POINT('', (-8.947623273529610E+00,-9.255462227672629E+00,1.870995172938854E+02));
#4981 = CARTESIAN_POINT('', (-9.247058322736930E+00,-1.000067681669661E+01,1.873791779128376E+02));
#4982 = CARTESIAN_POINT('', (-8.672034509575965E+00,-8.123946868180006E+00,1.858428457265679E+02));
#4983 = CARTESIAN_POINT('', (-8.949766843833013E+00,-8.662983063009424E+00,1.862781724686575E+02));
#4984 = CARTESIAN_POINT('', (-9.215057397053606E+00,-9.311952163625188E+00,1.865907392273124E+02));
#4985 = CARTESIAN_POINT('', (-9.480852516813750E+00,-9.997070509802267E+00,1.869166377745808E+02));
#4986 = CARTESIAN_POINT('', (-9.348682113140997E+00,-8.328040840448725E+00,1.853665466680097E+02));
#4987 = CARTESIAN_POINT('', (-9.465182082026736E+00,-8.860509384274428E+00,1.857904618770487E+02));
#4988 = CARTESIAN_POINT('', (-9.610464744395788E+00,-9.428537009535054E+00,1.861065423008029E+02));
#4989 = CARTESIAN_POINT('', (-9.744211113793758E+00,-1.000203316481002E+01,1.864407127624561E+02));
#4990 = CARTESIAN_POINT('', (-9.999755493284880E+00,-8.546468093084695E+00,1.849466269289537E+02));
#4991 = CARTESIAN_POINT('', (-1.000084820540527E+01,-9.036371476520904E+00,1.852968045744283E+02));
#4992 = CARTESIAN_POINT('', (-9.999423459221022E+00,-9.525542227715325E+00,1.856190310900922E+02));
#4993 = CARTESIAN_POINT('', (-9.999990318834126E+00,-1.000004709655914E+01,1.859526538154348E+02));
#4994 = (BOUNDED_SURFACE() B_SPLINE_SURFACE(3,3, ((#4978,#4979,#4980,#4981),(#4982,#4983,#4984,#4985),(#4986,#4987,#4988,#4989),(#4990,#4991,#4992,#4993)), .UNSPECIFIED., .F., .F., .T. )  B_SPLINE_SURFACE_WITH_KNOTS((4,4), (4,4), (0.000000000000000E+00,1.000000000000000E+00), (0.000000000000000E+00,1.000000000000000E+00), .UNSPECIFIED.)GEOMETRIC_REPRESENTATION_ITEM() RATIONAL_B_SPLINE_SURFACE( ((1.000000000000000E+00,1.000000000000000E+00,1.000000000000000E+00,1.000000000000000E+00),(1.000000000000000E+00,1.000000000000000E+00,1.000000000000000E+00,1.000000000000000E+00),(1.000000000000000E+00,1.000000000000000E+00,1.000000000000000E+00,1.000000000000000E+00),(1.000000000000000E+00,1.000000000000000E+00,1.000000000000000E+00,1.000000000000000E+00))) REPRESENTATION_ITEM('') SURFACE());
#4995 = CARTESIAN_POINT('', (-8.093646140733510E+00,-7.800222656399347E+00,1.864389778122604E+02));
#4996 = CARTESIAN_POINT('', (-8.672034509575965E+00,-8.123946868180006E+00,1.858428457265679E+02));
#4997 = CARTESIAN_POINT('', (-9.348682113140997E+00,-8.328040840448725E+00,1.853665466680097E+02));
#4998 = CARTESIAN_POINT('', (-9.999755493284880E+00,-8.546468093084695E+00,1.849466269289537E+02));
#4999 = (BOUNDED_CURVE() B_SPLINE_CURVE(3,(#4995,#4996,#4997,#4998),.UNSPECIFIED.,.F.,.F.) B_SPLINE_CURVE_WITH_KNOTS((4,4),(0.000000000000000E+00,1.000000000000000E+00),.UNSPECIFIED.) CURVE() GEOMETRIC_REPRESENTATION_ITEM() RATIONAL_B_SPLINE_CURVE((1.000000000000000E+00,1.000000000000000E+00,1.000000000000000E+00,1.000000000000000E+00)) REPRESENTATION_ITEM(''));
#5000 = EDGE_CURVE('', #4398, #3752, #4999, .T.);
#5001 = ORIENTED_EDGE('', *,*, #5000, .F.);
#5002 = ORIENTED_EDGE('', *,*, #3758, .F.);
#5003 = ORIENTED_EDGE('', *,*, #3444, .F.);
#5004 = ORIENTED_EDGE('', *,*, #4476, .T.);
#5005 = EDGE_LOOP('', (#5001,#5002,#5003,#5004));
#5006 = FACE_OUTER_BOUND('', #5005, .T.);
#5007 = ADVANCED_FACE('', (#5006), #4994, .F.);
#5008 = CARTESIAN_POINT('', (-8.093646140733510E+00,-7.800222656399347E+00,1.864389778122604E+02));
#5009 = CARTESIAN_POINT('', (-8.672034509575965E+00,-8.123946868180006E+00,1.858428457265679E+02));
#5010 = CARTESIAN_POINT('', (-9.348682113140997E+00,-8.328040840448725E+00,1.853665466680097E+02));
#5011 = CARTESIAN_POINT('', (-9.999755493284880E+00,-8.546468093084695E+00,1.849466269289537E+02));
#5012 = CARTESIAN_POINT('', (-8.056497243766302E+00,-7.636662377162061E+00,1.861249089396465E+02));
#5013 = CARTESIAN_POINT('', (-8.629440844455621E+00,-7.920233856425769E+00,1.856375454641095E+02));
#5014 = CARTESIAN_POINT('', (-9.303960365766935E+00,-8.119235541559211E+00,1.851978797885155E+02));
#5015 = CARTESIAN_POINT('', (-1.000106428220821E+01,-8.353982927842656E+00,1.847992643300178E+02));
#5016 = CARTESIAN_POINT('', (-8.002814763911433E+00,-7.501100061102584E+00,1.857314988745381E+02));
#5017 = CARTESIAN_POINT('', (-8.624841577759508E+00,-7.731545842212301E+00,1.853601667758016E+02));
#5018 = CARTESIAN_POINT('', (-9.280093844618023E+00,-7.915966137136270E+00,1.849711369976687E+02));
#5019 = CARTESIAN_POINT('', (-9.998231081609962E+00,-8.135478606920657E+00,1.845896630009141E+02));
#5020 = CARTESIAN_POINT('', (-7.938143165724672E+00,-7.311100461341429E+00,1.853639264886167E+02));
#5021 = CARTESIAN_POINT('', (-8.584701801785798E+00,-7.529287175390322E+00,1.850721803347533E+02));
#5022 = CARTESIAN_POINT('', (-9.267736899977647E+00,-7.725240614140314E+00,1.847340056771660E+02));
#5023 = CARTESIAN_POINT('', (-9.999879011745726E+00,-7.932024647204579E+00,1.843899365579549E+02));
#5024 = (BOUNDED_SURFACE() B_SPLINE_SURFACE(3,3, ((#5008,#5009,#5010,#5011),(#5012,#5013,#5014,#5015),(#5016,#5017,#5018,#5019),(#5020,#5021,#5022,#5023)), .UNSPECIFIED., .F., .F., .T. )  B_SPLINE_SURFACE_WITH_KNOTS((4,4), (4,4), (0.000000000000000E+00,1.000000000000000E+00), (0.000000000000000E+00,1.000000000000000E+00), .UNSPECIFIED.)GEOMETRIC_REPRESENTATION_ITEM() RATIONAL_B_SPLINE_SURFACE( ((1.000000000000000E+00,1.000000000000000E+00,1.000000000000000E+00,1.000000000000000E+00),(1.000000000000000E+00,1.000000000000000E+00,1.000000000000000E+00,1.000000000000000E+00),(1.000000000000000E+00,1.000000000000000E+00,1.000000000000000E+00,1.000000000000000E+00),(1.000000000000000E+00,1.000000000000000E+00,1.000000000000000E+00,1.000000000000000E+00))) REPRESENTATION_ITEM('') SURFACE());
#5025 = ORIENTED_EDGE('', *,*, #4413, .T.);
#5026 = ORIENTED_EDGE('', *,*, #1367, .T.);
#5027 = ORIENTED_EDGE('', *,*, #3765, .T.);
#5028 = ORIENTED_EDGE('', *,*, #5000, .T.);
#5029 = EDGE_LOOP('', (#5025,#5026,#5027,#5028));
#5030 = FACE_OUTER_BOUND('', #5029, .T.);
#5031 = ADVANCED_FACE('', (#5030), #5024, .F.);
#5032 = CARTESIAN_POINT('', (-7.950467766214693E+00,-1.873492693007165E+00,1.825487228791463E+02));
#5033 = CARTESIAN_POINT('', (-8.193061949146774E+00,-3.355389397113310E+00,1.819199610105076E+02));
#5034 = CARTESIAN_POINT('', (-7.781752641750503E+00,-4.862607993646669E+00,1.817877301503959E+02));
#5035 = CARTESIAN_POINT('', (-6.918576594164739E+00,-5.871894912194404E+00,1.823916158052153E+02));
#5036 = CARTESIAN_POINT('', (-8.239992099752865E+00,-2.318776694887442E+00,1.832635649459029E+02));
#5037 = CARTESIAN_POINT('', (-8.402008501699017E+00,-3.347376262730999E+00,1.826337096856977E+02));
#5038 = CARTESIAN_POINT('', (-8.029704430429559E+00,-4.699856022526211E+00,1.826261536200870E+02));
#5039 = CARTESIAN_POINT('', (-7.579206510011767E+00,-5.561846589897571E+00,1.831225597400268E+02));
#5040 = CARTESIAN_POINT('', (-9.015099901580417E+00,-2.593419313833242E+00,1.838476376376894E+02));
#5041 = CARTESIAN_POINT('', (-9.249574797366600E+00,-3.373246315691895E+00,1.829604351346642E+02));
#5042 = CARTESIAN_POINT('', (-8.932652073932653E+00,-4.661427527708567E+00,1.827491279871601E+02));
#5043 = CARTESIAN_POINT('', (-8.797647522360078E+00,-5.676652505983113E+00,1.831295378382559E+02));
#5044 = CARTESIAN_POINT('', (-1.000011576320165E+01,-2.697984634568940E+00,1.842846324374369E+02));
#5045 = CARTESIAN_POINT('', (-9.997788660671638E+00,-3.656479424627948E+00,1.833494948427080E+02));
#5046 = CARTESIAN_POINT('', (-1.000462362045064E+01,-4.687760652960709E+00,1.827604639891357E+02));
#5047 = CARTESIAN_POINT('', (-9.998609002100951E+00,-5.711508170042723E+00,1.830433408245571E+02));
#5048 = (BOUNDED_SURFACE() B_SPLINE_SURFACE(3,3, ((#5032,#5033,#5034,#5035),(#5036,#5037,#5038,#5039),(#5040,#5041,#5042,#5043),(#5044,#5045,#5046,#5047)), .UNSPECIFIED., .F., .F., .T. )  B_SPLINE_SURFACE_WITH_KNOTS((4,4), (4,4), (0.000000000000000E+00,1.000000000000000E+00), (0.000000000000000E+00,1.000000000000000E+00), .UNSPECIFIED.)GEOMETRIC_REPRESENTATION_ITEM() RATIONAL_B_SPLINE_SURFACE( ((1.000000000000000E+00,1.000000000000000E+00,1.000000000000000E+00,1.000000000000000E+00),(1.000000000000000E+00,1.000000000000000E+00,1.000000000000000E+00,1.000000000000000E+00),(1.000000000000000E+00,1.000000000000000E+00,1.000000000000000E+00,1.000000000000000E+00),(1.000000000000000E+00,1.000000000000000E+00,1.000000000000000E+00,1.000000000000000E+00))) REPRESENTATION_ITEM('') SURFACE());
#5049 = CARTESIAN_POINT('', (-7.950467766214693E+00,-1.873492693007165E+00,1.825487228791463E+02));
#5050 = CARTESIAN_POINT('', (-8.239992099752865E+00,-2.318776694887442E+00,1.832635649459029E+02));
#5051 = CARTESIAN_POINT('', (-9.015099901580417E+00,-2.593419313833242E+00,1.838476376376894E+02));
#5052 = CARTESIAN_POINT('', (-1.000011576320165E+01,-2.697984634568940E+00,1.842846324374369E+02));
#5053 = (BOUNDED_CURVE() B_SPLINE_CURVE(3,(#5049,#5050,#5051,#5052),.UNSPECIFIED.,.F.,.F.) B_SPLINE_CURVE_WITH_KNOTS((4,4),(0.000000000000000E+00,1.000000000000000E+00),.UNSPECIFIED.) CURVE() GEOMETRIC_REPRESENTATION_ITEM() RATIONAL_B_SPLINE_CURVE((1.000000000000000E+00,1.000000000000000E+00,1.000000000000000E+00,1.000000000000000E+00)) REPRESENTATION_ITEM(''));
#5054 = EDGE_CURVE('', #4769, #3769, #5053, .T.);
#5055 = ORIENTED_EDGE('', *,*, #5054, .F.);
#5056 = ORIENTED_EDGE('', *,*, #3775, .F.);
#5057 = ORIENTED_EDGE('', *,*, #1349, .T.);
#5058 = ORIENTED_EDGE('', *,*, #4775, .T.);
#5059 = EDGE_LOOP('', (#5055,#5056,#5057,#5058));
#5060 = FACE_OUTER_BOUND('', #5059, .T.);
#5061 = ADVANCED_FACE('', (#5060), #5048, .F.);
#5062 = CARTESIAN_POINT('', (-9.271857314944793E+00,-4.656028389471365E+00,1.683121726783601E+02));
#5063 = CARTESIAN_POINT('', (-9.536221532085545E+00,-5.053904122084903E+00,1.686555671773588E+02));
#5064 = CARTESIAN_POINT('', (-9.682111813015986E+00,-5.517575666716416E+00,1.690272963096763E+02));
#5065 = CARTESIAN_POINT('', (-9.779525376166363E+00,-6.032702811706603E+00,1.693793550517729E+02));
#5066 = CARTESIAN_POINT('', (-9.876938939316739E+00,-6.547829956696788E+00,1.697314137938695E+02));
#5067 = CARTESIAN_POINT('', (-9.925875784687047E+00,-7.114412702045644E+00,1.700638021457452E+02));
#5068 = CARTESIAN_POINT('', (-9.996333130707532E+00,-7.718110836093870E+00,1.703285150838605E+02));
#5069 = CARTESIAN_POINT('', (-8.086887431726565E+00,-4.693608098420601E+00,1.649662315068926E+02));
#5070 = CARTESIAN_POINT('', (-8.980036677724522E+00,-5.825998218055726E+00,1.652931940737516E+02));
#5071 = CARTESIAN_POINT('', (-9.999088007251084E+00,-6.900821357877894E+00,1.655780586004936E+02));
#5072 = CARTESIAN_POINT('', (-9.940975282805834E+00,-7.977867289235437E+00,1.658852452103937E+02));
#5073 = CARTESIAN_POINT('', (-9.882862558360586E+00,-9.054913220592981E+00,1.661924318202939E+02));
#5074 = CARTESIAN_POINT('', (-9.920601734573710E+00,-9.001754822795963E+00,1.675434679329823E+02));
#5075 = CARTESIAN_POINT('', (-1.005206401555295E+01,-8.669830208826971E+00,1.691521809568992E+02));
#5076 = CARTESIAN_POINT('', (-7.009252722733151E+00,-4.717348075965299E+00,1.619608584556694E+02));
#5077 = CARTESIAN_POINT('', (-7.470385226741555E+00,-5.102779705464714E+00,1.626647348303151E+02));
#5078 = CARTESIAN_POINT('', (-7.597193288078887E+00,-5.602355749152303E+00,1.633726535214821E+02));
#5079 = CARTESIAN_POINT('', (-8.293472098596794E+00,-5.887271877083953E+00,1.642870943225065E+02));
#5080 = CARTESIAN_POINT('', (-8.989750909114703E+00,-6.172188005015603E+00,1.652015351235308E+02));
#5081 = CARTESIAN_POINT('', (-9.465005281224501E+00,-6.986297533351830E+00,1.656359395058734E+02));
#5082 = CARTESIAN_POINT('', (-9.891830379380623E+00,-7.938171095567784E+00,1.659483152400786E+02));
#5083 = CARTESIAN_POINT('', (-6.077035377713681E+00,-4.713845942650035E+00,1.591005911039812E+02));
#5084 = CARTESIAN_POINT('', (-6.404395307912394E+00,-5.314232576302631E+00,1.595976882251916E+02));
#5085 = CARTESIAN_POINT('', (-6.962622082515660E+00,-5.845815271680232E+00,1.601109136957436E+02));
#5086 = CARTESIAN_POINT('', (-7.702807514580056E+00,-6.354107116405899E+00,1.606328141202683E+02));
#5087 = CARTESIAN_POINT('', (-8.442992946644452E+00,-6.862398961131566E+00,1.611547145447930E+02));
#5088 = CARTESIAN_POINT('', (-9.223456231274715E+00,-7.490977084436346E+00,1.615517625266430E+02));
#5089 = CARTESIAN_POINT('', (-9.984071046485980E+00,-8.158839470548561E+00,1.619139882335601E+02));
#5090 = CARTESIAN_POINT('', (-5.144818032694213E+00,-4.710343809334772E+00,1.562403237522929E+02));
#5091 = CARTESIAN_POINT('', (-5.338405389083234E+00,-5.525685447140548E+00,1.565306416200680E+02));
#5092 = CARTESIAN_POINT('', (-6.328050876952433E+00,-6.089274794208161E+00,1.568491738700051E+02));
#5093 = CARTESIAN_POINT('', (-7.112142930563317E+00,-6.820942355727845E+00,1.569785339180301E+02));
#5094 = CARTESIAN_POINT('', (-7.896234984174202E+00,-7.552609917247529E+00,1.571078939660551E+02));
#5095 = CARTESIAN_POINT('', (-8.981907181324930E+00,-7.995656635520862E+00,1.574675855474126E+02));
#5096 = CARTESIAN_POINT('', (-1.007631171359134E+01,-8.379507845529339E+00,1.578796612270417E+02));
#5097 = CARTESIAN_POINT('', (-4.358018051648687E+00,-4.679599565159549E+00,1.535251621001395E+02));
#5098 = CARTESIAN_POINT('', (-5.197660980331845E+00,-5.327177732291977E+00,1.536188101160552E+02));
#5099 = CARTESIAN_POINT('', (-6.027924248084914E+00,-5.955125564040583E+00,1.536100851413615E+02));
#5100 = CARTESIAN_POINT('', (-7.045147079488169E+00,-6.456165794332577E+00,1.537650629424352E+02));
#5101 = CARTESIAN_POINT('', (-8.062369910891425E+00,-6.957206024624571E+00,1.539200407435090E+02));
#5102 = CARTESIAN_POINT('', (-9.027097381590913E+00,-7.566658888819627E+00,1.539681675878079E+02));
#5103 = CARTESIAN_POINT('', (-9.999250446723693E+00,-8.197305531303911E+00,1.539981404081376E+02));
#5104 = CARTESIAN_POINT('', (-3.754717624326236E+00,-4.608210830668943E+00,1.507596437268115E+02));
#5105 = CARTESIAN_POINT('', (-4.813699378991771E+00,-5.186446146270986E+00,1.506859625868051E+02));
#5106 = CARTESIAN_POINT('', (-5.661588274779287E+00,-5.848320449736999E+00,1.506610070816905E+02));
#5107 = CARTESIAN_POINT('', (-6.710179138925820E+00,-6.421038710860254E+00,1.506112606218728E+02));
#5108 = CARTESIAN_POINT('', (-7.758770003072353E+00,-6.993756971983510E+00,1.505615141620551E+02));
#5109 = CARTESIAN_POINT('', (-8.888201983921007E+00,-7.556988891760779E+00,1.504556532299752E+02));
#5110 = CARTESIAN_POINT('', (-1.001773810219076E+01,-8.126516085427689E+00,1.503423440122825E+02));
#5111 = CARTESIAN_POINT('', (-3.151417197003785E+00,-4.536822096178335E+00,1.479941253534835E+02));
#5112 = CARTESIAN_POINT('', (-4.429737777651698E+00,-5.045714560249994E+00,1.477531150575550E+02));
#5113 = CARTESIAN_POINT('', (-5.295252301473659E+00,-5.741515335433414E+00,1.477119290220196E+02));
#5114 = CARTESIAN_POINT('', (-6.375211198363471E+00,-6.385911627387932E+00,1.474574583013104E+02));
#5115 = CARTESIAN_POINT('', (-7.455170095253282E+00,-7.030307919342450E+00,1.472029875806012E+02));
#5116 = CARTESIAN_POINT('', (-8.749306586251103E+00,-7.547318894701930E+00,1.469431388721425E+02));
#5117 = CARTESIAN_POINT('', (-1.003622575765783E+01,-8.055726639551468E+00,1.466865476164273E+02));
#5118 = CARTESIAN_POINT('', (-2.731616323404409E+00,-4.424788871372346E+00,1.451782502589809E+02));
#5119 = CARTESIAN_POINT('', (-2.506730882180619E+00,-5.659978628701491E+00,1.454940763889421E+02));
#5120 = CARTESIAN_POINT('', (-3.969942287402005E+00,-6.212997936144786E+00,1.451252312864973E+02));
#5121 = CARTESIAN_POINT('', (-5.407651528267031E+00,-6.784705662888576E+00,1.447977552477694E+02));
#5122 = CARTESIAN_POINT('', (-6.845360769132056E+00,-7.356413389632365E+00,1.444702792090415E+02));
#5123 = CARTESIAN_POINT('', (-8.411333596444223E+00,-7.921681608827851E+00,1.440128218222320E+02));
#5124 = CARTESIAN_POINT('', (-9.978875099997492E+00,-8.492415560054383E+00,1.435588633869382E+02));
#5125 = CARTESIAN_POINT('', (-2.533397193277237E+00,-4.258708776795549E+00,1.421165560225941E+02));
#5126 = CARTESIAN_POINT('', (-3.386503790184435E+00,-4.919126148068855E+00,1.422115699599594E+02));
#5127 = CARTESIAN_POINT('', (-4.519831973286252E+00,-5.521235003154812E+00,1.420988653531420E+02));
#5128 = CARTESIAN_POINT('', (-5.814917032953185E+00,-6.053810422233924E+00,1.419398597790471E+02));
#5129 = CARTESIAN_POINT('', (-7.110002092620118E+00,-6.586385841313035E+00,1.417808542049522E+02));
#5130 = CARTESIAN_POINT('', (-8.551169979900859E+00,-7.068850693898327E+00,1.415534389835692E+02));
#5131 = CARTESIAN_POINT('', (-9.993755429456122E+00,-7.552151064313994E+00,1.413263427414032E+02));
#5132 = CARTESIAN_POINT('', (-2.335178063150065E+00,-4.092628682218753E+00,1.390548617862074E+02));
#5133 = CARTESIAN_POINT('', (-4.266276698188253E+00,-4.178273667436218E+00,1.389290635309767E+02));
#5134 = CARTESIAN_POINT('', (-5.069721659170498E+00,-4.829472070164838E+00,1.390724994197867E+02));
#5135 = CARTESIAN_POINT('', (-6.222182537639338E+00,-5.322915181579272E+00,1.390819643103249E+02));
#5136 = CARTESIAN_POINT('', (-7.374643416108179E+00,-5.816358292993705E+00,1.390914292008630E+02));
#5137 = CARTESIAN_POINT('', (-8.691006363357493E+00,-6.216019778968803E+00,1.390940561449064E+02));
#5138 = CARTESIAN_POINT('', (-1.000863575891475E+01,-6.611886568573604E+00,1.390938220958681E+02));
#5139 = CARTESIAN_POINT('', (-2.358540676495096E+00,-3.872501717871151E+00,1.357473484079366E+02));
#5140 = CARTESIAN_POINT('', (-2.686174581837791E+00,-4.766863531100538E+00,1.359514189232105E+02));
#5141 = CARTESIAN_POINT('', (-4.018461124081828E+00,-5.075715155739741E+00,1.360388517605745E+02));
#5142 = CARTESIAN_POINT('', (-5.447339588240856E+00,-5.293513112929931E+00,1.362213174886847E+02));
#5143 = CARTESIAN_POINT('', (-6.876218052399883E+00,-5.511311070120122E+00,1.364037832167948E+02));
#5144 = CARTESIAN_POINT('', (-8.470004314195466E+00,-5.624394978359178E+00,1.365919566965587E+02));
#5145 = CARTESIAN_POINT('', (-1.006390625431659E+01,-5.738247461329774E+00,1.367823685106478E+02));
#5146 = CARTESIAN_POINT('', (-2.641567223061462E+00,-3.584925504297320E+00,1.319985534670722E+02));
#5147 = CARTESIAN_POINT('', (-2.877787253876775E+00,-4.568565054704235E+00,1.322842028148763E+02));
#5148 = CARTESIAN_POINT('', (-4.177143271087040E+00,-4.920383676239418E+00,1.325837643419582E+02));
#5149 = CARTESIAN_POINT('', (-5.549270556628063E+00,-5.212609122293559E+00,1.328998206604981E+02));
#5150 = CARTESIAN_POINT('', (-6.921397842169085E+00,-5.504834568347700E+00,1.332158769790381E+02));
#5151 = CARTESIAN_POINT('', (-8.480900991698778E+00,-5.672044310457736E+00,1.335392209189367E+02));
#5152 = CARTESIAN_POINT('', (-1.003790666831916E+01,-5.839499002780562E+00,1.338623980889098E+02));
#5153 = CARTESIAN_POINT('', (-2.924593769627828E+00,-3.297349290723488E+00,1.282497585262078E+02));
#5154 = CARTESIAN_POINT('', (-3.069399925915760E+00,-4.370266578307932E+00,1.286169867065420E+02));
#5155 = CARTESIAN_POINT('', (-4.335825418092253E+00,-4.765052196739094E+00,1.291286769233418E+02));
#5156 = CARTESIAN_POINT('', (-5.651201525015271E+00,-5.131705131657186E+00,1.295783238323116E+02));
#5157 = CARTESIAN_POINT('', (-6.966577631938288E+00,-5.498358066575277E+00,1.300279707412815E+02));
#5158 = CARTESIAN_POINT('', (-8.491797669202093E+00,-5.719693642556294E+00,1.304864851413147E+02));
#5159 = CARTESIAN_POINT('', (-1.001190708232173E+01,-5.940750544231351E+00,1.309424276671718E+02));
#5160 = CARTESIAN_POINT('', (-3.013339141609821E+00,-3.118896793889269E+00,1.246509728359456E+02));
#5161 = CARTESIAN_POINT('', (-4.784946952912422E+00,-3.405861875880574E+00,1.252192271701760E+02));
#5162 = CARTESIAN_POINT('', (-5.283136092216501E+00,-4.337780410070902E+00,1.256470018658137E+02));
#5163 = CARTESIAN_POINT('', (-6.341858171529749E+00,-4.831595275720876E+00,1.261472937625718E+02));
#5164 = CARTESIAN_POINT('', (-7.400580250842998E+00,-5.325410141370851E+00,1.266475856593299E+02));
#5165 = CARTESIAN_POINT('', (-8.688850138063406E+00,-5.614579875120033E+00,1.271584938785245E+02));
#5166 = CARTESIAN_POINT('', (-9.985345109233140E+00,-5.907446786462197E+00,1.276723044056616E+02));
#5167 = CARTESIAN_POINT('', (-2.996425853487733E+00,-2.988734199162561E+00,1.211585164380106E+02));
#5168 = CARTESIAN_POINT('', (-3.515403479376391E+00,-3.750973556271097E+00,1.215952552625015E+02));
#5169 = CARTESIAN_POINT('', (-4.518016603392303E+00,-4.397543258168491E+00,1.220865289009531E+02));
#5170 = CARTESIAN_POINT('', (-5.760075164253021E+00,-4.854462113345059E+00,1.226011140479534E+02));
#5171 = CARTESIAN_POINT('', (-7.002133725113739E+00,-5.311380968521627E+00,1.231156991949537E+02));
#5172 = CARTESIAN_POINT('', (-8.486196324647601E+00,-5.595472043938489E+00,1.236503409675758E+02));
#5173 = CARTESIAN_POINT('', (-9.970350947475090E+00,-5.879628104080914E+00,1.241848389282853E+02));
#5174 = CARTESIAN_POINT('', (-2.979512565365645E+00,-2.858571604435854E+00,1.176660600400756E+02));
#5175 = CARTESIAN_POINT('', (-2.245860005840360E+00,-4.096085236661620E+00,1.179712833548271E+02));
#5176 = CARTESIAN_POINT('', (-3.752897114568106E+00,-4.457306106266079E+00,1.185260559360925E+02));
#5177 = CARTESIAN_POINT('', (-5.178292156976292E+00,-4.877328950969241E+00,1.190549343333350E+02));
#5178 = CARTESIAN_POINT('', (-6.603687199384479E+00,-5.297351795672403E+00,1.195838127305774E+02));
#5179 = CARTESIAN_POINT('', (-8.283542511231795E+00,-5.576364212756946E+00,1.201421880566272E+02));
#5180 = CARTESIAN_POINT('', (-9.955356785717038E+00,-5.851809421699631E+00,1.206973734509089E+02));
#5181 = CARTESIAN_POINT('', (-2.856940617139477E+00,-2.776698911816658E+00,1.142799329344679E+02));
#5182 = CARTESIAN_POINT('', (-3.849071246158620E+00,-3.456545750803111E+00,1.147482135041827E+02));
#5183 = CARTESIAN_POINT('', (-4.576599652972682E+00,-4.292009984963964E+00,1.151595149396079E+02));
#5184 = CARTESIAN_POINT('', (-5.768322150542273E+00,-4.780437081825563E+00,1.156333119436193E+02));
#5185 = CARTESIAN_POINT('', (-6.960044648111865E+00,-5.268864178687163E+00,1.161071089476307E+02));
#5186 = CARTESIAN_POINT('', (-8.456972759762250E+00,-5.557734971461677E+00,1.166029838875123E+02));
#5187 = CARTESIAN_POINT('', (-9.957093606168067E+00,-5.846376034474804E+00,1.171004431520031E+02));
#5188 = CARTESIAN_POINT('', (-2.717332523289520E+00,-2.682282306672874E+00,1.109564551629127E+02));
#5189 = CARTESIAN_POINT('', (-3.680440906937894E+00,-3.471619358064208E+00,1.113594123002260E+02));
#5190 = CARTESIAN_POINT('', (-4.396322478706308E+00,-4.314263466867937E+00,1.117529535667214E+02));
#5191 = CARTESIAN_POINT('', (-5.625932064632855E+00,-4.801001107563559E+00,1.121661930444016E+02));
#5192 = CARTESIAN_POINT('', (-6.855541650559402E+00,-5.287738748259182E+00,1.125794325220817E+02));
#5193 = CARTESIAN_POINT('', (-8.405747137869820E+00,-5.565020458722840E+00,1.130058518532261E+02));
#5194 = CARTESIAN_POINT('', (-9.957644729330051E+00,-5.846759235303658E+00,1.134327540487003E+02));
#5195 = CARTESIAN_POINT('', (-2.577724429439564E+00,-2.587865701529090E+00,1.076329773913575E+02));
#5196 = CARTESIAN_POINT('', (-3.511810567717168E+00,-3.486692965325305E+00,1.079706110962694E+02));
#5197 = CARTESIAN_POINT('', (-4.216045304439934E+00,-4.336516948771910E+00,1.083463921938349E+02));
#5198 = CARTESIAN_POINT('', (-5.483541978723436E+00,-4.821565133301555E+00,1.086990741451838E+02));
#5199 = CARTESIAN_POINT('', (-6.751038653006939E+00,-5.306613317831200E+00,1.090517560965328E+02));
#5200 = CARTESIAN_POINT('', (-8.354521515977391E+00,-5.572305945984002E+00,1.094087198189399E+02));
#5201 = CARTESIAN_POINT('', (-9.958195852492034E+00,-5.847142436132511E+00,1.097650649453976E+02));
#5202 = CARTESIAN_POINT('', (-2.421080189965820E+00,-2.480905183860718E+00,1.043721489538548E+02));
#5203 = CARTESIAN_POINT('', (-1.616801637282901E+00,-3.421642495597337E+00,1.046599048009100E+02));
#5204 = CARTESIAN_POINT('', (-3.274756709205867E+00,-3.966685946375822E+00,1.049229018132158E+02));
#5205 = CARTESIAN_POINT('', (-4.803745317930614E+00,-4.503851539922779E+00,1.052144430983508E+02));
#5206 = CARTESIAN_POINT('', (-6.332733926655362E+00,-5.041017133469738E+00,1.055059843834859E+02));
#5207 = CARTESIAN_POINT('', (-8.149742714798126E+00,-5.460056028012246E+00,1.058023111214979E+02));
#5208 = CARTESIAN_POINT('', (-9.959422205935354E+00,-5.873069533599000E+00,1.060992042668962E+02));
#5209 = CARTESIAN_POINT('', (-2.336022319348581E+00,-2.300566939035658E+00,1.011302898921298E+02));
#5210 = CARTESIAN_POINT('', (-2.841291849929533E+00,-3.085250669311238E+00,1.013291951655101E+02));
#5211 = CARTESIAN_POINT('', (-3.895708775693050E+00,-3.740771083387973E+00,1.015708202414198E+02));
#5212 = CARTESIAN_POINT('', (-5.258739927130895E+00,-4.340325312328083E+00,1.018000799246276E+02));
#5213 = CARTESIAN_POINT('', (-6.621771078568741E+00,-4.939879541268192E+00,1.020293396078355E+02));
#5214 = CARTESIAN_POINT('', (-8.290975622680971E+00,-5.465520713569813E+00,1.022504455437470E+02));
#5215 = CARTESIAN_POINT('', (-9.961047289492694E+00,-5.987583865247672E+00,1.024709026408170E+02));
#5216 = CARTESIAN_POINT('', (-2.250964448731342E+00,-2.120228694210597E+00,9.788843083040470E+01));
#5217 = CARTESIAN_POINT('', (-4.065782062576164E+00,-2.748858843025139E+00,9.799848553011026E+01));
#5218 = CARTESIAN_POINT('', (-4.516660842180233E+00,-3.514856220400125E+00,9.821873866962375E+01));
#5219 = CARTESIAN_POINT('', (-5.713734536331176E+00,-4.176799084733386E+00,9.838571675090438E+01));
#5220 = CARTESIAN_POINT('', (-6.910808230482120E+00,-4.838741949066647E+00,9.855269483218500E+01));
#5221 = CARTESIAN_POINT('', (-8.432208530563814E+00,-5.470985399127379E+00,9.869857996599625E+01));
#5222 = CARTESIAN_POINT('', (-9.962672373050035E+00,-6.102098196896343E+00,9.884260101473777E+01));
#5223 = CARTESIAN_POINT('', (-2.237492946970608E+00,-1.866512722228849E+00,9.466554114445734E+01));
#5224 = CARTESIAN_POINT('', (-2.102313303603395E+00,-2.656037236850218E+00,9.496149020254073E+01));
#5225 = CARTESIAN_POINT('', (-3.471177423606310E+00,-3.352454026966771E+00,9.505743800091642E+01));
#5226 = CARTESIAN_POINT('', (-4.947866969643856E+00,-4.073635229582827E+00,9.513827852039114E+01));
#5227 = CARTESIAN_POINT('', (-6.424556515681402E+00,-4.794816432198882E+00,9.521911903986587E+01));
#5228 = CARTESIAN_POINT('', (-8.192800058116324E+00,-5.498866506867616E+00,9.526725862347807E+01));
#5229 = CARTESIAN_POINT('', (-9.956582726436505E+00,-6.206030358430701E+00,9.531798351527290E+01));
#5230 = CARTESIAN_POINT('', (-2.384230328546671E+00,-1.478585208458312E+00,9.141794087601284E+01));
#5231 = CARTESIAN_POINT('', (-2.186552259977253E+00,-2.305489915423347E+00,9.169884467093250E+01));
#5232 = CARTESIAN_POINT('', (-3.536060109953512E+00,-3.078716032483936E+00,9.177091275682959E+01));
#5233 = CARTESIAN_POINT('', (-4.993848540782141E+00,-3.846365792329472E+00,9.182769170526993E+01));
#5234 = CARTESIAN_POINT('', (-6.451636971610769E+00,-4.614015552175008E+00,9.188447065371027E+01));
#5235 = CARTESIAN_POINT('', (-8.223150663618210E+00,-5.366590389018086E+00,9.190536035610253E+01));
#5236 = CARTESIAN_POINT('', (-9.990790007866721E+00,-6.118263574530136E+00,9.192845221391195E+01));
#5237 = CARTESIAN_POINT('', (-2.530967710122735E+00,-1.090657694687775E+00,8.817034060756833E+01));
#5238 = CARTESIAN_POINT('', (-2.270791216351110E+00,-1.954942593996478E+00,8.843619913932427E+01));
#5239 = CARTESIAN_POINT('', (-3.600942796300715E+00,-2.804978038001102E+00,8.848438751274276E+01));
#5240 = CARTESIAN_POINT('', (-5.039830111920425E+00,-3.619096355076118E+00,8.851710489014872E+01));
#5241 = CARTESIAN_POINT('', (-6.478717427540136E+00,-4.433214672151133E+00,8.854982226755466E+01));
#5242 = CARTESIAN_POINT('', (-8.253501269120093E+00,-5.234314271168555E+00,8.854346208872700E+01));
#5243 = CARTESIAN_POINT('', (-1.002499728929694E+01,-6.030496790629571E+00,8.853892091255101E+01));
#5244 = CARTESIAN_POINT('', (-2.570166111830031E+00,-8.233910141952938E-01,8.491007376273690E+01));
#5245 = CARTESIAN_POINT('', (-4.264846993682742E+00,-1.759050117901200E+00,8.496903156870178E+01));
#5246 = CARTESIAN_POINT('', (-4.506993688940027E+00,-2.634007583897762E+00,8.514842473560375E+01));
#5247 = CARTESIAN_POINT('', (-5.674668111782986E+00,-3.544110180113519E+00,8.525591944748064E+01));
#5248 = CARTESIAN_POINT('', (-6.842342534625945E+00,-4.454212776329276E+00,8.536341415935750E+01));
#5249 = CARTESIAN_POINT('', (-8.417288800532249E+00,-5.369574732656386E+00,8.543522770895142E+01));
#5250 = CARTESIAN_POINT('', (-1.000222789381241E+01,-6.286831380213316E+00,8.550197497712438E+01));
#5251 = CARTESIAN_POINT('', (-2.547536140715107E+00,-6.321515867487326E-01,8.164661415200516E+01));
#5252 = CARTESIAN_POINT('', (-2.684571945576621E+00,-1.399349013126201E+00,8.188863589613649E+01));
#5253 = CARTESIAN_POINT('', (-3.677260616844447E+00,-2.307984301013871E+00,8.216008547720483E+01));
#5254 = CARTESIAN_POINT('', (-5.055288943738868E+00,-3.221330023687894E+00,8.241066647114816E+01));
#5255 = CARTESIAN_POINT('', (-6.433317270633288E+00,-4.134675746361919E+00,8.266124746509149E+01));
#5256 = CARTESIAN_POINT('', (-8.212191588910448E+00,-5.058108380817504E+00,8.289532316477380E+01));
#5257 = CARTESIAN_POINT('', (-9.991281535494542E+00,-5.982498093399960E+00,8.312725777235767E+01));
#5258 = CARTESIAN_POINT('', (-2.524906169600182E+00,-4.409121593021715E-01,7.838315454127343E+01));
#5259 = CARTESIAN_POINT('', (-1.104296897470502E+00,-1.039647908351201E+00,7.880824022357120E+01));
#5260 = CARTESIAN_POINT('', (-2.847527544748868E+00,-1.981961018129979E+00,7.917174621880589E+01));
#5261 = CARTESIAN_POINT('', (-4.435909775694750E+00,-2.898549867262270E+00,7.956541349481569E+01));
#5262 = CARTESIAN_POINT('', (-6.024292006640631E+00,-3.815138716394561E+00,7.995908077082548E+01));
#5263 = CARTESIAN_POINT('', (-8.007094377288647E+00,-4.746642028978621E+00,8.035541862059618E+01));
#5264 = CARTESIAN_POINT('', (-9.980335177176670E+00,-5.678164806586604E+00,8.075254056759094E+01));
#5265 = CARTESIAN_POINT('', (-2.440447825663037E+00,-3.256999849015305E-01,7.511650216464137E+01));
#5266 = CARTESIAN_POINT('', (-3.117019533348714E+00,-1.129063612809182E+00,7.566784102923724E+01));
#5267 = CARTESIAN_POINT('', (-3.668547984428210E+00,-1.939949775946851E+00,7.624241158030918E+01));
#5268 = CARTESIAN_POINT('', (-5.006785128629317E+00,-2.562684822056999E+00,7.680628810483350E+01));
#5269 = CARTESIAN_POINT('', (-6.345022272830424E+00,-3.185419868167147E+00,7.737016462935782E+01));
#5270 = CARTESIAN_POINT('', (-8.205556082890670E+00,-3.638182973149128E+00,7.795438455453433E+01));
#5271 = CARTESIAN_POINT('', (-1.006843927569901E+01,-4.077430074782788E+00,7.854334930511504E+01));
#5272 = CARTESIAN_POINT('', (-2.339871715950216E+00,-2.418814833146743E-01,7.185613083259568E+01));
#5273 = CARTESIAN_POINT('', (-2.972521901026639E+00,-1.084885569705809E+00,7.243427830563094E+01));
#5274 = CARTESIAN_POINT('', (-3.524832509845846E+00,-1.929718375583912E+00,7.301736366520157E+01));
#5275 = CARTESIAN_POINT('', (-4.879670388660311E+00,-2.550993347746038E+00,7.364812068127817E+01));
#5276 = CARTESIAN_POINT('', (-6.234508267474776E+00,-3.172268319908164E+00,7.427887769735477E+01));
#5277 = CARTESIAN_POINT('', (-8.134501794060704E+00,-3.552789753387923E+00,7.494393350478325E+01));
#5278 = CARTESIAN_POINT('', (-1.003581946432998E+01,-3.938758818769638E+00,7.561058773284304E+01));
#5279 = CARTESIAN_POINT('', (-2.239295606237395E+00,-1.580629817278181E-01,6.859575950055000E+01));
#5280 = CARTESIAN_POINT('', (-2.828024268704565E+00,-1.040707526602435E+00,6.920071558202464E+01));
#5281 = CARTESIAN_POINT('', (-3.381117035263483E+00,-1.919486975220973E+00,6.979231575009395E+01));
#5282 = CARTESIAN_POINT('', (-4.752555648691304E+00,-2.539301873435077E+00,7.048995325772285E+01));
#5283 = CARTESIAN_POINT('', (-6.123994262119127E+00,-3.159116771649181E+00,7.118759076535174E+01));
#5284 = CARTESIAN_POINT('', (-8.063447505230739E+00,-3.467396533626718E+00,7.193348245503218E+01));
#5285 = CARTESIAN_POINT('', (-1.000319965296096E+01,-3.800087562756488E+00,7.267782616057106E+01));
#5286 = CARTESIAN_POINT('', (-2.122601730748898E+00,-1.056381529547467E-01,6.534166921309064E+01));
#5287 = CARTESIAN_POINT('', (-6.388410915616626E-01,-5.476092762185883E-01,6.563339965088676E+01));
#5288 = CARTESIAN_POINT('', (-2.380487355566991E+00,-1.608891106799171E+00,6.639013300331975E+01));
#5289 = CARTESIAN_POINT('', (-4.032464328797028E+00,-2.313881938571314E+00,6.711696869604332E+01));
#5290 = CARTESIAN_POINT('', (-5.684441302027064E+00,-3.018872770343457E+00,6.784380438876688E+01));
#5291 = CARTESIAN_POINT('', (-7.832383455231312E+00,-3.474622241507038E+00,6.862733200223848E+01));
#5292 = CARTESIAN_POINT('', (-9.971169717710644E+00,-3.908755894166397E+00,6.940824500233273E+01));
#5293 = CARTESIAN_POINT('', (-2.035500696531272E+00,-3.997341676332467E-02,6.210333378070428E+01));
#5294 = CARTESIAN_POINT('', (-2.023762547397874E+00,-8.024325223763056E-01,6.258051469567829E+01));
#5295 = CARTESIAN_POINT('', (-2.952889501483804E+00,-1.755772322061504E+00,6.321484586958702E+01));
#5296 = CARTESIAN_POINT('', (-4.430703543514528E+00,-2.445134344682907E+00,6.389624214238408E+01));
#5297 = CARTESIAN_POINT('', (-5.908517585545252E+00,-3.134496367304308E+00,6.457763841518114E+01));
#5298 = CARTESIAN_POINT('', (-7.936322757233548E+00,-3.522600590867894E+00,6.531189962802115E+01));
#5299 = CARTESIAN_POINT('', (-9.963339737851733E+00,-3.908064655325644E+00,6.604520786559114E+01));
#5300 = CARTESIAN_POINT('', (-1.948399662313645E+00,2.569131942809730E-02,5.886499834831792E+01));
#5301 = CARTESIAN_POINT('', (-3.408684003234085E+00,-1.057255768534023E+00,5.952762974046983E+01));
#5302 = CARTESIAN_POINT('', (-3.525291647400616E+00,-1.902653537323838E+00,6.003955873585431E+01));
#5303 = CARTESIAN_POINT('', (-4.828942758232028E+00,-2.576386750794499E+00,6.067551558872486E+01));
#5304 = CARTESIAN_POINT('', (-6.132593869063440E+00,-3.250119964265160E+00,6.131147244159541E+01));
#5305 = CARTESIAN_POINT('', (-8.040262059235785E+00,-3.570578940228749E+00,6.199646725380383E+01));
#5306 = CARTESIAN_POINT('', (-9.955509757992822E+00,-3.907373416484890E+00,6.268217072884954E+01));
#5307 = CARTESIAN_POINT('', (-1.890891469366890E+00,1.045959630378698E-01,5.564241777100454E+01));
#5308 = CARTESIAN_POINT('', (-1.316138141975452E+00,-5.744504763517555E-01,5.609586661160252E+01));
#5309 = CARTESIAN_POINT('', (-2.650793081702606E+00,-1.582969463240321E+00,5.671724289857027E+01));
#5310 = CARTESIAN_POINT('', (-4.218929099707482E+00,-2.309872836097210E+00,5.734396513986251E+01));
#5311 = CARTESIAN_POINT('', (-5.787065117712360E+00,-3.036776208954098E+00,5.797068738115475E+01));
#5312 = CARTESIAN_POINT('', (-7.870811030304201E+00,-3.479501814659051E+00,5.863805698276084E+01));
#5313 = CARTESIAN_POINT('', (-9.957509448923069E+00,-3.895214162239632E+00,5.930504403773717E+01));
#5314 = CARTESIAN_POINT('', (-1.908686724737549E+00,2.413740942981283E-01,5.244506585925079E+01));
#5315 = CARTESIAN_POINT('', (-1.312069597536501E+00,-4.927814805746005E-01,5.287533605905919E+01));
#5316 = CARTESIAN_POINT('', (-2.614824174195179E+00,-1.579391666928667E+00,5.346080756510257E+01));
#5317 = CARTESIAN_POINT('', (-4.183551705224581E+00,-2.328264274693522E+00,5.405882026114687E+01));
#5318 = CARTESIAN_POINT('', (-5.752279236253984E+00,-3.077136882458378E+00,5.465683295719117E+01));
#5319 = CARTESIAN_POINT('', (-7.856056548319067E+00,-3.494347471416711E+00,5.528843454841039E+01));
#5320 = CARTESIAN_POINT('', (-9.957295140868572E+00,-3.898859599016761E+00,5.591960915097099E+01));
#5321 = CARTESIAN_POINT('', (-1.926481980108210E+00,3.781522255583867E-01,4.924771394749705E+01));
#5322 = CARTESIAN_POINT('', (-1.308001053097551E+00,-4.111124847974454E-01,4.965480550651585E+01));
#5323 = CARTESIAN_POINT('', (-2.578855266687752E+00,-1.575813870617014E+00,5.020437223163487E+01));
#5324 = CARTESIAN_POINT('', (-4.148174310741680E+00,-2.346655713289836E+00,5.077367538243123E+01));
#5325 = CARTESIAN_POINT('', (-5.717493354795608E+00,-3.117497555962658E+00,5.134297853322759E+01));
#5326 = CARTESIAN_POINT('', (-7.841302066333935E+00,-3.509193128174370E+00,5.193881211405994E+01));
#5327 = CARTESIAN_POINT('', (-9.957080832814075E+00,-3.902505035793890E+00,5.253417426420481E+01));
#5328 = CARTESIAN_POINT('', (-2.276361697370896E+00,4.205118853674752E-01,4.603662194140288E+01));
#5329 = CARTESIAN_POINT('', (-3.485849659489005E+00,-8.157833879495594E-01,4.656005217735090E+01));
#5330 = CARTESIAN_POINT('', (-3.582170009954511E+00,-1.730836060288252E+00,4.703318345830701E+01));
#5331 = CARTESIAN_POINT('', (-4.851355540700101E+00,-2.483679557336860E+00,4.754855622670966E+01));
#5332 = CARTESIAN_POINT('', (-6.120541071445692E+00,-3.236523054385468E+00,4.806392899511232E+01));
#5333 = CARTESIAN_POINT('', (-8.031332202590729E+00,-3.577601683811644E+00,4.860571415703357E+01));
#5334 = CARTESIAN_POINT('', (-9.957146312076418E+00,-3.918234989556173E+00,4.914849424200062E+01));
#5335 = CARTESIAN_POINT('', (-2.709409907222337E+00,4.136291722228557E-01,4.284791237362761E+01));
#5336 = CARTESIAN_POINT('', (-2.607257070554057E+00,-4.796778718731219E-01,4.333233499351088E+01));
#5337 = CARTESIAN_POINT('', (-3.292278016927365E+00,-1.733032141461557E+00,4.378144307245185E+01));
#5338 = CARTESIAN_POINT('', (-4.653386428251867E+00,-2.476808486850309E+00,4.426682762398349E+01));
#5339 = CARTESIAN_POINT('', (-6.014494839576369E+00,-3.220584832239060E+00,4.475221217551513E+01));
#5340 = CARTESIAN_POINT('', (-7.986926518125806E+00,-3.578450604201111E+00,4.525871280825288E+01));
#5341 = CARTESIAN_POINT('', (-9.956189761883932E+00,-3.939957111352618E+00,4.576512866306350E+01));
#5342 = CARTESIAN_POINT('', (-3.142458117073779E+00,4.067464590782361E-01,3.965920280585232E+01));
#5343 = CARTESIAN_POINT('', (-1.728664481619109E+00,-1.435723557966843E-01,4.010461780967085E+01));
#5344 = CARTESIAN_POINT('', (-3.002386023900218E+00,-1.735228222634861E+00,4.052970268659669E+01));
#5345 = CARTESIAN_POINT('', (-4.455417315803633E+00,-2.469937416363757E+00,4.098509902125731E+01));
#5346 = CARTESIAN_POINT('', (-5.908448607707046E+00,-3.204646610092652E+00,4.144049535591793E+01));
#5347 = CARTESIAN_POINT('', (-7.942520833660883E+00,-3.579299524590577E+00,4.191171145947219E+01));
#5348 = CARTESIAN_POINT('', (-9.955233211691446E+00,-3.961679233149065E+00,4.238176308412638E+01));
#5349 = CARTESIAN_POINT('', (-3.658674819513976E+00,3.506213729799085E-01,3.649287567639593E+01));
#5350 = CARTESIAN_POINT('', (-3.825674741912294E+00,-5.955216369381829E-01,3.690511368541637E+01));
#5351 = CARTESIAN_POINT('', (-4.125404895644016E+00,-1.585149815878966E+00,3.732130588435510E+01));
#5352 = CARTESIAN_POINT('', (-5.291407103250048E+00,-2.320669176813570E+00,3.774078781634458E+01));
#5353 = CARTESIAN_POINT('', (-6.457409310856079E+00,-3.056188537748175E+00,3.816026974833406E+01));
#5354 = CARTESIAN_POINT('', (-8.209531415878114E+00,-3.516846360890790E+00,3.858376488967365E+01));
#5355 = CARTESIAN_POINT('', (-9.958259218338988E+00,-3.981563896588171E+00,3.900468240491285E+01));
#5356 = CARTESIAN_POINT('', (-4.009144045239658E+00,2.904300124253349E-01,3.338505351791770E+01));
#5357 = CARTESIAN_POINT('', (-4.237313304443052E+00,-5.671480430149396E-01,3.380072534987114E+01));
#5358 = CARTESIAN_POINT('', (-4.617279789421803E+00,-1.448480756421450E+00,3.419321750920138E+01));
#5359 = CARTESIAN_POINT('', (-5.709400274951812E+00,-2.171507174543211E+00,3.456428154957788E+01));
#5360 = CARTESIAN_POINT('', (-6.801520760481822E+00,-2.894533592664973E+00,3.493534558995439E+01));
#5361 = CARTESIAN_POINT('', (-8.379120633560962E+00,-3.448133641570300E+00,3.528461819170457E+01));
#5362 = CARTESIAN_POINT('', (-9.961540264607464E+00,-3.998084310466672E+00,3.563484971347278E+01));
#5363 = CARTESIAN_POINT('', (-4.359613270965340E+00,2.302386518707613E-01,3.027723135943947E+01));
#5364 = CARTESIAN_POINT('', (-4.648951866973809E+00,-5.387744490916961E-01,3.069633701432591E+01));
#5365 = CARTESIAN_POINT('', (-5.109154683199589E+00,-1.311811696963934E+00,3.106512913404766E+01));
#5366 = CARTESIAN_POINT('', (-6.127393446653577E+00,-2.022345172272852E+00,3.138777528281120E+01));
#5367 = CARTESIAN_POINT('', (-7.145632210107565E+00,-2.732878647581771E+00,3.171042143157473E+01));
#5368 = CARTESIAN_POINT('', (-8.548709851243812E+00,-3.379420922249811E+00,3.198547149373548E+01));
#5369 = CARTESIAN_POINT('', (-9.964821310875939E+00,-4.014604724345173E+00,3.226501702203272E+01));
#5370 = CARTESIAN_POINT('', (-4.544335019976509E+00,1.659810168599417E-01,2.722791417193940E+01));
#5371 = CARTESIAN_POINT('', (-3.708160826630139E+00,-6.035037346457635E-01,2.775138970546590E+01));
#5372 = CARTESIAN_POINT('', (-4.953787991545841E+00,-1.338629376132607E+00,2.803224351046769E+01));
#5373 = CARTESIAN_POINT('', (-6.044116007289401E+00,-2.034143463925620E+00,2.825180707394776E+01));
#5374 = CARTESIAN_POINT('', (-7.134444023032961E+00,-2.729657551718632E+00,2.847137063742783E+01));
#5375 = CARTESIAN_POINT('', (-8.565186214049369E+00,-3.386484788853259E+00,2.868711445828996E+01));
#5376 = CARTESIAN_POINT('', (-9.971127097121261E+00,-4.035331331410550E+00,2.890283292046766E+01));
#5377 = CARTESIAN_POINT('', (-4.314393322969890E+00,1.428332058903379E-01,2.427322448807679E+01));
#5378 = CARTESIAN_POINT('', (-4.387989325641533E+00,-5.657811212423985E-01,2.466507614293823E+01));
#5379 = CARTESIAN_POINT('', (-5.289827344572126E+00,-1.400183097508272E+00,2.484570665771477E+01));
#5380 = CARTESIAN_POINT('', (-6.399707319190528E+00,-2.122498811092072E+00,2.506069584035831E+01));
#5381 = CARTESIAN_POINT('', (-7.509587293808929E+00,-2.844814524675872E+00,2.527568502300184E+01));
#5382 = CARTESIAN_POINT('', (-8.749491145964763E+00,-3.455374767664947E+00,2.541694937232856E+01));
#5383 = CARTESIAN_POINT('', (-9.979416319636794E+00,-4.065296942156765E+00,2.554878398573727E+01));
#5384 = CARTESIAN_POINT('', (-4.084451625963272E+00,1.196853949207342E-01,2.131853480421417E+01));
#5385 = CARTESIAN_POINT('', (-5.067817824652928E+00,-5.280585078390336E-01,2.157876258041057E+01));
#5386 = CARTESIAN_POINT('', (-5.625866697598412E+00,-1.461736818883937E+00,2.165916980496186E+01));
#5387 = CARTESIAN_POINT('', (-6.755298631091655E+00,-2.210854158258525E+00,2.186958460676886E+01));
#5388 = CARTESIAN_POINT('', (-7.884730564584897E+00,-2.959971497633113E+00,2.207999940857586E+01));
#5389 = CARTESIAN_POINT('', (-8.933796077880157E+00,-3.524264746476635E+00,2.214678428636716E+01));
#5390 = CARTESIAN_POINT('', (-9.987705542152325E+00,-4.095262552902979E+00,2.219473505100687E+01));
#5391 = CARTESIAN_POINT('', (-3.439846482938869E+00,1.376474079923465E-01,1.845847262398902E+01));
#5392 = CARTESIAN_POINT('', (-5.172512060202775E+00,-1.573843429064869E+00,1.846858949021003E+01));
#5393 = CARTESIAN_POINT('', (-6.818380450589313E+00,-2.172640506117731E+00,1.913143397824378E+01));
#5394 = CARTESIAN_POINT('', (-7.462131466740289E+00,-2.531787833001680E+00,1.890819869224030E+01));
#5395 = CARTESIAN_POINT('', (-8.105882482891266E+00,-2.890935159885628E+00,1.868496340623683E+01));
#5396 = CARTESIAN_POINT('', (-8.964207679649576E+00,-3.445220099010676E+00,1.865640758364236E+01));
#5397 = CARTESIAN_POINT('', (-9.990658427545918E+00,-4.103432753963681E+00,1.885169674427939E+01));
#5398 = CARTESIAN_POINT('', (-2.131661924593409E+00,2.418953436026366E-01,1.572916048006060E+01));
#5399 = CARTESIAN_POINT('', (-2.007527975485015E+00,-8.166489829233122E-01,1.634772674027914E+01));
#5400 = CARTESIAN_POINT('', (-4.709537724313337E+00,-1.493430755180441E+00,1.594295502859839E+01));
#5401 = CARTESIAN_POINT('', (-5.898633151333591E+00,-2.093733394844152E+00,1.576004817471929E+01));
#5402 = CARTESIAN_POINT('', (-7.087728578353845E+00,-2.694036034507863E+00,1.557714132084019E+01));
#5403 = CARTESIAN_POINT('', (-8.586621216642927E+00,-3.384174412978643E+00,1.563637942043009E+01));
#5404 = CARTESIAN_POINT('', (-9.999244839789720E+00,-4.018811518920865E+00,1.552037441179987E+01));
#5405 = (BOUNDED_SURFACE() B_SPLINE_SURFACE(3,3, ((#5062,#5063,#5064,#5065,#5066,#5067,#5068),(#5069,#5070,#5071,#5072,#5073,#5074,#5075),(#5076,#5077,#5078,#5079,#5080,#5081,#5082),(#5083,#5084,#5085,#5086,#5087,#5088,#5089),(#5090,#5091,#5092,#5093,#5094,#5095,#5096),(#5097,#5098,#5099,#5100,#5101,#5102,#5103),(#5104,#5105,#5106,#5107,#5108,#5109,#5110),(#5111,#5112,#5113,#5114,#5115,#5116,#5117),(#5118,#5119,#5120,#5121,#5122,#5123,#5124),(#5125,#5126,#5127,#5128,#5129,#5130,#5131),(#5132,#5133,#5134,#5135,#5136,#5137,#5138),(#5139,#5140,#5141,#5142,#5143,#5144,#5145),(#5146,#5147,#5148,#5149,#5150,#5151,#5152),(#5153,#5154,#5155,#5156,#5157,#5158,#5159),(#5160,#5161,#5162,#5163,#5164,#5165,#5166),(#5167,#5168,#5169,#5170,#5171,#5172,#5173),(#5174,#5175,#5176,#5177,#5178,#5179,#5180),(#5181,#5182,#5183,#5184,#5185,#5186,#5187),(#5188,#5189,#5190,#5191,#5192,#5193,#5194),(#5195,#5196,#5197,#5198,#5199,#5200,#5201),(#5202,#5203,#5204,#5205,#5206,#5207,#5208),(#5209,#5210,#5211,#5212,#5213,#5214,#5215),(#5216,#5217,#5218,#5219,#5220,#5221,#5222),(#5223,#5224,#5225,#5226,#5227,#5228,#5229),(#5230,#5231,#5232,#5233,#5234,#5235,#5236),(#5237,#5238,#5239,#5240,#5241,#5242,#5243),(#5244,#5245,#5246,#5247,#5248,#5249,#5250),(#5251,#5252,#5253,#5254,#5255,#5256,#5257),(#5258,#5259,#5260,#5261,#5262,#5263,#5264),(#5265,#5266,#5267,#5268,#5269,#5270,#5271),(#5272,#5273,#5274,#5275,#5276,#5277,#5278),(#5279,#5280,#5281,#5282,#5283,#5284,#5285),(#5286,#5287,#5288,#5289,#5290,#5291,#5292),(#5293,#5294,#5295,#5296,#5297,#5298,#5299),(#5300,#5301,#5302,#5303,#5304,#5305,#5306),(#5307,#5308,#5309,#5310,#5311,#5312,#5313),(#5314,#5315,#5316,#5317,#5318,#5319,#5320),(#5321,#5322,#5323,#5324,#5325,#5326,#5327),(#5328,#5329,#5330,#5331,#5332,#5333,#5334),(#5335,#5336,#5337,#5338,#5339,#5340,#5341),(#5342,#5343,#5344,#5345,#5346,#5347,#5348),(#5349,#5350,#5351,#5352,#5353,#5354,#5355),(#5356,#5357,#5358,#5359,#5360,#5361,#5362),(#5363,#5364,#5365,#5366,#5367,#5368,#5369),(#5370,#5371,#5372,#5373,#5374,#5375,#5376),(#5377,#5378,#5379,#5380,#5381,#5382,#5383),(#5384,#5385,#5386,#5387,#5388,#5389,#5390),(#5391,#5392,#5393,#5394,#5395,#5396,#5397),(#5398,#5399,#5400,#5401,#5402,#5403,#5404)), .UNSPECIFIED., .F., .F., .T. )  B_SPLINE_SURFACE_WITH_KNOTS((4,3,3,3,3,3,3,3,3,3,3,3,3,3,3,3,4), (4,3,4), (0.000000000000000E+00,6.250000000000000E-02,1.250000000000000E-01,1.875000000000000E-01,2.500000000000000E-01,3.125000000000000E-01,3.750000000000000E-01,4.375000000000000E-01,5.000000000000000E-01,5.625000000000000E-01,6.250000000000000E-01,6.875000000000000E-01,7.500000000000000E-01,8.125000000000000E-01,8.750000000000000E-01,9.375000000000000E-01,1.000000000000000E+00), (0.000000000000000E+00,5.000000000000000E-01,1.000000000000000E+00), .UNSPECIFIED.)GEOMETRIC_REPRESENTATION_ITEM() RATIONAL_B_SPLINE_SURFACE( ((1.000000000000000E+00,1.000000000000000E+00,1.000000000000000E+00,1.000000000000000E+00,1.000000000000000E+00,1.000000000000000E+00,1.000000000000000E+00),(1.000000000000000E+00,1.000000000000000E+00,1.000000000000000E+00,1.000000000000000E+00,1.000000000000000E+00,1.000000000000000E+00,1.000000000000000E+00),(1.000000000000000E+00,1.000000000000000E+00,1.000000000000000E+00,1.000000000000000E+00,1.000000000000000E+00,1.000000000000000E+00,1.000000000000000E+00),(1.000000000000000E+00,1.000000000000000E+00,1.000000000000000E+00,1.000000000000000E+00,1.000000000000000E+00,1.000000000000000E+00,1.000000000000000E+00),(1.000000000000000E+00,1.000000000000000E+00,1.000000000000000E+00,1.000000000000000E+00,1.000000000000000E+00,1.000000000000000E+00,1.000000000000000E+00),(1.000000000000000E+00,1.000000000000000E+00,1.000000000000000E+00,1.000000000000000E+00,1.000000000000000E+00,1.000000000000000E+00,1.000000000000000E+00),(1.000000000000000E+00,1.000000000000000E+00,1.000000000000000E+00,1.000000000000000E+00,1.000000000000000E+00,1.000000000000000E+00,1.000000000000000E+00),(1.000000000000000E+00,1.000000000000000E+00,1.000000000000000E+00,1.000000000000000E+00,1.000000000000000E+00,1.000000000000000E+00,1.000000000000000E+00),(1.000000000000000E+00,1.000000000000000E+00,1.000000000000000E+00,1.000000000000000E+00,1.000000000000000E+00,1.000000000000000E+00,1.000000000000000E+00),(1.000000000000000E+00,1.000000000000000E+00,1.000000000000000E+00,1.000000000000000E+00,1.000000000000000E+00,1.000000000000000E+00,1.000000000000000E+00),(1.000000000000000E+00,1.000000000000000E+00,1.000000000000000E+00,1.000000000000000E+00,1.000000000000000E+00,1.000000000000000E+00,1.000000000000000E+00),(1.000000000000000E+00,1.000000000000000E+00,1.000000000000000E+00,1.000000000000000E+00,1.000000000000000E+00,1.000000000000000E+00,1.000000000000000E+00),(1.000000000000000E+00,1.000000000000000E+00,1.000000000000000E+00,1.000000000000000E+00,1.000000000000000E+00,1.000000000000000E+00,1.000000000000000E+00),(1.000000000000000E+00,1.000000000000000E+00,1.000000000000000E+00,1.000000000000000E+00,1.000000000000000E+00,1.000000000000000E+00,1.000000000000000E+00),(1.000000000000000E+00,1.000000000000000E+00,1.000000000000000E+00,1.000000000000000E+00,1.000000000000000E+00,1.000000000000000E+00,1.000000000000000E+00),(1.000000000000000E+00,1.000000000000000E+00,1.000000000000000E+00,1.000000000000000E+00,1.000000000000000E+00,1.000000000000000E+00,1.000000000000000E+00),(1.000000000000000E+00,1.000000000000000E+00,1.000000000000000E+00,1.000000000000000E+00,1.000000000000000E+00,1.000000000000000E+00,1.000000000000000E+00),(1.000000000000000E+00,1.000000000000000E+00,1.000000000000000E+00,1.000000000000000E+00,1.000000000000000E+00,1.000000000000000E+00,1.000000000000000E+00),(1.000000000000000E+00,1.000000000000000E+00,1.000000000000000E+00,1.000000000000000E+00,1.000000000000000E+00,1.000000000000000E+00,1.000000000000000E+00),(1.000000000000000E+00,1.000000000000000E+00,1.000000000000000E+00,1.000000000000000E+00,1.000000000000000E+00,1.000000000000000E+00,1.000000000000000E+00),(1.000000000000000E+00,1.000000000000000E+00,1.000000000000000E+00,1.000000000000000E+00,1.000000000000000E+00,1.000000000000000E+00,1.000000000000000E+00),(1.000000000000000E+00,1.000000000000000E+00,1.000000000000000E+00,1.000000000000000E+00,1.000000000000000E+00,1.000000000000000E+00,1.000000000000000E+00),(1.000000000000000E+00,1.000000000000000E+00,1.000000000000000E+00,1.000000000000000E+00,1.000000000000000E+00,1.000000000000000E+00,1.000000000000000E+00),(1.000000000000000E+00,1.000000000000000E+00,1.000000000000000E+00,1.000000000000000E+00,1.000000000000000E+00,1.000000000000000E+00,1.000000000000000E+00),(1.000000000000000E+00,1.000000000000000E+00,1.000000000000000E+00,1.000000000000000E+00,1.000000000000000E+00,1.000000000000000E+00,1.000000000000000E+00),(1.000000000000000E+00,1.000000000000000E+00,1.000000000000000E+00,1.000000000000000E+00,1.000000000000000E+00,1.000000000000000E+00,1.000000000000000E+00),(1.000000000000000E+00,1.000000000000000E+00,1.000000000000000E+00,1.000000000000000E+00,1.000000000000000E+00,1.000000000000000E+00,1.000000000000000E+00),(1.000000000000000E+00,1.000000000000000E+00,1.000000000000000E+00,1.000000000000000E+00,1.000000000000000E+00,1.000000000000000E+00,1.000000000000000E+00),(1.000000000000000E+00,1.000000000000000E+00,1.000000000000000E+00,1.000000000000000E+00,1.000000000000000E+00,1.000000000000000E+00,1.000000000000000E+00),(1.000000000000000E+00,1.000000000000000E+00,1.000000000000000E+00,1.000000000000000E+00,1.000000000000000E+00,1.000000000000000E+00,1.000000000000000E+00),(1.000000000000000E+00,1.000000000000000E+00,1.000000000000000E+00,1.000000000000000E+00,1.000000000000000E+00,1.000000000000000E+00,1.000000000000000E+00),(1.000000000000000E+00,1.000000000000000E+00,1.000000000000000E+00,1.000000000000000E+00,1.000000000000000E+00,1.000000000000000E+00,1.000000000000000E+00),(1.000000000000000E+00,1.000000000000000E+00,1.000000000000000E+00,1.000000000000000E+00,1.000000000000000E+00,1.000000000000000E+00,1.000000000000000E+00),(1.000000000000000E+00,1.000000000000000E+00,1.000000000000000E+00,1.000000000000000E+00,1.000000000000000E+00,1.000000000000000E+00,1.000000000000000E+00),(1.000000000000000E+00,1.000000000000000E+00,1.000000000000000E+00,1.000000000000000E+00,1.000000000000000E+00,1.000000000000000E+00,1.000000000000000E+00),(1.000000000000000E+00,1.000000000000000E+00,1.000000000000000E+00,1.000000000000000E+00,1.000000000000000E+00,1.000000000000000E+00,1.000000000000000E+00),(1.000000000000000E+00,1.000000000000000E+00,1.000000000000000E+00,1.000000000000000E+00,1.000000000000000E+00,1.000000000000000E+00,1.000000000000000E+00),(1.000000000000000E+00,1.000000000000000E+00,1.000000000000000E+00,1.000000000000000E+00,1.000000000000000E+00,1.000000000000000E+00,1.000000000000000E+00),(1.000000000000000E+00,1.000000000000000E+00,1.000000000000000E+00,1.000000000000000E+00,1.000000000000000E+00,1.000000000000000E+00,1.000000000000000E+00),(1.000000000000000E+00,1.000000000000000E+00,1.000000000000000E+00,1.000000000000000E+00,1.000000000000000E+00,1.000000000000000E+00,1.000000000000000E+00),(1.000000000000000E+00,1.000000000000000E+00,1.000000000000000E+00,1.000000000000000E+00,1.000000000000000E+00,1.000000000000000E+00,1.000000000000000E+00),(1.000000000000000E+00,1.000000000000000E+00,1.000000000000000E+00,1.000000000000000E+00,1.000000000000000E+00,1.000000000000000E+00,1.000000000000000E+00),(1.000000000000000E+00,1.000000000000000E+00,1.000000000000000E+00,1.000000000000000E+00,1.000000000000000E+00,1.000000000000000E+00,1.000000000000000E+00),(1.000000000000000E+00,1.000000000000000E+00,1.000000000000000E+00,1.000000000000000E+00,1.000000000000000E+00,1.000000000000000E+00,1.000000000000000E+00),(1.000000000000000E+00,1.000000000000000E+00,1.000000000000000E+00,1.000000000000000E+00,1.000000000000000E+00,1.000000000000000E+00,1.000000000000000E+00),(1.000000000000000E+00,1.000000000000000E+00,1.000000000000000E+00,1.000000000000000E+00,1.000000000000000E+00,1.000000000000000E+00,1.000000000000000E+00),(1.000000000000000E+00,1.000000000000000E+00,1.000000000000000E+00,1.000000000000000E+00,1.000000000000000E+00,1.000000000000000E+00,1.000000000000000E+00),(1.000000000000000E+00,1.000000000000000E+00,1.000000000000000E+00,1.000000000000000E+00,1.000000000000000E+00,1.000000000000000E+00,1.000000000000000E+00),(1.000000000000000E+00,1.000000000000000E+00,1.000000000000000E+00,1.000000000000000E+00,1.000000000000000E+00,1.000000000000000E+00,1.000000000000000E+00))) REPRESENTATION_ITEM('') SURFACE());
#5406 = CARTESIAN_POINT('', (-9.271857314944793E+00,-4.656028389471365E+00,1.683121726783601E+02));
#5407 = VERTEX_POINT('', #5406);
#5408 = CARTESIAN_POINT('', (-2.131661924593409E+00,2.418953436026366E-01,1.572916048006060E+01));
#5409 = VERTEX_POINT('', #5408);
#5410 = CARTESIAN_POINT('', (-9.271857314944793E+00,-4.656028389471365E+00,1.683121726783601E+02));
#5411 = CARTESIAN_POINT('', (-4.531977782071879E+00,-4.806347225268309E+00,1.549284079924901E+02));
#5412 = CARTESIAN_POINT('', (-1.509461036795999E+00,-4.735230358592644E+00,1.469937332305298E+02));
#5413 = CARTESIAN_POINT('', (-2.641567223061462E+00,-3.584925504297320E+00,1.319985534670722E+02));
#5414 = CARTESIAN_POINT('', (-3.773673409326925E+00,-2.434620650001995E+00,1.170033737036147E+02));
#5415 = CARTESIAN_POINT('', (-1.797280802242418E+00,-3.030295263540459E+00,1.044083419497908E+02));
#5416 = CARTESIAN_POINT('', (-2.384230328546671E+00,-1.478585208458312E+00,9.141794087601284E+01));
#5417 = CARTESIAN_POINT('', (-2.971179854850925E+00,7.312484662383534E-02,7.842753980223483E+01));
#5418 = CARTESIAN_POINT('', (-1.837505703254910E+00,-3.057384307429055E-01,6.523447350626579E+01));
#5419 = CARTESIAN_POINT('', (-1.908686724737549E+00,2.413740942981283E-01,5.244506585925079E+01));
#5420 = CARTESIAN_POINT('', (-1.979867746220189E+00,7.884866193391621E-01,3.965565821223580E+01));
#5421 = CARTESIAN_POINT('', (-7.364400157975247E+00,-1.750963988385239E-01,2.664640905577426E+01));
#5422 = CARTESIAN_POINT('', (-2.131661924593409E+00,2.418953436026366E-01,1.572916048006060E+01));
#5423 = (BOUNDED_CURVE() B_SPLINE_CURVE(3,(#5410,#5411,#5412,#5413,#5414,#5415,#5416,#5417,#5418,#5419,#5420,#5421,#5422),.UNSPECIFIED.,.F.,.F.) B_SPLINE_CURVE_WITH_KNOTS((4,3,3,3,4),(0.000000000000000E+00,2.500000000000000E-01,5.000000000000000E-01,7.500000000000000E-01,1.000000000000000E+00),.UNSPECIFIED.) CURVE() GEOMETRIC_REPRESENTATION_ITEM() RATIONAL_B_SPLINE_CURVE((1.000000000000000E+00,1.000000000000000E+00,1.000000000000000E+00,1.000000000000000E+00,1.000000000000000E+00,1.000000000000000E+00,1.000000000000000E+00,1.000000000000000E+00,1.000000000000000E+00,1.000000000000000E+00,1.000000000000000E+00,1.000000000000000E+00,1.000000000000000E+00)) REPRESENTATION_ITEM(''));
#5424 = EDGE_CURVE('', #5407, #5409, #5423, .T.);
#5425 = ORIENTED_EDGE('', *,*, #5424, .F.);
#5426 = CARTESIAN_POINT('', (-2.131661924593409E+00,2.418953436026366E-01,1.572916048006060E+01));
#5427 = CARTESIAN_POINT('', (-2.007527975485015E+00,-8.166489829233122E-01,1.634772674027914E+01));
#5428 = CARTESIAN_POINT('', (-4.709537724313337E+00,-1.493430755180441E+00,1.594295502859839E+01));
#5429 = CARTESIAN_POINT('', (-5.898633151333591E+00,-2.093733394844152E+00,1.576004817471929E+01));
#5430 = CARTESIAN_POINT('', (-7.087728578353845E+00,-2.694036034507863E+00,1.557714132084019E+01));
#5431 = CARTESIAN_POINT('', (-8.586621216642927E+00,-3.384174412978643E+00,1.563637942043009E+01));
#5432 = CARTESIAN_POINT('', (-9.999244839789720E+00,-4.018811518920865E+00,1.552037441179987E+01));
#5433 = (BOUNDED_CURVE() B_SPLINE_CURVE(3,(#5426,#5427,#5428,#5429,#5430,#5431,#5432),.UNSPECIFIED.,.F.,.F.) B_SPLINE_CURVE_WITH_KNOTS((4,3,4),(0.000000000000000E+00,5.000000000000000E-01,1.000000000000000E+00),.UNSPECIFIED.) CURVE() GEOMETRIC_REPRESENTATION_ITEM() RATIONAL_B_SPLINE_CURVE((1.000000000000000E+00,1.000000000000000E+00,1.000000000000000E+00,1.000000000000000E+00,1.000000000000000E+00,1.000000000000000E+00,1.000000000000000E+00)) REPRESENTATION_ITEM(''));
#5434 = EDGE_CURVE('', #5409, #3680, #5433, .T.);
#5435 = ORIENTED_EDGE('', *,*, #5434, .F.);
#5436 = ORIENTED_EDGE('', *,*, #3731, .T.);
#5437 = CARTESIAN_POINT('', (-9.271857314944793E+00,-4.656028389471365E+00,1.683121726783601E+02));
#5438 = CARTESIAN_POINT('', (-9.800585749226297E+00,-5.451779854698441E+00,1.689989616763575E+02));
#5439 = CARTESIAN_POINT('', (-9.855418438666563E+00,-6.510714567997420E+00,1.697990892076299E+02));
#5440 = CARTESIAN_POINT('', (-9.996333130707532E+00,-7.718110836093870E+00,1.703285150838605E+02));
#5441 = (BOUNDED_CURVE() B_SPLINE_CURVE(3,(#5437,#5438,#5439,#5440),.UNSPECIFIED.,.F.,.F.) B_SPLINE_CURVE_WITH_KNOTS((4,4),(0.000000000000000E+00,1.000000000000000E+00),.UNSPECIFIED.) CURVE() GEOMETRIC_REPRESENTATION_ITEM() RATIONAL_B_SPLINE_CURVE((1.000000000000000E+00,1.000000000000000E+00,1.000000000000000E+00,1.000000000000000E+00)) REPRESENTATION_ITEM(''));
#5442 = EDGE_CURVE('', #5407, #3668, #5441, .T.);
#5443 = ORIENTED_EDGE('', *,*, #5442, .T.);
#5444 = EDGE_LOOP('', (#5425,#5435,#5436,#5443));
#5445 = FACE_OUTER_BOUND('', #5444, .T.);
#5446 = ADVANCED_FACE('', (#5445), #5405, .F.);
#5447 = CARTESIAN_POINT('', (-9.271857314944793E+00,-4.656028389471365E+00,1.683121726783601E+02));
#5448 = CARTESIAN_POINT('', (-4.531977782071879E+00,-4.806347225268309E+00,1.549284079924901E+02));
#5449 = CARTESIAN_POINT('', (-1.509461036795999E+00,-4.735230358592644E+00,1.469937332305298E+02));
#5450 = CARTESIAN_POINT('', (-2.641567223061462E+00,-3.584925504297320E+00,1.319985534670722E+02));
#5451 = CARTESIAN_POINT('', (-3.773673409326925E+00,-2.434620650001995E+00,1.170033737036147E+02));
#5452 = CARTESIAN_POINT('', (-1.797280802242418E+00,-3.030295263540459E+00,1.044083419497908E+02));
#5453 = CARTESIAN_POINT('', (-2.384230328546671E+00,-1.478585208458312E+00,9.141794087601284E+01));
#5454 = CARTESIAN_POINT('', (-2.971179854850925E+00,7.312484662383534E-02,7.842753980223483E+01));
#5455 = CARTESIAN_POINT('', (-1.837505703254910E+00,-3.057384307429055E-01,6.523447350626579E+01));
#5456 = CARTESIAN_POINT('', (-1.908686724737549E+00,2.413740942981283E-01,5.244506585925079E+01));
#5457 = CARTESIAN_POINT('', (-1.979867746220189E+00,7.884866193391621E-01,3.965565821223580E+01));
#5458 = CARTESIAN_POINT('', (-7.364400157975247E+00,-1.750963988385239E-01,2.664640905577426E+01));
#5459 = CARTESIAN_POINT('', (-2.131661924593409E+00,2.418953436026366E-01,1.572916048006060E+01));
#5460 = CARTESIAN_POINT('', (-9.110572285352799E+00,-3.746969370561652E+00,1.687637811858966E+02));
#5461 = CARTESIAN_POINT('', (-4.012370957024402E+00,-3.101265316396618E+00,1.547179708974656E+02));
#5462 = CARTESIAN_POINT('', (-3.187041244773479E-01,-3.065563249040109E+00,1.482921004058585E+02));
#5463 = CARTESIAN_POINT('', (-2.138395330123944E+00,-1.944747808666621E+00,1.326599165508310E+02));
#5464 = CARTESIAN_POINT('', (-3.958086535770539E+00,-8.239323682931332E-01,1.170277326958036E+02));
#5465 = CARTESIAN_POINT('', (-1.557911180633462E+00,-1.825594349017674E+00,1.051439269647070E+02));
#5466 = CARTESIAN_POINT('', (-2.607569374548176E+00,-4.852983125942092E-01,9.189489473964839E+01));
#5467 = CARTESIAN_POINT('', (-3.657227568462890E+00,8.549977238292553E-01,7.864586251458974E+01));
#5468 = CARTESIAN_POINT('', (-2.373459704843083E+00,3.010181368258115E-01,6.556438032984778E+01));
#5469 = CARTESIAN_POINT('', (-2.464146058892978E+00,8.998653580895730E-01,5.273799357106147E+01));
#5470 = CARTESIAN_POINT('', (-2.554832412942872E+00,1.498712579353334E+00,3.991160681227515E+01));
#5471 = CARTESIAN_POINT('', (-7.255749052913498E+00,2.226803062495517E-01,2.698657822825084E+01));
#5472 = CARTESIAN_POINT('', (-2.439069254333513E+00,8.496331516527640E-01,1.585129546752001E+01));
#5473 = CARTESIAN_POINT('', (-9.173312071051317E+00,-2.816260424770301E+00,1.689913272513300E+02));
#5474 = CARTESIAN_POINT('', (-4.094141135776220E+00,-1.089453553129958E+00,1.542640701485650E+02));
#5475 = CARTESIAN_POINT('', (3.511264782141056E-01,-1.128561467599569E+00,1.496577083283158E+02));
#5476 = CARTESIAN_POINT('', (-1.718370577877643E+00,-2.513033318790263E-01,1.333239638015399E+02));
#5477 = CARTESIAN_POINT('', (-3.787867633969392E+00,6.259548038415159E-01,1.169902192747641E+02));
#5478 = CARTESIAN_POINT('', (-1.656175659355211E+00,-4.866379096711167E-01,1.059343002825984E+02));
#5479 = CARTESIAN_POINT('', (-2.894133354782661E+00,5.182526917829695E-01,9.237353460671392E+01));
#5480 = CARTESIAN_POINT('', (-4.132091050210111E+00,1.523143293237056E+00,7.881276893082948E+01));
#5481 = CARTESIAN_POINT('', (-3.158748703969897E+00,9.984740367284792E-01,6.593845919961433E+01));
#5482 = CARTESIAN_POINT('', (-3.078560543386721E+00,1.546770652303159E+00,5.304213777594061E+01));
#5483 = CARTESIAN_POINT('', (-2.998372382803546E+00,2.095067267877838E+00,4.014581635226689E+01));
#5484 = CARTESIAN_POINT('', (-7.258191240501132E+00,7.373563928940428E-01,2.735833314728503E+01));
#5485 = CARTESIAN_POINT('', (-3.043353861840922E+00,1.373738652523882E+00,1.590347759918568E+01));
#5486 = CARTESIAN_POINT('', (-9.191416555928551E+00,-1.700364493530727E+00,1.693262664946928E+02));
#5487 = CARTESIAN_POINT('', (-4.903281167921394E+00,8.166852329209707E-01,1.547290291957534E+02));
#5488 = CARTESIAN_POINT('', (3.733376315312275E-01,1.010156823064796E+00,1.498643777190895E+02));
#5489 = CARTESIAN_POINT('', (-1.955307419138884E+00,1.369566164471935E+00,1.336576256300891E+02));
#5490 = CARTESIAN_POINT('', (-4.283952469808995E+00,1.728975505879074E+00,1.174508735410887E+02));
#5491 = CARTESIAN_POINT('', (-1.790654371140207E+00,9.580413393391041E-01,1.065294823173519E+02));
#5492 = CARTESIAN_POINT('', (-3.363605970392999E+00,1.486262366076531E+00,9.277910965613867E+01));
#5493 = CARTESIAN_POINT('', (-4.936557569645791E+00,2.014483392813957E+00,7.902873699492548E+01));
#5494 = CARTESIAN_POINT('', (-3.598652209242726E+00,1.845301028768805E+00,6.633575382641996E+01));
#5495 = CARTESIAN_POINT('', (-3.796533608852625E+00,2.135968480328178E+00,5.335214124522889E+01));
#5496 = CARTESIAN_POINT('', (-3.994415008462525E+00,2.426635931887551E+00,4.036852866403781E+01));
#5497 = CARTESIAN_POINT('', (-6.853639719905821E+00,1.439254816441496E+00,2.774910655084273E+01));
#5498 = CARTESIAN_POINT('', (-3.792215167729094E+00,1.839775910660391E+00,1.592396330842608E+01));
#5499 = CARTESIAN_POINT('', (-9.209521040805784E+00,-5.844685622911533E-01,1.696612057380555E+02));
#5500 = CARTESIAN_POINT('', (-5.712421200066569E+00,2.722824018971899E+00,1.551939882429418E+02));
#5501 = CARTESIAN_POINT('', (3.955487848483493E-01,3.148875113729161E+00,1.500710471098632E+02));
#5502 = CARTESIAN_POINT('', (-2.192244260400124E+00,2.990435660822897E+00,1.339912874586382E+02));
#5503 = CARTESIAN_POINT('', (-4.780037305648597E+00,2.831996207916632E+00,1.179115278074132E+02));
#5504 = CARTESIAN_POINT('', (-1.925133082925203E+00,2.402720588349325E+00,1.071246643521054E+02));
#5505 = CARTESIAN_POINT('', (-3.833078586003337E+00,2.454272040370092E+00,9.318468470556343E+01));
#5506 = CARTESIAN_POINT('', (-5.741024089081471E+00,2.505823492390859E+00,7.924470505902147E+01));
#5507 = CARTESIAN_POINT('', (-4.038555714515555E+00,2.692128020809131E+00,6.673304845322559E+01));
#5508 = CARTESIAN_POINT('', (-4.514506674318530E+00,2.725166308353197E+00,5.366214471451717E+01));
#5509 = CARTESIAN_POINT('', (-4.990457634121505E+00,2.758204595897264E+00,4.059124097580874E+01));
#5510 = CARTESIAN_POINT('', (-6.449088199310510E+00,2.141153239988950E+00,2.813987995440044E+01));
#5511 = CARTESIAN_POINT('', (-4.541076473617266E+00,2.305813168796900E+00,1.594444901766649E+01));
#5512 = CARTESIAN_POINT('', (-9.208860790039083E+00,7.820946420383894E-01,1.701496072340072E+02));
#5513 = CARTESIAN_POINT('', (-5.990653658827727E+00,4.102704628691038E+00,1.573278339192677E+02));
#5514 = CARTESIAN_POINT('', (-1.582550845249219E+00,4.816289621040509E+00,1.483691722625456E+02));
#5515 = CARTESIAN_POINT('', (-3.174723042676482E+00,4.466261244550120E+00,1.339143776122818E+02));
#5516 = CARTESIAN_POINT('', (-4.766895240103745E+00,4.116232868059730E+00,1.194595829620179E+02));
#5517 = CARTESIAN_POINT('', (-3.146351978762121E+00,3.500306661525952E+00,1.070436635584202E+02));
#5518 = CARTESIAN_POINT('', (-4.551400980128363E+00,3.345086195542822E+00,9.348191387392009E+01));
#5519 = CARTESIAN_POINT('', (-5.956449981494604E+00,3.189865729559692E+00,7.992016418941996E+01));
#5520 = CARTESIAN_POINT('', (-4.936921346749675E+00,3.382819327063328E+00,6.679308230250656E+01));
#5521 = CARTESIAN_POINT('', (-5.355858240518450E+00,3.242577104123269E+00,5.396162594977654E+01));
#5522 = CARTESIAN_POINT('', (-5.774795134287225E+00,3.102334881183210E+00,4.113016959704652E+01));
#5523 = CARTESIAN_POINT('', (-6.336258129888662E+00,2.791803810183671E+00,2.823666229878756E+01));
#5524 = CARTESIAN_POINT('', (-5.434514477886200E+00,2.713782184198799E+00,1.593323830448163E+01));
#5525 = CARTESIAN_POINT('', (-9.345611709276591E+00,2.024593408198772E+00,1.703700969577808E+02));
#5526 = CARTESIAN_POINT('', (-5.828402363205687E+00,5.467679383738330E+00,1.592639909315207E+02));
#5527 = CARTESIAN_POINT('', (-4.606651828933553E+00,6.100137723278616E+00,1.468294464062959E+02));
#5528 = CARTESIAN_POINT('', (-4.379059095935503E+00,5.828447739170998E+00,1.338104920981033E+02));
#5529 = CARTESIAN_POINT('', (-4.151466362937454E+00,5.556757755063380E+00,1.207915377899106E+02));
#5530 = CARTESIAN_POINT('', (-4.918031431213486E+00,4.380919447307858E+00,1.071881736987501E+02));
#5531 = CARTESIAN_POINT('', (-5.377453290238918E+00,4.207412128255799E+00,9.374442854061823E+01));
#5532 = CARTESIAN_POINT('', (-5.836875149264350E+00,4.033904809203740E+00,8.030068338248640E+01));
#5533 = CARTESIAN_POINT('', (-6.112832397331556E+00,3.884622988835313E+00,6.719669688705963E+01));
#5534 = CARTESIAN_POINT('', (-6.253802470472606E+00,3.713588270045951E+00,5.427865981158192E+01));
#5535 = CARTESIAN_POINT('', (-6.394772543613657E+00,3.542553551256589E+00,4.136062273610421E+01));
#5536 = CARTESIAN_POINT('', (-6.400755441828551E+00,3.349765934046292E+00,2.862853508057557E+01));
#5537 = CARTESIAN_POINT('', (-6.320228601149357E+00,3.089247021310490E+00,1.592858760223998E+01));
#5538 = (BOUNDED_SURFACE() B_SPLINE_SURFACE(3,3, ((#5447,#5448,#5449,#5450,#5451,#5452,#5453,#5454,#5455,#5456,#5457,#5458,#5459),(#5460,#5461,#5462,#5463,#5464,#5465,#5466,#5467,#5468,#5469,#5470,#5471,#5472),(#5473,#5474,#5475,#5476,#5477,#5478,#5479,#5480,#5481,#5482,#5483,#5484,#5485),(#5486,#5487,#5488,#5489,#5490,#5491,#5492,#5493,#5494,#5495,#5496,#5497,#5498),(#5499,#5500,#5501,#5502,#5503,#5504,#5505,#5506,#5507,#5508,#5509,#5510,#5511),(#5512,#5513,#5514,#5515,#5516,#5517,#5518,#5519,#5520,#5521,#5522,#5523,#5524),(#5525,#5526,#5527,#5528,#5529,#5530,#5531,#5532,#5533,#5534,#5535,#5536,#5537)), .UNSPECIFIED., .F., .F., .T. )  B_SPLINE_SURFACE_WITH_KNOTS((4,3,4), (4,3,3,3,4), (0.000000000000000E+00,5.000000000000000E-01,1.000000000000000E+00), (0.000000000000000E+00,2.500000000000000E-01,5.000000000000000E-01,7.500000000000000E-01,1.000000000000000E+00), .UNSPECIFIED.)GEOMETRIC_REPRESENTATION_ITEM() RATIONAL_B_SPLINE_SURFACE( ((1.000000000000000E+00,1.000000000000000E+00,1.000000000000000E+00,1.000000000000000E+00,1.000000000000000E+00,1.000000000000000E+00,1.000000000000000E+00,1.000000000000000E+00,1.000000000000000E+00,1.000000000000000E+00,1.000000000000000E+00,1.000000000000000E+00,1.000000000000000E+00),(1.000000000000000E+00,1.000000000000000E+00,1.000000000000000E+00,1.000000000000000E+00,1.000000000000000E+00,1.000000000000000E+00,1.000000000000000E+00,1.000000000000000E+00,1.000000000000000E+00,1.000000000000000E+00,1.000000000000000E+00,1.000000000000000E+00,1.000000000000000E+00),(1.000000000000000E+00,1.000000000000000E+00,1.000000000000000E+00,1.000000000000000E+00,1.000000000000000E+00,1.000000000000000E+00,1.000000000000000E+00,1.000000000000000E+00,1.000000000000000E+00,1.000000000000000E+00,1.000000000000000E+00,1.000000000000000E+00,1.000000000000000E+00),(1.000000000000000E+00,1.000000000000000E+00,1.000000000000000E+00,1.000000000000000E+00,1.000000000000000E+00,1.000000000000000E+00,1.000000000000000E+00,1.000000000000000E+00,1.000000000000000E+00,1.000000000000000E+00,1.000000000000000E+00,1.000000000000000E+00,1.000000000000000E+00),(1.000000000000000E+00,1.000000000000000E+00,1.000000000000000E+00,1.000000000000000E+00,1.000000000000000E+00,1.000000000000000E+00,1.000000000000000E+00,1.000000000000000E+00,1.000000000000000E+00,1.000000000000000E+00,1.000000000000000E+00,1.000000000000000E+00,1.000000000000000E+00),(1.000000000000000E+00,1.000000000000000E+00,1.000000000000000E+00,1.000000000000000E+00,1.000000000000000E+00,1.000000000000000E+00,1.000000000000000E+00,1.000000000000000E+00,1.000000000000000E+00,1.000000000000000E+00,1.000000000000000E+00,1.000000000000000E+00,1.000000000000000E+00),(1.000000000000000E+00,1.000000000000000E+00,1.000000000000000E+00,1.000000000000000E+00,1.000000000000000E+00,1.000000000000000E+00,1.000000000000000E+00,1.000000000000000E+00,1.000000000000000E+00,1.000000000000000E+00,1.000000000000000E+00,1.000000000000000E+00,1.000000000000000E+00))) REPRESENTATION_ITEM('') SURFACE());
#5539 = CARTESIAN_POINT('', (-9.271857314944793E+00,-4.656028389471365E+00,1.683121726783601E+02));
#5540 = CARTESIAN_POINT('', (-9.110572285352799E+00,-3.746969370561652E+00,1.687637811858966E+02));
#5541 = CARTESIAN_POINT('', (-9.173312071051317E+00,-2.816260424770301E+00,1.689913272513300E+02));
#5542 = CARTESIAN_POINT('', (-9.191416555928551E+00,-1.700364493530727E+00,1.693262664946928E+02));
#5543 = CARTESIAN_POINT('', (-9.209521040805784E+00,-5.844685622911533E-01,1.696612057380555E+02));
#5544 = CARTESIAN_POINT('', (-9.208860790039083E+00,7.820946420383894E-01,1.701496072340072E+02));
#5545 = CARTESIAN_POINT('', (-9.345611709276591E+00,2.024593408198772E+00,1.703700969577808E+02));
#5546 = (BOUNDED_CURVE() B_SPLINE_CURVE(3,(#5539,#5540,#5541,#5542,#5543,#5544,#5545),.UNSPECIFIED.,.F.,.F.) B_SPLINE_CURVE_WITH_KNOTS((4,3,4),(0.000000000000000E+00,5.000000000000000E-01,1.000000000000000E+00),.UNSPECIFIED.) CURVE() GEOMETRIC_REPRESENTATION_ITEM() RATIONAL_B_SPLINE_CURVE((1.000000000000000E+00,1.000000000000000E+00,1.000000000000000E+00,1.000000000000000E+00,1.000000000000000E+00,1.000000000000000E+00,1.000000000000000E+00)) REPRESENTATION_ITEM(''));
#5547 = EDGE_CURVE('', #5407, #4720, #5546, .T.);
#5548 = ORIENTED_EDGE('', *,*, #5547, .F.);
#5549 = ORIENTED_EDGE('', *,*, #4746, .F.);
#5550 = CARTESIAN_POINT('', (-2.131661924593409E+00,2.418953436026366E-01,1.572916048006060E+01));
#5551 = CARTESIAN_POINT('', (-2.746476584073617E+00,1.457370959702891E+00,1.597343045497941E+01));
#5552 = CARTESIAN_POINT('', (-4.548800354623044E+00,2.338317347087109E+00,1.593788900672328E+01));
#5553 = CARTESIAN_POINT('', (-6.320228601149357E+00,3.089247021310490E+00,1.592858760223998E+01));
#5554 = (BOUNDED_CURVE() B_SPLINE_CURVE(3,(#5550,#5551,#5552,#5553),.UNSPECIFIED.,.F.,.F.) B_SPLINE_CURVE_WITH_KNOTS((4,4),(0.000000000000000E+00,1.000000000000000E+00),.UNSPECIFIED.) CURVE() GEOMETRIC_REPRESENTATION_ITEM() RATIONAL_B_SPLINE_CURVE((1.000000000000000E+00,1.000000000000000E+00,1.000000000000000E+00,1.000000000000000E+00)) REPRESENTATION_ITEM(''));
#5555 = EDGE_CURVE('', #5409, #4730, #5554, .T.);
#5556 = ORIENTED_EDGE('', *,*, #5555, .T.);
#5557 = ORIENTED_EDGE('', *,*, #5424, .T.);
#5558 = EDGE_LOOP('', (#5548,#5549,#5556,#5557));
#5559 = FACE_OUTER_BOUND('', #5558, .T.);
#5560 = ADVANCED_FACE('', (#5559), #5538, .F.);
#5561 = CARTESIAN_POINT('', (-9.271857314944793E+00,-4.656028389471365E+00,1.683121726783601E+02));
#5562 = CARTESIAN_POINT('', (-9.110572285352799E+00,-3.746969370561652E+00,1.687637811858966E+02));
#5563 = CARTESIAN_POINT('', (-9.173312071051317E+00,-2.816260424770301E+00,1.689913272513300E+02));
#5564 = CARTESIAN_POINT('', (-9.191416555928551E+00,-1.700364493530727E+00,1.693262664946928E+02));
#5565 = CARTESIAN_POINT('', (-9.209521040805784E+00,-5.844685622911533E-01,1.696612057380555E+02));
#5566 = CARTESIAN_POINT('', (-9.208860790039083E+00,7.820946420383894E-01,1.701496072340072E+02));
#5567 = CARTESIAN_POINT('', (-9.345611709276591E+00,2.024593408198772E+00,1.703700969577808E+02));
#5568 = CARTESIAN_POINT('', (-9.800585749226297E+00,-5.451779854698441E+00,1.689989616763575E+02));
#5569 = CARTESIAN_POINT('', (-9.510123488686556E+00,-4.400476979609197E+00,1.698130399918745E+02));
#5570 = CARTESIAN_POINT('', (-9.575771368062664E+00,-3.233116444242616E+00,1.700906620374435E+02));
#5571 = CARTESIAN_POINT('', (-9.529534880530154E+00,-1.904978446198444E+00,1.704791772431693E+02));
#5572 = CARTESIAN_POINT('', (-9.483298392997643E+00,-5.768404481542725E-01,1.708676924488952E+02));
#5573 = CARTESIAN_POINT('', (-9.492383677105197E+00,1.361952084501568E+00,1.715547790636830E+02));
#5574 = CARTESIAN_POINT('', (-9.749126044370609E+00,2.848039830420157E+00,1.714571807345370E+02));
#5575 = CARTESIAN_POINT('', (-9.855418438666563E+00,-6.510714567997420E+00,1.697990892076299E+02));
#5576 = CARTESIAN_POINT('', (-9.844413510445639E+00,-5.168216885687538E+00,1.713033513966044E+02));
#5577 = CARTESIAN_POINT('', (-9.761578912064932E+00,-3.634061147851848E+00,1.710721860867828E+02));
#5578 = CARTESIAN_POINT('', (-9.745981949438260E+00,-2.250667275991958E+00,1.713455375972275E+02));
#5579 = CARTESIAN_POINT('', (-9.730384986811588E+00,-8.672734041320678E-01,1.716188891076722E+02));
#5580 = CARTESIAN_POINT('', (-9.886462684960769E+00,1.139313481112573E+00,1.729805919147392E+02));
#5581 = CARTESIAN_POINT('', (-9.927963669160304E+00,3.025213983452911E+00,1.723521344937331E+02));
#5582 = CARTESIAN_POINT('', (-9.996333130707532E+00,-7.718110836093870E+00,1.703285150838605E+02));
#5583 = CARTESIAN_POINT('', (-1.005589464413795E+01,-5.768256440810104E+00,1.730550297448234E+02));
#5584 = CARTESIAN_POINT('', (-9.992607234291203E+00,-4.077321875039419E+00,1.719902527898399E+02));
#5585 = CARTESIAN_POINT('', (-9.989622000819026E+00,-2.594512716214699E+00,1.721704198826000E+02));
#5586 = CARTESIAN_POINT('', (-9.986636767346848E+00,-1.111703557389978E+00,1.723505869753600E+02));
#5587 = CARTESIAN_POINT('', (-1.005223452894063E+01,5.701649315445554E-01,1.745055835133933E+02));
#5588 = CARTESIAN_POINT('', (-9.997938821140149E+00,3.561949461454200E+00,1.733027384888715E+02));
#5589 = (BOUNDED_SURFACE() B_SPLINE_SURFACE(3,3, ((#5561,#5562,#5563,#5564,#5565,#5566,#5567),(#5568,#5569,#5570,#5571,#5572,#5573,#5574),(#5575,#5576,#5577,#5578,#5579,#5580,#5581),(#5582,#5583,#5584,#5585,#5586,#5587,#5588)), .UNSPECIFIED., .F., .F., .T. )  B_SPLINE_SURFACE_WITH_KNOTS((4,4), (4,3,4), (0.000000000000000E+00,1.000000000000000E+00), (0.000000000000000E+00,5.000000000000000E-01,1.000000000000000E+00), .UNSPECIFIED.)GEOMETRIC_REPRESENTATION_ITEM() RATIONAL_B_SPLINE_SURFACE( ((1.000000000000000E+00,1.000000000000000E+00,1.000000000000000E+00,1.000000000000000E+00,1.000000000000000E+00,1.000000000000000E+00,1.000000000000000E+00),(1.000000000000000E+00,1.000000000000000E+00,1.000000000000000E+00,1.000000000000000E+00,1.000000000000000E+00,1.000000000000000E+00,1.000000000000000E+00),(1.000000000000000E+00,1.000000000000000E+00,1.000000000000000E+00,1.000000000000000E+00,1.000000000000000E+00,1.000000000000000E+00,1.000000000000000E+00),(1.000000000000000E+00,1.000000000000000E+00,1.000000000000000E+00,1.000000000000000E+00,1.000000000000000E+00,1.000000000000000E+00,1.000000000000000E+00))) REPRESENTATION_ITEM('') SURFACE());
#5590 = ORIENTED_EDGE('', *,*, #5442, .F.);
#5591 = ORIENTED_EDGE('', *,*, #3677, .F.);
#5592 = ORIENTED_EDGE('', *,*, #4726, .T.);
#5593 = ORIENTED_EDGE('', *,*, #5547, .T.);
#5594 = EDGE_LOOP('', (#5590,#5591,#5592,#5593));
#5595 = FACE_OUTER_BOUND('', #5594, .T.);
#5596 = ADVANCED_FACE('', (#5595), #5589, .F.);
#5597 = CARTESIAN_POINT('', (-8.305340117766798E+00,-6.740054061190614E+00,1.942223354637053E+02));
#5598 = CARTESIAN_POINT('', (-8.273663257749190E+00,-6.941472414791353E+00,1.942338774589290E+02));
#5599 = CARTESIAN_POINT('', (-8.249954540170052E+00,-7.205503328202904E+00,1.942324457408890E+02));
#5600 = CARTESIAN_POINT('', (-8.243589244896233E+00,-7.532533501823453E+00,1.942707561637480E+02));
#5601 = CARTESIAN_POINT('', (-7.976265884321767E+00,-6.096591288706364E+00,1.926476572389134E+02));
#5602 = CARTESIAN_POINT('', (-7.876887189806401E+00,-6.548871069323044E+00,1.925821143749948E+02));
#5603 = CARTESIAN_POINT('', (-7.816112810259086E+00,-7.001035406727727E+00,1.925237780795256E+02));
#5604 = CARTESIAN_POINT('', (-7.729772014642270E+00,-7.495041791354647E+00,1.925047715096139E+02));
#5605 = CARTESIAN_POINT('', (-8.063593948673198E+00,-5.467158316104821E+00,1.906460932616319E+02));
#5606 = CARTESIAN_POINT('', (-8.056773415021034E+00,-5.889702704622606E+00,1.904957725932734E+02));
#5607 = CARTESIAN_POINT('', (-8.060843022574616E+00,-6.289371296701562E+00,1.903379206929363E+02));
#5608 = CARTESIAN_POINT('', (-8.028793693290817E+00,-6.694054852843003E+00,1.902230345883831E+02));
#5609 = CARTESIAN_POINT('', (-7.078927116330521E+00,-5.108981851345393E+00,1.901395686765899E+02));
#5610 = CARTESIAN_POINT('', (-7.038306467146143E+00,-5.792880466646053E+00,1.898911352035528E+02));
#5611 = CARTESIAN_POINT('', (-7.065755368071419E+00,-6.435641964147101E+00,1.894768631802353E+02));
#5612 = CARTESIAN_POINT('', (-7.240073808600472E+00,-6.869073632345565E+00,1.889936751436715E+02));
#5613 = (BOUNDED_SURFACE() B_SPLINE_SURFACE(3,3, ((#5597,#5598,#5599,#5600),(#5601,#5602,#5603,#5604),(#5605,#5606,#5607,#5608),(#5609,#5610,#5611,#5612)), .UNSPECIFIED., .F., .F., .T. )  B_SPLINE_SURFACE_WITH_KNOTS((4,4), (4,4), (0.000000000000000E+00,1.000000000000000E+00), (0.000000000000000E+00,1.000000000000000E+00), .UNSPECIFIED.)GEOMETRIC_REPRESENTATION_ITEM() RATIONAL_B_SPLINE_SURFACE( ((1.000000000000000E+00,1.000000000000000E+00,1.000000000000000E+00,1.000000000000000E+00),(1.000000000000000E+00,1.000000000000000E+00,1.000000000000000E+00,1.000000000000000E+00),(1.000000000000000E+00,1.000000000000000E+00,1.000000000000000E+00,1.000000000000000E+00),(1.000000000000000E+00,1.000000000000000E+00,1.000000000000000E+00,1.000000000000000E+00))) REPRESENTATION_ITEM('') SURFACE());
#5614 = CARTESIAN_POINT('', (-8.305340117766798E+00,-6.740054061190614E+00,1.942223354637053E+02));
#5615 = VERTEX_POINT('', #5614);
#5616 = CARTESIAN_POINT('', (-7.078927116330521E+00,-5.108981851345393E+00,1.901395686765899E+02));
#5617 = VERTEX_POINT('', #5616);
#5618 = CARTESIAN_POINT('', (-8.305340117766798E+00,-6.740054061190614E+00,1.942223354637053E+02));
#5619 = CARTESIAN_POINT('', (-7.976265884321767E+00,-6.096591288706364E+00,1.926476572389134E+02));
#5620 = CARTESIAN_POINT('', (-8.063593948673198E+00,-5.467158316104821E+00,1.906460932616319E+02));
#5621 = CARTESIAN_POINT('', (-7.078927116330521E+00,-5.108981851345393E+00,1.901395686765899E+02));
#5622 = (BOUNDED_CURVE() B_SPLINE_CURVE(3,(#5618,#5619,#5620,#5621),.UNSPECIFIED.,.F.,.F.) B_SPLINE_CURVE_WITH_KNOTS((4,4),(0.000000000000000E+00,1.000000000000000E+00),.UNSPECIFIED.) CURVE() GEOMETRIC_REPRESENTATION_ITEM() RATIONAL_B_SPLINE_CURVE((1.000000000000000E+00,1.000000000000000E+00,1.000000000000000E+00,1.000000000000000E+00)) REPRESENTATION_ITEM(''));
#5623 = EDGE_CURVE('', #5615, #5617, #5622, .T.);
#5624 = ORIENTED_EDGE('', *,*, #5623, .F.);
#5625 = CARTESIAN_POINT('', (-7.078927116330521E+00,-5.108981851345393E+00,1.901395686765899E+02));
#5626 = CARTESIAN_POINT('', (-7.038306467146143E+00,-5.792880466646053E+00,1.898911352035528E+02));
#5627 = CARTESIAN_POINT('', (-7.065755368071419E+00,-6.435641964147101E+00,1.894768631802353E+02));
#5628 = CARTESIAN_POINT('', (-7.240073808600472E+00,-6.869073632345565E+00,1.889936751436715E+02));
#5629 = (BOUNDED_CURVE() B_SPLINE_CURVE(3,(#5625,#5626,#5627,#5628),.UNSPECIFIED.,.F.,.F.) B_SPLINE_CURVE_WITH_KNOTS((4,4),(0.000000000000000E+00,1.000000000000000E+00),.UNSPECIFIED.) CURVE() GEOMETRIC_REPRESENTATION_ITEM() RATIONAL_B_SPLINE_CURVE((1.000000000000000E+00,1.000000000000000E+00,1.000000000000000E+00,1.000000000000000E+00)) REPRESENTATION_ITEM(''));
#5630 = EDGE_CURVE('', #5617, #2877, #5629, .T.);
#5631 = ORIENTED_EDGE('', *,*, #5630, .F.);
#5632 = ORIENTED_EDGE('', *,*, #2917, .F.);
#5633 = CARTESIAN_POINT('', (-8.243589244896233E+00,-7.532533501823453E+00,1.942707561637480E+02));
#5634 = CARTESIAN_POINT('', (-8.249954540170052E+00,-7.205503328202904E+00,1.942324457408890E+02));
#5635 = CARTESIAN_POINT('', (-8.273663257749190E+00,-6.941472414791353E+00,1.942338774589290E+02));
#5636 = CARTESIAN_POINT('', (-8.305340117766798E+00,-6.740054061190614E+00,1.942223354637053E+02));
#5637 = (BOUNDED_CURVE() B_SPLINE_CURVE(3,(#5633,#5634,#5635,#5636),.UNSPECIFIED.,.F.,.F.) B_SPLINE_CURVE_WITH_KNOTS((4,4),(0.000000000000000E+00,1.000000000000000E+00),.UNSPECIFIED.) CURVE() GEOMETRIC_REPRESENTATION_ITEM() RATIONAL_B_SPLINE_CURVE((1.000000000000000E+00,1.000000000000000E+00,1.000000000000000E+00,1.000000000000000E+00)) REPRESENTATION_ITEM(''));
#5638 = EDGE_CURVE('', #2904, #5615, #5637, .T.);
#5639 = ORIENTED_EDGE('', *,*, #5638, .F.);
#5640 = EDGE_LOOP('', (#5624,#5631,#5632,#5639));
#5641 = FACE_OUTER_BOUND('', #5640, .T.);
#5642 = ADVANCED_FACE('', (#5641), #5613, .F.);
#5643 = CARTESIAN_POINT('', (-8.305340117766798E+00,-6.740054061190614E+00,1.942223354637053E+02));
#5644 = CARTESIAN_POINT('', (-7.976265884321767E+00,-6.096591288706364E+00,1.926476572389134E+02));
#5645 = CARTESIAN_POINT('', (-8.063593948673198E+00,-5.467158316104821E+00,1.906460932616319E+02));
#5646 = CARTESIAN_POINT('', (-7.078927116330521E+00,-5.108981851345393E+00,1.901395686765899E+02));
#5647 = CARTESIAN_POINT('', (-8.405364589938710E+00,-6.657920285081879E+00,1.945290791552717E+02));
#5648 = CARTESIAN_POINT('', (-8.082858898827878E+00,-5.776504478466432E+00,1.930873597669003E+02));
#5649 = CARTESIAN_POINT('', (-8.119113725470994E+00,-5.184561296102125E+00,1.910695319458749E+02));
#5650 = CARTESIAN_POINT('', (-7.310620334211388E+00,-4.550266607889928E+00,1.904691235341034E+02));
#5651 = CARTESIAN_POINT('', (-8.551228750704500E+00,-6.546595813165061E+00,1.948262316133984E+02));
#5652 = CARTESIAN_POINT('', (-8.313204382792525E+00,-5.486341775568694E+00,1.934435830121266E+02));
#5653 = CARTESIAN_POINT('', (-8.215284537483885E+00,-4.832310782684238E+00,1.915469518771420E+02));
#5654 = CARTESIAN_POINT('', (-7.595329813674722E+00,-3.871569264332480E+00,1.905194520961304E+02));
#5655 = CARTESIAN_POINT('', (-8.726450994323214E+00,-6.412992254758100E+00,1.951173937268024E+02));
#5656 = CARTESIAN_POINT('', (-8.541832620619612E+00,-5.225053966574050E+00,1.937653895331399E+02));
#5657 = CARTESIAN_POINT('', (-8.443354723392957E+00,-4.494997048245024E+00,1.918517990407061E+02));
#5658 = CARTESIAN_POINT('', (-7.967068156399724E+00,-3.438513324253988E+00,1.905875719586811E+02));
#5659 = CARTESIAN_POINT('', (-9.076895481560637E+00,-6.145785137944180E+00,1.956997179536103E+02));
#5660 = CARTESIAN_POINT('', (-8.999089096273790E+00,-4.702478348584764E+00,1.944090025751667E+02));
#5661 = CARTESIAN_POINT('', (-8.899495095211099E+00,-3.820369579366598E+00,1.924614933678344E+02));
#5662 = CARTESIAN_POINT('', (-8.497316655687113E+00,-2.827791017786279E+00,1.906956125800810E+02));
#5663 = CARTESIAN_POINT('', (-9.544772300209754E+00,-5.789461675169698E+00,1.962580808015274E+02));
#5664 = CARTESIAN_POINT('', (-9.504096382562331E+00,-4.185582649324737E+00,1.949871397676909E+02));
#5665 = CARTESIAN_POINT('', (-9.442783352877607E+00,-3.209214520517317E+00,1.930076391197011E+02));
#5666 = CARTESIAN_POINT('', (-9.228614997603499E+00,-2.234135463585512E+00,1.909590819897982E+02));
#5667 = CARTESIAN_POINT('', (-9.998228604342918E+00,-5.399314740978205E+00,1.968212893802890E+02));
#5668 = CARTESIAN_POINT('', (-1.000766923770459E+01,-3.646002942384286E+00,1.955931181466192E+02));
#5669 = CARTESIAN_POINT('', (-9.994626557315822E+00,-2.611484636784049E+00,1.935624009216874E+02));
#5670 = CARTESIAN_POINT('', (-1.000021412583447E+01,-1.586880357292077E+00,1.912443133426149E+02));
#5671 = (BOUNDED_SURFACE() B_SPLINE_SURFACE(3,3, ((#5643,#5644,#5645,#5646),(#5647,#5648,#5649,#5650),(#5651,#5652,#5653,#5654),(#5655,#5656,#5657,#5658),(#5659,#5660,#5661,#5662),(#5663,#5664,#5665,#5666),(#5667,#5668,#5669,#5670)), .UNSPECIFIED., .F., .F., .T. )  B_SPLINE_SURFACE_WITH_KNOTS((4,3,4), (4,4), (0.000000000000000E+00,3.333333333333333E-01,1.000000000000000E+00), (0.000000000000000E+00,1.000000000000000E+00), .UNSPECIFIED.)GEOMETRIC_REPRESENTATION_ITEM() RATIONAL_B_SPLINE_SURFACE( ((1.000000000000000E+00,1.000000000000000E+00,1.000000000000000E+00,1.000000000000000E+00),(1.000000000000000E+00,1.000000000000000E+00,1.000000000000000E+00,1.000000000000000E+00),(1.000000000000000E+00,1.000000000000000E+00,1.000000000000000E+00,1.000000000000000E+00),(1.000000000000000E+00,1.000000000000000E+00,1.000000000000000E+00,1.000000000000000E+00),(1.000000000000000E+00,1.000000000000000E+00,1.000000000000000E+00,1.000000000000000E+00),(1.000000000000000E+00,1.000000000000000E+00,1.000000000000000E+00,1.000000000000000E+00),(1.000000000000000E+00,1.000000000000000E+00,1.000000000000000E+00,1.000000000000000E+00))) REPRESENTATION_ITEM('') SURFACE());
#5672 = CARTESIAN_POINT('', (-8.305340117766798E+00,-6.740054061190614E+00,1.942223354637053E+02));
#5673 = CARTESIAN_POINT('', (-8.605413534282530E+00,-6.493652732864407E+00,1.951425665384043E+02));
#5674 = CARTESIAN_POINT('', (-9.318044148143173E+00,-5.984535142265445E+00,1.959764765121466E+02));
#5675 = CARTESIAN_POINT('', (-9.998228604342918E+00,-5.399314740978205E+00,1.968212893802890E+02));
#5676 = (BOUNDED_CURVE() B_SPLINE_CURVE(3,(#5672,#5673,#5674,#5675),.UNSPECIFIED.,.F.,.F.) B_SPLINE_CURVE_WITH_KNOTS((4,4),(0.000000000000000E+00,1.000000000000000E+00),.UNSPECIFIED.) CURVE() GEOMETRIC_REPRESENTATION_ITEM() RATIONAL_B_SPLINE_CURVE((1.000000000000000E+00,1.000000000000000E+00,1.000000000000000E+00,1.000000000000000E+00)) REPRESENTATION_ITEM(''));
#5677 = EDGE_CURVE('', #5615, #3796, #5676, .T.);
#5678 = ORIENTED_EDGE('', *,*, #5677, .F.);
#5679 = ORIENTED_EDGE('', *,*, #3802, .F.);
#5680 = ORIENTED_EDGE('', *,*, #4908, .F.);
#5681 = CARTESIAN_POINT('', (-7.078927116330521E+00,-5.108981851345393E+00,1.901395686765899E+02));
#5682 = CARTESIAN_POINT('', (-7.310620334211388E+00,-4.550266607889928E+00,1.904691235341034E+02));
#5683 = CARTESIAN_POINT('', (-7.595329813674722E+00,-3.871569264332480E+00,1.905194520961304E+02));
#5684 = CARTESIAN_POINT('', (-7.967068156399724E+00,-3.438513324253988E+00,1.905875719586811E+02));
#5685 = (BOUNDED_CURVE() B_SPLINE_CURVE(3,(#5681,#5682,#5683,#5684),.UNSPECIFIED.,.F.,.F.) B_SPLINE_CURVE_WITH_KNOTS((4,4),(0.000000000000000E+00,1.000000000000000E+00),.UNSPECIFIED.) CURVE() GEOMETRIC_REPRESENTATION_ITEM() RATIONAL_B_SPLINE_CURVE((1.000000000000000E+00,1.000000000000000E+00,1.000000000000000E+00,1.000000000000000E+00)) REPRESENTATION_ITEM(''));
#5686 = EDGE_CURVE('', #5617, #4895, #5685, .T.);
#5687 = ORIENTED_EDGE('', *,*, #5686, .T.);
#5688 = ORIENTED_EDGE('', *,*, #5623, .T.);
#5689 = EDGE_LOOP('', (#5678,#5679,#5680,#5687,#5688));
#5690 = FACE_OUTER_BOUND('', #5689, .T.);
#5691 = ADVANCED_FACE('', (#5690), #5671, .F.);
#5692 = CARTESIAN_POINT('', (-8.305340117766798E+00,-6.740054061190614E+00,1.942223354637053E+02));
#5693 = CARTESIAN_POINT('', (-8.605413534282530E+00,-6.493652732864407E+00,1.951425665384043E+02));
#5694 = CARTESIAN_POINT('', (-9.318044148143173E+00,-5.984535142265445E+00,1.959764765121466E+02));
#5695 = CARTESIAN_POINT('', (-9.998228604342918E+00,-5.399314740978205E+00,1.968212893802890E+02));
#5696 = CARTESIAN_POINT('', (-8.273663257749190E+00,-6.941472414791353E+00,1.942338774589290E+02));
#5697 = CARTESIAN_POINT('', (-8.538661682807103E+00,-6.772223727063234E+00,1.952513659996776E+02));
#5698 = CARTESIAN_POINT('', (-9.316757304669222E+00,-6.237958494968712E+00,1.962055610591019E+02));
#5699 = CARTESIAN_POINT('', (-9.994769326262698E+00,-5.832201585303972E+00,1.970829970410716E+02));
#5700 = CARTESIAN_POINT('', (-8.249954540170052E+00,-7.205503328202904E+00,1.942324457408890E+02));
#5701 = CARTESIAN_POINT('', (-8.548180513167521E+00,-7.287081263218710E+00,1.952699010270464E+02));
#5702 = CARTESIAN_POINT('', (-9.273267144608742E+00,-6.618750623667681E+00,1.963350135082123E+02));
#5703 = CARTESIAN_POINT('', (-9.993033695878493E+00,-6.237003141639243E+00,1.973055305993272E+02));
#5704 = CARTESIAN_POINT('', (-8.243589244896233E+00,-7.532533501823453E+00,1.942707561637480E+02));
#5705 = CARTESIAN_POINT('', (-8.544939701430621E+00,-7.542638176343528E+00,1.953314622758849E+02));
#5706 = CARTESIAN_POINT('', (-9.272007641299634E+00,-6.966366529308335E+00,1.964464812666390E+02));
#5707 = CARTESIAN_POINT('', (-9.992376184392914E+00,-6.625473714572280E+00,1.974881449429557E+02));
#5708 = CARTESIAN_POINT('', (-8.230559118902400E+00,-8.211703217022210E+00,1.943503958977859E+02));
#5709 = CARTESIAN_POINT('', (-8.535217266219925E+00,-8.309308915717985E+00,1.955161460224006E+02));
#5710 = CARTESIAN_POINT('', (-9.268229131372316E+00,-8.009214246230298E+00,1.967808845419187E+02));
#5711 = CARTESIAN_POINT('', (-9.990403649936175E+00,-7.790885433371392E+00,1.980359879738413E+02));
#5712 = CARTESIAN_POINT('', (-8.255559175167335E+00,-9.123232990917232E+00,1.945292474762770E+02));
#5713 = CARTESIAN_POINT('', (-8.594035363350976E+00,-9.127794063341156E+00,1.957040981317215E+02));
#5714 = CARTESIAN_POINT('', (-9.227170946900346E+00,-8.966751170631888E+00,1.969436978044361E+02));
#5715 = CARTESIAN_POINT('', (-9.998134185567064E+00,-8.809318301550404E+00,1.982245580730842E+02));
#5716 = CARTESIAN_POINT('', (-8.285167856954608E+00,-9.998951004386756E+00,1.946381327974395E+02));
#5717 = CARTESIAN_POINT('', (-8.585102594753565E+00,-9.992275407555418E+00,1.959076852143909E+02));
#5718 = CARTESIAN_POINT('', (-9.150774167083476E+00,-9.984550696934066E+00,1.969396952431775E+02));
#5719 = CARTESIAN_POINT('', (-9.998138513756114E+00,-9.998138542992420E+00,1.980337372139881E+02));
#5720 = (BOUNDED_SURFACE() B_SPLINE_SURFACE(3,3, ((#5692,#5693,#5694,#5695),(#5696,#5697,#5698,#5699),(#5700,#5701,#5702,#5703),(#5704,#5705,#5706,#5707),(#5708,#5709,#5710,#5711),(#5712,#5713,#5714,#5715),(#5716,#5717,#5718,#5719)), .UNSPECIFIED., .F., .F., .T. )  B_SPLINE_SURFACE_WITH_KNOTS((4,3,4), (4,4), (0.000000000000000E+00,2.500000000000000E-01,1.000000000000000E+00), (0.000000000000000E+00,1.000000000000000E+00), .UNSPECIFIED.)GEOMETRIC_REPRESENTATION_ITEM() RATIONAL_B_SPLINE_SURFACE( ((1.000000000000000E+00,1.000000000000000E+00,1.000000000000000E+00,1.000000000000000E+00),(1.000000000000000E+00,1.000000000000000E+00,1.000000000000000E+00,1.000000000000000E+00),(1.000000000000000E+00,1.000000000000000E+00,1.000000000000000E+00,1.000000000000000E+00),(1.000000000000000E+00,1.000000000000000E+00,1.000000000000000E+00,1.000000000000000E+00),(1.000000000000000E+00,1.000000000000000E+00,1.000000000000000E+00,1.000000000000000E+00),(1.000000000000000E+00,1.000000000000000E+00,1.000000000000000E+00,1.000000000000000E+00),(1.000000000000000E+00,1.000000000000000E+00,1.000000000000000E+00,1.000000000000000E+00))) REPRESENTATION_ITEM('') SURFACE());
#5721 = ORIENTED_EDGE('', *,*, #5638, .T.);
#5722 = ORIENTED_EDGE('', *,*, #2910, .T.);
#5723 = ORIENTED_EDGE('', *,*, #3427, .T.);
#5724 = ORIENTED_EDGE('', *,*, #3809, .F.);
#5725 = ORIENTED_EDGE('', *,*, #5677, .T.);
#5726 = EDGE_LOOP('', (#5721,#5722,#5723,#5724,#5725));
#5727 = FACE_OUTER_BOUND('', #5726, .T.);
#5728 = ADVANCED_FACE('', (#5727), #5720, .F.);
#5729 = CARTESIAN_POINT('', (-7.950467766214693E+00,-1.873492693007165E+00,1.825487228791463E+02));
#5730 = CARTESIAN_POINT('', (-8.239992099752865E+00,-2.318776694887442E+00,1.832635649459029E+02));
#5731 = CARTESIAN_POINT('', (-9.015099901580417E+00,-2.593419313833242E+00,1.838476376376894E+02));
#5732 = CARTESIAN_POINT('', (-1.000011576320165E+01,-2.697984634568940E+00,1.842846324374369E+02));
#5733 = CARTESIAN_POINT('', (-8.160794027655140E+00,-5.284698243865860E-01,1.848227729144276E+02));
#5734 = CARTESIAN_POINT('', (-8.499961900574283E+00,-1.058877316645620E+00,1.851332070291560E+02));
#5735 = CARTESIAN_POINT('', (-9.317659912688937E+00,-1.199866129727825E+00,1.853909536648477E+02));
#5736 = CARTESIAN_POINT('', (-1.001633069686448E+01,-1.409352887396408E+00,1.857678709355405E+02));
#5737 = CARTESIAN_POINT('', (-7.644833257927171E+00,-4.931920231489151E-01,1.876765480969985E+02));
#5738 = CARTESIAN_POINT('', (-8.306760583617683E+00,-1.022837512229581E+00,1.875041611963115E+02));
#5739 = CARTESIAN_POINT('', (-9.073172011355496E+00,-9.222293046594874E-01,1.876583633215290E+02));
#5740 = CARTESIAN_POINT('', (-9.969187954170808E+00,-7.330692226923168E-01,1.878198568810336E+02));
#5741 = CARTESIAN_POINT('', (-7.397240380642548E+00,-2.145305736338291E+00,1.896833573595059E+02));
#5742 = CARTESIAN_POINT('', (-8.099104367695764E+00,-2.229380938854665E+00,1.892556481156180E+02));
#5743 = CARTESIAN_POINT('', (-9.054323921720574E+00,-1.604947635679352E+00,1.894506295320687E+02));
#5744 = CARTESIAN_POINT('', (-1.000040166023862E+01,-9.766338902555046E-01,1.895889116694785E+02));
#5745 = (BOUNDED_SURFACE() B_SPLINE_SURFACE(3,3, ((#5729,#5730,#5731,#5732),(#5733,#5734,#5735,#5736),(#5737,#5738,#5739,#5740),(#5741,#5742,#5743,#5744)), .UNSPECIFIED., .F., .F., .T. )  B_SPLINE_SURFACE_WITH_KNOTS((4,4), (4,4), (0.000000000000000E+00,1.000000000000000E+00), (0.000000000000000E+00,1.000000000000000E+00), .UNSPECIFIED.)GEOMETRIC_REPRESENTATION_ITEM() RATIONAL_B_SPLINE_SURFACE( ((1.000000000000000E+00,1.000000000000000E+00,1.000000000000000E+00,1.000000000000000E+00),(1.000000000000000E+00,1.000000000000000E+00,1.000000000000000E+00,1.000000000000000E+00),(1.000000000000000E+00,1.000000000000000E+00,1.000000000000000E+00,1.000000000000000E+00),(1.000000000000000E+00,1.000000000000000E+00,1.000000000000000E+00,1.000000000000000E+00))) REPRESENTATION_ITEM('') SURFACE());
#5746 = CARTESIAN_POINT('', (-7.950467766214693E+00,-1.873492693007165E+00,1.825487228791463E+02));
#5747 = CARTESIAN_POINT('', (-8.160794027655140E+00,-5.284698243865860E-01,1.848227729144276E+02));
#5748 = CARTESIAN_POINT('', (-7.644833257927171E+00,-4.931920231489151E-01,1.876765480969985E+02));
#5749 = CARTESIAN_POINT('', (-7.397240380642548E+00,-2.145305736338291E+00,1.896833573595059E+02));
#5750 = (BOUNDED_CURVE() B_SPLINE_CURVE(3,(#5746,#5747,#5748,#5749),.UNSPECIFIED.,.F.,.F.) B_SPLINE_CURVE_WITH_KNOTS((4,4),(0.000000000000000E+00,1.000000000000000E+00),.UNSPECIFIED.) CURVE() GEOMETRIC_REPRESENTATION_ITEM() RATIONAL_B_SPLINE_CURVE((1.000000000000000E+00,1.000000000000000E+00,1.000000000000000E+00,1.000000000000000E+00)) REPRESENTATION_ITEM(''));
#5751 = EDGE_CURVE('', #4769, #4893, #5750, .T.);
#5752 = ORIENTED_EDGE('', *,*, #5751, .F.);
#5753 = ORIENTED_EDGE('', *,*, #4916, .F.);
#5754 = ORIENTED_EDGE('', *,*, #3784, .T.);
#5755 = ORIENTED_EDGE('', *,*, #5054, .T.);
#5756 = EDGE_LOOP('', (#5752,#5753,#5754,#5755));
#5757 = FACE_OUTER_BOUND('', #5756, .T.);
#5758 = ADVANCED_FACE('', (#5757), #5745, .F.);
#5759 = CARTESIAN_POINT('', (-7.950467766214693E+00,-1.873492693007165E+00,1.825487228791463E+02));
#5760 = CARTESIAN_POINT('', (-8.160794027655140E+00,-5.284698243865860E-01,1.848227729144276E+02));
#5761 = CARTESIAN_POINT('', (-7.644833257927171E+00,-4.931920231489151E-01,1.876765480969985E+02));
#5762 = CARTESIAN_POINT('', (-7.397240380642548E+00,-2.145305736338291E+00,1.896833573595059E+02));
#5763 = CARTESIAN_POINT('', (-7.109698757623589E+00,5.751270999102914E-01,1.817820675333371E+02));
#5764 = CARTESIAN_POINT('', (-6.684960278907059E+00,1.073352491328672E+00,1.847169920959748E+02));
#5765 = CARTESIAN_POINT('', (-5.826544754557688E+00,5.743264301015705E-01,1.874852994337014E+02));
#5766 = CARTESIAN_POINT('', (-5.667331643062152E+00,-9.646246834406796E-01,1.896625492711878E+02));
#5767 = CARTESIAN_POINT('', (-5.536365263703048E+00,4.199049188958961E+00,1.826687397345072E+02));
#5768 = CARTESIAN_POINT('', (-5.436012284166736E+00,3.690216257946282E+00,1.854078122671898E+02));
#5769 = CARTESIAN_POINT('', (-4.542419950814933E+00,3.035343821575281E+00,1.881864624095236E+02));
#5770 = CARTESIAN_POINT('', (-4.805923325469206E+00,1.291808182527667E+00,1.907886482338170E+02));
#5771 = CARTESIAN_POINT('', (-6.477727823398202E+00,6.856805892621844E+00,1.830852587630535E+02));
#5772 = CARTESIAN_POINT('', (-6.623293704784530E+00,5.246172118238594E+00,1.858420590059827E+02));
#5773 = CARTESIAN_POINT('', (-5.932581353042658E+00,4.352057208268586E+00,1.887878764860770E+02));
#5774 = CARTESIAN_POINT('', (-6.218375980810582E+00,2.280521663914071E+00,1.915203247657870E+02));
#5775 = (BOUNDED_SURFACE() B_SPLINE_SURFACE(3,3, ((#5759,#5760,#5761,#5762),(#5763,#5764,#5765,#5766),(#5767,#5768,#5769,#5770),(#5771,#5772,#5773,#5774)), .UNSPECIFIED., .F., .F., .T. )  B_SPLINE_SURFACE_WITH_KNOTS((4,4), (4,4), (0.000000000000000E+00,1.000000000000000E+00), (0.000000000000000E+00,1.000000000000000E+00), .UNSPECIFIED.)GEOMETRIC_REPRESENTATION_ITEM() RATIONAL_B_SPLINE_SURFACE( ((1.000000000000000E+00,1.000000000000000E+00,1.000000000000000E+00,1.000000000000000E+00),(1.000000000000000E+00,1.000000000000000E+00,1.000000000000000E+00,1.000000000000000E+00),(1.000000000000000E+00,1.000000000000000E+00,1.000000000000000E+00,1.000000000000000E+00),(1.000000000000000E+00,1.000000000000000E+00,1.000000000000000E+00,1.000000000000000E+00))) REPRESENTATION_ITEM('') SURFACE());
#5776 = CARTESIAN_POINT('', (-7.950467766214693E+00,-1.873492693007165E+00,1.825487228791463E+02));
#5777 = CARTESIAN_POINT('', (-7.109698757623589E+00,5.751270999102914E-01,1.817820675333371E+02));
#5778 = CARTESIAN_POINT('', (-5.536365263703048E+00,4.199049188958961E+00,1.826687397345072E+02));
#5779 = CARTESIAN_POINT('', (-6.477727823398202E+00,6.856805892621844E+00,1.830852587630535E+02));
#5780 = (BOUNDED_CURVE() B_SPLINE_CURVE(3,(#5776,#5777,#5778,#5779),.UNSPECIFIED.,.F.,.F.) B_SPLINE_CURVE_WITH_KNOTS((4,4),(0.000000000000000E+00,1.000000000000000E+00),.UNSPECIFIED.) CURVE() GEOMETRIC_REPRESENTATION_ITEM() RATIONAL_B_SPLINE_CURVE((1.000000000000000E+00,1.000000000000000E+00,1.000000000000000E+00,1.000000000000000E+00)) REPRESENTATION_ITEM(''));
#5781 = EDGE_CURVE('', #4769, #4503, #5780, .T.);
#5782 = ORIENTED_EDGE('', *,*, #5781, .F.);
#5783 = ORIENTED_EDGE('', *,*, #4822, .F.);
#5784 = ORIENTED_EDGE('', *,*, #4955, .T.);
#5785 = ORIENTED_EDGE('', *,*, #5751, .T.);
#5786 = EDGE_LOOP('', (#5782,#5783,#5784,#5785));
#5787 = FACE_OUTER_BOUND('', #5786, .T.);
#5788 = ADVANCED_FACE('', (#5787), #5775, .F.);
#5789 = CARTESIAN_POINT('', (-7.950467766214693E+00,-1.873492693007165E+00,1.825487228791463E+02));
#5790 = CARTESIAN_POINT('', (-7.740275514066917E+00,-1.261337744777800E+00,1.823570590426940E+02));
#5791 = CARTESIAN_POINT('', (-7.484297981586051E+00,-5.757264030402358E-01,1.822687281779279E+02));
#5792 = CARTESIAN_POINT('', (-7.233273614693113E+00,1.498808996818267E-01,1.822505508986043E+02));
#5793 = CARTESIAN_POINT('', (-6.731224880907238E+00,1.601095505125952E+00,1.822141963399569E+02));
#5794 = CARTESIAN_POINT('', (-6.248988809473073E+00,3.212293954508068E+00,1.824584561230791E+02));
#5795 = CARTESIAN_POINT('', (-6.192472967758762E+00,4.715792787638550E+00,1.827178951580206E+02));
#5796 = CARTESIAN_POINT('', (-6.164215046901607E+00,5.467542204203791E+00,1.828476146754914E+02));
#5797 = CARTESIAN_POINT('', (-6.242387183474413E+00,6.192366716706124E+00,1.829811290059169E+02));
#5798 = CARTESIAN_POINT('', (-6.477727823398202E+00,6.856805892621844E+00,1.830852587630535E+02));
#5799 = CARTESIAN_POINT('', (-6.138060448223924E+00,-2.193578969030824E+00,1.747981102834195E+02));
#5800 = CARTESIAN_POINT('', (-6.406981055642322E+00,-1.584732785615745E+00,1.746655600354374E+02));
#5801 = CARTESIAN_POINT('', (-6.987548927259550E+00,-1.007793606524568E+00,1.746490766324203E+02));
#5802 = CARTESIAN_POINT('', (-7.032589553905325E+00,-1.930708437684306E-01,1.747847851443545E+02));
#5803 = CARTESIAN_POINT('', (-7.122670807196875E+00,1.436374681743843E+00,1.750562021682228E+02));
#5804 = CARTESIAN_POINT('', (-6.881089121762574E+00,3.060748578521519E+00,1.754707677753897E+02));
#5805 = CARTESIAN_POINT('', (-6.450332016860498E+00,4.678868181456516E+00,1.758521780293265E+02));
#5806 = CARTESIAN_POINT('', (-6.234953464409461E+00,5.487927982924015E+00,1.760428831562949E+02));
#5807 = CARTESIAN_POINT('', (-5.994727874454388E+00,5.963746905612621E+00,1.758602813505770E+02));
#5808 = CARTESIAN_POINT('', (-4.981519557054814E+00,6.972430770496119E+00,1.765915825901617E+02));
#5809 = CARTESIAN_POINT('', (-6.135893064999818E+00,-3.561313259688659E+00,1.643811610868648E+02));
#5810 = CARTESIAN_POINT('', (-6.560269141372772E+00,-2.776985964197161E+00,1.644923467301700E+02));
#5811 = CARTESIAN_POINT('', (-6.371851576419973E+00,-1.668853656855369E+00,1.647279798496009E+02));
#5812 = CARTESIAN_POINT('', (-6.314559856164142E+00,-7.688359675951757E-01,1.649884966976878E+02));
#5813 = CARTESIAN_POINT('', (-6.199976415652482E+00,1.031199410925211E+00,1.655095303938616E+02));
#5814 = CARTESIAN_POINT('', (-6.014404625698725E+00,2.779141045766494E+00,1.659958372338888E+02));
#5815 = CARTESIAN_POINT('', (-5.743504417189995E+00,4.597856698257758E+00,1.665342114111959E+02));
#5816 = CARTESIAN_POINT('', (-5.608054312935631E+00,5.507214524503389E+00,1.668033984998495E+02));
#5817 = CARTESIAN_POINT('', (-5.307816772861933E+00,6.810079848669227E+00,1.674771764117057E+02));
#5818 = CARTESIAN_POINT('', (-5.686624520377687E+00,7.505804482813893E+00,1.671597512825355E+02));
#5819 = CARTESIAN_POINT('', (-3.198483259307095E+00,-7.656718720684549E-01,1.582266907855253E+02));
#5820 = CARTESIAN_POINT('', (-3.456629024297707E+00,9.418883081782461E-02,1.583772999468179E+02));
#5821 = CARTESIAN_POINT('', (-3.489640758564412E+00,1.203672568055162E+00,1.587297624492717E+02));
#5822 = CARTESIAN_POINT('', (-3.379247937639498E+00,2.290174925153156E+00,1.591324663537477E+02));
#5823 = CARTESIAN_POINT('', (-3.245920553935446E+00,3.564207712266182E+00,1.596015634290440E+02));
#5824 = CARTESIAN_POINT('', (-2.871382432576679E+00,4.843502139328836E+00,1.601831706326342E+02));
#5825 = CARTESIAN_POINT('', (-2.385889138214500E+00,5.972922992999298E+00,1.609118773469955E+02));
#5826 = CARTESIAN_POINT('', (-2.012715008542344E+00,6.840783005913655E+00,1.614728600933388E+02));
#5827 = CARTESIAN_POINT('', (-1.562452404211421E+00,7.605327849019013E+00,1.621282185011135E+02));
#5828 = CARTESIAN_POINT('', (-1.138896836320690E+00,8.333558582205411E+00,1.627357014645141E+02));
#5829 = (BOUNDED_SURFACE() B_SPLINE_SURFACE(3,3, ((#5789,#5790,#5791,#5792,#5793,#5794,#5795,#5796,#5797,#5798),(#5799,#5800,#5801,#5802,#5803,#5804,#5805,#5806,#5807,#5808),(#5809,#5810,#5811,#5812,#5813,#5814,#5815,#5816,#5817,#5818),(#5819,#5820,#5821,#5822,#5823,#5824,#5825,#5826,#5827,#5828)), .UNSPECIFIED., .F., .F., .T. )  B_SPLINE_SURFACE_WITH_KNOTS((4,4), (4,3,3,4), (0.000000000000000E+00,1.000000000000000E+00), (0.000000000000000E+00,2.500000000000000E-01,7.500000000000000E-01,1.000000000000000E+00), .UNSPECIFIED.)GEOMETRIC_REPRESENTATION_ITEM() RATIONAL_B_SPLINE_SURFACE( ((1.000000000000000E+00,1.000000000000000E+00,1.000000000000000E+00,1.000000000000000E+00,1.000000000000000E+00,1.000000000000000E+00,1.000000000000000E+00,1.000000000000000E+00,1.000000000000000E+00,1.000000000000000E+00),(1.000000000000000E+00,1.000000000000000E+00,1.000000000000000E+00,1.000000000000000E+00,1.000000000000000E+00,1.000000000000000E+00,1.000000000000000E+00,1.000000000000000E+00,1.000000000000000E+00,1.000000000000000E+00),(1.000000000000000E+00,1.000000000000000E+00,1.000000000000000E+00,1.000000000000000E+00,1.000000000000000E+00,1.000000000000000E+00,1.000000000000000E+00,1.000000000000000E+00,1.000000000000000E+00,1.000000000000000E+00),(1.000000000000000E+00,1.000000000000000E+00,1.000000000000000E+00,1.000000000000000E+00,1.000000000000000E+00,1.000000000000000E+00,1.000000000000000E+00,1.000000000000000E+00,1.000000000000000E+00,1.000000000000000E+00))) REPRESENTATION_ITEM('') SURFACE());
#5830 = ORIENTED_EDGE('', *,*, #4784, .F.);
#5831 = CARTESIAN_POINT('', (-3.379247937639498E+00,2.290174925153156E+00,1.591324663537477E+02));
#5832 = VERTEX_POINT('', #5831);
#5833 = CARTESIAN_POINT('', (-3.379247937639498E+00,2.290174925153156E+00,1.591324663537477E+02));
#5834 = CARTESIAN_POINT('', (-3.489640758564412E+00,1.203672568055162E+00,1.587297624492717E+02));
#5835 = CARTESIAN_POINT('', (-3.456629024297707E+00,9.418883081782461E-02,1.583772999468179E+02));
#5836 = CARTESIAN_POINT('', (-3.198483259307095E+00,-7.656718720684549E-01,1.582266907855253E+02));
#5837 = (BOUNDED_CURVE() B_SPLINE_CURVE(3,(#5833,#5834,#5835,#5836),.UNSPECIFIED.,.F.,.F.) B_SPLINE_CURVE_WITH_KNOTS((4,4),(0.000000000000000E+00,1.000000000000000E+00),.UNSPECIFIED.) CURVE() GEOMETRIC_REPRESENTATION_ITEM() RATIONAL_B_SPLINE_CURVE((1.000000000000000E+00,1.000000000000000E+00,1.000000000000000E+00,1.000000000000000E+00)) REPRESENTATION_ITEM(''));
#5838 = EDGE_CURVE('', #5832, #3025, #5837, .T.);
#5839 = ORIENTED_EDGE('', *,*, #5838, .T.);
#5840 = CARTESIAN_POINT('', (-2.385889138214500E+00,5.972922992999298E+00,1.609118773469955E+02));
#5841 = CARTESIAN_POINT('', (-2.871382432576679E+00,4.843502139328836E+00,1.601831706326342E+02));
#5842 = CARTESIAN_POINT('', (-3.245920553935446E+00,3.564207712266182E+00,1.596015634290440E+02));
#5843 = CARTESIAN_POINT('', (-3.379247937639498E+00,2.290174925153156E+00,1.591324663537477E+02));
#5844 = (BOUNDED_CURVE() B_SPLINE_CURVE(3,(#5840,#5841,#5842,#5843),.UNSPECIFIED.,.F.,.F.) B_SPLINE_CURVE_WITH_KNOTS((4,4),(0.000000000000000E+00,1.000000000000000E+00),.UNSPECIFIED.) CURVE() GEOMETRIC_REPRESENTATION_ITEM() RATIONAL_B_SPLINE_CURVE((1.000000000000000E+00,1.000000000000000E+00,1.000000000000000E+00,1.000000000000000E+00)) REPRESENTATION_ITEM(''));
#5845 = EDGE_CURVE('', #3081, #5832, #5844, .T.);
#5846 = ORIENTED_EDGE('', *,*, #5845, .T.);
#5847 = ORIENTED_EDGE('', *,*, #3087, .T.);
#5848 = ORIENTED_EDGE('', *,*, #4861, .T.);
#5849 = ORIENTED_EDGE('', *,*, #5781, .T.);
#5850 = EDGE_LOOP('', (#5830,#5839,#5846,#5847,#5848,#5849));
#5851 = FACE_OUTER_BOUND('', #5850, .T.);
#5852 = ADVANCED_FACE('', (#5851), #5829, .F.);
#5853 = CARTESIAN_POINT('', (-7.078927116330521E+00,-5.108981851345393E+00,1.901395686765899E+02));
#5854 = CARTESIAN_POINT('', (-7.038306467146143E+00,-5.792880466646053E+00,1.898911352035528E+02));
#5855 = CARTESIAN_POINT('', (-7.065755368071419E+00,-6.435641964147101E+00,1.894768631802353E+02));
#5856 = CARTESIAN_POINT('', (-7.240073808600472E+00,-6.869073632345565E+00,1.889936751436715E+02));
#5857 = CARTESIAN_POINT('', (-6.293639377307337E+00,-5.381430771323370E+00,1.895487100565758E+02));
#5858 = CARTESIAN_POINT('', (-6.213900484738240E+00,-5.791792868299991E+00,1.892015326578884E+02));
#5859 = CARTESIAN_POINT('', (-6.130004847811939E+00,-6.187461879979860E+00,1.888497022481199E+02));
#5860 = CARTESIAN_POINT('', (-6.133741782690968E+00,-6.439940999419856E+00,1.883568078914986E+02));
#5861 = CARTESIAN_POINT('', (-4.371419592776899E+00,-6.057337657128653E+00,1.902410707018652E+02));
#5862 = CARTESIAN_POINT('', (-4.250470484587496E+00,-6.506679000406899E+00,1.897319858913669E+02));
#5863 = CARTESIAN_POINT('', (-4.106764771966545E+00,-6.881318278097857E+00,1.893390465827760E+02));
#5864 = CARTESIAN_POINT('', (-3.881741941390708E+00,-7.161042491538023E+00,1.888184217442786E+02));
#5865 = CARTESIAN_POINT('', (-3.765226590593795E+00,-6.348771764880719E+00,1.913399156288272E+02));
#5866 = CARTESIAN_POINT('', (-3.547977226886827E+00,-7.013964224042170E+00,1.909093598097135E+02));
#5867 = CARTESIAN_POINT('', (-3.315668113518298E+00,-7.643684692583204E+00,1.904646702427492E+02));
#5868 = CARTESIAN_POINT('', (-2.921383454243059E+00,-8.149561189195465E+00,1.900122602985420E+02));
#5869 = (BOUNDED_SURFACE() B_SPLINE_SURFACE(3,3, ((#5853,#5854,#5855,#5856),(#5857,#5858,#5859,#5860),(#5861,#5862,#5863,#5864),(#5865,#5866,#5867,#5868)), .UNSPECIFIED., .F., .F., .T. )  B_SPLINE_SURFACE_WITH_KNOTS((4,4), (4,4), (0.000000000000000E+00,1.000000000000000E+00), (0.000000000000000E+00,1.000000000000000E+00), .UNSPECIFIED.)GEOMETRIC_REPRESENTATION_ITEM() RATIONAL_B_SPLINE_SURFACE( ((1.000000000000000E+00,1.000000000000000E+00,1.000000000000000E+00,1.000000000000000E+00),(1.000000000000000E+00,1.000000000000000E+00,1.000000000000000E+00,1.000000000000000E+00),(1.000000000000000E+00,1.000000000000000E+00,1.000000000000000E+00,1.000000000000000E+00),(1.000000000000000E+00,1.000000000000000E+00,1.000000000000000E+00,1.000000000000000E+00))) REPRESENTATION_ITEM('') SURFACE());
#5870 = CARTESIAN_POINT('', (-3.765226590593795E+00,-6.348771764880719E+00,1.913399156288272E+02));
#5871 = VERTEX_POINT('', #5870);
#5872 = CARTESIAN_POINT('', (-7.078927116330521E+00,-5.108981851345393E+00,1.901395686765899E+02));
#5873 = CARTESIAN_POINT('', (-6.293639377307337E+00,-5.381430771323370E+00,1.895487100565758E+02));
#5874 = CARTESIAN_POINT('', (-4.371419592776899E+00,-6.057337657128653E+00,1.902410707018652E+02));
#5875 = CARTESIAN_POINT('', (-3.765226590593795E+00,-6.348771764880719E+00,1.913399156288272E+02));
#5876 = (BOUNDED_CURVE() B_SPLINE_CURVE(3,(#5872,#5873,#5874,#5875),.UNSPECIFIED.,.F.,.F.) B_SPLINE_CURVE_WITH_KNOTS((4,4),(0.000000000000000E+00,1.000000000000000E+00),.UNSPECIFIED.) CURVE() GEOMETRIC_REPRESENTATION_ITEM() RATIONAL_B_SPLINE_CURVE((1.000000000000000E+00,1.000000000000000E+00,1.000000000000000E+00,1.000000000000000E+00)) REPRESENTATION_ITEM(''));
#5877 = EDGE_CURVE('', #5617, #5871, #5876, .T.);
#5878 = ORIENTED_EDGE('', *,*, #5877, .F.);
#5879 = CARTESIAN_POINT('', (-2.921383454243059E+00,-8.149561189195465E+00,1.900122602985420E+02));
#5880 = VERTEX_POINT('', #5879);
#5881 = CARTESIAN_POINT('', (-2.921383454243059E+00,-8.149561189195465E+00,1.900122602985420E+02));
#5882 = CARTESIAN_POINT('', (-3.315668113518298E+00,-7.643684692583204E+00,1.904646702427492E+02));
#5883 = CARTESIAN_POINT('', (-3.547977226886827E+00,-7.013964224042170E+00,1.909093598097135E+02));
#5884 = CARTESIAN_POINT('', (-3.765226590593795E+00,-6.348771764880719E+00,1.913399156288272E+02));
#5885 = (BOUNDED_CURVE() B_SPLINE_CURVE(3,(#5881,#5882,#5883,#5884),.UNSPECIFIED.,.F.,.F.) B_SPLINE_CURVE_WITH_KNOTS((4,4),(0.000000000000000E+00,1.000000000000000E+00),.UNSPECIFIED.) CURVE() GEOMETRIC_REPRESENTATION_ITEM() RATIONAL_B_SPLINE_CURVE((1.000000000000000E+00,1.000000000000000E+00,1.000000000000000E+00,1.000000000000000E+00)) REPRESENTATION_ITEM(''));
#5886 = EDGE_CURVE('', #5880, #5871, #5885, .T.);
#5887 = ORIENTED_EDGE('', *,*, #5886, .T.);
#5888 = CARTESIAN_POINT('', (-2.921383454243059E+00,-8.149561189195465E+00,1.900122602985420E+02));
#5889 = CARTESIAN_POINT('', (-3.881741941390708E+00,-7.161042491538023E+00,1.888184217442786E+02));
#5890 = CARTESIAN_POINT('', (-6.133741782690968E+00,-6.439940999419856E+00,1.883568078914986E+02));
#5891 = CARTESIAN_POINT('', (-7.240073808600472E+00,-6.869073632345565E+00,1.889936751436715E+02));
#5892 = (BOUNDED_CURVE() B_SPLINE_CURVE(3,(#5888,#5889,#5890,#5891),.UNSPECIFIED.,.F.,.F.) B_SPLINE_CURVE_WITH_KNOTS((4,4),(0.000000000000000E+00,1.000000000000000E+00),.UNSPECIFIED.) CURVE() GEOMETRIC_REPRESENTATION_ITEM() RATIONAL_B_SPLINE_CURVE((1.000000000000000E+00,1.000000000000000E+00,1.000000000000000E+00,1.000000000000000E+00)) REPRESENTATION_ITEM(''));
#5893 = EDGE_CURVE('', #5880, #2877, #5892, .T.);
#5894 = ORIENTED_EDGE('', *,*, #5893, .F.);
#5895 = ORIENTED_EDGE('', *,*, #5630, .T.);
#5896 = EDGE_LOOP('', (#5878,#5887,#5894,#5895));
#5897 = FACE_OUTER_BOUND('', #5896, .T.);
#5898 = ADVANCED_FACE('', (#5897), #5869, .F.);
#5899 = CARTESIAN_POINT('', (-7.078927116330521E+00,-5.108981851345393E+00,1.901395686765899E+02));
#5900 = CARTESIAN_POINT('', (-6.293639377307337E+00,-5.381430771323370E+00,1.895487100565758E+02));
#5901 = CARTESIAN_POINT('', (-4.371419592776899E+00,-6.057337657128653E+00,1.902410707018652E+02));
#5902 = CARTESIAN_POINT('', (-3.765226590593795E+00,-6.348771764880719E+00,1.913399156288272E+02));
#5903 = CARTESIAN_POINT('', (-2.805101849619959E+00,-6.726743997506327E+00,1.932140965041189E+02));
#5904 = CARTESIAN_POINT('', (-2.454824971500361E+00,-7.144534513450821E+00,1.955968800607426E+02));
#5905 = CARTESIAN_POINT('', (-4.728846930583386E-01,-6.597565397443788E+00,1.965035841285341E+02));
#5906 = CARTESIAN_POINT('', (-6.883253699427872E+00,-4.518239599297988E+00,1.902045476963049E+02));
#5907 = CARTESIAN_POINT('', (-6.250926524413568E+00,-5.095711580192338E+00,1.900078971754422E+02));
#5908 = CARTESIAN_POINT('', (-4.434138028089674E+00,-5.632342569226291E+00,1.907245688459318E+02));
#5909 = CARTESIAN_POINT('', (-3.927150273763151E+00,-5.851709298641817E+00,1.916624436460028E+02));
#5910 = CARTESIAN_POINT('', (-2.913174765110106E+00,-6.290442757472868E+00,1.935381932461448E+02));
#5911 = CARTESIAN_POINT('', (-2.499664937831905E+00,-6.683948331337485E+00,1.956398372609635E+02));
#5912 = CARTESIAN_POINT('', (-8.621750625416857E-01,-6.308900926844956E+00,1.966800248049941E+02));
#5913 = CARTESIAN_POINT('', (-6.727983170019005E+00,-3.631512030545270E+00,1.902973995130592E+02));
#5914 = CARTESIAN_POINT('', (-5.782545188011554E+00,-4.239080978634513E+00,1.907487007959316E+02));
#5915 = CARTESIAN_POINT('', (-4.561952356745578E+00,-4.605793302383646E+00,1.915941077398016E+02));
#5916 = CARTESIAN_POINT('', (-4.077529391586183E+00,-4.938116280596090E+00,1.923857755186277E+02));
#5917 = CARTESIAN_POINT('', (-3.108683461267395E+00,-5.602762237020979E+00,1.939691110762799E+02));
#5918 = CARTESIAN_POINT('', (-2.411374577609402E+00,-6.062299866091932E+00,1.954640328968618E+02));
#5919 = CARTESIAN_POINT('', (-1.260326182347683E+00,-6.021303095347558E+00,1.968353216988709E+02));
#5920 = CARTESIAN_POINT('', (-6.409013024550694E+00,-3.122254392649110E+00,1.904713158855749E+02));
#5921 = CARTESIAN_POINT('', (-5.634448161075592E+00,-3.747015655694709E+00,1.909752355530183E+02));
#5922 = CARTESIAN_POINT('', (-4.585962285501664E+00,-4.140912738906650E+00,1.918195226786292E+02));
#5923 = CARTESIAN_POINT('', (-4.168112211412629E+00,-4.493434329196786E+00,1.925929060406921E+02));
#5924 = CARTESIAN_POINT('', (-3.332412063234557E+00,-5.198477509777058E+00,1.941396727648180E+02));
#5925 = CARTESIAN_POINT('', (-2.717893149430010E+00,-5.714053474649496E+00,1.956065193414381E+02));
#5926 = CARTESIAN_POINT('', (-1.667479215193800E+00,-5.739652180708994E+00,1.969722553025217E+02));
#5927 = CARTESIAN_POINT('', (-4.742197540415845E+00,-4.735109197573065E-01,1.913901132092224E+02));
#5928 = CARTESIAN_POINT('', (-4.745865999459827E+00,-7.946237180558851E-01,1.923344440955388E+02));
#5929 = CARTESIAN_POINT('', (-4.730021858038186E+00,-1.351629358044672E+00,1.931720123115949E+02));
#5930 = CARTESIAN_POINT('', (-4.711609130371299E+00,-1.825342620800960E+00,1.938356891730788E+02));
#5931 = CARTESIAN_POINT('', (-4.674783675037526E+00,-2.772769146313536E+00,1.951630428960466E+02));
#5932 = CARTESIAN_POINT('', (-4.557004580353659E+00,-3.624575125994889E+00,1.964614380088960E+02));
#5933 = CARTESIAN_POINT('', (-4.110397412270503E+00,-4.049746692877605E+00,1.977938569244264E+02));
#5934 = CARTESIAN_POINT('', (-4.995254721042562E+00,2.058167353069812E+00,1.930839268442060E+02));
#5935 = CARTESIAN_POINT('', (-5.392092471346956E+00,1.459407433925814E+00,1.937419375502294E+02));
#5936 = CARTESIAN_POINT('', (-5.998179329129507E+00,8.343318545171005E-01,1.942456730301983E+02));
#5937 = CARTESIAN_POINT('', (-6.214444349396372E+00,2.574357704174946E-01,1.947588438770394E+02));
#5938 = CARTESIAN_POINT('', (-6.646974389930101E+00,-8.963563977817172E-01,1.957851855707216E+02));
#5939 = CARTESIAN_POINT('', (-6.777094648320610E+00,-1.834439804198891E+00,1.968447550216866E+02));
#5940 = CARTESIAN_POINT('', (-6.877384478791530E+00,-2.573930211964195E+00,1.979543800981953E+02));
#5941 = CARTESIAN_POINT('', (-9.998132328291288E+00,2.200965037617938E+00,1.934007484825688E+02));
#5942 = CARTESIAN_POINT('', (-9.994895494266213E+00,1.649994463310055E+00,1.938856596793688E+02));
#5943 = CARTESIAN_POINT('', (-9.992582516916656E+00,1.112311637170939E+00,1.943729663631943E+02));
#5944 = CARTESIAN_POINT('', (-9.991378085480608E+00,5.891261220535444E-01,1.948709938588429E+02));
#5945 = CARTESIAN_POINT('', (-9.988969222608514E+00,-4.572449081812447E-01,1.958670488501400E+02));
#5946 = CARTESIAN_POINT('', (-9.990994543390471E+00,-1.445626694329149E+00,1.969059870887296E+02));
#5947 = CARTESIAN_POINT('', (-9.998931561730478E+00,-2.366342733566537E+00,1.980544111729927E+02));
#5948 = (BOUNDED_SURFACE() B_SPLINE_SURFACE(3,3, ((#5899,#5900,#5901,#5902,#5903,#5904,#5905),(#5906,#5907,#5908,#5909,#5910,#5911,#5912),(#5913,#5914,#5915,#5916,#5917,#5918,#5919),(#5920,#5921,#5922,#5923,#5924,#5925,#5926),(#5927,#5928,#5929,#5930,#5931,#5932,#5933),(#5934,#5935,#5936,#5937,#5938,#5939,#5940),(#5941,#5942,#5943,#5944,#5945,#5946,#5947)), .UNSPECIFIED., .F., .F., .T. )  B_SPLINE_SURFACE_WITH_KNOTS((4,3,4), (4,3,4), (0.000000000000000E+00,1.428571428571428E-01,1.000000000000000E+00), (0.000000000000000E+00,3.333333333333333E-01,1.000000000000000E+00), .UNSPECIFIED.)GEOMETRIC_REPRESENTATION_ITEM() RATIONAL_B_SPLINE_SURFACE( ((1.000000000000000E+00,1.000000000000000E+00,1.000000000000000E+00,1.000000000000000E+00,1.000000000000000E+00,1.000000000000000E+00,1.000000000000000E+00),(1.000000000000000E+00,1.000000000000000E+00,1.000000000000000E+00,1.000000000000000E+00,1.000000000000000E+00,1.000000000000000E+00,1.000000000000000E+00),(1.000000000000000E+00,1.000000000000000E+00,1.000000000000000E+00,1.000000000000000E+00,1.000000000000000E+00,1.000000000000000E+00,1.000000000000000E+00),(1.000000000000000E+00,1.000000000000000E+00,1.000000000000000E+00,1.000000000000000E+00,1.000000000000000E+00,1.000000000000000E+00,1.000000000000000E+00),(1.000000000000000E+00,1.000000000000000E+00,1.000000000000000E+00,1.000000000000000E+00,1.000000000000000E+00,1.000000000000000E+00,1.000000000000000E+00),(1.000000000000000E+00,1.000000000000000E+00,1.000000000000000E+00,1.000000000000000E+00,1.000000000000000E+00,1.000000000000000E+00,1.000000000000000E+00),(1.000000000000000E+00,1.000000000000000E+00,1.000000000000000E+00,1.000000000000000E+00,1.000000000000000E+00,1.000000000000000E+00,1.000000000000000E+00))) REPRESENTATION_ITEM('') SURFACE());
#5949 = CARTESIAN_POINT('', (-7.078927116330521E+00,-5.108981851345393E+00,1.901395686765899E+02));
#5950 = CARTESIAN_POINT('', (-6.883253699427872E+00,-4.518239599297988E+00,1.902045476963049E+02));
#5951 = CARTESIAN_POINT('', (-6.727983170019005E+00,-3.631512030545270E+00,1.902973995130592E+02));
#5952 = CARTESIAN_POINT('', (-6.409013024550694E+00,-3.122254392649110E+00,1.904713158855749E+02));
#5953 = (BOUNDED_CURVE() B_SPLINE_CURVE(3,(#5949,#5950,#5951,#5952),.UNSPECIFIED.,.F.,.F.) B_SPLINE_CURVE_WITH_KNOTS((4,4),(0.000000000000000E+00,1.000000000000000E+00),.UNSPECIFIED.) CURVE() GEOMETRIC_REPRESENTATION_ITEM() RATIONAL_B_SPLINE_CURVE((1.000000000000000E+00,1.000000000000000E+00,1.000000000000000E+00,1.000000000000000E+00)) REPRESENTATION_ITEM(''));
#5954 = EDGE_CURVE('', #5617, #4960, #5953, .T.);
#5955 = ORIENTED_EDGE('', *,*, #5954, .F.);
#5956 = ORIENTED_EDGE('', *,*, #4966, .T.);
#5957 = ORIENTED_EDGE('', *,*, #3838, .F.);
#5958 = CARTESIAN_POINT('', (-4.728846930583386E-01,-6.597565397443788E+00,1.965035841285341E+02));
#5959 = VERTEX_POINT('', #5958);
#5960 = CARTESIAN_POINT('', (-4.728846930583386E-01,-6.597565397443788E+00,1.965035841285341E+02));
#5961 = CARTESIAN_POINT('', (-3.197917279441769E+00,-4.576914103251955E+00,1.977386688637541E+02));
#5962 = CARTESIAN_POINT('', (-6.357126631635039E+00,-2.608528125030471E+00,1.979377082523957E+02));
#5963 = CARTESIAN_POINT('', (-9.998931561730478E+00,-2.366342733566537E+00,1.980544111729927E+02));
#5964 = (BOUNDED_CURVE() B_SPLINE_CURVE(3,(#5960,#5961,#5962,#5963),.UNSPECIFIED.,.F.,.F.) B_SPLINE_CURVE_WITH_KNOTS((4,4),(0.000000000000000E+00,1.000000000000000E+00),.UNSPECIFIED.) CURVE() GEOMETRIC_REPRESENTATION_ITEM() RATIONAL_B_SPLINE_CURVE((1.000000000000000E+00,1.000000000000000E+00,1.000000000000000E+00,1.000000000000000E+00)) REPRESENTATION_ITEM(''));
#5965 = EDGE_CURVE('', #5959, #3823, #5964, .T.);
#5966 = ORIENTED_EDGE('', *,*, #5965, .T.);
#5967 = CARTESIAN_POINT('', (-4.728846930583386E-01,-6.597565397443788E+00,1.965035841285341E+02));
#5968 = CARTESIAN_POINT('', (-2.454824971500361E+00,-7.144534513450821E+00,1.955968800607426E+02));
#5969 = CARTESIAN_POINT('', (-2.805101849619959E+00,-6.726743997506327E+00,1.932140965041189E+02));
#5970 = CARTESIAN_POINT('', (-3.765226590593795E+00,-6.348771764880719E+00,1.913399156288272E+02));
#5971 = (BOUNDED_CURVE() B_SPLINE_CURVE(3,(#5967,#5968,#5969,#5970),.UNSPECIFIED.,.F.,.F.) B_SPLINE_CURVE_WITH_KNOTS((4,4),(0.000000000000000E+00,1.000000000000000E+00),.UNSPECIFIED.) CURVE() GEOMETRIC_REPRESENTATION_ITEM() RATIONAL_B_SPLINE_CURVE((1.000000000000000E+00,1.000000000000000E+00,1.000000000000000E+00,1.000000000000000E+00)) REPRESENTATION_ITEM(''));
#5972 = EDGE_CURVE('', #5959, #5871, #5971, .T.);
#5973 = ORIENTED_EDGE('', *,*, #5972, .F.);
#5974 = ORIENTED_EDGE('', *,*, #5877, .T.);
#5975 = EDGE_LOOP('', (#5955,#5956,#5957,#5966,#5973,#5974));
#5976 = FACE_OUTER_BOUND('', #5975, .T.);
#5977 = ADVANCED_FACE('', (#5976), #5948, .F.);
#5978 = CARTESIAN_POINT('', (-7.078927116330521E+00,-5.108981851345393E+00,1.901395686765899E+02));
#5979 = CARTESIAN_POINT('', (-6.883253699427872E+00,-4.518239599297988E+00,1.902045476963049E+02));
#5980 = CARTESIAN_POINT('', (-6.727983170019005E+00,-3.631512030545270E+00,1.902973995130592E+02));
#5981 = CARTESIAN_POINT('', (-6.409013024550694E+00,-3.122254392649110E+00,1.904713158855749E+02));
#5982 = CARTESIAN_POINT('', (-7.310620334211388E+00,-4.550266607889928E+00,1.904691235341034E+02));
#5983 = CARTESIAN_POINT('', (-7.191428745097837E+00,-4.080627241872479E+00,1.902734875179515E+02));
#5984 = CARTESIAN_POINT('', (-7.067360142183371E+00,-3.296811776804406E+00,1.901609934517439E+02));
#5985 = CARTESIAN_POINT('', (-6.795212103528940E+00,-2.810686398997243E+00,1.902199460777800E+02));
#5986 = CARTESIAN_POINT('', (-7.595329813674722E+00,-3.871569264332480E+00,1.905194520961304E+02));
#5987 = CARTESIAN_POINT('', (-7.454171561311995E+00,-3.486930539321531E+00,1.902256868067419E+02));
#5988 = CARTESIAN_POINT('', (-7.318491241239670E+00,-2.820173765890881E+00,1.901561755568788E+02));
#5989 = CARTESIAN_POINT('', (-7.121311405093540E+00,-2.333153616883221E+00,1.900954787072208E+02));
#5990 = CARTESIAN_POINT('', (-7.967068156399724E+00,-3.438513324253988E+00,1.905875719586811E+02));
#5991 = CARTESIAN_POINT('', (-7.817309522436314E+00,-3.098625537550994E+00,1.901824988758100E+02));
#5992 = CARTESIAN_POINT('', (-7.623126755659976E+00,-2.543740665549488E+00,1.899528387790560E+02));
#5993 = CARTESIAN_POINT('', (-7.397240380642548E+00,-2.145305736338291E+00,1.896833573595059E+02));
#5994 = (BOUNDED_SURFACE() B_SPLINE_SURFACE(3,3, ((#5978,#5979,#5980,#5981),(#5982,#5983,#5984,#5985),(#5986,#5987,#5988,#5989),(#5990,#5991,#5992,#5993)), .UNSPECIFIED., .F., .F., .T. )  B_SPLINE_SURFACE_WITH_KNOTS((4,4), (4,4), (0.000000000000000E+00,1.000000000000000E+00), (0.000000000000000E+00,1.000000000000000E+00), .UNSPECIFIED.)GEOMETRIC_REPRESENTATION_ITEM() RATIONAL_B_SPLINE_SURFACE( ((1.000000000000000E+00,1.000000000000000E+00,1.000000000000000E+00,1.000000000000000E+00),(1.000000000000000E+00,1.000000000000000E+00,1.000000000000000E+00,1.000000000000000E+00),(1.000000000000000E+00,1.000000000000000E+00,1.000000000000000E+00,1.000000000000000E+00),(1.000000000000000E+00,1.000000000000000E+00,1.000000000000000E+00,1.000000000000000E+00))) REPRESENTATION_ITEM('') SURFACE());
#5995 = ORIENTED_EDGE('', *,*, #5686, .F.);
#5996 = ORIENTED_EDGE('', *,*, #4901, .T.);
#5997 = ORIENTED_EDGE('', *,*, #4973, .F.);
#5998 = ORIENTED_EDGE('', *,*, #5954, .T.);
#5999 = EDGE_LOOP('', (#5995,#5996,#5997,#5998));
#6000 = FACE_OUTER_BOUND('', #5999, .T.);
#6001 = ADVANCED_FACE('', (#6000), #5994, .F.);
#6002 = CARTESIAN_POINT('', (-2.921383454243059E+00,-8.149561189195465E+00,1.900122602985420E+02));
#6003 = CARTESIAN_POINT('', (-2.764360197321547E+00,-8.415225293321702E+00,1.892535729900089E+02));
#6004 = CARTESIAN_POINT('', (-2.393030635576603E+00,-8.530042934775116E+00,1.883154503415707E+02));
#6005 = CARTESIAN_POINT('', (-1.970656524783700E+00,-8.479620655324824E+00,1.875835958140791E+02));
#6006 = CARTESIAN_POINT('', (-2.436836695941071E+00,-8.706129822042557E+00,1.900663599012426E+02));
#6007 = CARTESIAN_POINT('', (-2.289192550810823E+00,-8.768932198919714E+00,1.894509166443975E+02));
#6008 = CARTESIAN_POINT('', (-1.921963702212379E+00,-8.815781896245664E+00,1.887845774224664E+02));
#6009 = CARTESIAN_POINT('', (-1.443713294933610E+00,-8.809022482722867E+00,1.883905494098388E+02));
#6010 = CARTESIAN_POINT('', (-2.032476366666196E+00,-9.331732190391142E+00,1.903104655949583E+02));
#6011 = CARTESIAN_POINT('', (-1.942779837961107E+00,-9.394068106964664E+00,1.897287754458974E+02));
#6012 = CARTESIAN_POINT('', (-1.608689113590209E+00,-9.385442194036283E+00,1.891816159498951E+02));
#6013 = CARTESIAN_POINT('', (-1.036303463954402E+00,-9.383326831552496E+00,1.887770868459437E+02));
#6014 = CARTESIAN_POINT('', (-1.675538092608326E+00,-9.999899796282264E+00,1.905200890091037E+02));
#6015 = CARTESIAN_POINT('', (-1.479973112253638E+00,-9.998223616372819E+00,1.900677244137437E+02));
#6016 = CARTESIAN_POINT('', (-1.201591856378533E+00,-9.996871599632721E+00,1.895556842290235E+02));
#6017 = CARTESIAN_POINT('', (-7.207389909755877E-01,-1.000102755324860E+01,1.891225576437531E+02));
#6018 = (BOUNDED_SURFACE() B_SPLINE_SURFACE(3,3, ((#6002,#6003,#6004,#6005),(#6006,#6007,#6008,#6009),(#6010,#6011,#6012,#6013),(#6014,#6015,#6016,#6017)), .UNSPECIFIED., .F., .F., .T. )  B_SPLINE_SURFACE_WITH_KNOTS((4,4), (4,4), (0.000000000000000E+00,1.000000000000000E+00), (0.000000000000000E+00,1.000000000000000E+00), .UNSPECIFIED.)GEOMETRIC_REPRESENTATION_ITEM() RATIONAL_B_SPLINE_SURFACE( ((1.000000000000000E+00,1.000000000000000E+00,1.000000000000000E+00,1.000000000000000E+00),(1.000000000000000E+00,1.000000000000000E+00,1.000000000000000E+00,1.000000000000000E+00),(1.000000000000000E+00,1.000000000000000E+00,1.000000000000000E+00,1.000000000000000E+00),(1.000000000000000E+00,1.000000000000000E+00,1.000000000000000E+00,1.000000000000000E+00))) REPRESENTATION_ITEM('') SURFACE());
#6019 = CARTESIAN_POINT('', (-2.921383454243059E+00,-8.149561189195465E+00,1.900122602985420E+02));
#6020 = CARTESIAN_POINT('', (-2.436836695941071E+00,-8.706129822042557E+00,1.900663599012426E+02));
#6021 = CARTESIAN_POINT('', (-2.032476366666196E+00,-9.331732190391142E+00,1.903104655949583E+02));
#6022 = CARTESIAN_POINT('', (-1.675538092608326E+00,-9.999899796282264E+00,1.905200890091037E+02));
#6023 = (BOUNDED_CURVE() B_SPLINE_CURVE(3,(#6019,#6020,#6021,#6022),.UNSPECIFIED.,.F.,.F.) B_SPLINE_CURVE_WITH_KNOTS((4,4),(0.000000000000000E+00,1.000000000000000E+00),.UNSPECIFIED.) CURVE() GEOMETRIC_REPRESENTATION_ITEM() RATIONAL_B_SPLINE_CURVE((1.000000000000000E+00,1.000000000000000E+00,1.000000000000000E+00,1.000000000000000E+00)) REPRESENTATION_ITEM(''));
#6024 = EDGE_CURVE('', #5880, #3449, #6023, .T.);
#6025 = ORIENTED_EDGE('', *,*, #6024, .F.);
#6026 = ORIENTED_EDGE('', *,*, #3491, .F.);
#6027 = ORIENTED_EDGE('', *,*, #4115, .T.);
#6028 = CARTESIAN_POINT('', (-2.921383454243059E+00,-8.149561189195465E+00,1.900122602985420E+02));
#6029 = CARTESIAN_POINT('', (-2.764360197321547E+00,-8.415225293321702E+00,1.892535729900089E+02));
#6030 = CARTESIAN_POINT('', (-2.393030635576603E+00,-8.530042934775116E+00,1.883154503415707E+02));
#6031 = CARTESIAN_POINT('', (-1.970656524783700E+00,-8.479620655324824E+00,1.875835958140791E+02));
#6032 = (BOUNDED_CURVE() B_SPLINE_CURVE(3,(#6028,#6029,#6030,#6031),.UNSPECIFIED.,.F.,.F.) B_SPLINE_CURVE_WITH_KNOTS((4,4),(0.000000000000000E+00,1.000000000000000E+00),.UNSPECIFIED.) CURVE() GEOMETRIC_REPRESENTATION_ITEM() RATIONAL_B_SPLINE_CURVE((1.000000000000000E+00,1.000000000000000E+00,1.000000000000000E+00,1.000000000000000E+00)) REPRESENTATION_ITEM(''));
#6033 = EDGE_CURVE('', #5880, #2560, #6032, .T.);
#6034 = ORIENTED_EDGE('', *,*, #6033, .T.);
#6035 = EDGE_LOOP('', (#6025,#6026,#6027,#6034));
#6036 = FACE_OUTER_BOUND('', #6035, .T.);
#6037 = ADVANCED_FACE('', (#6036), #6018, .F.);
#6038 = CARTESIAN_POINT('', (3.779172860215900E-01,1.000104111114079E+01,1.643988946669535E+02));
#6039 = CARTESIAN_POINT('', (8.552596880257095E-01,9.991390988243520E+00,1.643337981740425E+02));
#6040 = CARTESIAN_POINT('', (1.240003561943081E+00,9.724811556875443E+00,1.640266389142023E+02));
#6041 = CARTESIAN_POINT('', (1.441064163212559E+00,9.277103300522855E+00,1.637972579503501E+02));
#6042 = CARTESIAN_POINT('', (2.181870460466609E+00,7.627355895054855E+00,1.629518425445684E+02));
#6043 = CARTESIAN_POINT('', (2.896528139242399E+00,5.767753846832696E+00,1.621016077724012E+02));
#6044 = CARTESIAN_POINT('', (3.534946079112209E+00,3.862292419620077E+00,1.613018959858930E+02));
#6045 = CARTESIAN_POINT('', (-2.744865727374023E-01,9.941932570860013E+00,1.640886055776980E+02));
#6046 = CARTESIAN_POINT('', (4.036679069661398E-02,1.004578661551148E+01,1.640214719607141E+02));
#6047 = CARTESIAN_POINT('', (8.456446241308834E-01,9.811326542470406E+00,1.634106345176199E+02));
#6048 = CARTESIAN_POINT('', (1.039648416685698E+00,9.410964035007305E+00,1.631845760946597E+02));
#6049 = CARTESIAN_POINT('', (1.815663586904957E+00,7.809514005154901E+00,1.622803424028188E+02));
#6050 = CARTESIAN_POINT('', (2.564993770951015E+00,5.995630681345710E+00,1.615022633152311E+02));
#6051 = CARTESIAN_POINT('', (3.260023926825341E+00,4.124279271178203E+00,1.607147325049332E+02));
#6052 = CARTESIAN_POINT('', (-6.976254260155821E-01,9.092379613971346E+00,1.633686699471809E+02));
#6053 = CARTESIAN_POINT('', (-2.857875235301791E-01,9.142283253920951E+00,1.631213320806451E+02));
#6054 = CARTESIAN_POINT('', (-9.710358674808773E-04,9.127336751941977E+00,1.628176480446472E+02));
#6055 = CARTESIAN_POINT('', (2.354522623826751E-01,8.889573172703479E+00,1.625774011795311E+02));
#6056 = CARTESIAN_POINT('', (1.181145455383299E+00,7.938518855749489E+00,1.616164137190665E+02));
#6057 = CARTESIAN_POINT('', (2.178019759571575E+00,6.215189849298195E+00,1.607769178736379E+02));
#6058 = CARTESIAN_POINT('', (2.847462319339868E+00,4.519141903609190E+00,1.601123196181083E+02));
#6059 = CARTESIAN_POINT('', (-1.138896836320690E+00,8.333558582205411E+00,1.627357014645141E+02));
#6060 = CARTESIAN_POINT('', (-8.637626577829768E-01,8.377579181640748E+00,1.624632107088806E+02));
#6061 = CARTESIAN_POINT('', (-5.953268761702620E-01,8.331422679801694E+00,1.622028123320940E+02));
#6062 = CARTESIAN_POINT('', (-3.342016286580659E-01,8.214588986596032E+00,1.619543674698149E+02));
#6063 = CARTESIAN_POINT('', (7.102993613907184E-01,7.747254213773374E+00,1.609605880206984E+02));
#6064 = CARTESIAN_POINT('', (1.637831805831201E+00,6.149084379084949E+00,1.601580648037031E+02));
#6065 = CARTESIAN_POINT('', (2.409218925430096E+00,4.668073716628643E+00,1.595379105011186E+02));
#6066 = (BOUNDED_SURFACE() B_SPLINE_SURFACE(3,3, ((#6038,#6039,#6040,#6041,#6042,#6043,#6044),(#6045,#6046,#6047,#6048,#6049,#6050,#6051),(#6052,#6053,#6054,#6055,#6056,#6057,#6058),(#6059,#6060,#6061,#6062,#6063,#6064,#6065)), .UNSPECIFIED., .F., .F., .T. )  B_SPLINE_SURFACE_WITH_KNOTS((4,4), (4,3,4), (0.000000000000000E+00,1.000000000000000E+00), (0.000000000000000E+00,2.000000000000000E-01,1.000000000000000E+00), .UNSPECIFIED.)GEOMETRIC_REPRESENTATION_ITEM() RATIONAL_B_SPLINE_SURFACE( ((1.000000000000000E+00,1.000000000000000E+00,1.000000000000000E+00,1.000000000000000E+00,1.000000000000000E+00,1.000000000000000E+00,1.000000000000000E+00),(1.000000000000000E+00,1.000000000000000E+00,1.000000000000000E+00,1.000000000000000E+00,1.000000000000000E+00,1.000000000000000E+00,1.000000000000000E+00),(1.000000000000000E+00,1.000000000000000E+00,1.000000000000000E+00,1.000000000000000E+00,1.000000000000000E+00,1.000000000000000E+00,1.000000000000000E+00),(1.000000000000000E+00,1.000000000000000E+00,1.000000000000000E+00,1.000000000000000E+00,1.000000000000000E+00,1.000000000000000E+00,1.000000000000000E+00))) REPRESENTATION_ITEM('') SURFACE());
#6067 = ORIENTED_EDGE('', *,*, #4868, .F.);
#6068 = ORIENTED_EDGE('', *,*, #3078, .T.);
#6069 = ORIENTED_EDGE('', *,*, #3183, .T.);
#6070 = ORIENTED_EDGE('', *,*, #1654, .F.);
#6071 = CARTESIAN_POINT('', (3.779172860215900E-01,1.000104111114079E+01,1.643988946669535E+02));
#6072 = CARTESIAN_POINT('', (8.552596880257095E-01,9.991390988243520E+00,1.643337981740425E+02));
#6073 = CARTESIAN_POINT('', (1.240003561943081E+00,9.724811556875443E+00,1.640266389142023E+02));
#6074 = CARTESIAN_POINT('', (1.441064163212559E+00,9.277103300522855E+00,1.637972579503501E+02));
#6075 = (BOUNDED_CURVE() B_SPLINE_CURVE(3,(#6071,#6072,#6073,#6074),.UNSPECIFIED.,.F.,.F.) B_SPLINE_CURVE_WITH_KNOTS((4,4),(0.000000000000000E+00,1.000000000000000E+00),.UNSPECIFIED.) CURVE() GEOMETRIC_REPRESENTATION_ITEM() RATIONAL_B_SPLINE_CURVE((1.000000000000000E+00,1.000000000000000E+00,1.000000000000000E+00,1.000000000000000E+00)) REPRESENTATION_ITEM(''));
#6076 = EDGE_CURVE('', #2939, #1639, #6075, .T.);
#6077 = ORIENTED_EDGE('', *,*, #6076, .T.);
#6078 = EDGE_LOOP('', (#6067,#6068,#6069,#6070,#6077));
#6079 = FACE_OUTER_BOUND('', #6078, .T.);
#6080 = ADVANCED_FACE('', (#6079), #6066, .F.);
#6081 = CARTESIAN_POINT('', (3.752992258170941E-01,-5.535974668103305E+00,1.976384675394788E+02));
#6082 = CARTESIAN_POINT('', (1.879637120357462E+00,-6.578787198356414E+00,1.963028395014387E+02));
#6083 = CARTESIAN_POINT('', (2.956775028491696E+00,-6.143825363616220E+00,1.944250137359556E+02));
#6084 = CARTESIAN_POINT('', (3.924380727260434E+00,-5.210237989904315E+00,1.924047297273490E+02));
#6085 = CARTESIAN_POINT('', (4.389357919376390E+00,-4.773697225302216E+00,1.914673417278180E+02));
#6086 = CARTESIAN_POINT('', (5.859843306258549E+00,-4.116763958236110E+00,1.910017667296820E+02));
#6087 = CARTESIAN_POINT('', (6.397260800538205E+00,-3.749358556382216E+00,1.903012604742042E+02));
#6088 = CARTESIAN_POINT('', (3.231681827054021E+00,-4.479583749692988E+00,1.987314536194221E+02));
#6089 = CARTESIAN_POINT('', (3.631396887463975E+00,-4.334255475504727E+00,1.969931734804701E+02));
#6090 = CARTESIAN_POINT('', (4.071186090911775E+00,-3.428452707708395E+00,1.954065062199924E+02));
#6091 = CARTESIAN_POINT('', (4.452534806943515E+00,-2.312327229870336E+00,1.937059019674504E+02));
#6092 = CARTESIAN_POINT('', (4.579651045620762E+00,-1.940285403924317E+00,1.931390338832697E+02));
#6093 = CARTESIAN_POINT('', (4.645698378030790E+00,-1.534320817833158E+00,1.921620335315941E+02));
#6094 = CARTESIAN_POINT('', (4.471811080392768E+00,-1.097804076179603E+00,1.914862033913106E+02));
#6095 = CARTESIAN_POINT('', (5.850590703352133E+00,-3.001414619308598E+00,1.987973270167563E+02));
#6096 = CARTESIAN_POINT('', (5.961572008918952E+00,-2.237717133676544E+00,1.974133740237594E+02));
#6097 = CARTESIAN_POINT('', (6.029835208985165E+00,-1.164325885188865E+00,1.960521524384379E+02));
#6098 = CARTESIAN_POINT('', (5.856703787224913E+00,1.565992988432640E-01,1.945622624264614E+02));
#6099 = CARTESIAN_POINT('', (5.798993313304829E+00,5.969076935206403E-01,1.940656324224692E+02));
#6100 = CARTESIAN_POINT('', (5.104168725217751E+00,1.276348223205666E+00,1.935956538034387E+02));
#6101 = CARTESIAN_POINT('', (4.871837509046228E+00,1.744295989846052E+00,1.931368797905133E+02));
#6102 = CARTESIAN_POINT('', (9.996226452110085E+00,-2.892786177108766E+00,1.987317479920168E+02));
#6103 = CARTESIAN_POINT('', (1.004220317457693E+01,-1.802949946348236E+00,1.974455036201205E+02));
#6104 = CARTESIAN_POINT('', (1.002798697665258E+01,-6.637870186728823E-01,1.960762608876285E+02));
#6105 = CARTESIAN_POINT('', (1.001072434848666E+01,6.917021466929858E-01,1.947405676763408E+02));
#6106 = CARTESIAN_POINT('', (1.000497013909802E+01,1.143531868481608E+00,1.942953366059116E+02));
#6107 = CARTESIAN_POINT('', (9.998877437460315E+00,1.619397838902511E+00,1.938538332600606E+02));
#6108 = CARTESIAN_POINT('', (9.994562780245760E+00,2.125485226132569E+00,1.934203742270027E+02));
#6109 = (BOUNDED_SURFACE() B_SPLINE_SURFACE(3,3, ((#6081,#6082,#6083,#6084,#6085,#6086,#6087),(#6088,#6089,#6090,#6091,#6092,#6093,#6094),(#6095,#6096,#6097,#6098,#6099,#6100,#6101),(#6102,#6103,#6104,#6105,#6106,#6107,#6108)), .UNSPECIFIED., .F., .F., .T. )  B_SPLINE_SURFACE_WITH_KNOTS((4,4), (4,3,4), (0.000000000000000E+00,1.000000000000000E+00), (0.000000000000000E+00,7.500000000000000E-01,1.000000000000000E+00), .UNSPECIFIED.)GEOMETRIC_REPRESENTATION_ITEM() RATIONAL_B_SPLINE_SURFACE( ((1.000000000000000E+00,1.000000000000000E+00,1.000000000000000E+00,1.000000000000000E+00,1.000000000000000E+00,1.000000000000000E+00,1.000000000000000E+00),(1.000000000000000E+00,1.000000000000000E+00,1.000000000000000E+00,1.000000000000000E+00,1.000000000000000E+00,1.000000000000000E+00,1.000000000000000E+00),(1.000000000000000E+00,1.000000000000000E+00,1.000000000000000E+00,1.000000000000000E+00,1.000000000000000E+00,1.000000000000000E+00,1.000000000000000E+00),(1.000000000000000E+00,1.000000000000000E+00,1.000000000000000E+00,1.000000000000000E+00,1.000000000000000E+00,1.000000000000000E+00,1.000000000000000E+00))) REPRESENTATION_ITEM('') SURFACE());
#6110 = CARTESIAN_POINT('', (3.752992258170941E-01,-5.535974668103305E+00,1.976384675394788E+02));
#6111 = VERTEX_POINT('', #6110);
#6112 = CARTESIAN_POINT('', (3.752992258170941E-01,-5.535974668103305E+00,1.976384675394788E+02));
#6113 = CARTESIAN_POINT('', (3.231681827054021E+00,-4.479583749692988E+00,1.987314536194221E+02));
#6114 = CARTESIAN_POINT('', (5.850590703352133E+00,-3.001414619308598E+00,1.987973270167563E+02));
#6115 = CARTESIAN_POINT('', (9.996226452110085E+00,-2.892786177108766E+00,1.987317479920168E+02));
#6116 = (BOUNDED_CURVE() B_SPLINE_CURVE(3,(#6112,#6113,#6114,#6115),.UNSPECIFIED.,.F.,.F.) B_SPLINE_CURVE_WITH_KNOTS((4,4),(0.000000000000000E+00,1.000000000000000E+00),.UNSPECIFIED.) CURVE() GEOMETRIC_REPRESENTATION_ITEM() RATIONAL_B_SPLINE_CURVE((1.000000000000000E+00,1.000000000000000E+00,1.000000000000000E+00,1.000000000000000E+00)) REPRESENTATION_ITEM(''));
#6117 = EDGE_CURVE('', #6111, #3553, #6116, .T.);
#6118 = ORIENTED_EDGE('', *,*, #6117, .F.);
#6119 = ORIENTED_EDGE('', *,*, #3559, .F.);
#6120 = ORIENTED_EDGE('', *,*, #2784, .T.);
#6121 = CARTESIAN_POINT('', (3.924380727260434E+00,-5.210237989904315E+00,1.924047297273490E+02));
#6122 = VERTEX_POINT('', #6121);
#6123 = CARTESIAN_POINT('', (6.397260800538205E+00,-3.749358556382216E+00,1.903012604742042E+02));
#6124 = CARTESIAN_POINT('', (5.859843306258549E+00,-4.116763958236110E+00,1.910017667296820E+02));
#6125 = CARTESIAN_POINT('', (4.389357919376390E+00,-4.773697225302216E+00,1.914673417278180E+02));
#6126 = CARTESIAN_POINT('', (3.924380727260434E+00,-5.210237989904315E+00,1.924047297273490E+02));
#6127 = (BOUNDED_CURVE() B_SPLINE_CURVE(3,(#6123,#6124,#6125,#6126),.UNSPECIFIED.,.F.,.F.) B_SPLINE_CURVE_WITH_KNOTS((4,4),(0.000000000000000E+00,1.000000000000000E+00),.UNSPECIFIED.) CURVE() GEOMETRIC_REPRESENTATION_ITEM() RATIONAL_B_SPLINE_CURVE((1.000000000000000E+00,1.000000000000000E+00,1.000000000000000E+00,1.000000000000000E+00)) REPRESENTATION_ITEM(''));
#6128 = EDGE_CURVE('', #2692, #6122, #6127, .T.);
#6129 = ORIENTED_EDGE('', *,*, #6128, .F.);
#6130 = CARTESIAN_POINT('', (3.752992258170941E-01,-5.535974668103305E+00,1.976384675394788E+02));
#6131 = CARTESIAN_POINT('', (1.879637120357462E+00,-6.578787198356414E+00,1.963028395014387E+02));
#6132 = CARTESIAN_POINT('', (2.956775028491696E+00,-6.143825363616220E+00,1.944250137359556E+02));
#6133 = CARTESIAN_POINT('', (3.924380727260434E+00,-5.210237989904315E+00,1.924047297273490E+02));
#6134 = (BOUNDED_CURVE() B_SPLINE_CURVE(3,(#6130,#6131,#6132,#6133),.UNSPECIFIED.,.F.,.F.) B_SPLINE_CURVE_WITH_KNOTS((4,4),(0.000000000000000E+00,1.000000000000000E+00),.UNSPECIFIED.) CURVE() GEOMETRIC_REPRESENTATION_ITEM() RATIONAL_B_SPLINE_CURVE((1.000000000000000E+00,1.000000000000000E+00,1.000000000000000E+00,1.000000000000000E+00)) REPRESENTATION_ITEM(''));
#6135 = EDGE_CURVE('', #6111, #6122, #6134, .T.);
#6136 = ORIENTED_EDGE('', *,*, #6135, .T.);
#6137 = EDGE_LOOP('', (#6118,#6119,#6120,#6129,#6136));
#6138 = FACE_OUTER_BOUND('', #6137, .T.);
#6139 = ADVANCED_FACE('', (#6138), #6109, .F.);
#6140 = CARTESIAN_POINT('', (3.752992258170941E-01,-5.535974668103305E+00,1.976384675394788E+02));
#6141 = CARTESIAN_POINT('', (3.231681827054021E+00,-4.479583749692988E+00,1.987314536194221E+02));
#6142 = CARTESIAN_POINT('', (5.850590703352133E+00,-3.001414619308598E+00,1.987973270167563E+02));
#6143 = CARTESIAN_POINT('', (9.996226452110085E+00,-2.892786177108766E+00,1.987317479920168E+02));
#6144 = CARTESIAN_POINT('', (3.283726281578577E-01,-4.975518057743978E+00,1.983077706158297E+02));
#6145 = CARTESIAN_POINT('', (3.214843238709841E+00,-4.540093871604284E+00,1.991874091700710E+02));
#6146 = CARTESIAN_POINT('', (5.831086016148381E+00,-3.212165851862945E+00,1.992184840421743E+02));
#6147 = CARTESIAN_POINT('', (9.982264118508301E+00,-3.214613545461571E+00,1.990963581245265E+02));
#6148 = CARTESIAN_POINT('', (4.395382224257680E-01,-4.583812577755661E+00,1.991400170146618E+02));
#6149 = CARTESIAN_POINT('', (3.211818445560061E+00,-4.198319576880590E+00,1.997023676296880E+02));
#6150 = CARTESIAN_POINT('', (5.817051666104933E+00,-3.490688668425435E+00,1.995701054298037E+02));
#6151 = CARTESIAN_POINT('', (9.998994115510794E+00,-3.745249891265716E+00,1.995139411997871E+02));
#6152 = CARTESIAN_POINT('', (5.674317272547587E-01,-4.265440572469037E+00,1.999929591879565E+02));
#6153 = CARTESIAN_POINT('', (3.192598332339750E+00,-3.763092185987575E+00,2.001290663095271E+02));
#6154 = CARTESIAN_POINT('', (5.815432507327044E+00,-3.824616359273683E+00,1.999849033779282E+02));
#6155 = CARTESIAN_POINT('', (9.994820336204711E+00,-4.236820009640905E+00,1.999948203594203E+02));
#6156 = (BOUNDED_SURFACE() B_SPLINE_SURFACE(3,3, ((#6140,#6141,#6142,#6143),(#6144,#6145,#6146,#6147),(#6148,#6149,#6150,#6151),(#6152,#6153,#6154,#6155)), .UNSPECIFIED., .F., .F., .T. )  B_SPLINE_SURFACE_WITH_KNOTS((4,4), (4,4), (0.000000000000000E+00,1.000000000000000E+00), (0.000000000000000E+00,1.000000000000000E+00), .UNSPECIFIED.)GEOMETRIC_REPRESENTATION_ITEM() RATIONAL_B_SPLINE_SURFACE( ((1.000000000000000E+00,1.000000000000000E+00,1.000000000000000E+00,1.000000000000000E+00),(1.000000000000000E+00,1.000000000000000E+00,1.000000000000000E+00,1.000000000000000E+00),(1.000000000000000E+00,1.000000000000000E+00,1.000000000000000E+00,1.000000000000000E+00),(1.000000000000000E+00,1.000000000000000E+00,1.000000000000000E+00,1.000000000000000E+00))) REPRESENTATION_ITEM('') SURFACE());
#6157 = CARTESIAN_POINT('', (3.752992258170941E-01,-5.535974668103305E+00,1.976384675394788E+02));
#6158 = CARTESIAN_POINT('', (3.283726281578577E-01,-4.975518057743978E+00,1.983077706158297E+02));
#6159 = CARTESIAN_POINT('', (4.395382224257680E-01,-4.583812577755661E+00,1.991400170146618E+02));
#6160 = CARTESIAN_POINT('', (5.674317272547587E-01,-4.265440572469037E+00,1.999929591879565E+02));
#6161 = (BOUNDED_CURVE() B_SPLINE_CURVE(3,(#6157,#6158,#6159,#6160),.UNSPECIFIED.,.F.,.F.) B_SPLINE_CURVE_WITH_KNOTS((4,4),(0.000000000000000E+00,1.000000000000000E+00),.UNSPECIFIED.) CURVE() GEOMETRIC_REPRESENTATION_ITEM() RATIONAL_B_SPLINE_CURVE((1.000000000000000E+00,1.000000000000000E+00,1.000000000000000E+00,1.000000000000000E+00)) REPRESENTATION_ITEM(''));
#6162 = EDGE_CURVE('', #6111, #3504, #6161, .T.);
#6163 = ORIENTED_EDGE('', *,*, #6162, .F.);
#6164 = ORIENTED_EDGE('', *,*, #3510, .T.);
#6165 = ORIENTED_EDGE('', *,*, #3566, .F.);
#6166 = ORIENTED_EDGE('', *,*, #6117, .T.);
#6167 = EDGE_LOOP('', (#6163,#6164,#6165,#6166));
#6168 = FACE_OUTER_BOUND('', #6167, .T.);
#6169 = ADVANCED_FACE('', (#6168), #6156, .F.);
#6170 = CARTESIAN_POINT('', (3.752992258170941E-01,-5.535974668103305E+00,1.976384675394788E+02));
#6171 = CARTESIAN_POINT('', (3.283726281578577E-01,-4.975518057743978E+00,1.983077706158297E+02));
#6172 = CARTESIAN_POINT('', (4.395382224257680E-01,-4.583812577755661E+00,1.991400170146618E+02));
#6173 = CARTESIAN_POINT('', (5.674317272547587E-01,-4.265440572469037E+00,1.999929591879565E+02));
#6174 = CARTESIAN_POINT('', (-3.079915611453914E+00,-4.822733499258615E+00,1.986654155556879E+02));
#6175 = CARTESIAN_POINT('', (-3.017717518464597E+00,-4.682486637571740E+00,1.991553398438171E+02));
#6176 = CARTESIAN_POINT('', (-2.939409760431695E+00,-4.432110250051369E+00,1.996140123154876E+02));
#6177 = CARTESIAN_POINT('', (-2.880293342562295E+00,-4.057555917045649E+00,2.000499248039767E+02));
#6178 = CARTESIAN_POINT('', (-6.424370799179110E+00,-2.960033188591417E+00,1.985681422274961E+02));
#6179 = CARTESIAN_POINT('', (-6.367333270008938E+00,-3.215236054117582E+00,1.990486694402007E+02));
#6180 = CARTESIAN_POINT('', (-6.244417439206400E+00,-3.455961201546107E+00,1.995137348839199E+02));
#6181 = CARTESIAN_POINT('', (-6.109954847081766E+00,-3.766389758915815E+00,1.999953023887027E+02));
#6182 = CARTESIAN_POINT('', (-1.000059220235459E+01,-2.918136116407423E+00,1.987034008428279E+02));
#6183 = CARTESIAN_POINT('', (-1.000364163574626E+01,-3.309271130426238E+00,1.991681549789591E+02));
#6184 = CARTESIAN_POINT('', (-1.000303839729662E+01,-3.739083339507382E+00,1.996002991897654E+02));
#6185 = CARTESIAN_POINT('', (-9.992040009634934E+00,-4.204043533604407E+00,2.000079599853645E+02));
#6186 = (BOUNDED_SURFACE() B_SPLINE_SURFACE(3,3, ((#6170,#6171,#6172,#6173),(#6174,#6175,#6176,#6177),(#6178,#6179,#6180,#6181),(#6182,#6183,#6184,#6185)), .UNSPECIFIED., .F., .F., .T. )  B_SPLINE_SURFACE_WITH_KNOTS((4,4), (4,4), (0.000000000000000E+00,1.000000000000000E+00), (0.000000000000000E+00,1.000000000000000E+00), .UNSPECIFIED.)GEOMETRIC_REPRESENTATION_ITEM() RATIONAL_B_SPLINE_SURFACE( ((1.000000000000000E+00,1.000000000000000E+00,1.000000000000000E+00,1.000000000000000E+00),(1.000000000000000E+00,1.000000000000000E+00,1.000000000000000E+00,1.000000000000000E+00),(1.000000000000000E+00,1.000000000000000E+00,1.000000000000000E+00,1.000000000000000E+00),(1.000000000000000E+00,1.000000000000000E+00,1.000000000000000E+00,1.000000000000000E+00))) REPRESENTATION_ITEM('') SURFACE());
#6187 = CARTESIAN_POINT('', (3.752992258170941E-01,-5.535974668103305E+00,1.976384675394788E+02));
#6188 = CARTESIAN_POINT('', (-3.079915611453914E+00,-4.822733499258615E+00,1.986654155556879E+02));
#6189 = CARTESIAN_POINT('', (-6.424370799179110E+00,-2.960033188591417E+00,1.985681422274961E+02));
#6190 = CARTESIAN_POINT('', (-1.000059220235459E+01,-2.918136116407423E+00,1.987034008428279E+02));
#6191 = (BOUNDED_CURVE() B_SPLINE_CURVE(3,(#6187,#6188,#6189,#6190),.UNSPECIFIED.,.F.,.F.) B_SPLINE_CURVE_WITH_KNOTS((4,4),(0.000000000000000E+00,1.000000000000000E+00),.UNSPECIFIED.) CURVE() GEOMETRIC_REPRESENTATION_ITEM() RATIONAL_B_SPLINE_CURVE((1.000000000000000E+00,1.000000000000000E+00,1.000000000000000E+00,1.000000000000000E+00)) REPRESENTATION_ITEM(''));
#6192 = EDGE_CURVE('', #6111, #3814, #6191, .T.);
#6193 = ORIENTED_EDGE('', *,*, #6192, .F.);
#6194 = ORIENTED_EDGE('', *,*, #3820, .T.);
#6195 = ORIENTED_EDGE('', *,*, #3519, .F.);
#6196 = ORIENTED_EDGE('', *,*, #6162, .T.);
#6197 = EDGE_LOOP('', (#6193,#6194,#6195,#6196));
#6198 = FACE_OUTER_BOUND('', #6197, .T.);
#6199 = ADVANCED_FACE('', (#6198), #6186, .F.);
#6200 = CARTESIAN_POINT('', (-2.921509456378178E-01,3.193319087890271E+00,1.568206731939724E+02));
#6201 = CARTESIAN_POINT('', (-1.457710214327175E+00,3.238457974499707E+00,1.569581785660969E+02));
#6202 = CARTESIAN_POINT('', (-2.724442099199510E+00,2.971886129081185E+00,1.578247545524514E+02));
#6203 = CARTESIAN_POINT('', (-3.379247937639498E+00,2.290174925153156E+00,1.591324663537477E+02));
#6204 = CARTESIAN_POINT('', (5.398812550342843E-02,3.721847125631598E+00,1.569852482646588E+02));
#6205 = CARTESIAN_POINT('', (-1.204295934877216E+00,4.283377838006736E+00,1.571914044079547E+02));
#6206 = CARTESIAN_POINT('', (-2.548015807783506E+00,4.184037252371904E+00,1.581867887716654E+02));
#6207 = CARTESIAN_POINT('', (-3.245920553935446E+00,3.564207712266182E+00,1.596015634290440E+02));
#6208 = CARTESIAN_POINT('', (4.771732518784321E-01,4.292192961001598E+00,1.573429151245113E+02));
#6209 = CARTESIAN_POINT('', (-7.660410540458066E-01,5.195998596210415E+00,1.576850519671420E+02));
#6210 = CARTESIAN_POINT('', (-2.050614172467311E+00,5.378030011332021E+00,1.586997593596771E+02));
#6211 = CARTESIAN_POINT('', (-2.871382432576679E+00,4.843502139328836E+00,1.601831706326342E+02));
#6212 = CARTESIAN_POINT('', (9.274352881305864E-01,4.549992703188727E+00,1.578073977385915E+02));
#6213 = CARTESIAN_POINT('', (-2.439540662217917E-01,5.695618994518921E+00,1.582946579779783E+02));
#6214 = CARTESIAN_POINT('', (-1.476079607064858E+00,6.348473140701760E+00,1.593731471249288E+02));
#6215 = CARTESIAN_POINT('', (-2.385889138214500E+00,5.972922992999298E+00,1.609118773469955E+02));
#6216 = (BOUNDED_SURFACE() B_SPLINE_SURFACE(3,3, ((#6200,#6201,#6202,#6203),(#6204,#6205,#6206,#6207),(#6208,#6209,#6210,#6211),(#6212,#6213,#6214,#6215)), .UNSPECIFIED., .F., .F., .T. )  B_SPLINE_SURFACE_WITH_KNOTS((4,4), (4,4), (0.000000000000000E+00,1.000000000000000E+00), (0.000000000000000E+00,1.000000000000000E+00), .UNSPECIFIED.)GEOMETRIC_REPRESENTATION_ITEM() RATIONAL_B_SPLINE_SURFACE( ((1.000000000000000E+00,1.000000000000000E+00,1.000000000000000E+00,1.000000000000000E+00),(1.000000000000000E+00,1.000000000000000E+00,1.000000000000000E+00,1.000000000000000E+00),(1.000000000000000E+00,1.000000000000000E+00,1.000000000000000E+00,1.000000000000000E+00),(1.000000000000000E+00,1.000000000000000E+00,1.000000000000000E+00,1.000000000000000E+00))) REPRESENTATION_ITEM('') SURFACE());
#6217 = CARTESIAN_POINT('', (-2.921509456378178E-01,3.193319087890271E+00,1.568206731939724E+02));
#6218 = VERTEX_POINT('', #6217);
#6219 = CARTESIAN_POINT('', (-2.921509456378178E-01,3.193319087890271E+00,1.568206731939724E+02));
#6220 = CARTESIAN_POINT('', (5.398812550342843E-02,3.721847125631598E+00,1.569852482646588E+02));
#6221 = CARTESIAN_POINT('', (4.771732518784321E-01,4.292192961001598E+00,1.573429151245113E+02));
#6222 = CARTESIAN_POINT('', (9.274352881305864E-01,4.549992703188727E+00,1.578073977385915E+02));
#6223 = (BOUNDED_CURVE() B_SPLINE_CURVE(3,(#6219,#6220,#6221,#6222),.UNSPECIFIED.,.F.,.F.) B_SPLINE_CURVE_WITH_KNOTS((4,4),(0.000000000000000E+00,1.000000000000000E+00),.UNSPECIFIED.) CURVE() GEOMETRIC_REPRESENTATION_ITEM() RATIONAL_B_SPLINE_CURVE((1.000000000000000E+00,1.000000000000000E+00,1.000000000000000E+00,1.000000000000000E+00)) REPRESENTATION_ITEM(''));
#6224 = EDGE_CURVE('', #6218, #3063, #6223, .T.);
#6225 = ORIENTED_EDGE('', *,*, #6224, .F.);
#6226 = ORIENTED_EDGE('', *,*, #3094, .F.);
#6227 = ORIENTED_EDGE('', *,*, #5845, .F.);
#6228 = CARTESIAN_POINT('', (-2.921509456378178E-01,3.193319087890271E+00,1.568206731939724E+02));
#6229 = CARTESIAN_POINT('', (-1.457710214327175E+00,3.238457974499707E+00,1.569581785660969E+02));
#6230 = CARTESIAN_POINT('', (-2.724442099199510E+00,2.971886129081185E+00,1.578247545524514E+02));
#6231 = CARTESIAN_POINT('', (-3.379247937639498E+00,2.290174925153156E+00,1.591324663537477E+02));
#6232 = (BOUNDED_CURVE() B_SPLINE_CURVE(3,(#6228,#6229,#6230,#6231),.UNSPECIFIED.,.F.,.F.) B_SPLINE_CURVE_WITH_KNOTS((4,4),(0.000000000000000E+00,1.000000000000000E+00),.UNSPECIFIED.) CURVE() GEOMETRIC_REPRESENTATION_ITEM() RATIONAL_B_SPLINE_CURVE((1.000000000000000E+00,1.000000000000000E+00,1.000000000000000E+00,1.000000000000000E+00)) REPRESENTATION_ITEM(''));
#6233 = EDGE_CURVE('', #6218, #5832, #6232, .T.);
#6234 = ORIENTED_EDGE('', *,*, #6233, .T.);
#6235 = EDGE_LOOP('', (#6225,#6226,#6227,#6234));
#6236 = FACE_OUTER_BOUND('', #6235, .T.);
#6237 = ADVANCED_FACE('', (#6236), #6216, .F.);
#6238 = CARTESIAN_POINT('', (-2.921509456378178E-01,3.193319087890271E+00,1.568206731939724E+02));
#6239 = CARTESIAN_POINT('', (5.398812550342843E-02,3.721847125631598E+00,1.569852482646588E+02));
#6240 = CARTESIAN_POINT('', (4.771732518784321E-01,4.292192961001598E+00,1.573429151245113E+02));
#6241 = CARTESIAN_POINT('', (9.274352881305864E-01,4.549992703188727E+00,1.578073977385915E+02));
#6242 = CARTESIAN_POINT('', (-1.322765529984585E-01,2.666232751344824E+00,1.566044516876457E+02));
#6243 = CARTESIAN_POINT('', (3.598165764703424E-01,3.208074670411436E+00,1.566878043637118E+02));
#6244 = CARTESIAN_POINT('', (8.664601026923803E-01,3.894554919683270E+00,1.571362358086750E+02));
#6245 = CARTESIAN_POINT('', (1.307930170533938E+00,4.174407618164988E+00,1.576459466650590E+02));
#6246 = CARTESIAN_POINT('', (6.861307569786405E-02,1.969525166278565E+00,1.564646657931661E+02));
#6247 = CARTESIAN_POINT('', (6.220759799894583E-01,2.393299476541040E+00,1.565271623508323E+02));
#6248 = CARTESIAN_POINT('', (1.189534592982745E+00,3.123633811635559E+00,1.570033133985887E+02));
#6249 = CARTESIAN_POINT('', (1.620809344274633E+00,3.513623564408829E+00,1.575210214189833E+02));
#6250 = CARTESIAN_POINT('', (3.707787838947659E-01,1.311462761454211E+00,1.564894177542500E+02));
#6251 = CARTESIAN_POINT('', (9.390726877854246E-01,1.701401636586028E+00,1.565846214215404E+02));
#6252 = CARTESIAN_POINT('', (1.480556527126724E+00,2.422090423265998E+00,1.570397004244064E+02));
#6253 = CARTESIAN_POINT('', (1.794239381729694E+00,2.908842120529868E+00,1.574521667743427E+02));
#6254 = (BOUNDED_SURFACE() B_SPLINE_SURFACE(3,3, ((#6238,#6239,#6240,#6241),(#6242,#6243,#6244,#6245),(#6246,#6247,#6248,#6249),(#6250,#6251,#6252,#6253)), .UNSPECIFIED., .F., .F., .T. )  B_SPLINE_SURFACE_WITH_KNOTS((4,4), (4,4), (0.000000000000000E+00,1.000000000000000E+00), (0.000000000000000E+00,1.000000000000000E+00), .UNSPECIFIED.)GEOMETRIC_REPRESENTATION_ITEM() RATIONAL_B_SPLINE_SURFACE( ((1.000000000000000E+00,1.000000000000000E+00,1.000000000000000E+00,1.000000000000000E+00),(1.000000000000000E+00,1.000000000000000E+00,1.000000000000000E+00,1.000000000000000E+00),(1.000000000000000E+00,1.000000000000000E+00,1.000000000000000E+00,1.000000000000000E+00),(1.000000000000000E+00,1.000000000000000E+00,1.000000000000000E+00,1.000000000000000E+00))) REPRESENTATION_ITEM('') SURFACE());
#6255 = CARTESIAN_POINT('', (-2.921509456378178E-01,3.193319087890271E+00,1.568206731939724E+02));
#6256 = CARTESIAN_POINT('', (-1.322765529984585E-01,2.666232751344824E+00,1.566044516876457E+02));
#6257 = CARTESIAN_POINT('', (6.861307569786405E-02,1.969525166278565E+00,1.564646657931661E+02));
#6258 = CARTESIAN_POINT('', (3.707787838947659E-01,1.311462761454211E+00,1.564894177542500E+02));
#6259 = (BOUNDED_CURVE() B_SPLINE_CURVE(3,(#6255,#6256,#6257,#6258),.UNSPECIFIED.,.F.,.F.) B_SPLINE_CURVE_WITH_KNOTS((4,4),(0.000000000000000E+00,1.000000000000000E+00),.UNSPECIFIED.) CURVE() GEOMETRIC_REPRESENTATION_ITEM() RATIONAL_B_SPLINE_CURVE((1.000000000000000E+00,1.000000000000000E+00,1.000000000000000E+00,1.000000000000000E+00)) REPRESENTATION_ITEM(''));
#6260 = EDGE_CURVE('', #6218, #3016, #6259, .T.);
#6261 = ORIENTED_EDGE('', *,*, #6260, .F.);
#6262 = ORIENTED_EDGE('', *,*, #3958, .T.);
#6263 = ORIENTED_EDGE('', *,*, #3931, .F.);
#6264 = ORIENTED_EDGE('', *,*, #6224, .T.);
#6265 = EDGE_LOOP('', (#6261,#6262,#6263,#6264));
#6266 = FACE_OUTER_BOUND('', #6265, .T.);
#6267 = ADVANCED_FACE('', (#6266), #6254, .F.);
#6268 = CARTESIAN_POINT('', (2.953682048453011E+00,-7.905636337588901E+00,1.870592758828895E+02));
#6269 = CARTESIAN_POINT('', (3.120279689021997E+00,-7.871990928610976E+00,1.854235332712750E+02));
#6270 = CARTESIAN_POINT('', (3.283816494402767E+00,-7.760340347125382E+00,1.836937639960205E+02));
#6271 = CARTESIAN_POINT('', (3.177742534836026E+00,-7.675742066792699E+00,1.822693869042709E+02));
#6272 = CARTESIAN_POINT('', (4.246530909339565E+00,-7.584384386957378E+00,1.867326222841387E+02));
#6273 = CARTESIAN_POINT('', (4.407854552885842E+00,-7.653281682737463E+00,1.852366547274676E+02));
#6274 = CARTESIAN_POINT('', (4.659427794976611E+00,-7.532878979091871E+00,1.836654893704770E+02));
#6275 = CARTESIAN_POINT('', (4.540745464745924E+00,-7.426701372385233E+00,1.822221922965618E+02));
#6276 = CARTESIAN_POINT('', (5.493828602532071E+00,-7.267346383109869E+00,1.866016745277772E+02));
#6277 = CARTESIAN_POINT('', (5.521328161532608E+00,-7.372568330111500E+00,1.850970711588485E+02));
#6278 = CARTESIAN_POINT('', (5.737330669318636E+00,-7.121514892946298E+00,1.835901454838825E+02));
#6279 = CARTESIAN_POINT('', (5.880042446346575E+00,-7.050851716756104E+00,1.821064437261317E+02));
#6280 = CARTESIAN_POINT('', (6.556263493198999E+00,-7.236125235254724E+00,1.865427701691586E+02));
#6281 = CARTESIAN_POINT('', (6.606238631729686E+00,-7.295773005671531E+00,1.849998468494008E+02));
#6282 = CARTESIAN_POINT('', (6.600391521793807E+00,-6.804163193403741E+00,1.835707464358907E+02));
#6283 = CARTESIAN_POINT('', (6.586377899702364E+00,-6.391070733744156E+00,1.823067816597750E+02));
#6284 = (BOUNDED_SURFACE() B_SPLINE_SURFACE(3,3, ((#6268,#6269,#6270,#6271),(#6272,#6273,#6274,#6275),(#6276,#6277,#6278,#6279),(#6280,#6281,#6282,#6283)), .UNSPECIFIED., .F., .F., .T. )  B_SPLINE_SURFACE_WITH_KNOTS((4,4), (4,4), (0.000000000000000E+00,1.000000000000000E+00), (0.000000000000000E+00,1.000000000000000E+00), .UNSPECIFIED.)GEOMETRIC_REPRESENTATION_ITEM() RATIONAL_B_SPLINE_SURFACE( ((1.000000000000000E+00,1.000000000000000E+00,1.000000000000000E+00,1.000000000000000E+00),(1.000000000000000E+00,1.000000000000000E+00,1.000000000000000E+00,1.000000000000000E+00),(1.000000000000000E+00,1.000000000000000E+00,1.000000000000000E+00,1.000000000000000E+00),(1.000000000000000E+00,1.000000000000000E+00,1.000000000000000E+00,1.000000000000000E+00))) REPRESENTATION_ITEM('') SURFACE());
#6285 = CARTESIAN_POINT('', (2.953682048453011E+00,-7.905636337588901E+00,1.870592758828895E+02));
#6286 = CARTESIAN_POINT('', (4.246530909339565E+00,-7.584384386957378E+00,1.867326222841387E+02));
#6287 = CARTESIAN_POINT('', (5.493828602532071E+00,-7.267346383109869E+00,1.866016745277772E+02));
#6288 = CARTESIAN_POINT('', (6.556263493198999E+00,-7.236125235254724E+00,1.865427701691586E+02));
#6289 = (BOUNDED_CURVE() B_SPLINE_CURVE(3,(#6285,#6286,#6287,#6288),.UNSPECIFIED.,.F.,.F.) B_SPLINE_CURVE_WITH_KNOTS((4,4),(0.000000000000000E+00,1.000000000000000E+00),.UNSPECIFIED.) CURVE() GEOMETRIC_REPRESENTATION_ITEM() RATIONAL_B_SPLINE_CURVE((1.000000000000000E+00,1.000000000000000E+00,1.000000000000000E+00,1.000000000000000E+00)) REPRESENTATION_ITEM(''));
#6290 = EDGE_CURVE('', #2551, #1284, #6289, .T.);
#6291 = ORIENTED_EDGE('', *,*, #6290, .F.);
#6292 = ORIENTED_EDGE('', *,*, #4342, .T.);
#6293 = ORIENTED_EDGE('', *,*, #4042, .F.);
#6294 = ORIENTED_EDGE('', *,*, #4372, .T.);
#6295 = EDGE_LOOP('', (#6291,#6292,#6293,#6294));
#6296 = FACE_OUTER_BOUND('', #6295, .T.);
#6297 = ADVANCED_FACE('', (#6296), #6284, .F.);
#6298 = CARTESIAN_POINT('', (2.953682048453011E+00,-7.905636337588901E+00,1.870592758828895E+02));
#6299 = CARTESIAN_POINT('', (4.246530909339565E+00,-7.584384386957378E+00,1.867326222841387E+02));
#6300 = CARTESIAN_POINT('', (5.493828602532071E+00,-7.267346383109869E+00,1.866016745277772E+02));
#6301 = CARTESIAN_POINT('', (6.556263493198999E+00,-7.236125235254724E+00,1.865427701691586E+02));
#6302 = CARTESIAN_POINT('', (3.462892018485815E+00,-7.776376040617503E+00,1.880886579772138E+02));
#6303 = CARTESIAN_POINT('', (4.398467997697619E+00,-7.465808339706823E+00,1.877300011478243E+02));
#6304 = CARTESIAN_POINT('', (5.524343068613436E+00,-7.211794041011163E+00,1.875105353823328E+02));
#6305 = CARTESIAN_POINT('', (6.529156991206267E+00,-7.203279051882379E+00,1.874278206718708E+02));
#6306 = CARTESIAN_POINT('', (3.802721834677971E+00,-7.379132409570973E+00,1.892143569794118E+02));
#6307 = CARTESIAN_POINT('', (4.635007605192202E+00,-7.113731390577914E+00,1.887390767899967E+02));
#6308 = CARTESIAN_POINT('', (5.709024584189935E+00,-6.871834962669539E+00,1.884630433883650E+02));
#6309 = CARTESIAN_POINT('', (6.597216625223321E+00,-6.890395264212595E+00,1.883972139357392E+02));
#6310 = CARTESIAN_POINT('', (3.998531198103239E+00,-6.821112927197890E+00,1.901308633408117E+02));
#6311 = CARTESIAN_POINT('', (4.816085775080037E+00,-6.559410243564947E+00,1.895683777539116E+02));
#6312 = CARTESIAN_POINT('', (5.793466876476721E+00,-6.311931637182003E+00,1.892091811986176E+02));
#6313 = CARTESIAN_POINT('', (6.577437299800600E+00,-6.330548659981235E+00,1.890572021568968E+02));
#6314 = (BOUNDED_SURFACE() B_SPLINE_SURFACE(3,3, ((#6298,#6299,#6300,#6301),(#6302,#6303,#6304,#6305),(#6306,#6307,#6308,#6309),(#6310,#6311,#6312,#6313)), .UNSPECIFIED., .F., .F., .T. )  B_SPLINE_SURFACE_WITH_KNOTS((4,4), (4,4), (0.000000000000000E+00,1.000000000000000E+00), (0.000000000000000E+00,1.000000000000000E+00), .UNSPECIFIED.)GEOMETRIC_REPRESENTATION_ITEM() RATIONAL_B_SPLINE_SURFACE( ((1.000000000000000E+00,1.000000000000000E+00,1.000000000000000E+00,1.000000000000000E+00),(1.000000000000000E+00,1.000000000000000E+00,1.000000000000000E+00,1.000000000000000E+00),(1.000000000000000E+00,1.000000000000000E+00,1.000000000000000E+00,1.000000000000000E+00),(1.000000000000000E+00,1.000000000000000E+00,1.000000000000000E+00,1.000000000000000E+00))) REPRESENTATION_ITEM('') SURFACE());
#6315 = CARTESIAN_POINT('', (3.998531198103239E+00,-6.821112927197890E+00,1.901308633408117E+02));
#6316 = VERTEX_POINT('', #6315);
#6317 = CARTESIAN_POINT('', (2.953682048453011E+00,-7.905636337588901E+00,1.870592758828895E+02));
#6318 = CARTESIAN_POINT('', (3.462892018485815E+00,-7.776376040617503E+00,1.880886579772138E+02));
#6319 = CARTESIAN_POINT('', (3.802721834677971E+00,-7.379132409570973E+00,1.892143569794118E+02));
#6320 = CARTESIAN_POINT('', (3.998531198103239E+00,-6.821112927197890E+00,1.901308633408117E+02));
#6321 = (BOUNDED_CURVE() B_SPLINE_CURVE(3,(#6317,#6318,#6319,#6320),.UNSPECIFIED.,.F.,.F.) B_SPLINE_CURVE_WITH_KNOTS((4,4),(0.000000000000000E+00,1.000000000000000E+00),.UNSPECIFIED.) CURVE() GEOMETRIC_REPRESENTATION_ITEM() RATIONAL_B_SPLINE_CURVE((1.000000000000000E+00,1.000000000000000E+00,1.000000000000000E+00,1.000000000000000E+00)) REPRESENTATION_ITEM(''));
#6322 = EDGE_CURVE('', #2551, #6316, #6321, .T.);
#6323 = ORIENTED_EDGE('', *,*, #6322, .F.);
#6324 = CARTESIAN_POINT('', (3.998531198103239E+00,-6.821112927197890E+00,1.901308633408117E+02));
#6325 = CARTESIAN_POINT('', (4.816085775080037E+00,-6.559410243564947E+00,1.895683777539116E+02));
#6326 = CARTESIAN_POINT('', (5.793466876476721E+00,-6.311931637182003E+00,1.892091811986176E+02));
#6327 = CARTESIAN_POINT('', (6.577437299800600E+00,-6.330548659981235E+00,1.890572021568968E+02));
#6328 = (BOUNDED_CURVE() B_SPLINE_CURVE(3,(#6324,#6325,#6326,#6327),.UNSPECIFIED.,.F.,.F.) B_SPLINE_CURVE_WITH_KNOTS((4,4),(0.000000000000000E+00,1.000000000000000E+00),.UNSPECIFIED.) CURVE() GEOMETRIC_REPRESENTATION_ITEM() RATIONAL_B_SPLINE_CURVE((1.000000000000000E+00,1.000000000000000E+00,1.000000000000000E+00,1.000000000000000E+00)) REPRESENTATION_ITEM(''));
#6329 = EDGE_CURVE('', #6316, #1293, #6328, .T.);
#6330 = ORIENTED_EDGE('', *,*, #6329, .F.);
#6331 = ORIENTED_EDGE('', *,*, #1299, .F.);
#6332 = ORIENTED_EDGE('', *,*, #6290, .T.);
#6333 = EDGE_LOOP('', (#6323,#6330,#6331,#6332));
#6334 = FACE_OUTER_BOUND('', #6333, .T.);
#6335 = ADVANCED_FACE('', (#6334), #6314, .F.);
#6336 = CARTESIAN_POINT('', (3.219641662165954E+00,-7.313483522912871E+00,1.910558012991703E+02));
#6337 = CARTESIAN_POINT('', (2.691086311408889E+00,-8.233819736189767E+00,1.910907188803026E+02));
#6338 = CARTESIAN_POINT('', (2.227466214803457E+00,-9.134257170527267E+00,1.912427809450373E+02));
#6339 = CARTESIAN_POINT('', (1.825803621325052E+00,-9.999211799851594E+00,1.914987573850712E+02));
#6340 = CARTESIAN_POINT('', (3.139052360311240E+00,-7.772546847272350E+00,1.899958610180698E+02));
#6341 = CARTESIAN_POINT('', (2.685453843015998E+00,-8.383962319175971E+00,1.902266776870103E+02));
#6342 = CARTESIAN_POINT('', (2.183968772576173E+00,-9.143419791022058E+00,1.904048214501223E+02));
#6343 = CARTESIAN_POINT('', (1.741488730662605E+00,-1.001008949381306E+01,1.906156954802953E+02));
#6344 = CARTESIAN_POINT('', (2.869599905265185E+00,-8.100858935628098E+00,1.886571689378803E+02));
#6345 = CARTESIAN_POINT('', (2.297185594884714E+00,-8.582425480713487E+00,1.892273301648999E+02));
#6346 = CARTESIAN_POINT('', (1.886845944151419E+00,-9.278134275415214E+00,1.896247034846300E+02));
#6347 = CARTESIAN_POINT('', (1.550273497852256E+00,-9.996729335865314E+00,1.899902695111779E+02));
#6348 = CARTESIAN_POINT('', (2.112521377632119E+00,-8.293375287806954E+00,1.880556319362487E+02));
#6349 = CARTESIAN_POINT('', (1.590106373900812E+00,-8.745812112942883E+00,1.886269269666022E+02));
#6350 = CARTESIAN_POINT('', (1.243127175140383E+00,-9.349387742356374E+00,1.889484620548376E+02));
#6351 = CARTESIAN_POINT('', (9.027032827013998E-01,-9.998080774580616E+00,1.892683850615819E+02));
#6352 = (BOUNDED_SURFACE() B_SPLINE_SURFACE(3,3, ((#6336,#6337,#6338,#6339),(#6340,#6341,#6342,#6343),(#6344,#6345,#6346,#6347),(#6348,#6349,#6350,#6351)), .UNSPECIFIED., .F., .F., .T. )  B_SPLINE_SURFACE_WITH_KNOTS((4,4), (4,4), (0.000000000000000E+00,1.000000000000000E+00), (0.000000000000000E+00,1.000000000000000E+00), .UNSPECIFIED.)GEOMETRIC_REPRESENTATION_ITEM() RATIONAL_B_SPLINE_SURFACE( ((1.000000000000000E+00,1.000000000000000E+00,1.000000000000000E+00,1.000000000000000E+00),(1.000000000000000E+00,1.000000000000000E+00,1.000000000000000E+00,1.000000000000000E+00),(1.000000000000000E+00,1.000000000000000E+00,1.000000000000000E+00,1.000000000000000E+00),(1.000000000000000E+00,1.000000000000000E+00,1.000000000000000E+00,1.000000000000000E+00))) REPRESENTATION_ITEM('') SURFACE());
#6353 = CARTESIAN_POINT('', (3.219641662165954E+00,-7.313483522912871E+00,1.910558012991703E+02));
#6354 = VERTEX_POINT('', #6353);
#6355 = CARTESIAN_POINT('', (3.219641662165954E+00,-7.313483522912871E+00,1.910558012991703E+02));
#6356 = CARTESIAN_POINT('', (3.139052360311240E+00,-7.772546847272350E+00,1.899958610180698E+02));
#6357 = CARTESIAN_POINT('', (2.869599905265185E+00,-8.100858935628098E+00,1.886571689378803E+02));
#6358 = CARTESIAN_POINT('', (2.112521377632119E+00,-8.293375287806954E+00,1.880556319362487E+02));
#6359 = (BOUNDED_CURVE() B_SPLINE_CURVE(3,(#6355,#6356,#6357,#6358),.UNSPECIFIED.,.F.,.F.) B_SPLINE_CURVE_WITH_KNOTS((4,4),(0.000000000000000E+00,1.000000000000000E+00),.UNSPECIFIED.) CURVE() GEOMETRIC_REPRESENTATION_ITEM() RATIONAL_B_SPLINE_CURVE((1.000000000000000E+00,1.000000000000000E+00,1.000000000000000E+00,1.000000000000000E+00)) REPRESENTATION_ITEM(''));
#6360 = EDGE_CURVE('', #6354, #2569, #6359, .T.);
#6361 = ORIENTED_EDGE('', *,*, #6360, .F.);
#6362 = ORIENTED_EDGE('', *,*, #4123, .T.);
#6363 = ORIENTED_EDGE('', *,*, #3475, .T.);
#6364 = CARTESIAN_POINT('', (3.219641662165954E+00,-7.313483522912871E+00,1.910558012991703E+02));
#6365 = CARTESIAN_POINT('', (2.691086311408889E+00,-8.233819736189767E+00,1.910907188803026E+02));
#6366 = CARTESIAN_POINT('', (2.227466214803457E+00,-9.134257170527267E+00,1.912427809450373E+02));
#6367 = CARTESIAN_POINT('', (1.825803621325052E+00,-9.999211799851594E+00,1.914987573850712E+02));
#6368 = (BOUNDED_CURVE() B_SPLINE_CURVE(3,(#6364,#6365,#6366,#6367),.UNSPECIFIED.,.F.,.F.) B_SPLINE_CURVE_WITH_KNOTS((4,4),(0.000000000000000E+00,1.000000000000000E+00),.UNSPECIFIED.) CURVE() GEOMETRIC_REPRESENTATION_ITEM() RATIONAL_B_SPLINE_CURVE((1.000000000000000E+00,1.000000000000000E+00,1.000000000000000E+00,1.000000000000000E+00)) REPRESENTATION_ITEM(''));
#6369 = EDGE_CURVE('', #6354, #3460, #6368, .T.);
#6370 = ORIENTED_EDGE('', *,*, #6369, .T.);
#6371 = EDGE_LOOP('', (#6361,#6362,#6363,#6370));
#6372 = FACE_OUTER_BOUND('', #6371, .T.);
#6373 = ADVANCED_FACE('', (#6372), #6352, .F.);
#6374 = CARTESIAN_POINT('', (3.219641662165954E+00,-7.313483522912871E+00,1.910558012991703E+02));
#6375 = CARTESIAN_POINT('', (3.139052360311240E+00,-7.772546847272350E+00,1.899958610180698E+02));
#6376 = CARTESIAN_POINT('', (2.869599905265185E+00,-8.100858935628098E+00,1.886571689378803E+02));
#6377 = CARTESIAN_POINT('', (2.112521377632119E+00,-8.293375287806954E+00,1.880556319362487E+02));
#6378 = CARTESIAN_POINT('', (3.401454664015124E+00,-7.071364847305395E+00,1.907824855345833E+02));
#6379 = CARTESIAN_POINT('', (3.293282224970796E+00,-7.542923257769232E+00,1.897375490772519E+02));
#6380 = CARTESIAN_POINT('', (3.056290272656246E+00,-7.930305061442778E+00,1.884704649245825E+02));
#6381 = CARTESIAN_POINT('', (2.336912759027564E+00,-8.099087447025788E+00,1.878100094708183E+02));
#6382 = CARTESIAN_POINT('', (3.641875546148589E+00,-6.934630563190637E+00,1.903762717644347E+02));
#6383 = CARTESIAN_POINT('', (3.488873793887429E+00,-7.458856293538553E+00,1.894394579702428E+02));
#6384 = CARTESIAN_POINT('', (3.200918179495436E+00,-7.826708405743742E+00,1.882772475687744E+02));
#6385 = CARTESIAN_POINT('', (2.680280483172507E+00,-7.971917977147527E+00,1.874099049982858E+02));
#6386 = CARTESIAN_POINT('', (3.998531198103239E+00,-6.821112927197890E+00,1.901308633408117E+02));
#6387 = CARTESIAN_POINT('', (3.802721834677971E+00,-7.379132409570973E+00,1.892143569794118E+02));
#6388 = CARTESIAN_POINT('', (3.462892018485815E+00,-7.776376040617503E+00,1.880886579772138E+02));
#6389 = CARTESIAN_POINT('', (2.953682048453011E+00,-7.905636337588901E+00,1.870592758828895E+02));
#6390 = (BOUNDED_SURFACE() B_SPLINE_SURFACE(3,3, ((#6374,#6375,#6376,#6377),(#6378,#6379,#6380,#6381),(#6382,#6383,#6384,#6385),(#6386,#6387,#6388,#6389)), .UNSPECIFIED., .F., .F., .T. )  B_SPLINE_SURFACE_WITH_KNOTS((4,4), (4,4), (0.000000000000000E+00,1.000000000000000E+00), (0.000000000000000E+00,1.000000000000000E+00), .UNSPECIFIED.)GEOMETRIC_REPRESENTATION_ITEM() RATIONAL_B_SPLINE_SURFACE( ((1.000000000000000E+00,1.000000000000000E+00,1.000000000000000E+00,1.000000000000000E+00),(1.000000000000000E+00,1.000000000000000E+00,1.000000000000000E+00,1.000000000000000E+00),(1.000000000000000E+00,1.000000000000000E+00,1.000000000000000E+00,1.000000000000000E+00),(1.000000000000000E+00,1.000000000000000E+00,1.000000000000000E+00,1.000000000000000E+00))) REPRESENTATION_ITEM('') SURFACE());
#6391 = CARTESIAN_POINT('', (3.998531198103239E+00,-6.821112927197890E+00,1.901308633408117E+02));
#6392 = CARTESIAN_POINT('', (3.641875546148589E+00,-6.934630563190637E+00,1.903762717644347E+02));
#6393 = CARTESIAN_POINT('', (3.401454664015124E+00,-7.071364847305395E+00,1.907824855345833E+02));
#6394 = CARTESIAN_POINT('', (3.219641662165954E+00,-7.313483522912871E+00,1.910558012991703E+02));
#6395 = (BOUNDED_CURVE() B_SPLINE_CURVE(3,(#6391,#6392,#6393,#6394),.UNSPECIFIED.,.F.,.F.) B_SPLINE_CURVE_WITH_KNOTS((4,4),(0.000000000000000E+00,1.000000000000000E+00),.UNSPECIFIED.) CURVE() GEOMETRIC_REPRESENTATION_ITEM() RATIONAL_B_SPLINE_CURVE((1.000000000000000E+00,1.000000000000000E+00,1.000000000000000E+00,1.000000000000000E+00)) REPRESENTATION_ITEM(''));
#6396 = EDGE_CURVE('', #6316, #6354, #6395, .T.);
#6397 = ORIENTED_EDGE('', *,*, #6396, .T.);
#6398 = ORIENTED_EDGE('', *,*, #6322, .T.);
#6399 = ORIENTED_EDGE('', *,*, #2582, .T.);
#6400 = ORIENTED_EDGE('', *,*, #6360, .T.);
#6401 = EDGE_LOOP('', (#6397,#6398,#6399,#6400));
#6402 = FACE_OUTER_BOUND('', #6401, .T.);
#6403 = ADVANCED_FACE('', (#6402), #6390, .F.);
#6404 = CARTESIAN_POINT('', (3.219641662165954E+00,-7.313483522912871E+00,1.910558012991703E+02));
#6405 = CARTESIAN_POINT('', (3.401454664015124E+00,-7.071364847305395E+00,1.907824855345833E+02));
#6406 = CARTESIAN_POINT('', (3.641875546148589E+00,-6.934630563190637E+00,1.903762717644347E+02));
#6407 = CARTESIAN_POINT('', (3.998531198103239E+00,-6.821112927197890E+00,1.901308633408117E+02));
#6408 = CARTESIAN_POINT('', (4.816085775080037E+00,-6.559410243564947E+00,1.895683777539116E+02));
#6409 = CARTESIAN_POINT('', (5.793466876476721E+00,-6.311931637182003E+00,1.892091811986176E+02));
#6410 = CARTESIAN_POINT('', (6.577437299800600E+00,-6.330548659981235E+00,1.890572021568968E+02));
#6411 = CARTESIAN_POINT('', (3.516949556842949E+00,-6.652092783012184E+00,1.915374165878695E+02));
#6412 = CARTESIAN_POINT('', (3.624783944310330E+00,-6.563426078287118E+00,1.913386200045300E+02));
#6413 = CARTESIAN_POINT('', (3.899927839975277E+00,-6.452861093060131E+00,1.910857479790596E+02));
#6414 = CARTESIAN_POINT('', (4.170283293242425E+00,-6.345524259302219E+00,1.909096532298665E+02));
#6415 = CARTESIAN_POINT('', (4.981349653043868E+00,-6.023513758028482E+00,1.903813689822874E+02));
#6416 = CARTESIAN_POINT('', (5.898603404530598E+00,-5.741152462963964E+00,1.899746018089987E+02));
#6417 = CARTESIAN_POINT('', (6.552785829146178E+00,-5.672213745759377E+00,1.898358732808198E+02));
#6418 = CARTESIAN_POINT('', (3.799471355162893E+00,-5.893360269690428E+00,1.920973598443402E+02));
#6419 = CARTESIAN_POINT('', (3.909955979984571E+00,-5.796752165550079E+00,1.918608659632284E+02));
#6420 = CARTESIAN_POINT('', (4.102125906666356E+00,-5.643869531515324E+00,1.916298429181665E+02));
#6421 = CARTESIAN_POINT('', (4.359551086936595E+00,-5.530686411191382E+00,1.914669438472517E+02));
#6422 = CARTESIAN_POINT('', (5.131826627747313E+00,-5.191137050219558E+00,1.909782466345072E+02));
#6423 = CARTESIAN_POINT('', (6.017062178867831E+00,-4.852072456295063E+00,1.905707630491398E+02));
#6424 = CARTESIAN_POINT('', (6.566510706070829E+00,-4.596768216974640E+00,1.904210166477604E+02));
#6425 = CARTESIAN_POINT('', (3.924380727260434E+00,-5.210237989904315E+00,1.924047297273490E+02));
#6426 = CARTESIAN_POINT('', (4.040625025289422E+00,-5.101102798753791E+00,1.921703827274662E+02));
#6427 = CARTESIAN_POINT('', (4.219713585491299E+00,-4.978193076199265E+00,1.919655240401707E+02));
#6428 = CARTESIAN_POINT('', (4.431356156500928E+00,-4.849476327985681E+00,1.917791107864196E+02));
#6429 = CARTESIAN_POINT('', (5.066283869529813E+00,-4.463326083344926E+00,1.912198710251661E+02));
#6430 = CARTESIAN_POINT('', (5.994197679828464E+00,-4.024912607772636E+00,1.908266401658126E+02));
#6431 = CARTESIAN_POINT('', (6.397260800538205E+00,-3.749358556382216E+00,1.903012604742042E+02));
#6432 = (BOUNDED_SURFACE() B_SPLINE_SURFACE(3,3, ((#6404,#6405,#6406,#6407,#6408,#6409,#6410),(#6411,#6412,#6413,#6414,#6415,#6416,#6417),(#6418,#6419,#6420,#6421,#6422,#6423,#6424),(#6425,#6426,#6427,#6428,#6429,#6430,#6431)), .UNSPECIFIED., .F., .F., .T. )  B_SPLINE_SURFACE_WITH_KNOTS((4,4), (4,3,4), (0.000000000000000E+00,1.000000000000000E+00), (0.000000000000000E+00,2.500000000000000E-01,1.000000000000000E+00), .UNSPECIFIED.)GEOMETRIC_REPRESENTATION_ITEM() RATIONAL_B_SPLINE_SURFACE( ((1.000000000000000E+00,1.000000000000000E+00,1.000000000000000E+00,1.000000000000000E+00,1.000000000000000E+00,1.000000000000000E+00,1.000000000000000E+00),(1.000000000000000E+00,1.000000000000000E+00,1.000000000000000E+00,1.000000000000000E+00,1.000000000000000E+00,1.000000000000000E+00,1.000000000000000E+00),(1.000000000000000E+00,1.000000000000000E+00,1.000000000000000E+00,1.000000000000000E+00,1.000000000000000E+00,1.000000000000000E+00,1.000000000000000E+00),(1.000000000000000E+00,1.000000000000000E+00,1.000000000000000E+00,1.000000000000000E+00,1.000000000000000E+00,1.000000000000000E+00,1.000000000000000E+00))) REPRESENTATION_ITEM('') SURFACE());
#6433 = CARTESIAN_POINT('', (3.219641662165954E+00,-7.313483522912871E+00,1.910558012991703E+02));
#6434 = CARTESIAN_POINT('', (3.516949556842949E+00,-6.652092783012184E+00,1.915374165878695E+02));
#6435 = CARTESIAN_POINT('', (3.799471355162893E+00,-5.893360269690428E+00,1.920973598443402E+02));
#6436 = CARTESIAN_POINT('', (3.924380727260434E+00,-5.210237989904315E+00,1.924047297273490E+02));
#6437 = (BOUNDED_CURVE() B_SPLINE_CURVE(3,(#6433,#6434,#6435,#6436),.UNSPECIFIED.,.F.,.F.) B_SPLINE_CURVE_WITH_KNOTS((4,4),(0.000000000000000E+00,1.000000000000000E+00),.UNSPECIFIED.) CURVE() GEOMETRIC_REPRESENTATION_ITEM() RATIONAL_B_SPLINE_CURVE((1.000000000000000E+00,1.000000000000000E+00,1.000000000000000E+00,1.000000000000000E+00)) REPRESENTATION_ITEM(''));
#6438 = EDGE_CURVE('', #6354, #6122, #6437, .T.);
#6439 = ORIENTED_EDGE('', *,*, #6438, .F.);
#6440 = ORIENTED_EDGE('', *,*, #6128, .T.);
#6441 = ORIENTED_EDGE('', *,*, #2707, .F.);
#6442 = ORIENTED_EDGE('', *,*, #6329, .T.);
#6443 = ORIENTED_EDGE('', *,*, #6396, .F.);
#6444 = EDGE_LOOP('', (#6439,#6440,#6441,#6442,#6443));
#6445 = FACE_OUTER_BOUND('', #6444, .T.);
#6446 = ADVANCED_FACE('', (#6445), #6432, .F.);
#6447 = CARTESIAN_POINT('', (3.779172860215900E-01,1.000104111114079E+01,1.643988946669535E+02));
#6448 = CARTESIAN_POINT('', (3.718856576257160E+00,1.002939797204409E+01,1.657637322321791E+02));
#6449 = CARTESIAN_POINT('', (4.206626558731862E+00,9.947040859260374E+00,1.697200187116968E+02));
#6450 = CARTESIAN_POINT('', (4.006065993457347E+00,9.997371021307012E+00,1.738651561217896E+02));
#6451 = CARTESIAN_POINT('', (3.805505428182832E+00,1.004770118335365E+01,1.780102935318824E+02));
#6452 = CARTESIAN_POINT('', (4.828014867711170E+00,9.969063103073850E+00,1.808387968046906E+02));
#6453 = CARTESIAN_POINT('', (7.666341989304597E+00,1.000000725642425E+01,1.826844127769398E+02));
#6454 = CARTESIAN_POINT('', (8.552596880257095E-01,9.991390988243520E+00,1.643337981740425E+02));
#6455 = CARTESIAN_POINT('', (3.534029843083181E+00,9.636271098584288E+00,1.659805083934995E+02));
#6456 = CARTESIAN_POINT('', (3.984984169828742E+00,9.462833736680917E+00,1.698500606384279E+02));
#6457 = CARTESIAN_POINT('', (4.269370765150779E+00,9.512055362290287E+00,1.737214785993793E+02));
#6458 = CARTESIAN_POINT('', (4.553757360472815E+00,9.561276987899655E+00,1.775928965603308E+02));
#6459 = CARTESIAN_POINT('', (5.177354681445272E+00,9.361912080178758E+00,1.808602947761057E+02));
#6460 = CARTESIAN_POINT('', (7.429641799755507E+00,9.349502800827688E+00,1.833560084402522E+02));
#6461 = CARTESIAN_POINT('', (1.240003561943081E+00,9.724811556875443E+00,1.640266389142023E+02));
#6462 = CARTESIAN_POINT('', (3.672897820583038E+00,9.124346317753847E+00,1.659275584796173E+02));
#6463 = CARTESIAN_POINT('', (3.466070574705479E+00,9.120730018048588E+00,1.702904315251188E+02));
#6464 = CARTESIAN_POINT('', (4.529508166597196E+00,9.051401297675239E+00,1.735962562693981E+02));
#6465 = CARTESIAN_POINT('', (5.592945758488915E+00,8.982072577301890E+00,1.769020810136774E+02));
#6466 = CARTESIAN_POINT('', (5.275465475704624E+00,8.814929350327155E+00,1.811000159917807E+02));
#6467 = CARTESIAN_POINT('', (7.135000346737574E+00,8.701398431315528E+00,1.840761546535393E+02));
#6468 = CARTESIAN_POINT('', (1.441064163212559E+00,9.277103300522855E+00,1.637972579503501E+02));
#6469 = CARTESIAN_POINT('', (3.140869699114789E+00,8.722024263417859E+00,1.664261166618049E+02));
#6470 = CARTESIAN_POINT('', (3.981898819391972E+00,8.529340426968858E+00,1.698252432701433E+02));
#6471 = CARTESIAN_POINT('', (4.688829282951611E+00,8.411313948260666E+00,1.734438530277679E+02));
#6472 = CARTESIAN_POINT('', (5.395759746511251E+00,8.293287469552471E+00,1.770624627853926E+02));
#6473 = CARTESIAN_POINT('', (5.968591553353345E+00,8.249918348585085E+00,1.809005556923036E+02));
#6474 = CARTESIAN_POINT('', (7.132002462385398E+00,7.993468742443319E+00,1.844073470009038E+02));
#6475 = (BOUNDED_SURFACE() B_SPLINE_SURFACE(3,3, ((#6447,#6448,#6449,#6450,#6451,#6452,#6453),(#6454,#6455,#6456,#6457,#6458,#6459,#6460),(#6461,#6462,#6463,#6464,#6465,#6466,#6467),(#6468,#6469,#6470,#6471,#6472,#6473,#6474)), .UNSPECIFIED., .F., .F., .T. )  B_SPLINE_SURFACE_WITH_KNOTS((4,4), (4,3,4), (0.000000000000000E+00,1.000000000000000E+00), (0.000000000000000E+00,5.000000000000000E-01,1.000000000000000E+00), .UNSPECIFIED.)GEOMETRIC_REPRESENTATION_ITEM() RATIONAL_B_SPLINE_SURFACE( ((1.000000000000000E+00,1.000000000000000E+00,1.000000000000000E+00,1.000000000000000E+00,1.000000000000000E+00,1.000000000000000E+00,1.000000000000000E+00),(1.000000000000000E+00,1.000000000000000E+00,1.000000000000000E+00,1.000000000000000E+00,1.000000000000000E+00,1.000000000000000E+00,1.000000000000000E+00),(1.000000000000000E+00,1.000000000000000E+00,1.000000000000000E+00,1.000000000000000E+00,1.000000000000000E+00,1.000000000000000E+00,1.000000000000000E+00),(1.000000000000000E+00,1.000000000000000E+00,1.000000000000000E+00,1.000000000000000E+00,1.000000000000000E+00,1.000000000000000E+00,1.000000000000000E+00))) REPRESENTATION_ITEM('') SURFACE());
#6476 = ORIENTED_EDGE('', *,*, #6076, .F.);
#6477 = ORIENTED_EDGE('', *,*, #1645, .T.);
#6478 = ORIENTED_EDGE('', *,*, #1056, .F.);
#6479 = ORIENTED_EDGE('', *,*, #2958, .T.);
#6480 = EDGE_LOOP('', (#6476,#6477,#6478,#6479));
#6481 = FACE_OUTER_BOUND('', #6480, .T.);
#6482 = ADVANCED_FACE('', (#6481), #6475, .F.);
#6483 = CARTESIAN_POINT('', (-2.921509456378178E-01,3.193319087890271E+00,1.568206731939724E+02));
#6484 = CARTESIAN_POINT('', (-1.322765529984585E-01,2.666232751344824E+00,1.566044516876457E+02));
#6485 = CARTESIAN_POINT('', (6.861307569786405E-02,1.969525166278565E+00,1.564646657931661E+02));
#6486 = CARTESIAN_POINT('', (3.707787838947659E-01,1.311462761454211E+00,1.564894177542500E+02));
#6487 = CARTESIAN_POINT('', (-1.457710214327175E+00,3.238457974499707E+00,1.569581785660969E+02));
#6488 = CARTESIAN_POINT('', (-1.486618831709109E+00,2.351510343092633E+00,1.565432445857900E+02));
#6489 = CARTESIAN_POINT('', (-1.308969733576053E+00,1.354879663019489E+00,1.563441859426054E+02));
#6490 = CARTESIAN_POINT('', (-9.731666705204756E-01,3.947720701750202E-01,1.562626147804843E+02));
#6491 = CARTESIAN_POINT('', (-2.724442099199510E+00,2.971886129081185E+00,1.578247545524514E+02));
#6492 = CARTESIAN_POINT('', (-2.844868171080873E+00,1.812742274987081E+00,1.573700507191813E+02));
#6493 = CARTESIAN_POINT('', (-2.779661407219672E+00,8.056962258794766E-01,1.570546801160762E+02));
#6494 = CARTESIAN_POINT('', (-2.544379155241045E+00,-1.659406893782536E-01,1.568626032521602E+02));
#6495 = CARTESIAN_POINT('', (-3.379247937639498E+00,2.290174925153156E+00,1.591324663537477E+02));
#6496 = CARTESIAN_POINT('', (-3.489640758564412E+00,1.203672568055162E+00,1.587297624492717E+02));
#6497 = CARTESIAN_POINT('', (-3.456629024297707E+00,9.418883081782461E-02,1.583772999468179E+02));
#6498 = CARTESIAN_POINT('', (-3.198483259307095E+00,-7.656718720684549E-01,1.582266907855253E+02));
#6499 = (BOUNDED_SURFACE() B_SPLINE_SURFACE(3,3, ((#6483,#6484,#6485,#6486),(#6487,#6488,#6489,#6490),(#6491,#6492,#6493,#6494),(#6495,#6496,#6497,#6498)), .UNSPECIFIED., .F., .F., .T. )  B_SPLINE_SURFACE_WITH_KNOTS((4,4), (4,4), (0.000000000000000E+00,1.000000000000000E+00), (0.000000000000000E+00,1.000000000000000E+00), .UNSPECIFIED.)GEOMETRIC_REPRESENTATION_ITEM() RATIONAL_B_SPLINE_SURFACE( ((1.000000000000000E+00,1.000000000000000E+00,1.000000000000000E+00,1.000000000000000E+00),(1.000000000000000E+00,1.000000000000000E+00,1.000000000000000E+00,1.000000000000000E+00),(1.000000000000000E+00,1.000000000000000E+00,1.000000000000000E+00,1.000000000000000E+00),(1.000000000000000E+00,1.000000000000000E+00,1.000000000000000E+00,1.000000000000000E+00))) REPRESENTATION_ITEM('') SURFACE());
#6500 = ORIENTED_EDGE('', *,*, #6233, .F.);
#6501 = ORIENTED_EDGE('', *,*, #5838, .F.);
#6502 = ORIENTED_EDGE('', *,*, #3031, .T.);
#6503 = ORIENTED_EDGE('', *,*, #6260, .T.);
#6504 = EDGE_LOOP('', (#6500,#6501,#6502,#6503));
#6505 = FACE_OUTER_BOUND('', #6504, .T.);
#6506 = ADVANCED_FACE('', (#6505), #6499, .F.);
#6507 = CARTESIAN_POINT('', (-2.131661924593409E+00,2.418953436026366E-01,1.572916048006060E+01));
#6508 = CARTESIAN_POINT('', (-2.007527975485015E+00,-8.166489829233122E-01,1.634772674027914E+01));
#6509 = CARTESIAN_POINT('', (-4.709537724313337E+00,-1.493430755180441E+00,1.594295502859839E+01));
#6510 = CARTESIAN_POINT('', (-5.898633151333591E+00,-2.093733394844152E+00,1.576004817471929E+01));
#6511 = CARTESIAN_POINT('', (-7.087728578353845E+00,-2.694036034507863E+00,1.557714132084019E+01));
#6512 = CARTESIAN_POINT('', (-8.586621216642927E+00,-3.384174412978643E+00,1.563637942043009E+01));
#6513 = CARTESIAN_POINT('', (-9.999244839789720E+00,-4.018811518920865E+00,1.552037441179987E+01));
#6514 = CARTESIAN_POINT('', (-1.882300490200151E+00,3.609295432447378E-02,1.539970392363742E+01));
#6515 = CARTESIAN_POINT('', (-1.890561591075006E+00,-7.674066239896652E-01,1.600012542713117E+01));
#6516 = CARTESIAN_POINT('', (-4.536263153200105E+00,-1.455198395902058E+00,1.552787067814907E+01));
#6517 = CARTESIAN_POINT('', (-5.772474553828280E+00,-2.068357596888597E+00,1.540988898844884E+01));
#6518 = CARTESIAN_POINT('', (-7.008685954456455E+00,-2.681516797875137E+00,1.529190729874860E+01));
#6519 = CARTESIAN_POINT('', (-8.567723958948084E+00,-3.384309360191409E+00,1.536806593467876E+01));
#6520 = CARTESIAN_POINT('', (-9.999958309462400E+00,-4.011866105392507E+00,1.525605629533238E+01));
#6521 = CARTESIAN_POINT('', (-8.977777507852147E-01,-2.449338694559447E-02,1.494102849184809E+01));
#6522 = CARTESIAN_POINT('', (-1.924275677758381E+00,-6.714122891744287E-01,1.573822692675951E+01));
#6523 = CARTESIAN_POINT('', (-4.179092625757637E+00,-1.355781893115375E+00,1.485499905926245E+01));
#6524 = CARTESIAN_POINT('', (-5.580673325903682E+00,-2.040358752562144E+00,1.502834360185941E+01));
#6525 = CARTESIAN_POINT('', (-6.982254026049726E+00,-2.724935612008913E+00,1.520168814445638E+01));
#6526 = CARTESIAN_POINT('', (-8.558978190421911E+00,-3.378607703321364E+00,1.499930933476799E+01));
#6527 = CARTESIAN_POINT('', (-9.999009729938319E+00,-3.991430534525566E+00,1.499447939362183E+01));
#6528 = CARTESIAN_POINT('', (-3.787652304228696E-01,-9.650723731358705E-02,1.480076126944176E+01));
#6529 = CARTESIAN_POINT('', (-2.205107280452933E+00,-7.872984668613450E-01,1.482597518045620E+01));
#6530 = CARTESIAN_POINT('', (-3.867405420164490E+00,-1.460671907297418E+00,1.485094766494280E+01));
#6531 = CARTESIAN_POINT('', (-5.444513180708952E+00,-2.110233716365483E+00,1.485117416491687E+01));
#6532 = CARTESIAN_POINT('', (-7.021620941253415E+00,-2.759795525433549E+00,1.485140066489094E+01));
#6533 = CARTESIAN_POINT('', (-8.513538322630783E+00,-3.385545703133607E+00,1.482688118035247E+01));
#6534 = CARTESIAN_POINT('', (-9.999118855992469E+00,-3.981090407209334E+00,1.475311115331677E+01));
#6535 = (BOUNDED_SURFACE() B_SPLINE_SURFACE(3,3, ((#6507,#6508,#6509,#6510,#6511,#6512,#6513),(#6514,#6515,#6516,#6517,#6518,#6519,#6520),(#6521,#6522,#6523,#6524,#6525,#6526,#6527),(#6528,#6529,#6530,#6531,#6532,#6533,#6534)), .UNSPECIFIED., .F., .F., .T. )  B_SPLINE_SURFACE_WITH_KNOTS((4,4), (4,3,4), (0.000000000000000E+00,1.000000000000000E+00), (0.000000000000000E+00,5.000000000000000E-01,1.000000000000000E+00), .UNSPECIFIED.)GEOMETRIC_REPRESENTATION_ITEM() RATIONAL_B_SPLINE_SURFACE( ((1.000000000000000E+00,1.000000000000000E+00,1.000000000000000E+00,1.000000000000000E+00,1.000000000000000E+00,1.000000000000000E+00,1.000000000000000E+00),(1.000000000000000E+00,1.000000000000000E+00,1.000000000000000E+00,1.000000000000000E+00,1.000000000000000E+00,1.000000000000000E+00,1.000000000000000E+00),(1.000000000000000E+00,1.000000000000000E+00,1.000000000000000E+00,1.000000000000000E+00,1.000000000000000E+00,1.000000000000000E+00,1.000000000000000E+00),(1.000000000000000E+00,1.000000000000000E+00,1.000000000000000E+00,1.000000000000000E+00,1.000000000000000E+00,1.000000000000000E+00,1.000000000000000E+00))) REPRESENTATION_ITEM('') SURFACE());
#6536 = CARTESIAN_POINT('', (-3.787652304228696E-01,-9.650723731358705E-02,1.480076126944176E+01));
#6537 = VERTEX_POINT('', #6536);
#6538 = CARTESIAN_POINT('', (-2.131661924593409E+00,2.418953436026366E-01,1.572916048006060E+01));
#6539 = CARTESIAN_POINT('', (-1.882300490200151E+00,3.609295432447378E-02,1.539970392363742E+01));
#6540 = CARTESIAN_POINT('', (-8.977777507852147E-01,-2.449338694559447E-02,1.494102849184809E+01));
#6541 = CARTESIAN_POINT('', (-3.787652304228696E-01,-9.650723731358705E-02,1.480076126944176E+01));
#6542 = (BOUNDED_CURVE() B_SPLINE_CURVE(3,(#6538,#6539,#6540,#6541),.UNSPECIFIED.,.F.,.F.) B_SPLINE_CURVE_WITH_KNOTS((4,4),(0.000000000000000E+00,1.000000000000000E+00),.UNSPECIFIED.) CURVE() GEOMETRIC_REPRESENTATION_ITEM() RATIONAL_B_SPLINE_CURVE((1.000000000000000E+00,1.000000000000000E+00,1.000000000000000E+00,1.000000000000000E+00)) REPRESENTATION_ITEM(''));
#6543 = EDGE_CURVE('', #5409, #6537, #6542, .T.);
#6544 = ORIENTED_EDGE('', *,*, #6543, .F.);
#6545 = CARTESIAN_POINT('', (-3.787652304228696E-01,-9.650723731358705E-02,1.480076126944176E+01));
#6546 = CARTESIAN_POINT('', (-4.031449330482997E+00,-1.478089696409103E+00,1.485118909147065E+01));
#6547 = CARTESIAN_POINT('', (-7.027957789269096E+00,-2.790000999057880E+00,1.490065120738816E+01));
#6548 = CARTESIAN_POINT('', (-9.999118855992469E+00,-3.981090407209334E+00,1.475311115331677E+01));
#6549 = (BOUNDED_CURVE() B_SPLINE_CURVE(3,(#6545,#6546,#6547,#6548),.UNSPECIFIED.,.F.,.F.) B_SPLINE_CURVE_WITH_KNOTS((4,4),(0.000000000000000E+00,1.000000000000000E+00),.UNSPECIFIED.) CURVE() GEOMETRIC_REPRESENTATION_ITEM() RATIONAL_B_SPLINE_CURVE((1.000000000000000E+00,1.000000000000000E+00,1.000000000000000E+00,1.000000000000000E+00)) REPRESENTATION_ITEM(''));
#6550 = EDGE_CURVE('', #6537, #3734, #6549, .T.);
#6551 = ORIENTED_EDGE('', *,*, #6550, .F.);
#6552 = ORIENTED_EDGE('', *,*, #3740, .F.);
#6553 = ORIENTED_EDGE('', *,*, #5434, .T.);
#6554 = EDGE_LOOP('', (#6544,#6551,#6552,#6553));
#6555 = FACE_OUTER_BOUND('', #6554, .T.);
#6556 = ADVANCED_FACE('', (#6555), #6535, .F.);
#6557 = CARTESIAN_POINT('', (-2.131661924593409E+00,2.418953436026366E-01,1.572916048006060E+01));
#6558 = CARTESIAN_POINT('', (-1.882300490200151E+00,3.609295432447378E-02,1.539970392363742E+01));
#6559 = CARTESIAN_POINT('', (-8.977777507852147E-01,-2.449338694559447E-02,1.494102849184809E+01));
#6560 = CARTESIAN_POINT('', (-3.787652304228696E-01,-9.650723731358705E-02,1.480076126944176E+01));
#6561 = CARTESIAN_POINT('', (-1.515832569948818E+00,1.371961520867034E+00,1.362285160548342E+01));
#6562 = CARTESIAN_POINT('', (-1.147466872671642E+00,1.375407256225351E+00,1.361452300851539E+01));
#6563 = CARTESIAN_POINT('', (-6.282940874715549E-01,1.554392489805650E+00,1.409691678110352E+01));
#6564 = CARTESIAN_POINT('', (-1.619280520178876E-01,1.634150687588678E+00,1.422960309417510E+01));
#6565 = CARTESIAN_POINT('', (-8.421791555700957E-01,3.283116129815721E+00,1.175869096175470E+01));
#6566 = CARTESIAN_POINT('', (-4.623173261590777E-01,3.286895320698960E+00,1.175712278493479E+01));
#6567 = CARTESIAN_POINT('', (-3.200213837269109E-01,3.187280443238472E+00,1.160535807651734E+01));
#6568 = CARTESIAN_POINT('', (-1.099518313102474E-01,3.061104704551123E+00,1.168052674988298E+01));
#6569 = CARTESIAN_POINT('', (-9.958101692430366E-01,3.991456631529225E+00,8.702427938351738E+00));
#6570 = CARTESIAN_POINT('', (-6.508094112077568E-01,3.993196817055522E+00,8.691928729789744E+00));
#6571 = CARTESIAN_POINT('', (-3.744708867244808E-01,3.950149531721899E+00,8.673400918539187E+00));
#6572 = CARTESIAN_POINT('', (-8.622921759948754E-02,3.828897205707230E+00,8.698715809835573E+00));
#6573 = CARTESIAN_POINT('', (-1.149441182915977E+00,4.699797133242729E+00,5.646164914948781E+00));
#6574 = CARTESIAN_POINT('', (-8.393014962564359E-01,4.699498313412083E+00,5.626734674644696E+00));
#6575 = CARTESIAN_POINT('', (-4.289203897220508E-01,4.713018620205326E+00,5.741443760561038E+00));
#6576 = CARTESIAN_POINT('', (-6.250660388872765E-02,4.596689706863335E+00,5.716904869788166E+00));
#6577 = CARTESIAN_POINT('', (-9.988645632666378E-01,4.561320168038113E+00,2.528378888475876E+00));
#6578 = CARTESIAN_POINT('', (-6.661351362348928E-01,4.587684108623368E+00,2.505029433548349E+00));
#6579 = CARTESIAN_POINT('', (-3.906023425905653E-01,4.605584746251787E+00,2.338422782064628E+00));
#6580 = CARTESIAN_POINT('', (-6.703759717484803E-02,4.705320692213103E+00,2.302359333985480E+00));
#6581 = CARTESIAN_POINT('', (-9.307185787077186E-01,3.799249951949512E+00,-3.496494229089741E-05));
#6582 = CARTESIAN_POINT('', (-6.214929696250725E-01,3.799252738984761E+00,-2.538077272815605E-05));
#6583 = CARTESIAN_POINT('', (-2.979349646863318E-01,3.798946307852750E+00,2.259929714522912E-04));
#6584 = CARTESIAN_POINT('', (3.678515324261289E-02,3.799332553890014E+00,2.627756977051038E-04));
#6585 = (BOUNDED_SURFACE() B_SPLINE_SURFACE(3,3, ((#6557,#6558,#6559,#6560),(#6561,#6562,#6563,#6564),(#6565,#6566,#6567,#6568),(#6569,#6570,#6571,#6572),(#6573,#6574,#6575,#6576),(#6577,#6578,#6579,#6580),(#6581,#6582,#6583,#6584)), .UNSPECIFIED., .F., .F., .T. )  B_SPLINE_SURFACE_WITH_KNOTS((4,3,4), (4,4), (0.000000000000000E+00,5.000000000000000E-01,1.000000000000000E+00), (0.000000000000000E+00,1.000000000000000E+00), .UNSPECIFIED.)GEOMETRIC_REPRESENTATION_ITEM() RATIONAL_B_SPLINE_SURFACE( ((1.000000000000000E+00,1.000000000000000E+00,1.000000000000000E+00,1.000000000000000E+00),(1.000000000000000E+00,1.000000000000000E+00,1.000000000000000E+00,1.000000000000000E+00),(1.000000000000000E+00,1.000000000000000E+00,1.000000000000000E+00,1.000000000000000E+00),(1.000000000000000E+00,1.000000000000000E+00,1.000000000000000E+00,1.000000000000000E+00),(1.000000000000000E+00,1.000000000000000E+00,1.000000000000000E+00,1.000000000000000E+00),(1.000000000000000E+00,1.000000000000000E+00,1.000000000000000E+00,1.000000000000000E+00),(1.000000000000000E+00,1.000000000000000E+00,1.000000000000000E+00,1.000000000000000E+00))) REPRESENTATION_ITEM('') SURFACE());
#6586 = CARTESIAN_POINT('', (-2.131661924593409E+00,2.418953436026366E-01,1.572916048006060E+01));
#6587 = CARTESIAN_POINT('', (-1.515832569948818E+00,1.371961520867034E+00,1.362285160548342E+01));
#6588 = CARTESIAN_POINT('', (-8.421791555700957E-01,3.283116129815721E+00,1.175869096175470E+01));
#6589 = CARTESIAN_POINT('', (-9.958101692430366E-01,3.991456631529225E+00,8.702427938351738E+00));
#6590 = CARTESIAN_POINT('', (-1.149441182915977E+00,4.699797133242729E+00,5.646164914948781E+00));
#6591 = CARTESIAN_POINT('', (-9.988645632666378E-01,4.561320168038113E+00,2.528378888475876E+00));
#6592 = CARTESIAN_POINT('', (-9.307185787077186E-01,3.799249951949512E+00,-3.496494229089741E-05));
#6593 = (BOUNDED_CURVE() B_SPLINE_CURVE(3,(#6586,#6587,#6588,#6589,#6590,#6591,#6592),.UNSPECIFIED.,.F.,.F.) B_SPLINE_CURVE_WITH_KNOTS((4,3,4),(0.000000000000000E+00,5.000000000000000E-01,1.000000000000000E+00),.UNSPECIFIED.) CURVE() GEOMETRIC_REPRESENTATION_ITEM() RATIONAL_B_SPLINE_CURVE((1.000000000000000E+00,1.000000000000000E+00,1.000000000000000E+00,1.000000000000000E+00,1.000000000000000E+00,1.000000000000000E+00,1.000000000000000E+00)) REPRESENTATION_ITEM(''));
#6594 = EDGE_CURVE('', #5409, #3257, #6593, .T.);
#6595 = ORIENTED_EDGE('', *,*, #6594, .F.);
#6596 = ORIENTED_EDGE('', *,*, #3296, .F.);
#6597 = CARTESIAN_POINT('', (-3.787652304228696E-01,-9.650723731358705E-02,1.480076126944176E+01));
#6598 = CARTESIAN_POINT('', (5.490912638709439E-02,3.364808612490944E+00,1.365844491890845E+01));
#6599 = CARTESIAN_POINT('', (-1.708603475923089E-01,5.611308830536193E+00,4.604455892273255E+00));
#6600 = CARTESIAN_POINT('', (3.678515324261289E-02,3.799332553890014E+00,2.627756977051038E-04));
#6601 = (BOUNDED_CURVE() B_SPLINE_CURVE(3,(#6597,#6598,#6599,#6600),.UNSPECIFIED.,.F.,.F.) B_SPLINE_CURVE_WITH_KNOTS((4,4),(0.000000000000000E+00,1.000000000000000E+00),.UNSPECIFIED.) CURVE() GEOMETRIC_REPRESENTATION_ITEM() RATIONAL_B_SPLINE_CURVE((1.000000000000000E+00,1.000000000000000E+00,1.000000000000000E+00,1.000000000000000E+00)) REPRESENTATION_ITEM(''));
#6602 = EDGE_CURVE('', #6537, #3283, #6601, .T.);
#6603 = ORIENTED_EDGE('', *,*, #6602, .T.);
#6604 = ORIENTED_EDGE('', *,*, #6543, .T.);
#6605 = EDGE_LOOP('', (#6595,#6596,#6603,#6604));
#6606 = FACE_OUTER_BOUND('', #6605, .T.);
#6607 = ADVANCED_FACE('', (#6606), #6585, .F.);
#6608 = CARTESIAN_POINT('', (-2.131661924593409E+00,2.418953436026366E-01,1.572916048006060E+01));
#6609 = CARTESIAN_POINT('', (-1.515832569948818E+00,1.371961520867034E+00,1.362285160548342E+01));
#6610 = CARTESIAN_POINT('', (-8.421791555700957E-01,3.283116129815721E+00,1.175869096175470E+01));
#6611 = CARTESIAN_POINT('', (-9.958101692430366E-01,3.991456631529225E+00,8.702427938351738E+00));
#6612 = CARTESIAN_POINT('', (-1.149441182915977E+00,4.699797133242729E+00,5.646164914948781E+00));
#6613 = CARTESIAN_POINT('', (-9.988645632666378E-01,4.561320168038113E+00,2.528378888475876E+00));
#6614 = CARTESIAN_POINT('', (-9.307185787077186E-01,3.799249951949512E+00,-3.496494229089741E-05));
#6615 = CARTESIAN_POINT('', (-2.746476584073617E+00,1.457370959702891E+00,1.597343045497941E+01));
#6616 = CARTESIAN_POINT('', (-2.743793811464573E+00,1.972259667728465E+00,1.326306200669753E+01));
#6617 = CARTESIAN_POINT('', (-2.614707653262580E+00,3.458983630752220E+00,1.120589389046590E+01));
#6618 = CARTESIAN_POINT('', (-2.751362574387273E+00,4.064123674776708E+00,8.413463485536777E+00));
#6619 = CARTESIAN_POINT('', (-2.888017495511967E+00,4.669263718801196E+00,5.621033080607654E+00));
#6620 = CARTESIAN_POINT('', (-2.979084792287293E+00,4.400335770844753E+00,2.633145545915740E+00));
#6621 = CARTESIAN_POINT('', (-2.942617613553043E+00,3.798951021990034E+00,1.052363144105991E-04));
#6622 = CARTESIAN_POINT('', (-4.548800354623044E+00,2.338317347087109E+00,1.593788900672328E+01));
#6623 = CARTESIAN_POINT('', (-4.312370536440548E+00,2.489189457684627E+00,1.342305831169228E+01));
#6624 = CARTESIAN_POINT('', (-4.398854843616570E+00,3.716706427759056E+00,1.105464839144136E+01));
#6625 = CARTESIAN_POINT('', (-4.599905631600864E+00,4.132324234467540E+00,8.295714072719708E+00));
#6626 = CARTESIAN_POINT('', (-4.800956419585158E+00,4.547942041176024E+00,5.536779753998059E+00));
#6627 = CARTESIAN_POINT('', (-4.902685606526431E+00,4.288740087443350E+00,2.654688186311112E+00));
#6628 = CARTESIAN_POINT('', (-4.955768583168265E+00,3.799210263086489E+00,-4.140476549653514E-05));
#6629 = CARTESIAN_POINT('', (-6.320228601149357E+00,3.089247021310490E+00,1.592858760223998E+01));
#6630 = CARTESIAN_POINT('', (-6.310722920526961E+00,3.041472463147140E+00,1.333153049068614E+01));
#6631 = CARTESIAN_POINT('', (-6.438029399745613E+00,3.879475472628376E+00,1.090084419498556E+01));
#6632 = CARTESIAN_POINT('', (-6.624125703147453E+00,4.124209896017244E+00,8.173854537656606E+00));
#6633 = CARTESIAN_POINT('', (-6.810222006549295E+00,4.368944319406113E+00,5.446864880327654E+00));
#6634 = CARTESIAN_POINT('', (-6.909603162622435E+00,4.151784289421026E+00,2.638292001409866E+00));
#6635 = CARTESIAN_POINT('', (-6.972276827756769E+00,3.799463304608590E+00,-2.536228413857316E-05));
#6636 = CARTESIAN_POINT('', (-7.393067783925611E+00,3.544035549997409E+00,1.592295502248555E+01));
#6637 = CARTESIAN_POINT('', (-7.309899112570167E+00,3.317613965878397E+00,1.328576658018307E+01));
#6638 = CARTESIAN_POINT('', (-7.457616677810135E+00,3.960859995063036E+00,1.082394209675766E+01));
#6639 = CARTESIAN_POINT('', (-7.636235738920750E+00,4.120152726792097E+00,8.112924770125055E+00));
#6640 = CARTESIAN_POINT('', (-7.814854800031364E+00,4.279445458521157E+00,5.401907443492452E+00));
#6641 = CARTESIAN_POINT('', (-7.913061940670438E+00,4.083306390409864E+00,2.630093908959243E+00));
#6642 = CARTESIAN_POINT('', (-7.980530950051021E+00,3.799589825369640E+00,-1.734104345959215E-05));
#6643 = CARTESIAN_POINT('', (-8.694565472665239E+00,3.729909637558121E+00,1.585540460579936E+01));
#6644 = CARTESIAN_POINT('', (-8.663930879958521E+00,3.669890301240363E+00,1.324861971422961E+01));
#6645 = CARTESIAN_POINT('', (-8.724408120077292E+00,3.888098191133988E+00,1.067318097775583E+01));
#6646 = CARTESIAN_POINT('', (-8.813853081885823E+00,3.966808573521529E+00,8.007155526623203E+00));
#6647 = CARTESIAN_POINT('', (-8.903298043694353E+00,4.045518955909071E+00,5.341130075490581E+00));
#6648 = CARTESIAN_POINT('', (-8.952995975518506E+00,3.931153540624346E+00,2.637806276734358E+00));
#6649 = CARTESIAN_POINT('', (-8.989624391088594E+00,3.799714796237102E+00,3.135108753566294E-05));
#6650 = CARTESIAN_POINT('', (-1.000051924396782E+01,3.950688466958069E+00,1.579982705932393E+01));
#6651 = CARTESIAN_POINT('', (-9.999601272059206E+00,3.905932905750619E+00,1.317252460292493E+01));
#6652 = CARTESIAN_POINT('', (-9.997022411670176E+00,3.861194988935440E+00,1.054225706561657E+01));
#6653 = CARTESIAN_POINT('', (-9.995875108756202E+00,3.831149821320227E+00,7.908992641752420E+00));
#6654 = CARTESIAN_POINT('', (-9.994727805842228E+00,3.801104653705015E+00,5.275728217888262E+00));
#6655 = CARTESIAN_POINT('', (-9.995012060403308E+00,3.785752235289769E+00,2.639466907468301E+00));
#6656 = CARTESIAN_POINT('', (-9.999820318394912E+00,3.799767670882188E+00,1.769048460814079E-04));
#6657 = (BOUNDED_SURFACE() B_SPLINE_SURFACE(3,3, ((#6608,#6609,#6610,#6611,#6612,#6613,#6614),(#6615,#6616,#6617,#6618,#6619,#6620,#6621),(#6622,#6623,#6624,#6625,#6626,#6627,#6628),(#6629,#6630,#6631,#6632,#6633,#6634,#6635),(#6636,#6637,#6638,#6639,#6640,#6641,#6642),(#6643,#6644,#6645,#6646,#6647,#6648,#6649),(#6650,#6651,#6652,#6653,#6654,#6655,#6656)), .UNSPECIFIED., .F., .F., .T. )  B_SPLINE_SURFACE_WITH_KNOTS((4,3,4), (4,3,4), (0.000000000000000E+00,6.666666666666666E-01,1.000000000000000E+00), (0.000000000000000E+00,5.000000000000000E-01,1.000000000000000E+00), .UNSPECIFIED.)GEOMETRIC_REPRESENTATION_ITEM() RATIONAL_B_SPLINE_SURFACE( ((1.000000000000000E+00,1.000000000000000E+00,1.000000000000000E+00,1.000000000000000E+00,1.000000000000000E+00,1.000000000000000E+00,1.000000000000000E+00),(1.000000000000000E+00,1.000000000000000E+00,1.000000000000000E+00,1.000000000000000E+00,1.000000000000000E+00,1.000000000000000E+00,1.000000000000000E+00),(1.000000000000000E+00,1.000000000000000E+00,1.000000000000000E+00,1.000000000000000E+00,1.000000000000000E+00,1.000000000000000E+00,1.000000000000000E+00),(1.000000000000000E+00,1.000000000000000E+00,1.000000000000000E+00,1.000000000000000E+00,1.000000000000000E+00,1.000000000000000E+00,1.000000000000000E+00),(1.000000000000000E+00,1.000000000000000E+00,1.000000000000000E+00,1.000000000000000E+00,1.000000000000000E+00,1.000000000000000E+00,1.000000000000000E+00),(1.000000000000000E+00,1.000000000000000E+00,1.000000000000000E+00,1.000000000000000E+00,1.000000000000000E+00,1.000000000000000E+00,1.000000000000000E+00),(1.000000000000000E+00,1.000000000000000E+00,1.000000000000000E+00,1.000000000000000E+00,1.000000000000000E+00,1.000000000000000E+00,1.000000000000000E+00))) REPRESENTATION_ITEM('') SURFACE());
#6658 = ORIENTED_EDGE('', *,*, #5555, .F.);
#6659 = ORIENTED_EDGE('', *,*, #4736, .T.);
#6660 = ORIENTED_EDGE('', *,*, #3611, .T.);
#6661 = ORIENTED_EDGE('', *,*, #3263, .F.);
#6662 = ORIENTED_EDGE('', *,*, #6594, .T.);
#6663 = EDGE_LOOP('', (#6658,#6659,#6660,#6661,#6662));
#6664 = FACE_OUTER_BOUND('', #6663, .T.);
#6665 = ADVANCED_FACE('', (#6664), #6657, .F.);
#6666 = CARTESIAN_POINT('', (-2.921383454243059E+00,-8.149561189195465E+00,1.900122602985420E+02));
#6667 = CARTESIAN_POINT('', (-2.436836695941071E+00,-8.706129822042557E+00,1.900663599012426E+02));
#6668 = CARTESIAN_POINT('', (-2.032476366666196E+00,-9.331732190391142E+00,1.903104655949583E+02));
#6669 = CARTESIAN_POINT('', (-1.675538092608326E+00,-9.999899796282264E+00,1.905200890091037E+02));
#6670 = CARTESIAN_POINT('', (-2.528116627685788E+00,-8.368746719491748E+00,1.923166661275007E+02));
#6671 = CARTESIAN_POINT('', (-2.463193329904218E+00,-8.877438984413171E+00,1.922748173471337E+02));
#6672 = CARTESIAN_POINT('', (-2.403705963976874E+00,-9.409984207805090E+00,1.923474672747844E+02));
#6673 = CARTESIAN_POINT('', (-2.302595960230016E+00,-9.960426260465653E+00,1.923755790681173E+02));
#6674 = CARTESIAN_POINT('', (-2.200538569116439E+00,-8.472550670093998E+00,1.949248283484108E+02));
#6675 = CARTESIAN_POINT('', (-2.131501130925627E+00,-8.921871498829788E+00,1.947502908022370E+02));
#6676 = CARTESIAN_POINT('', (-2.102920641156275E+00,-9.486948137275071E+00,1.946740845013309E+02));
#6677 = CARTESIAN_POINT('', (-2.132916571948929E+00,-1.003016295077589E+01,1.947321482795652E+02));
#6678 = CARTESIAN_POINT('', (-4.420989461299218E-01,-8.483202121813637E+00,1.954969323244627E+02));
#6679 = CARTESIAN_POINT('', (-4.481437746034972E-01,-9.012007097995717E+00,1.953279119787064E+02));
#6680 = CARTESIAN_POINT('', (-4.375677195907462E-01,-9.502791184744915E+00,1.952381268223177E+02));
#6681 = CARTESIAN_POINT('', (-4.129299017347552E-01,-9.997382601423434E+00,1.951222220444061E+02));
#6682 = (BOUNDED_SURFACE() B_SPLINE_SURFACE(3,3, ((#6666,#6667,#6668,#6669),(#6670,#6671,#6672,#6673),(#6674,#6675,#6676,#6677),(#6678,#6679,#6680,#6681)), .UNSPECIFIED., .F., .F., .T. )  B_SPLINE_SURFACE_WITH_KNOTS((4,4), (4,4), (0.000000000000000E+00,1.000000000000000E+00), (0.000000000000000E+00,1.000000000000000E+00), .UNSPECIFIED.)GEOMETRIC_REPRESENTATION_ITEM() RATIONAL_B_SPLINE_SURFACE( ((1.000000000000000E+00,1.000000000000000E+00,1.000000000000000E+00,1.000000000000000E+00),(1.000000000000000E+00,1.000000000000000E+00,1.000000000000000E+00,1.000000000000000E+00),(1.000000000000000E+00,1.000000000000000E+00,1.000000000000000E+00,1.000000000000000E+00),(1.000000000000000E+00,1.000000000000000E+00,1.000000000000000E+00,1.000000000000000E+00))) REPRESENTATION_ITEM('') SURFACE());
#6683 = CARTESIAN_POINT('', (-4.420989461299218E-01,-8.483202121813637E+00,1.954969323244627E+02));
#6684 = VERTEX_POINT('', #6683);
#6685 = CARTESIAN_POINT('', (-2.921383454243059E+00,-8.149561189195465E+00,1.900122602985420E+02));
#6686 = CARTESIAN_POINT('', (-2.528116627685788E+00,-8.368746719491748E+00,1.923166661275007E+02));
#6687 = CARTESIAN_POINT('', (-2.200538569116439E+00,-8.472550670093998E+00,1.949248283484108E+02));
#6688 = CARTESIAN_POINT('', (-4.420989461299218E-01,-8.483202121813637E+00,1.954969323244627E+02));
#6689 = (BOUNDED_CURVE() B_SPLINE_CURVE(3,(#6685,#6686,#6687,#6688),.UNSPECIFIED.,.F.,.F.) B_SPLINE_CURVE_WITH_KNOTS((4,4),(0.000000000000000E+00,1.000000000000000E+00),.UNSPECIFIED.) CURVE() GEOMETRIC_REPRESENTATION_ITEM() RATIONAL_B_SPLINE_CURVE((1.000000000000000E+00,1.000000000000000E+00,1.000000000000000E+00,1.000000000000000E+00)) REPRESENTATION_ITEM(''));
#6690 = EDGE_CURVE('', #5880, #6684, #6689, .T.);
#6691 = ORIENTED_EDGE('', *,*, #6690, .F.);
#6692 = CARTESIAN_POINT('', (-4.129299017347552E-01,-9.997382601423434E+00,1.951222220444061E+02));
#6693 = CARTESIAN_POINT('', (-4.375677195907462E-01,-9.502791184744915E+00,1.952381268223177E+02));
#6694 = CARTESIAN_POINT('', (-4.481437746034972E-01,-9.012007097995717E+00,1.953279119787064E+02));
#6695 = CARTESIAN_POINT('', (-4.420989461299218E-01,-8.483202121813637E+00,1.954969323244627E+02));
#6696 = (BOUNDED_CURVE() B_SPLINE_CURVE(3,(#6692,#6693,#6694,#6695),.UNSPECIFIED.,.F.,.F.) B_SPLINE_CURVE_WITH_KNOTS((4,4),(0.000000000000000E+00,1.000000000000000E+00),.UNSPECIFIED.) CURVE() GEOMETRIC_REPRESENTATION_ITEM() RATIONAL_B_SPLINE_CURVE((1.000000000000000E+00,1.000000000000000E+00,1.000000000000000E+00,1.000000000000000E+00)) REPRESENTATION_ITEM(''));
#6697 = EDGE_CURVE('', #3451, #6684, #6696, .T.);
#6698 = ORIENTED_EDGE('', *,*, #6697, .T.);
#6699 = ORIENTED_EDGE('', *,*, #3457, .T.);
#6700 = ORIENTED_EDGE('', *,*, #6024, .T.);
#6701 = EDGE_LOOP('', (#6691,#6698,#6699,#6700));
#6702 = FACE_OUTER_BOUND('', #6701, .T.);
#6703 = ADVANCED_FACE('', (#6702), #6682, .F.);
#6704 = CARTESIAN_POINT('', (-2.921383454243059E+00,-8.149561189195465E+00,1.900122602985420E+02));
#6705 = CARTESIAN_POINT('', (-2.528116627685788E+00,-8.368746719491748E+00,1.923166661275007E+02));
#6706 = CARTESIAN_POINT('', (-2.200538569116439E+00,-8.472550670093998E+00,1.949248283484108E+02));
#6707 = CARTESIAN_POINT('', (-4.420989461299218E-01,-8.483202121813637E+00,1.954969323244627E+02));
#6708 = CARTESIAN_POINT('', (-3.315668113518298E+00,-7.643684692583204E+00,1.904646702427492E+02));
#6709 = CARTESIAN_POINT('', (-2.592505026609532E+00,-7.802585544825691E+00,1.925137482612452E+02));
#6710 = CARTESIAN_POINT('', (-2.238331078095498E+00,-7.963625117973347E+00,1.951079736650513E+02));
#6711 = CARTESIAN_POINT('', (-4.343096646854709E-01,-7.803869182969797E+00,1.957148336089619E+02));
#6712 = CARTESIAN_POINT('', (-3.547977226886827E+00,-7.013964224042170E+00,1.909093598097135E+02));
#6713 = CARTESIAN_POINT('', (-2.710805837820465E+00,-7.302760639341999E+00,1.928383836474681E+02));
#6714 = CARTESIAN_POINT('', (-2.332777921831898E+00,-7.567480997297077E+00,1.953759972822864E+02));
#6715 = CARTESIAN_POINT('', (-4.013364035690150E-01,-7.098376311130268E+00,1.960750861910290E+02));
#6716 = CARTESIAN_POINT('', (-3.765226590593795E+00,-6.348771764880719E+00,1.913399156288272E+02));
#6717 = CARTESIAN_POINT('', (-2.805101849619959E+00,-6.726743997506327E+00,1.932140965041189E+02));
#6718 = CARTESIAN_POINT('', (-2.454824971500361E+00,-7.144534513450821E+00,1.955968800607426E+02));
#6719 = CARTESIAN_POINT('', (-4.728846930583386E-01,-6.597565397443788E+00,1.965035841285341E+02));
#6720 = (BOUNDED_SURFACE() B_SPLINE_SURFACE(3,3, ((#6704,#6705,#6706,#6707),(#6708,#6709,#6710,#6711),(#6712,#6713,#6714,#6715),(#6716,#6717,#6718,#6719)), .UNSPECIFIED., .F., .F., .T. )  B_SPLINE_SURFACE_WITH_KNOTS((4,4), (4,4), (0.000000000000000E+00,1.000000000000000E+00), (0.000000000000000E+00,1.000000000000000E+00), .UNSPECIFIED.)GEOMETRIC_REPRESENTATION_ITEM() RATIONAL_B_SPLINE_SURFACE( ((1.000000000000000E+00,1.000000000000000E+00,1.000000000000000E+00,1.000000000000000E+00),(1.000000000000000E+00,1.000000000000000E+00,1.000000000000000E+00,1.000000000000000E+00),(1.000000000000000E+00,1.000000000000000E+00,1.000000000000000E+00,1.000000000000000E+00),(1.000000000000000E+00,1.000000000000000E+00,1.000000000000000E+00,1.000000000000000E+00))) REPRESENTATION_ITEM('') SURFACE());
#6721 = ORIENTED_EDGE('', *,*, #5886, .F.);
#6722 = ORIENTED_EDGE('', *,*, #5972, .T.);
#6723 = CARTESIAN_POINT('', (-4.728846930583386E-01,-6.597565397443788E+00,1.965035841285341E+02));
#6724 = CARTESIAN_POINT('', (-4.013364035690150E-01,-7.098376311130268E+00,1.960750861910290E+02));
#6725 = CARTESIAN_POINT('', (-4.343096646854709E-01,-7.803869182969797E+00,1.957148336089619E+02));
#6726 = CARTESIAN_POINT('', (-4.420989461299218E-01,-8.483202121813637E+00,1.954969323244627E+02));
#6727 = (BOUNDED_CURVE() B_SPLINE_CURVE(3,(#6723,#6724,#6725,#6726),.UNSPECIFIED.,.F.,.F.) B_SPLINE_CURVE_WITH_KNOTS((4,4),(0.000000000000000E+00,1.000000000000000E+00),.UNSPECIFIED.) CURVE() GEOMETRIC_REPRESENTATION_ITEM() RATIONAL_B_SPLINE_CURVE((1.000000000000000E+00,1.000000000000000E+00,1.000000000000000E+00,1.000000000000000E+00)) REPRESENTATION_ITEM(''));
#6728 = EDGE_CURVE('', #5959, #6684, #6727, .T.);
#6729 = ORIENTED_EDGE('', *,*, #6728, .F.);
#6730 = ORIENTED_EDGE('', *,*, #6690, .T.);
#6731 = EDGE_LOOP('', (#6721,#6722,#6729,#6730));
#6732 = FACE_OUTER_BOUND('', #6731, .T.);
#6733 = ADVANCED_FACE('', (#6732), #6720, .F.);
#6734 = CARTESIAN_POINT('', (-2.921383454243059E+00,-8.149561189195465E+00,1.900122602985420E+02));
#6735 = CARTESIAN_POINT('', (-3.881741941390708E+00,-7.161042491538023E+00,1.888184217442786E+02));
#6736 = CARTESIAN_POINT('', (-6.133741782690968E+00,-6.439940999419856E+00,1.883568078914986E+02));
#6737 = CARTESIAN_POINT('', (-7.240073808600472E+00,-6.869073632345565E+00,1.889936751436715E+02));
#6738 = CARTESIAN_POINT('', (-2.764360197321547E+00,-8.415225293321702E+00,1.892535729900089E+02));
#6739 = CARTESIAN_POINT('', (-3.878212343759149E+00,-7.446325757352485E+00,1.882755394712053E+02));
#6740 = CARTESIAN_POINT('', (-5.912257349260838E+00,-6.895902389103800E+00,1.878599911708197E+02));
#6741 = CARTESIAN_POINT('', (-7.185763866310130E+00,-7.314785732400512E+00,1.882189665035708E+02));
#6742 = CARTESIAN_POINT('', (-2.393030635576603E+00,-8.530042934775116E+00,1.883154503415707E+02));
#6743 = CARTESIAN_POINT('', (-3.780432991327274E+00,-7.681937348520702E+00,1.876270621241284E+02));
#6744 = CARTESIAN_POINT('', (-5.806306731336581E+00,-7.146187266523949E+00,1.872076060348239E+02));
#6745 = CARTESIAN_POINT('', (-7.258264557882621E+00,-7.435463990445236E+00,1.873658160043165E+02));
#6746 = CARTESIAN_POINT('', (-1.970656524783700E+00,-8.479620655324824E+00,1.875835958140791E+02));
#6747 = CARTESIAN_POINT('', (-3.718873521959237E+00,-7.837903743532094E+00,1.869403203967164E+02));
#6748 = CARTESIAN_POINT('', (-5.736230959972982E+00,-7.289890376615845E+00,1.864490522430484E+02));
#6749 = CARTESIAN_POINT('', (-7.275070812400902E+00,-7.397560288299421E+00,1.865338021226046E+02));
#6750 = (BOUNDED_SURFACE() B_SPLINE_SURFACE(3,3, ((#6734,#6735,#6736,#6737),(#6738,#6739,#6740,#6741),(#6742,#6743,#6744,#6745),(#6746,#6747,#6748,#6749)), .UNSPECIFIED., .F., .F., .T. )  B_SPLINE_SURFACE_WITH_KNOTS((4,4), (4,4), (0.000000000000000E+00,1.000000000000000E+00), (0.000000000000000E+00,1.000000000000000E+00), .UNSPECIFIED.)GEOMETRIC_REPRESENTATION_ITEM() RATIONAL_B_SPLINE_SURFACE( ((1.000000000000000E+00,1.000000000000000E+00,1.000000000000000E+00,1.000000000000000E+00),(1.000000000000000E+00,1.000000000000000E+00,1.000000000000000E+00,1.000000000000000E+00),(1.000000000000000E+00,1.000000000000000E+00,1.000000000000000E+00,1.000000000000000E+00),(1.000000000000000E+00,1.000000000000000E+00,1.000000000000000E+00,1.000000000000000E+00))) REPRESENTATION_ITEM('') SURFACE());
#6751 = ORIENTED_EDGE('', *,*, #6033, .F.);
#6752 = ORIENTED_EDGE('', *,*, #4088, .F.);
#6753 = ORIENTED_EDGE('', *,*, #4448, .T.);
#6754 = ORIENTED_EDGE('', *,*, #5893, .T.);
#6755 = EDGE_LOOP('', (#6751,#6752,#6753,#6754));
#6756 = FACE_OUTER_BOUND('', #6755, .T.);
#6757 = ADVANCED_FACE('', (#6756), #6750, .F.);
#6758 = CARTESIAN_POINT('', (-3.787652304228696E-01,-9.650723731358705E-02,1.480076126944176E+01));
#6759 = CARTESIAN_POINT('', (-4.031449330482997E+00,-1.478089696409103E+00,1.485118909147065E+01));
#6760 = CARTESIAN_POINT('', (-7.027957789269096E+00,-2.790000999057880E+00,1.490065120738816E+01));
#6761 = CARTESIAN_POINT('', (-9.999118855992469E+00,-3.981090407209334E+00,1.475311115331677E+01));
#6762 = CARTESIAN_POINT('', (-2.329395350307466E-01,-3.235887645089940E+00,1.244238383164788E+01));
#6763 = CARTESIAN_POINT('', (-3.533911884273002E+00,-3.252550917946075E+00,1.123632427526525E+01));
#6764 = CARTESIAN_POINT('', (-6.828605922239142E+00,-3.467727593287348E+00,1.058656840189700E+01));
#6765 = CARTESIAN_POINT('', (-1.000168030120996E+01,-3.779923263300936E+00,1.010793663237144E+01));
#6766 = CARTESIAN_POINT('', (-5.346361064687558E-01,-3.554772869654254E+00,5.268266610031910E+00));
#6767 = CARTESIAN_POINT('', (-3.618617009770200E+00,-3.613055939636757E+00,5.211238545562048E+00));
#6768 = CARTESIAN_POINT('', (-6.823267373417037E+00,-3.708627599819740E+00,5.215321007585973E+00));
#6769 = CARTESIAN_POINT('', (-1.000310706612039E+01,-3.800573189776325E+00,5.112456390671120E+00));
#6770 = CARTESIAN_POINT('', (-2.638592535889041E-01,-3.799363221869775E+00,4.043147087482677E-05));
#6771 = CARTESIAN_POINT('', (-3.533711348749815E+00,-3.799197976897767E+00,-5.373544248570926E-04));
#6772 = CARTESIAN_POINT('', (-6.774246884584613E+00,-3.799697720536605E+00,6.315183431022846E-04));
#6773 = CARTESIAN_POINT('', (-9.999873019329458E+00,-3.799629751912228E+00,-1.271950001526538E-04));
#6774 = (BOUNDED_SURFACE() B_SPLINE_SURFACE(3,3, ((#6758,#6759,#6760,#6761),(#6762,#6763,#6764,#6765),(#6766,#6767,#6768,#6769),(#6770,#6771,#6772,#6773)), .UNSPECIFIED., .F., .F., .T. )  B_SPLINE_SURFACE_WITH_KNOTS((4,4), (4,4), (0.000000000000000E+00,1.000000000000000E+00), (0.000000000000000E+00,1.000000000000000E+00), .UNSPECIFIED.)GEOMETRIC_REPRESENTATION_ITEM() RATIONAL_B_SPLINE_SURFACE( ((1.000000000000000E+00,1.000000000000000E+00,1.000000000000000E+00,1.000000000000000E+00),(1.000000000000000E+00,1.000000000000000E+00,1.000000000000000E+00,1.000000000000000E+00),(1.000000000000000E+00,1.000000000000000E+00,1.000000000000000E+00,1.000000000000000E+00),(1.000000000000000E+00,1.000000000000000E+00,1.000000000000000E+00,1.000000000000000E+00))) REPRESENTATION_ITEM('') SURFACE());
#6775 = CARTESIAN_POINT('', (-3.787652304228696E-01,-9.650723731358705E-02,1.480076126944176E+01));
#6776 = CARTESIAN_POINT('', (-2.329395350307466E-01,-3.235887645089940E+00,1.244238383164788E+01));
#6777 = CARTESIAN_POINT('', (-5.346361064687558E-01,-3.554772869654254E+00,5.268266610031910E+00));
#6778 = CARTESIAN_POINT('', (-2.638592535889041E-01,-3.799363221869775E+00,4.043147087482677E-05));
#6779 = (BOUNDED_CURVE() B_SPLINE_CURVE(3,(#6775,#6776,#6777,#6778),.UNSPECIFIED.,.F.,.F.) B_SPLINE_CURVE_WITH_KNOTS((4,4),(0.000000000000000E+00,1.000000000000000E+00),.UNSPECIFIED.) CURVE() GEOMETRIC_REPRESENTATION_ITEM() RATIONAL_B_SPLINE_CURVE((1.000000000000000E+00,1.000000000000000E+00,1.000000000000000E+00,1.000000000000000E+00)) REPRESENTATION_ITEM(''));
#6780 = EDGE_CURVE('', #6537, #3309, #6779, .T.);
#6781 = ORIENTED_EDGE('', *,*, #6780, .F.);
#6782 = ORIENTED_EDGE('', *,*, #3315, .T.);
#6783 = ORIENTED_EDGE('', *,*, #3747, .F.);
#6784 = ORIENTED_EDGE('', *,*, #6550, .T.);
#6785 = EDGE_LOOP('', (#6781,#6782,#6783,#6784));
#6786 = FACE_OUTER_BOUND('', #6785, .T.);
#6787 = ADVANCED_FACE('', (#6786), #6774, .F.);
#6788 = CARTESIAN_POINT('', (-3.787652304228696E-01,-9.650723731358705E-02,1.480076126944176E+01));
#6789 = CARTESIAN_POINT('', (-2.329395350307466E-01,-3.235887645089940E+00,1.244238383164788E+01));
#6790 = CARTESIAN_POINT('', (-5.346361064687558E-01,-3.554772869654254E+00,5.268266610031910E+00));
#6791 = CARTESIAN_POINT('', (-2.638592535889041E-01,-3.799363221869775E+00,4.043147087482677E-05));
#6792 = CARTESIAN_POINT('', (2.699235768352667E-01,-7.627031986733027E-02,1.460092690795262E+01));
#6793 = CARTESIAN_POINT('', (2.099150371198535E-01,-3.181030544241767E+00,1.249970127888769E+01));
#6794 = CARTESIAN_POINT('', (-1.233382440022130E-01,-3.566214359136486E+00,5.285147081993245E+00));
#6795 = CARTESIAN_POINT('', (1.145109406243253E-01,-3.799337212565702E+00,9.977145674265007E-05));
#6796 = CARTESIAN_POINT('', (1.102918424046075E+00,-1.044214211489919E-01,1.473833341934938E+01));
#6797 = CARTESIAN_POINT('', (1.399110999524061E-01,-3.092494564386956E+00,1.251607478537241E+01));
#6798 = CARTESIAN_POINT('', (6.711966867839860E-01,-3.624371007615159E+00,5.339782829534708E+00));
#6799 = CARTESIAN_POINT('', (5.122631463953855E-01,-3.799363884573923E+00,-8.156727137766828E-05));
#6800 = CARTESIAN_POINT('', (1.659896441938681E+00,-2.286323661694205E-01,1.515329339024031E+01));
#6801 = CARTESIAN_POINT('', (5.543845810016119E-01,-3.126476320951623E+00,1.251861026740966E+01));
#6802 = CARTESIAN_POINT('', (1.112139022601360E+00,-3.614780684559401E+00,5.354961823807140E+00));
#6803 = CARTESIAN_POINT('', (8.986356293095694E-01,-3.799334520030692E+00,-5.326387280600991E-05));
#6804 = (BOUNDED_SURFACE() B_SPLINE_SURFACE(3,3, ((#6788,#6789,#6790,#6791),(#6792,#6793,#6794,#6795),(#6796,#6797,#6798,#6799),(#6800,#6801,#6802,#6803)), .UNSPECIFIED., .F., .F., .T. )  B_SPLINE_SURFACE_WITH_KNOTS((4,4), (4,4), (0.000000000000000E+00,1.000000000000000E+00), (0.000000000000000E+00,1.000000000000000E+00), .UNSPECIFIED.)GEOMETRIC_REPRESENTATION_ITEM() RATIONAL_B_SPLINE_SURFACE( ((1.000000000000000E+00,1.000000000000000E+00,1.000000000000000E+00,1.000000000000000E+00),(1.000000000000000E+00,1.000000000000000E+00,1.000000000000000E+00,1.000000000000000E+00),(1.000000000000000E+00,1.000000000000000E+00,1.000000000000000E+00,1.000000000000000E+00),(1.000000000000000E+00,1.000000000000000E+00,1.000000000000000E+00,1.000000000000000E+00))) REPRESENTATION_ITEM('') SURFACE());
#6805 = CARTESIAN_POINT('', (-3.787652304228696E-01,-9.650723731358705E-02,1.480076126944176E+01));
#6806 = CARTESIAN_POINT('', (2.699235768352667E-01,-7.627031986733027E-02,1.460092690795262E+01));
#6807 = CARTESIAN_POINT('', (1.102918424046075E+00,-1.044214211489919E-01,1.473833341934938E+01));
#6808 = CARTESIAN_POINT('', (1.659896441938681E+00,-2.286323661694205E-01,1.515329339024031E+01));
#6809 = (BOUNDED_CURVE() B_SPLINE_CURVE(3,(#6805,#6806,#6807,#6808),.UNSPECIFIED.,.F.,.F.) B_SPLINE_CURVE_WITH_KNOTS((4,4),(0.000000000000000E+00,1.000000000000000E+00),.UNSPECIFIED.) CURVE() GEOMETRIC_REPRESENTATION_ITEM() RATIONAL_B_SPLINE_CURVE((1.000000000000000E+00,1.000000000000000E+00,1.000000000000000E+00,1.000000000000000E+00)) REPRESENTATION_ITEM(''));
#6810 = EDGE_CURVE('', #6537, #1751, #6809, .T.);
#6811 = ORIENTED_EDGE('', *,*, #6810, .F.);
#6812 = ORIENTED_EDGE('', *,*, #2840, .F.);
#6813 = ORIENTED_EDGE('', *,*, #3322, .T.);
#6814 = ORIENTED_EDGE('', *,*, #6780, .T.);
#6815 = EDGE_LOOP('', (#6811,#6812,#6813,#6814));
#6816 = FACE_OUTER_BOUND('', #6815, .T.);
#6817 = ADVANCED_FACE('', (#6816), #6804, .F.);
#6818 = CARTESIAN_POINT('', (-3.787652304228696E-01,-9.650723731358705E-02,1.480076126944176E+01));
#6819 = CARTESIAN_POINT('', (2.699235768352667E-01,-7.627031986733027E-02,1.460092690795262E+01));
#6820 = CARTESIAN_POINT('', (1.102918424046075E+00,-1.044214211489919E-01,1.473833341934938E+01));
#6821 = CARTESIAN_POINT('', (1.659896441938681E+00,-2.286323661694205E-01,1.515329339024031E+01));
#6822 = CARTESIAN_POINT('', (5.490912638709439E-02,3.364808612490944E+00,1.365844491890845E+01));
#6823 = CARTESIAN_POINT('', (1.021799970185210E-01,3.362154192442453E+00,1.375257575110987E+01));
#6824 = CARTESIAN_POINT('', (-3.847778796329226E-02,3.413407690337877E+00,1.356642279426975E+01));
#6825 = CARTESIAN_POINT('', (2.218428066863882E-01,3.382501921334554E+00,1.332562960121381E+01));
#6826 = CARTESIAN_POINT('', (-1.708603475923089E-01,5.611308830536193E+00,4.604455892273255E+00));
#6827 = CARTESIAN_POINT('', (3.600031571271485E-01,5.445682726033834E+00,4.475266120129588E+00));
#6828 = CARTESIAN_POINT('', (1.014601993968310E+00,5.206994354946269E+00,4.516110547837632E+00));
#6829 = CARTESIAN_POINT('', (1.433127282381379E+00,5.057065577344380E+00,4.681957121768995E+00));
#6830 = CARTESIAN_POINT('', (3.678515324261289E-02,3.799332553890014E+00,2.627756977051038E-04));
#6831 = CARTESIAN_POINT('', (4.297143655960686E-01,3.799783142136096E+00,1.733984317622964E-04));
#6832 = CARTESIAN_POINT('', (8.254876972552331E-01,3.799291081044655E+00,-3.451785461416970E-04));
#6833 = CARTESIAN_POINT('', (1.208639945913923E+00,3.799288263009736E+00,-9.029124415351900E-05));
#6834 = (BOUNDED_SURFACE() B_SPLINE_SURFACE(3,3, ((#6818,#6819,#6820,#6821),(#6822,#6823,#6824,#6825),(#6826,#6827,#6828,#6829),(#6830,#6831,#6832,#6833)), .UNSPECIFIED., .F., .F., .T. )  B_SPLINE_SURFACE_WITH_KNOTS((4,4), (4,4), (0.000000000000000E+00,1.000000000000000E+00), (0.000000000000000E+00,1.000000000000000E+00), .UNSPECIFIED.)GEOMETRIC_REPRESENTATION_ITEM() RATIONAL_B_SPLINE_SURFACE( ((1.000000000000000E+00,1.000000000000000E+00,1.000000000000000E+00,1.000000000000000E+00),(1.000000000000000E+00,1.000000000000000E+00,1.000000000000000E+00,1.000000000000000E+00),(1.000000000000000E+00,1.000000000000000E+00,1.000000000000000E+00,1.000000000000000E+00),(1.000000000000000E+00,1.000000000000000E+00,1.000000000000000E+00,1.000000000000000E+00))) REPRESENTATION_ITEM('') SURFACE());
#6835 = ORIENTED_EDGE('', *,*, #6602, .F.);
#6836 = ORIENTED_EDGE('', *,*, #3289, .F.);
#6837 = ORIENTED_EDGE('', *,*, #2520, .T.);
#6838 = ORIENTED_EDGE('', *,*, #6810, .T.);
#6839 = EDGE_LOOP('', (#6835,#6836,#6837,#6838));
#6840 = FACE_OUTER_BOUND('', #6839, .T.);
#6841 = ADVANCED_FACE('', (#6840), #6834, .F.);
#6842 = CARTESIAN_POINT('', (-4.728846930583386E-01,-6.597565397443788E+00,1.965035841285341E+02));
#6843 = CARTESIAN_POINT('', (-4.013364035690150E-01,-7.098376311130268E+00,1.960750861910290E+02));
#6844 = CARTESIAN_POINT('', (-4.343096646854709E-01,-7.803869182969797E+00,1.957148336089619E+02));
#6845 = CARTESIAN_POINT('', (-4.420989461299218E-01,-8.483202121813637E+00,1.954969323244627E+02));
#6846 = CARTESIAN_POINT('', (-4.481437746034972E-01,-9.012007097995717E+00,1.953279119787064E+02));
#6847 = CARTESIAN_POINT('', (-4.375677195907462E-01,-9.502791184744915E+00,1.952381268223177E+02));
#6848 = CARTESIAN_POINT('', (-4.129299017347552E-01,-9.997382601423434E+00,1.951222220444061E+02));
#6849 = CARTESIAN_POINT('', (1.454506147258934E+00,-7.522629802479051E+00,1.961504552894597E+02));
#6850 = CARTESIAN_POINT('', (1.333137949389437E+00,-7.861586207815964E+00,1.959889568035659E+02));
#6851 = CARTESIAN_POINT('', (1.223157520166892E+00,-8.188320241259598E+00,1.960075689947267E+02));
#6852 = CARTESIAN_POINT('', (1.192525131297978E+00,-8.655752540274815E+00,1.959525314226166E+02));
#6853 = CARTESIAN_POINT('', (1.177208936863521E+00,-8.889468689782422E+00,1.959250126365616E+02));
#6854 = CARTESIAN_POINT('', (1.167699164266510E+00,-9.495560081441852E+00,1.958085114895370E+02));
#6855 = CARTESIAN_POINT('', (1.065872367589453E+00,-1.001621698983963E+01,1.959797573660964E+02));
#6856 = CARTESIAN_POINT('', (2.561879379825813E+00,-7.672479329608409E+00,1.938296549597398E+02));
#6857 = CARTESIAN_POINT('', (2.406381925032643E+00,-8.160157475767038E+00,1.937415548572317E+02));
#6858 = CARTESIAN_POINT('', (2.359447759838108E+00,-8.673612260037846E+00,1.936895753564811E+02));
#6859 = CARTESIAN_POINT('', (2.246657211626816E+00,-9.254780696948066E+00,1.937388487502909E+02));
#6860 = CARTESIAN_POINT('', (2.190261937521171E+00,-9.545364915403177E+00,1.937634854471959E+02));
#6861 = CARTESIAN_POINT('', (2.172893108299245E+00,-9.734089543589775E+00,1.939470834361848E+02));
#6862 = CARTESIAN_POINT('', (2.230725107784220E+00,-1.001429421053740E+01,1.938946355837051E+02));
#6863 = CARTESIAN_POINT('', (3.219641662165954E+00,-7.313483522912871E+00,1.910558012991703E+02));
#6864 = CARTESIAN_POINT('', (2.867271428327911E+00,-7.927040998430802E+00,1.910790796865918E+02));
#6865 = CARTESIAN_POINT('', (2.543761307446149E+00,-8.531754572197890E+00,1.911544222889478E+02));
#6866 = CARTESIAN_POINT('', (2.248229002920785E+00,-9.123006755007090E+00,1.912779090741483E+02));
#6867 = CARTESIAN_POINT('', (2.100462850658103E+00,-9.418632846411690E+00,1.913396524667485E+02));
#6868 = CARTESIAN_POINT('', (1.959691152484520E+00,-9.710893590076818E+00,1.914134319050599E+02));
#6869 = CARTESIAN_POINT('', (1.825803621325052E+00,-9.999211799851594E+00,1.914987573850712E+02));
#6870 = (BOUNDED_SURFACE() B_SPLINE_SURFACE(3,3, ((#6842,#6843,#6844,#6845,#6846,#6847,#6848),(#6849,#6850,#6851,#6852,#6853,#6854,#6855),(#6856,#6857,#6858,#6859,#6860,#6861,#6862),(#6863,#6864,#6865,#6866,#6867,#6868,#6869)), .UNSPECIFIED., .F., .F., .T. )  B_SPLINE_SURFACE_WITH_KNOTS((4,4), (4,3,4), (0.000000000000000E+00,1.000000000000000E+00), (0.000000000000000E+00,6.666666666666666E-01,1.000000000000000E+00), .UNSPECIFIED.)GEOMETRIC_REPRESENTATION_ITEM() RATIONAL_B_SPLINE_SURFACE( ((1.000000000000000E+00,1.000000000000000E+00,1.000000000000000E+00,1.000000000000000E+00,1.000000000000000E+00,1.000000000000000E+00,1.000000000000000E+00),(1.000000000000000E+00,1.000000000000000E+00,1.000000000000000E+00,1.000000000000000E+00,1.000000000000000E+00,1.000000000000000E+00,1.000000000000000E+00),(1.000000000000000E+00,1.000000000000000E+00,1.000000000000000E+00,1.000000000000000E+00,1.000000000000000E+00,1.000000000000000E+00,1.000000000000000E+00),(1.000000000000000E+00,1.000000000000000E+00,1.000000000000000E+00,1.000000000000000E+00,1.000000000000000E+00,1.000000000000000E+00,1.000000000000000E+00))) REPRESENTATION_ITEM('') SURFACE());
#6871 = CARTESIAN_POINT('', (-4.728846930583386E-01,-6.597565397443788E+00,1.965035841285341E+02));
#6872 = CARTESIAN_POINT('', (1.454506147258934E+00,-7.522629802479051E+00,1.961504552894597E+02));
#6873 = CARTESIAN_POINT('', (2.561879379825813E+00,-7.672479329608409E+00,1.938296549597398E+02));
#6874 = CARTESIAN_POINT('', (3.219641662165954E+00,-7.313483522912871E+00,1.910558012991703E+02));
#6875 = (BOUNDED_CURVE() B_SPLINE_CURVE(3,(#6871,#6872,#6873,#6874),.UNSPECIFIED.,.F.,.F.) B_SPLINE_CURVE_WITH_KNOTS((4,4),(0.000000000000000E+00,1.000000000000000E+00),.UNSPECIFIED.) CURVE() GEOMETRIC_REPRESENTATION_ITEM() RATIONAL_B_SPLINE_CURVE((1.000000000000000E+00,1.000000000000000E+00,1.000000000000000E+00,1.000000000000000E+00)) REPRESENTATION_ITEM(''));
#6876 = EDGE_CURVE('', #5959, #6354, #6875, .T.);
#6877 = ORIENTED_EDGE('', *,*, #6876, .F.);
#6878 = ORIENTED_EDGE('', *,*, #6369, .F.);
#6879 = ORIENTED_EDGE('', *,*, #3466, .T.);
#6880 = ORIENTED_EDGE('', *,*, #6697, .F.);
#6881 = ORIENTED_EDGE('', *,*, #6728, .T.);
#6882 = EDGE_LOOP('', (#6877,#6878,#6879,#6880,#6881));
#6883 = FACE_OUTER_BOUND('', #6882, .T.);
#6884 = ADVANCED_FACE('', (#6883), #6870, .F.);
#6885 = CARTESIAN_POINT('', (-4.728846930583386E-01,-6.597565397443788E+00,1.965035841285341E+02));
#6886 = CARTESIAN_POINT('', (1.454506147258934E+00,-7.522629802479051E+00,1.961504552894597E+02));
#6887 = CARTESIAN_POINT('', (2.561879379825813E+00,-7.672479329608409E+00,1.938296549597398E+02));
#6888 = CARTESIAN_POINT('', (3.219641662165954E+00,-7.313483522912871E+00,1.910558012991703E+02));
#6889 = CARTESIAN_POINT('', (-2.509487419626170E-01,-6.255667662623281E+00,1.968580895530372E+02));
#6890 = CARTESIAN_POINT('', (1.568860870316052E+00,-7.207911530252082E+00,1.960967885840170E+02));
#6891 = CARTESIAN_POINT('', (2.627109936088470E+00,-7.137725465178413E+00,1.939975927239999E+02));
#6892 = CARTESIAN_POINT('', (3.516949556842949E+00,-6.652092783012184E+00,1.915374165878695E+02));
#6893 = CARTESIAN_POINT('', (5.713394610719869E-02,-5.862306594677201E+00,1.972673044623894E+02));
#6894 = CARTESIAN_POINT('', (1.640549244043203E+00,-6.876822289860168E+00,1.960798153902515E+02));
#6895 = CARTESIAN_POINT('', (2.724919145571439E+00,-6.665862595306405E+00,1.942127420116362E+02));
#6896 = CARTESIAN_POINT('', (3.799471355162893E+00,-5.893360269690428E+00,1.920973598443402E+02));
#6897 = CARTESIAN_POINT('', (3.752992258170941E-01,-5.535974668103305E+00,1.976384675394788E+02));
#6898 = CARTESIAN_POINT('', (1.879637120357462E+00,-6.578787198356414E+00,1.963028395014387E+02));
#6899 = CARTESIAN_POINT('', (2.956775028491696E+00,-6.143825363616220E+00,1.944250137359556E+02));
#6900 = CARTESIAN_POINT('', (3.924380727260434E+00,-5.210237989904315E+00,1.924047297273490E+02));
#6901 = (BOUNDED_SURFACE() B_SPLINE_SURFACE(3,3, ((#6885,#6886,#6887,#6888),(#6889,#6890,#6891,#6892),(#6893,#6894,#6895,#6896),(#6897,#6898,#6899,#6900)), .UNSPECIFIED., .F., .F., .T. )  B_SPLINE_SURFACE_WITH_KNOTS((4,4), (4,4), (0.000000000000000E+00,1.000000000000000E+00), (0.000000000000000E+00,1.000000000000000E+00), .UNSPECIFIED.)GEOMETRIC_REPRESENTATION_ITEM() RATIONAL_B_SPLINE_SURFACE( ((1.000000000000000E+00,1.000000000000000E+00,1.000000000000000E+00,1.000000000000000E+00),(1.000000000000000E+00,1.000000000000000E+00,1.000000000000000E+00,1.000000000000000E+00),(1.000000000000000E+00,1.000000000000000E+00,1.000000000000000E+00,1.000000000000000E+00),(1.000000000000000E+00,1.000000000000000E+00,1.000000000000000E+00,1.000000000000000E+00))) REPRESENTATION_ITEM('') SURFACE());
#6902 = CARTESIAN_POINT('', (-4.728846930583386E-01,-6.597565397443788E+00,1.965035841285341E+02));
#6903 = CARTESIAN_POINT('', (-2.509487419626170E-01,-6.255667662623281E+00,1.968580895530372E+02));
#6904 = CARTESIAN_POINT('', (5.713394610719869E-02,-5.862306594677201E+00,1.972673044623894E+02));
#6905 = CARTESIAN_POINT('', (3.752992258170941E-01,-5.535974668103305E+00,1.976384675394788E+02));
#6906 = (BOUNDED_CURVE() B_SPLINE_CURVE(3,(#6902,#6903,#6904,#6905),.UNSPECIFIED.,.F.,.F.) B_SPLINE_CURVE_WITH_KNOTS((4,4),(0.000000000000000E+00,1.000000000000000E+00),.UNSPECIFIED.) CURVE() GEOMETRIC_REPRESENTATION_ITEM() RATIONAL_B_SPLINE_CURVE((1.000000000000000E+00,1.000000000000000E+00,1.000000000000000E+00,1.000000000000000E+00)) REPRESENTATION_ITEM(''));
#6907 = EDGE_CURVE('', #5959, #6111, #6906, .T.);
#6908 = ORIENTED_EDGE('', *,*, #6907, .F.);
#6909 = ORIENTED_EDGE('', *,*, #6135, .F.);
#6910 = ORIENTED_EDGE('', *,*, #6438, .T.);
#6911 = ORIENTED_EDGE('', *,*, #6876, .T.);
#6912 = EDGE_LOOP('', (#6908,#6909,#6910,#6911));
#6913 = FACE_OUTER_BOUND('', #6912, .T.);
#6914 = ADVANCED_FACE('', (#6913), #6901, .F.);
#6915 = CARTESIAN_POINT('', (-4.728846930583386E-01,-6.597565397443788E+00,1.965035841285341E+02));
#6916 = CARTESIAN_POINT('', (-2.509487419626170E-01,-6.255667662623281E+00,1.968580895530372E+02));
#6917 = CARTESIAN_POINT('', (5.713394610719869E-02,-5.862306594677201E+00,1.972673044623894E+02));
#6918 = CARTESIAN_POINT('', (3.752992258170941E-01,-5.535974668103305E+00,1.976384675394788E+02));
#6919 = CARTESIAN_POINT('', (-3.197917279441769E+00,-4.576914103251955E+00,1.977386688637541E+02));
#6920 = CARTESIAN_POINT('', (-3.249372880919556E+00,-4.748395585457126E+00,1.980782867951335E+02));
#6921 = CARTESIAN_POINT('', (-3.129307113732647E+00,-4.790517275869062E+00,1.983988134479631E+02));
#6922 = CARTESIAN_POINT('', (-3.079915611453914E+00,-4.822733499258615E+00,1.986654155556879E+02));
#6923 = CARTESIAN_POINT('', (-6.357126631635039E+00,-2.608528125030471E+00,1.979377082523957E+02));
#6924 = CARTESIAN_POINT('', (-6.332971079006808E+00,-2.708100518834222E+00,1.981275878837486E+02));
#6925 = CARTESIAN_POINT('', (-6.456147071692546E+00,-2.857595311708426E+00,1.983202343182764E+02));
#6926 = CARTESIAN_POINT('', (-6.424370799179110E+00,-2.960033188591417E+00,1.985681422274961E+02));
#6927 = CARTESIAN_POINT('', (-9.998931561730478E+00,-2.366342733566537E+00,1.980544111729927E+02));
#6928 = CARTESIAN_POINT('', (-1.000038943192972E+01,-2.537373887339196E+00,1.982671453024711E+02));
#6929 = CARTESIAN_POINT('', (-9.999089491788203E+00,-2.730585238368398E+00,1.984801227633532E+02));
#6930 = CARTESIAN_POINT('', (-1.000059220235459E+01,-2.918136116407423E+00,1.987034008428279E+02));
#6931 = (BOUNDED_SURFACE() B_SPLINE_SURFACE(3,3, ((#6915,#6916,#6917,#6918),(#6919,#6920,#6921,#6922),(#6923,#6924,#6925,#6926),(#6927,#6928,#6929,#6930)), .UNSPECIFIED., .F., .F., .T. )  B_SPLINE_SURFACE_WITH_KNOTS((4,4), (4,4), (0.000000000000000E+00,1.000000000000000E+00), (0.000000000000000E+00,1.000000000000000E+00), .UNSPECIFIED.)GEOMETRIC_REPRESENTATION_ITEM() RATIONAL_B_SPLINE_SURFACE( ((1.000000000000000E+00,1.000000000000000E+00,1.000000000000000E+00,1.000000000000000E+00),(1.000000000000000E+00,1.000000000000000E+00,1.000000000000000E+00,1.000000000000000E+00),(1.000000000000000E+00,1.000000000000000E+00,1.000000000000000E+00,1.000000000000000E+00),(1.000000000000000E+00,1.000000000000000E+00,1.000000000000000E+00,1.000000000000000E+00))) REPRESENTATION_ITEM('') SURFACE());
#6932 = ORIENTED_EDGE('', *,*, #5965, .F.);
#6933 = ORIENTED_EDGE('', *,*, #3829, .F.);
#6934 = ORIENTED_EDGE('', *,*, #6192, .T.);
#6935 = ORIENTED_EDGE('', *,*, #6907, .T.);
#6936 = EDGE_LOOP('', (#6932,#6933,#6934,#6935));
#6937 = FACE_OUTER_BOUND('', #6936, .T.);
#6938 = ADVANCED_FACE('', (#6937), #6931, .F.);
#6939 = OPEN_SHELL('', (#1060,#1106,#1152,#1208,#1254,#1310,#1387,#1441,#1479,#1546,#1620,#1666,#1712,#1768,#2185,#2448,#2494,#2532,#2586,#2643,#2673,#2711,#2747,#2798,#2844,#2921,#2988,#3042,#3098,#3152,#3194,#3248,#3300,#3352,#3495,#3538,#3596,#3867,#3897,#3935,#3965,#3995,#4054,#4092,#4128,#4166,#4190,#4246,#4289,#4319,#4349,#4379,#4417,#4453,#4483,#4521,#4750,#4788,#4826,#4874,#4920,#4977,#5007,#5031,#5061,#5446,#5560,#5596,#5642,#5691,#5728,#5758,#5788,#5852,#5898,#5977,#6001,#6037,#6080,#6139,#6169,#6199,#6237,#6267,#6297,#6335,#6373,#6403,#6446,#6482,#6506,#6556,#6607,#6665,#6703,#6733,#6757,#6787,#6817,#6841,#6884,#6914,#6938));
#6940 = SHELL_BASED_SURFACE_MODEL('', (#6939));
#6941 = MANIFOLD_SURFACE_SHAPE_REPRESENTATION('', (#1004,#6940), #91);
#6942 = SHAPE_DEFINITION_REPRESENTATION(#4,#6941);
ENDSEC;
END-ISO-10303-21;
