$ENTER COMPONENT  NAME = DFLT_COMP  DOFTYPE = DISP MATH
!------
   $SITUATION  NAME = STEP_1
      DFLT_COMP  CONSTRAINTS = C_STEP_1  SYSTEM = S_STEP_1   LOADING = L_STEP_1
   $END SITUATION
!
   $SITUATION  NAME = STEP_2
      DFLT_COMP  CONSTRAINTS = C_STEP_1  SYSTEM = S_STEP_2
   $END SITUATION
!
   $SITUATION  NAME = STEP_3  PARENT = STEP_2
      DFLT_COMP  SYSTEM = S_STEP_2  RESULTS = R_STEP_3
   $END SITUATION
!
   $STRUCTURE
!
      $ELEMENT TYPE = HEXE20
                1          3       1616          1       1608          4       3420          9       3421       3251       1528       2508       3442          6
         &              3250          2       2509          7       3444         15       3443
                2          6       3250          2       2509          7       3444         15       3443       3253       1529       2510       3445         12
         &              3252          5       2511         13       3447         24       3446
                3          8       1617          3       3421          9       3422         17       1600       1478       3251       3442       1767         14
         &              3254          6       3443         15       3448         26       1766
                4          9       3420          4       1609         10       3423         18       3424       3442       2508       2512       3449         15
         &              3444          7       2513         16       3451         27       3450
                5         12       3252          5       2511         13       3447         24       3446       3256       1530       2514       3452         21
         &              3255         11       2515         22       3454         36       3453
                6         14       3254          6       3443         15       3448         26       1766       1479       3253       3445       1769         23
         &              3257         12       3446         24       3455         38       1768
                7         15       3444          7       2513         16       3451         27       3450       3445       2510       2516       3456         24
         &              3447         13       2517         25       3458         39       3457
                8         17       3422          9       3424         18       3425         29       1601       1767       3442       3449       1771         26
         &              3448         15       3450         27       3459         41       1770
                9         18       3423         10       1610         19       3426         30       3427       3449       2512       2518       3460         27
         &              3451         16       2519         28       3462         42       3461
               10         21       3255         11       2515         22       3454         36       3453       3259       1531       2520       3463         33
         &              3258         20       2521         34       3465         51       3464
               11         23       3257         12       3446         24       3455         38       1768       1480       3256       3452       1773         35
         &              3260         21       3453         36       3466         53       1772
               12         24       3447         13       2517         25       3458         39       3457       3452       2514       2522       3467         36
         &              3454         22       2523         37       3469         54       3468
               13         26       3448         15       3450         27       3459         41       1770       1769       3445       3456       1775         38
         &              3455         24       3457         39       3470         56       1774
               14         27       3451         16       2519         28       3462         42       3461       3456       2516       2524       3471         39
         &              3458         25       2525         40       3473         57       3472
               15         29       3425         18       3427         30       3428         44       1602       1771       3449       3460       1777         41
         &              3459         27       3461         42       3474         59       1776
               16         30       3426         19       1611         31       3429         45       3430       3460       2518       2526       3475         42
         &              3462         28       2527         43       3477         60       3476
               17         33       3258         20       2521         34       3465         51       3464       3262       1532       2528       3478         48
         &              3261         32       2529         49       3480         69       3479
               18         35       3260         21       3453         36       3466         53       1772       1481       3259       3463       1779         50
         &              3263         33       3464         51       3481         71       1778
               19         36       3454         22       2523         37       3469         54       3468       3463       2520       2530       3482         51
         &              3465         34       2531         52       3484         72       3483
               20         38       3455         24       3457         39       3470         56       1774       1773       3452       3467       1781         53
         &              3466         36       3468         54       3485         74       1780
               21         39       3458         25       2525         40       3473         57       3472       3467       2522       2532       3486         54
         &              3469         37       2533         55       3488         75       3487
               22         41       3459         27       3461         42       3474         59       1776       1775       3456       3471       1783         56
         &              3470         39       3472         57       3489         77       1782
               23         42       3462         28       2527         43       3477         60       3476       3471       2524       2534       3490         57
         &              3473         40       2535         58       3492         78       3491
               24         44       3428         30       3430         45       3431         62       1603       1777       3460       3475       1785         59
         &              3474         42       3476         60       3493         80       1784
               25         46       3432         63       3433         45       3429         31       1612       2536       3494       3475       2526         61
         &              3495         81       3496         60       3477         43       2537
               26         48       3261         32       2529         49       3480         69       3479       3265       1533       2538       3497         66
         &              3264         47       2539         67       3499         90       3498
               27         50       3263         33       3464         51       3481         71       1778       1482       3262       3478       1787         68
         &              3266         48       3479         69       3500         92       1786
               28         51       3465         34       2531         52       3484         72       3483       3478       2528       2540       3501         69
         &              3480         49       2541         70       3503         93       3502
               29         53       3466         36       3468         54       3485         74       1780       1779       3463       3482       1789         71
         &              3481         51       3483         72       3504         95       1788
               30         54       3469         37       2533         55       3488         75       3487       3482       2530       2542       3505         72
         &              3484         52       2543         73       3507         96       3506
               31         56       3470         39       3472         57       3489         77       1782       1781       3467       3486       1791         74
         &              3485         54       3487         75       3508         98       1790
               32         57       3473         40       2535         58       3492         78       3491       3486       2532       2544       3509         75
         &              3488         55       2545         76       3511         99       3510
               33         59       3474         42       3476         60       3493         80       1784       1783       3471       3490       1793         77
         &              3489         57       3491         78       3512        101       1792
               34         61       3495         81       3496         60       3477         43       2537       2546       3513       3490       2534         79
         &              3514        102       3515         78       3492         58       2547
               35         63       3434         83       1604         62       3431         45       3433       3494       1794       1785       3475         81
         &              3516        104       1795         80       3493         60       3496
               36         64       3435         84       3436         63       3432         46       1613       2548       3517       3494       2536         82
         &              3518        105       3519         81       3495         61       2549
               37         66       3264         47       2539         67       3499         90       3498       3267       1534       2550       3520         87
         &              3268         65       2551         88       3522        114       3521
               38         68       3266         48       3479         69       3500         92       1786       1483       3265       3497       1797         89
         &              3269         66       3498         90       3523        116       1796
               39         69       3480         49       2541         70       3503         93       3502       3497       2538       2552       3524         90
         &              3499         67       2553         91       3526        117       3525
               40         71       3481         51       3483         72       3504         95       1788       1787       3478       3501       1799         92
         &              3500         69       3502         93       3527        119       1798
               41         72       3484         52       2543         73       3507         96       3506       3501       2540       2554       3528         93
         &              3503         70       2555         94       3530        120       3529
               42         74       3485         54       3487         75       3508         98       1790       1789       3482       3505       1801         95
         &              3504         72       3506         96       3531        122       1800
               43         75       3488         55       2545         76       3511         99       3510       3505       2542       2556       3532         96
         &              3507         73       2557         97       3534        123       3533
               44         77       3489         57       3491         78       3512        101       1792       1791       3486       3509       1803         98
         &              3508         75       3510         99       3535        125       1802
               45         79       3514        102       3515         78       3492         58       2547       2558       3536       3509       2544        100
         &              3537        126       3538         99       3511         76       2559
               46         81       3516        104       1795         80       3493         60       3496       3513       1804       1793       3490        102
         &              3539        128       1805        101       3512         78       3515
               47         82       3518        105       3519         81       3495         61       2549       2560       3540       3513       2546        103
         &              3541        129       3542        102       3514         79       2561
               48         84       3437        107       1605         83       3434         63       3436       3517       1806       1794       3494        105
         &              3543        131       1807        104       3516         81       3519
               49         85       3438        108       3439         84       3435         64       1614       2562       3544       3517       2548        106
         &              3545        132       3546        105       3518         82       2563
               50         87       3268         65       2551         88       3522        114       3521       3270       1535       2564       3547        111
         &              3271         86       2565        112       3549        140       3548
               51         89       3269         66       3498         90       3523        116       1796       1484       3267       3520       1809        113
         &              3272         87       3521        114       3550        142       1808
               52         90       3499         67       2553         91       3526        117       3525       3520       2550       2566       3551        114
         &              3522         88       2567        115       3553        143       3552
               53         92       3500         69       3502         93       3527        119       1798       1797       3497       3524       1811        116
         &              3523         90       3525        117       3554        145       1810
               54         93       3503         70       2555         94       3530        120       3529       3524       2552       2568       3555        117
         &              3526         91       2569        118       3557        146       3556
               55         95       3504         72       3506         96       3531        122       1800       1799       3501       3528       1813        119
         &              3527         93       3529        120       3558        148       1812
               56         73       3507         96       3528        120       3530         94       2554       2557       3533       3559       2571         97
         &              3534        123       3560        149       3561        121       2570
               57         98       3508         75       3510         99       3535        125       1802       1801       3505       3532       1815        122
         &              3531         96       3533        123       3562        151       1814
               58        100       3537        126       3538         99       3511         76       2559       2572       3563       3532       2556        124
         &              3564        152       3565        123       3534         97       2573
               59        102       3539        128       1805        101       3512         78       3515       3536       1816       1803       3509        126
         &              3566        154       1817        125       3535         99       3538
               60        103       3541        129       3542        102       3514         79       2561       2574       3567       3536       2558        127
         &              3568        155       3569        126       3537        100       2575
               61        105       3543        131       1807        104       3516         81       3519       3540       1818       1804       3513        129
         &              3570        157       1819        128       3539        102       3542
               62        106       3545        132       3546        105       3518         82       2563       2576       3571       3540       2560        130
         &              3572        158       3573        129       3541        103       2577
               63        108       3440        134       1606        107       3437         84       3439       3544       1820       1806       3517        132
         &              3574        160       1821        131       3543        105       3546
               64        109       1598        135       3441        108       3438         85       1615       1428       1619       3544       2562        133
         &              1618        161       3575        132       3545        106       2578
               65        111       3271         86       2565        112       3549        140       3548       3273       1536       2579       3576        137
         &              3274        110       2580        138       3578        167       3577
               66        113       3272         87       3521        114       3550        142       1808       1485       3270       3547       1823        139
         &              3275        111       3548        140       3579        169       1822
               67        114       3522         88       2567        115       3553        143       3552       3547       2564       2581       3580        140
         &              3549        112       2582        141       3582        170       3581
               68        116       3523         90       3525        117       3554        145       1810       1809       3520       3551       1825        142
         &              3550        114       3552        143       3583        172       1824
               69        117       3526         91       2569        118       3557        146       3556       3551       2566       2583       3584        143
         &              3553        115       2584        144       3586        173       3585
               70        119       3527         93       3529        120       3558        148       1812       1811       3524       3555       1827        145
         &              3554        117       3556        146       3587        175       1826
               71         94       3530        120       3555        146       3557        118       2568       2571       3559       3588       2586        121
         &              3561        149       3589        176       3590        147       2585
               72         96       3531        122       1813        148       3558        120       3528       3533       1814       1828       3559        123
         &              3562        151       1829        178       3591        149       3560
               73        152       3564        124       2587        150       3593        179       3592       3565       2573       2588       3594        123
         &              3534         97       2570        121       3561        149       3560
               74        126       3566        154       1817        125       3535         99       3538       3563       1830       1815       3532        152
         &              3595        181       1831        151       3562        123       3565
               75        127       3568        155       3569        126       3537        100       2575       2589       3596       3563       2572        153
         &              3597        182       3598        152       3564        124       2590
               76        129       3570        157       1819        128       3539        102       3542       3567       1832       1816       3536        155
         &              3599        184       1833        154       3566        126       3569
               77        130       3572        158       3573        129       3541        103       2577       2591       3600       3567       2574        156
         &              3601        185       3602        155       3568        127       2592
               78        132       3574        160       1821        131       3543        105       3546       3571       1834       1818       3540        158
         &              3603        187       1835        157       3570        129       3573
               79        133       1618        161       3575        132       3545        106       2578       1429       1621       3571       2576        159
         &              1620        188       3604        158       3572        130       2593
               80        135       1599        162       1607        134       3440        108       3441       1619       1378       1820       3544        161
         &              1622        189       1836        160       3574        132       3575
               81        137       3274        110       2580        138       3578        167       3577       3276       1537       2594       3605        164
         &              3277        136       2595        165       3607        194       3606
               82        139       3275        111       3548        140       3579        169       1822       1486       3273       3576       1838        166
         &              3278        137       3577        167       3608        196       1837
               83        140       3549        112       2582        141       3582        170       3581       3576       2579       2596       3609        167
         &              3578        138       2597        168       3611        197       3610
               84        142       3550        114       3552        143       3583        172       1824       1823       3547       3580       1840        169
         &              3579        140       3581        170       3612        199       1839
               85        143       3553        115       2584        144       3586        173       3585       3580       2581       2598       3613        170
         &              3582        141       2599        171       3615        200       3614
               86        145       3554        117       3556        146       3587        175       1826       1825       3551       3584       1842        172
         &              3583        143       3585        173       3616        202       1841
               87        118       3557        146       3584        173       3586        144       2583       2586       3588       3617       2601        147
         &              3590        176       3618        203       3619        174       2600
               88        120       3558        148       1827        175       3587        146       3555       3559       1828       1843       3588        149
         &              3591        178       1844        205       3620        176       3589
               89        179       3593        150       2602        177       3622        206       3621       3594       2588       2603       3623        149
         &              3561        121       2585        147       3590        176       3589
               90        181       3595        152       3592        179       3624        208       1845       1831       3565       3594       1846        151
         &              3562        123       3560        149       3591        178       1829
               91        153       3597        182       3598        152       3564        124       2590       2604       3625       3592       2587        180
         &              3626        209       3627        179       3593        150       2605
               92        155       3599        184       1833        154       3566        126       3569       3596       1847       1830       3563        182
         &              3628        211       1848        181       3595        152       3598
               93        156       3601        185       3602        155       3568        127       2592       2606       3629       3596       2589        183
         &              3630        212       3631        182       3597        153       2607
               94        158       3603        187       1835        157       3570        129       3573       3600       1849       1832       3567        185
         &              3632        214       1850        184       3599        155       3602
               95        159       1620        188       3604        158       3572        130       2593       1430       1624       3600       2591        186
         &              1623        215       3633        185       3601        156       2608
               96        161       1622        189       1836        160       3574        132       3575       1621       1379       1834       3571        188
         &              1625        216       1851        187       3603        158       3604
               97        164       3277        136       2595        165       3607        194       3606       3279       1538       2609       3634        191
         &              3280        163       2610        192       3636        221       3635
               98        166       3278        137       3577        167       3608        196       1837       1487       3276       3605       1853        193
         &              3281        164       3606        194       3637        223       1852
               99        167       3578        138       2597        168       3611        197       3610       3605       2594       2611       3638        194
         &              3607        165       2612        195       3640        224       3639
              100        169       3579        140       3581        170       3612        199       1839       1838       3576       3609       1855        196
         &              3608        167       3610        197       3641        226       1854
              101        170       3582        141       2599        171       3615        200       3614       3609       2596       2613       3642        197
         &              3611        168       2614        198       3644        227       3643
              102        172       3583        143       3585        173       3616        202       1841       1840       3580       3613       1857        199
         &              3612        170       3614        200       3645        229       1856
              103        144       3586        173       3613        200       3615        171       2598       2601       3617       3646       2616        174
         &              3619        203       3647        230       3648        201       2615
              104        146       3587        175       1842        202       3616        173       3584       3588       1843       1858       3617        176
         &              3620        205       1859        232       3649        203       3618
              105        206       3622        177       2617        204       3651        233       3650       3623       2603       2618       3652        176
         &              3590        147       2600        174       3619        203       3618
              106        208       3624        179       3621        206       3653        235       1860       1846       3594       3623       1861        178
         &              3591        149       3589        176       3620        205       1844
              107        180       3626        209       3627        179       3593        150       2605       2619       3654       3621       2602        207
         &              3655        236       3656        206       3622        177       2620
              108        182       3628        211       1848        181       3595        152       3598       3625       1862       1845       3592        209
         &              3657        238       1863        208       3624        179       3627
              109        183       3630        212       3631        182       3597        153       2607       2621       3658       3625       2604        210
         &              3659        239       3660        209       3626        180       2622
              110        185       3632        214       1850        184       3599        155       3602       3629       1864       1847       3596        212
         &              3661        241       1865        211       3628        182       3631
              111        186       1623        215       3633        185       3601        156       2608       1431       1627       3629       2606        213
         &              1626        242       3662        212       3630        183       2623
              112        188       1625        216       1851        187       3603        158       3604       1624       1380       1849       3600        215
         &              1628        243       1866        214       3632        185       3633
              113        191       3280        163       2610        192       3636        221       3635       3282       1539       2624       3663        219
         &              3283        190       2625        218       3665        248       3664
              114        193       3281        164       3606        194       3637        223       1852       1488       3279       3634       1868        220
         &              3284        191       3635        221       3666        250       1867
              115        194       3607        165       2612        195       3640        224       3639       3634       2609       2626       3667        221
         &              3636        192       2627        222       3669        251       3668
              116        196       3608        167       3610        197       3641        226       1854       1853       3605       3638       1870        223
         &              3637        194       3639        224       3670        253       1869
              117        197       3611        168       2614        198       3644        227       3643       3638       2611       2628       3671        224
         &              3640        195       2629        225       3673        254       3672
              118        199       3612        170       3614        200       3645        229       1856       1855       3609       3642       1872        226
         &              3641        197       3643        227       3674        256       1871
              119        171       3615        200       3642        227       3644        198       2613       2616       3646       3675       2631        201
         &              3648        230       3676        257       3677        228       2630
              120        173       3616        202       1857        229       3645        200       3613       3617       1858       1873       3646        203
         &              3649        232       1874        259       3678        230       3647
              121        233       3651        204       2632        231       3680        260       3679       3652       2618       2633       3681        203
         &              3619        174       2615        201       3648        230       3647
              122        235       3653        206       3650        233       3682        262       1875       1861       3623       3652       1876        205
         &              3620        176       3618        203       3649        232       1859
              123        207       3655        236       3656        206       3622        177       2620       2634       3683       3650       2617        234
         &              3684        263       3685        233       3651        204       2635
              124        209       3657        238       1863        208       3624        179       3627       3654       1877       1860       3621        236
         &              3686        265       1878        235       3653        206       3656
              125        210       3659        239       3660        209       3626        180       2622       2636       3687       3654       2619        237
         &              3688        266       3689        236       3655        207       2637
              126        212       3661        241       1865        211       3628        182       3631       3658       1879       1862       3625        239
         &              3690        268       1880        238       3657        209       3660
              127        213       1626        242       3662        212       3630        183       2623       1432       1630       3658       2621        240
         &              1629        269       3691        239       3659        210       2638
              128        215       1628        243       1866        214       3632        185       3633       1627       1381       1864       3629        242
         &              1631        270       1881        241       3661        212       3662
              129        219       3283        190       2625        218       3665        248       3664       3285       1540       2639       3692        245
         &              3286        217       2640        246       3694        275       3693
              130        221       3636        192       2627        222       3669        251       3668       3663       2624       2641       3695        248
         &              3665        218       2642        247       3697        278       3696
              131        220       3284        191       3635        221       3666        250       1867       1489       3282       3663       1883        249
         &              3287        219       3664        248       3698        279       1882
              132        223       3637        194       3639        224       3670        253       1869       1868       3634       3667       1885        250
         &              3666        221       3668        251       3699        280       1884
              133        224       3640        195       2629        225       3673        254       3672       3667       2626       2643       3700        251
         &              3669        222       2644        252       3702        281       3701
              134        226       3641        197       3643        227       3674        256       1871       1870       3638       3671       1887        253
         &              3670        224       3672        254       3703        283       1886
              135        198       2628        225       2646        255       2645        228       2631       3644       3673       3704       3677        227
         &              3671        254       3705        284       3706        257       3675
              136        200       3642        227       3675        257       3676        230       3646       3645       3674       3707       3678        229
         &              1872        256       1888        286       1889        259       1873
              137        260       3708        287       3709        257       3676        230       3681       3680       3710       3677       3648        231
         &              2647        258       2648        228       2630        201       2633
              138        262       3682        233       3679        260       3711        289       1890       1876       3652       3681       1891        232
         &              3649        203       3647        230       3678        259       1874
              139        234       3684        263       3685        233       3651        204       2635       2649       3712       3679       2632        261
         &              3713        290       3714        260       3680        231       2650
              140        236       3686        265       1878        235       3653        206       3656       3683       1892       1875       3650        263
         &              3715        292       1893        262       3682        233       3685
              141        237       3688        266       3689        236       3655        207       2637       2651       3716       3683       2634        264
         &              3717        293       3718        263       3684        234       2652
              142        239       3690        268       1880        238       3657        209       3660       3687       1894       1877       3654        266
         &              3719        295       1895        265       3686        236       3689
              143        240       1629        269       3691        239       3659        210       2638       1433       1633       3687       2636        267
         &              1632        296       3720        266       3688        237       2653
              144        242       1631        270       1881        241       3661        212       3662       1630       1382       1879       3658        269
         &              1634        297       1896        268       3690        239       3691
              145        245       3286        217       2640        246       3694        275       3693       3288       1541       2654       3721        272
         &              3289        244       2655        273       3723        302       3722
              146        249       3287        219       3664        248       3698        279       1882       1490       3285       3692       1898        274
         &              3290        245       3693        275       3724        304       1897
              147        248       3665        218       2642        247       3697        278       3696       3692       2639       2656       3725        275
         &              3694        246       2657        276       3727        305       3726
              148        251       3669        222       2644        252       3702        281       3701       3695       2641       2658       3728        278
         &              3697        247       2659        277       3730        308       3729
              149        250       3666        221       3668        251       3699        280       1884       1883       3663       3695       1900        279
         &              3698        248       3696        278       3731        309       1899
              150        253       3670        224       3672        254       3703        283       1886       1885       3667       3700       1902        280
         &              3699        251       3701        281       3732        310       1901
              151        225       2643        252       2661        282       2660        255       2646       3673       3702       3733       3704        254
         &              3700        281       3734        311       3735        284       3705
              152        227       3671        254       3705        284       3706        257       3675       3674       3703       3736       3707        256
         &              1887        283       1903        313       1904        286       1888
              153        287       3737        314       3738        284       3706        257       3709       3710       3739       3704       3677        258
         &              2662        285       2663        255       2645        228       2648
              154        289       3711        260       3708        287       3740        316       1905       1891       3681       3709       1906        259
         &              3678        230       3676        257       3707        286       1889
              155        261       3713        290       3714        260       3680        231       2650       2664       3741       3708       2647        288
         &              3742        317       3743        287       3710        258       2665
              156        263       3715        292       1893        262       3682        233       3685       3712       1907       1890       3679        290
         &              3744        319       1908        289       3711        260       3714
              157        264       3717        293       3718        263       3684        234       2652       2666       3745       3712       2649        291
         &              3746        320       3747        290       3713        261       2667
              158        266       3719        295       1895        265       3686        236       3689       3716       1909       1892       3683        293
         &              3748        322       1910        292       3715        263       3718
              159        267       1632        296       3720        266       3688        237       2653       1434       1636       3716       2651        294
         &              1635        323       3749        293       3717        264       2668
              160        269       1634        297       1896        268       3690        239       3691       1633       1383       1894       3687        296
         &              1637        324       1911        295       3719        266       3720
              161        272       3289        244       2655        273       3723        302       3722       3291       1542       2669       3750        299
         &              3292        271       2670        300       3752        329       3751
              162        274       3290        245       3693        275       3724        304       1897       1491       3288       3721       1913        301
         &              3293        272       3722        302       3753        331       1912
              163        275       3694        246       2657        276       3727        305       3726       3721       2654       2671       3754        302
         &              3723        273       2672        303       3756        332       3755
              164        279       3698        248       3696        278       3731        309       1899       1898       3692       3725       1915        304
         &              3724        275       3726        305       3757        334       1914
              165        278       3697        247       2659        277       3730        308       3729       3725       2656       2673       3758        305
         &              3727        276       2674        306       3760        335       3759
              166        252       2658        277       2676        307       2675        282       2661       3702       3730       3761       3733        281
         &              3728        308       3762        338       3763        311       3734
              167        280       3699        251       3701        281       3732        310       1901       1900       3695       3728       1917        309
         &              3731        278       3729        308       3764        339       1916
              168        254       3700        281       3734        311       3735        284       3705       3703       3732       3765       3736        283
         &              1902        310       1918        340       1919        313       1903
              169        314       3766        341       3767        311       3735        284       3738       3739       3768       3733       3704        285
         &              2677        312       2678        282       2660        255       2663
              170        316       1920        343       1921        313       1904        286       1906       3740       3769       3736       3707        287
         &              3737        314       3738        284       3706        257       3709
              171        288       3742        317       3743        287       3710        258       2665       2679       3770       3737       2662        315
         &              3771        344       3772        314       3739        285       2680
              172        290       3744        319       1908        289       3711        260       3714       3741       1922       1905       3708        317
         &              3773        346       1923        316       3740        287       3743
              173        291       3746        320       3747        290       3713        261       2667       2681       3774       3741       2664        318
         &              3775        347       3776        317       3742        288       2682
              174        293       3748        322       1910        292       3715        263       3718       3745       1924       1907       3712        320
         &              3777        349       1925        319       3744        290       3747
              175        294       1635        323       3749        293       3717        264       2668       1435       1638       3745       2666        321
         &              1639        350       3778        320       3746        291       2683
              176        296       1637        324       1911        295       3719        266       3720       1636       1384       1909       3716        323
         &              1640        351       1926        322       3748        293       3749
              177        299       3292        271       2670        300       3752        329       3751       3294       1543       2684       3779        326
         &              3295        298       2685        327       3781        356       3780
              178        301       3293        272       3722        302       3753        331       1912       1492       3291       3750       1928        328
         &              3296        299       3751        329       3782        358       1927
              179        302       3723        273       2672        303       3756        332       3755       3750       2669       2686       3783        329
         &              3752        300       2687        330       3785        359       3784
              180        304       3724        275       3726        305       3757        334       1914       1913       3721       3754       1930        331
         &              3753        302       3755        332       3786        361       1929
              181        305       3727        276       2674        306       3760        335       3759       3754       2671       2688       3787        332
         &              3756        303       2689        333       3789        362       3788
              182        309       3731        278       3729        308       3764        339       1916       1915       3725       3758       1932        334
         &              3757        305       3759        335       3790        364       1931
              183        277       2673        306       2691        336       2690        307       2676       3730       3760       3791       3761        308
         &              3758        335       3792        365       3793        338       3762
              184        341       3794        368       3795        338       3763        311       3767       3768       3796       3761       3733        312
         &              2692        337       2693        307       2675        282       2678
              185        281       3728        308       3762        338       3763        311       3734       3732       3764       3797       3765        310
         &              1917        339       1933        369       1934        340       1918
              186        343       1935        370       1936        340       1919        313       1921       3769       3798       3765       3736        314
         &              3766        341       3767        311       3735        284       3738
              187        315       3771        344       3772        314       3739        285       2680       2694       3799       3766       2677        342
         &              3800        371       3801        341       3768        312       2695
              188        317       3773        346       1923        316       3740        287       3743       3770       1937       1920       3737        344
         &              3802        373       1938        343       3769        314       3772
              189        318       3775        347       3776        317       3742        288       2682       2696       3803       3770       2679        345
         &              3804        374       3805        344       3771        315       2697
              190        320       3777        349       1925        319       3744        290       3747       3774       1939       1922       3741        347
         &              3806        376       1940        346       3773        317       3776
              191        321       1639        350       3778        320       3746        291       2683       1436       1641       3774       2681        348
         &              1642        377       3807        347       3775        318       2698
              192        323       1640        351       1926        322       3748        293       3749       1638       1385       1924       3745        350
         &              1643        378       1941        349       3777        320       3778
              193        326       3295        298       2685        327       3781        356       3780       3297       1544       2699       3808        353
         &              3298        325       2700        354       3810        383       3809
              194        328       3296        299       3751        329       3782        358       1927       1493       3294       3779       1943        355
         &              3299        326       3780        356       3811        385       1942
              195        329       3752        300       2687        330       3785        359       3784       3779       2684       2701       3812        356
         &              3781        327       2702        357       3814        386       3813
              196        331       3753        302       3755        332       3786        361       1929       1928       3750       3783       1945        358
         &              3782        329       3784        359       3815        388       1944
              197        332       3756        303       2689        333       3789        362       3788       3783       2686       2703       3816        359
         &              3785        330       2704        360       3818        389       3817
              198        334       3757        305       3759        335       3790        364       1931       1930       3754       3787       1947        361
         &              3786        332       3788        362       3819        391       1946
              199        306       2688        333       2706        363       2705        336       2691       3760       3789       3820       3791        335
         &              3787        362       3821        392       3822        365       3792
              200        308       3758        335       3792        365       3793        338       3762       3764       3790       3823       3797        339
         &              1932        364       1948        394       1949        369       1933
              201        368       3824        395       3825        365       3793        338       3795       3796       3826       3791       3761        337
         &              2707        366       2708        336       2690        307       2693
              202        342       3800        371       3801        341       3768        312       2695       2709       3827       3794       2692        367
         &              3828        398       3829        368       3796        337       2710
              203        370       1950        399       1951        369       1934        340       1936       3798       3830       3797       3765        341
         &              3794        368       3795        338       3763        311       3767
              204        344       3802        373       1938        343       3769        314       3772       3799       1952       1935       3766        371
         &              3831        400       1953        370       3798        341       3801
              205        345       3804        374       3805        344       3771        315       2697       2711       3832       3799       2694        372
         &              3833        401       3834        371       3800        342       2712
              206        347       3806        376       1940        346       3773        317       3776       3803       1954       1937       3770        374
         &              3835        403       1955        373       3802        344       3805
              207        348       1642        377       3807        347       3775        318       2698       1437       1644       3803       2696        375
         &              1645        404       3836        374       3804        345       2713
              208        350       1643        378       1941        349       3777        320       3778       1641       1386       1939       3774        377
         &              1646        405       1956        376       3806        347       3807
              209        353       3809        383       3837        410       3838        380       3300       3298       3810       3839       3301        325
         &              2700        354       2714        381       2715        352       1545
              210        355       3299        326       3780        356       3811        385       1942       1494       3297       3808       1958        382
         &              3302        353       3809        383       3840        412       1957
              211        356       3781        327       2702        357       3814        386       3813       3808       2699       2716       3841        383
         &              3810        354       2717        384       3843        413       3842
              212        358       3782        329       3784        359       3815        388       1944       1943       3779       3812       1960        385
         &              3811        356       3813        386       3844        415       1959
              213        359       3785        330       2704        360       3818        389       3817       3812       2701       2718       3845        386
         &              3814        357       2719        387       3847        416       3846
              214        361       3786        332       3788        362       3819        391       1946       1945       3783       3816       1962        388
         &              3815        359       3817        389       3848        418       1961
              215        333       2703        360       2721        390       2720        363       2706       3789       3818       3849       3820        362
         &              3816        389       3850        419       3851        392       3821
              216        335       3787        362       3821        392       3822        365       3792       3790       3819       3852       3823        364
         &              1947        391       1963        421       1964        394       1948
              217        395       3853        422       3854        392       3822        365       3825       3826       3855       3820       3791        366
         &              2722        393       2723        363       2705        336       2708
              218        399       1965        424       1966        394       1949        369       1951       3830       3856       3823       3797        368
         &              3824        395       3825        365       3793        338       3795
              219        367       3828        398       3829        368       3796        337       2710       2724       3857       3824       2707        396
         &              3858        425       3859        395       3826        366       2725
              220        372       3833        401       3834        371       3800        342       2712       2726       3860       3827       2709        397
         &              3861        428       3862        398       3828        367       2727
              221        371       3831        400       1953        370       3798        341       3801       3827       1967       1950       3794        398
         &              3863        429       1968        399       3830        368       3829
              222        374       3835        403       1955        373       3802        344       3805       3832       1969       1952       3799        401
         &              3864        430       1970        400       3831        371       3834
              223        375       1645        404       3836        374       3804        345       2713       1438       1647       3832       2711        402
         &              1648        431       3865        401       3833        372       2728
              224        377       1646        405       1956        376       3806        347       3807       1644       1387       1954       3803        404
         &              1649        432       1971        403       3835        374       3836
              225        380       3838        410       3866        437       3867        408       3303       3301       3839       3868       3304        352
         &              2715        381       2729        407       2730        379       1546
              226        382       1957        412       1973        439       1972        409       1495       3302       3840       3869       3305        353
         &              3809        383       3837        410       3838        380       3300
              227        383       3842        413       3870        440       3871        410       3837       3810       3843       3872       3839        354
         &              2717        384       2731        411       2732        381       2714
              228        385       3811        356       3813        386       3844        415       1959       1958       3808       3841       1975        412
         &              3840        383       3842        413       3873        442       1974
              229        386       3814        357       2719        387       3847        416       3846       3841       2716       2733       3874        413
         &              3843        384       2734        414       3876        443       3875
              230        388       3815        359       3817        389       3848        418       1961       1960       3812       3845       1977        415
         &              3844        386       3846        416       3877        445       1976
              231        360       2718        387       2736        417       2735        390       2721       3818       3847       3878       3849        389
         &              3845        416       3879        446       3880        419       3850
              232        362       3816        389       3850        419       3851        392       3821       3819       3848       3881       3852        391
         &              1962        418       1978        448       1979        421       1963
              233        422       3882        449       3883        419       3851        392       3854       3855       3884       3849       3820        393
         &              2737        420       2738        390       2720        363       2723
              234        424       1980        451       1981        421       1964        394       1966       3856       3885       3852       3823        395
         &              3853        422       3854        392       3822        365       3825
              235        396       3858        425       3859        395       3826        366       2725       2739       3886       3853       2722        423
         &              3887        452       3888        422       3855        393       2740
              236        398       3863        429       1968        399       3830        368       3829       3857       1982       1965       3824        425
         &              3889        454       1983        424       3856        395       3859
              237        397       3861        428       3862        398       3828        367       2727       2741       3890       3857       2724        426
         &              3891        455       3892        425       3858        396       2742
              238        402       1648        431       3865        401       3833        372       2728       1439       1650       3860       2726        427
         &              1651        457       3893        428       3861        397       2743
              239        401       3864        430       1970        400       3831        371       3834       3860       1984       1967       3827        428
         &              3894        458       1985        429       3863        398       3862
              240        404       1649        432       1971        403       3835        374       3836       1647       1388       1969       3832        431
         &              1652        459       1986        430       3864        401       3865
              241        408       3867        437       3895        464       3896        435       3306       3304       3868       3897       3307        379
         &              2730        407       2744        434       2745        406       1547
              242        410       3871        440       3898        467       3899        437       3866       3839       3872       3900       3868        381
         &              2732        411       2746        436       2747        407       2729
              243        409       1972        439       1988        468       1987        438       1496       3305       3869       3901       3308        380
         &              3838        410       3866        437       3867        408       3303
              244        412       1974        442       1990        469       1989        439       1973       3840       3873       3902       3869        383
         &              3842        413       3870        440       3871        410       3837
              245        413       3875        443       3903        470       3904        440       3870       3843       3876       3905       3872        384
         &              2734        414       2748        441       2749        411       2731
              246        415       3844        386       3846        416       3877        445       1976       1975       3841       3874       1992        442
         &              3873        413       3875        443       3906        472       1991
              247        387       2733        414       2751        444       2750        417       2736       3847       3876       3907       3878        416
         &              3874        443       3908        473       3909        446       3879
              248        389       3845        416       3879        446       3880        419       3850       3848       3877       3910       3881        418
         &              1977        445       1993        475       1994        448       1978
              249        449       3911        476       3912        446       3880        419       3883       3884       3913       3878       3849        420
         &              2752        447       2753        417       2735        390       2738
              250        451       1995        478       1996        448       1979        421       1981       3885       3914       3881       3852        422
         &              3882        449       3883        419       3851        392       3854
              251        423       3887        452       3888        422       3855        393       2740       2754       3915       3882       2737        450
         &              3916        479       3917        449       3884        420       2755
              252        425       3889        454       1983        424       3856        395       3859       3886       1997       1980       3853        452
         &              3918        481       1998        451       3885        422       3888
              253        426       3891        455       3892        425       3858        396       2742       2756       3919       3886       2739        453
         &              3920        482       3921        452       3887        423       2757
              254        428       3894        458       1985        429       3863        398       3862       3890       1999       1982       3857        455
         &              3922        484       2000        454       3889        425       3892
              255        427       1651        457       3893        428       3861        397       2743       1440       1653       3890       2741        456
         &              1654        485       3923        455       3891        426       2758
              256        431       1652        459       1986        430       3864        401       3865       1650       1389       1984       3860        457
         &              1655        486       2001        458       3894        428       3893
              257        435       3896        464       3924        491       3925        462       3309       3307       3897       3926       3310        406
         &              2745        434       2759        461       2760        433       1548
              258        437       3899        467       3927        494       3928        464       3895       3868       3900       3929       3897        407
         &              2747        436       2761        463       2762        434       2744
              259        438       1987        468       2003        495       2002        465       1497       3308       3901       3930       3311        408
         &              3867        437       3895        464       3896        435       3306
              260        440       3904        470       3931        497       3932        467       3898       3872       3905       3933       3900        411
         &              2749        441       2763        466       2764        436       2746
              261        439       1989        469       2005        498       2004        468       1988       3869       3902       3934       3901        410
         &              3871        440       3898        467       3899        437       3866
              262        442       1991        472       2007        499       2006        469       1990       3873       3906       3935       3902        413
         &              3875        443       3903        470       3904        440       3870
              263        414       2748        441       2766        471       2765        444       2751       3876       3905       3936       3907        443
         &              3903        470       3937        500       3938        473       3908
              264        475       2009        502       2008        472       1992        445       1993       3910       3939       3906       3877        446
         &              3909        473       3908        443       3874        416       3879
              265        417       2750        444       2768        474       2767        447       2753       3878       3907       3940       3913        446
         &              3909        473       3941        503       3942        476       3912
              266        478       2010        505       2011        475       1994        448       1996       3914       3943       3910       3881        449
         &              3911        476       3912        446       3880        419       3883
              267        450       3916        479       3917        449       3884        420       2755       2769       3944       3911       2752        477
         &              3945        506       3946        476       3913        447       2770
              268        452       3918        481       1998        451       3885        422       3888       3915       2012       1995       3882        479
         &              3947        508       2013        478       3914        449       3917
              269        453       3920        482       3921        452       3887        423       2757       2771       3948       3915       2754        480
         &              3949        509       3950        479       3916        450       2772
              270        455       3922        484       2000        454       3889        425       3892       3919       2014       1997       3886        482
         &              3951        511       2015        481       3918        452       3921
              271        456       1654        485       3923        455       3891        426       2758       1441       1656       3919       2756        483
         &              1657        512       3952        482       3920        453       2773
              272        457       1655        486       2001        458       3894        428       3893       1653       1390       1999       3890        485
         &              1658        513       2016        484       3922        455       3923
              273        462       3925        491       3953        518       3954        489       3312       3310       3926       3955       3313        433
         &              2760        461       2774        488       2775        460       1549
              274        464       3928        494       3956        521       3957        491       3924       3897       3929       3958       3926        434
         &              2762        463       2776        490       2777        461       2759
              275        465       2002        495       2018        522       2017        492       1498       3311       3930       3959       3314        435
         &              3896        464       3924        491       3925        462       3309
              276        467       3932        497       3960        524       3961        494       3927       3900       3933       3962       3929        436
         &              2764        466       2778        493       2779        463       2761
              277        468       2004        498       2020        525       2019        495       2003       3901       3934       3963       3930        437
         &              3899        467       3927        494       3928        464       3895
              278        500       3964        527       3965        497       3931        470       3937       3936       3966       3933       3905        471
         &              2780        496       2781        466       2763        441       2766
              279        469       2006        499       2022        528       2021        498       2005       3902       3935       3967       3934        440
         &              3904        470       3931        497       3932        467       3898
              280        502       2024        529       2023        499       2007        472       2008       3939       3968       3935       3906        473
         &              3938        500       3937        470       3903        443       3908
              281        444       2765        471       2783        501       2782        474       2768       3907       3936       3969       3940        473
         &              3938        500       3970        530       3971        503       3941
              282        505       2025        532       2026        502       2009        475       2011       3943       3972       3939       3910        476
         &              3942        503       3941        473       3909        446       3912
              283        477       3945        506       3946        476       3913        447       2770       2784       3973       3942       2767        504
         &              3974        533       3975        503       3940        474       2785
              284        479       3947        508       2013        478       3914        449       3917       3944       2027       2010       3911        506
         &              3976        535       2028        505       3943        476       3946
              285        480       3949        509       3950        479       3916        450       2772       2786       3977       3944       2769        507
         &              3978        536       3979        506       3945        477       2787
              286        482       3951        511       2015        481       3918        452       3921       3948       2029       2012       3915        509
         &              3980        538       2030        508       3947        479       3950
              287        483       1657        512       3952        482       3920        453       2773       1442       1659       3948       2771        510
         &              1660        539       3981        509       3949        480       2788
              288        485       1658        513       2016        484       3922        455       3923       1656       1391       2014       3919        512
         &              1661        540       2031        511       3951        482       3952
              289        489       3954        518       3982        545       3983        515       3315       3313       3955       3984       3316        460
         &              2775        488       2789        516       2790        487       1550
              290        491       3957        521       3985        548       3986        518       3953       3926       3958       3987       3955        461
         &              2777        490       2791        517       2792        488       2774
              291        492       2017        522       2033        549       2032        519       1499       3314       3959       3988       3317        462
         &              3925        491       3953        518       3954        489       3312
              292        494       3961        524       3989        551       3990        521       3956       3929       3962       3991       3958        463
         &              2779        493       2793        520       2794        490       2776
              293        495       2019        525       2035        552       2034        522       2018       3930       3963       3992       3959        464
         &              3928        494       3956        521       3957        491       3924
              294        527       3993        554       3994        524       3960        497       3965       3966       3995       3962       3933        496
         &              2795        523       2796        493       2778        466       2781
              295        498       2021        528       2037        555       2036        525       2020       3934       3967       3996       3963        467
         &              3932        497       3960        524       3961        494       3927
              296        471       2780        496       2798        526       2797        501       2783       3936       3966       3997       3969        500
         &              3964        527       3998        557       3999        530       3970
              297        529       2039        558       2038        528       2022        499       2023       3968       4000       3967       3935        500
         &              3964        527       3965        497       3931        470       3937
              298        532       2040        559       2041        529       2024        502       2026       3972       4001       3968       3939        503
         &              3971        530       3970        500       3938        473       3941
              299        504       2785        474       2782        501       2800        531       2799       3974       3940       3969       4002        533
         &              3975        503       3971        530       4004        560       4003
              300        506       3976        535       2028        505       3943        476       3946       3973       2042       2025       3942        533
         &              4005        562       2043        532       3972        503       3975
              301        507       3978        536       3979        506       3945        477       2787       2801       4006       3973       2784        534
         &              4007        563       4008        533       3974        504       2802
              302        509       3980        538       2030        508       3947        479       3950       3977       2044       2027       3944        536
         &              4009        565       2045        535       3976        506       3979
              303        510       1660        539       3981        509       3949        480       2788       1443       1662       3977       2786        537
         &              1663        566       4010        536       3978        507       2803
              304        512       1661        540       2031        511       3951        482       3952       1659       1392       2029       3948        539
         &              1664        567       2046        538       3980        509       3981
              305        515       3983        545       4011        572       4012        542       3318       3316       3984       4013       3319        487
         &              2790        516       2804        543       2805        514       1551
              306        519       2032        549       2048        574       2047        544       1500       3317       3988       4014       3320        489
         &              3954        518       3982        545       3983        515       3315
              307        518       3986        548       4015        575       4016        545       3982       3955       3987       4017       3984        488
         &              2792        517       2806        546       2807        516       2789
              308        521       3990        551       4018        578       4019        548       3985       3958       3991       4020       3987        490
         &              2794        520       2808        547       2809        517       2791
              309        522       2034        552       2050        579       2049        549       2033       3959       3992       4021       3988        491
         &              3957        521       3985        548       3986        518       3953
              310        520       2793        493       3962        524       3989        551       3991       2811       2796       3994       4022        550
         &              2810        523       3995        554       4024        581       4023
              311        525       2036        555       2052        582       2051        552       2035       3963       3996       4025       3992        494
         &              3961        524       3989        551       3990        521       3956
              312        496       2795        523       2813        553       2812        526       2798       3966       3995       4026       3997        527
         &              3993        554       4027        584       4028        557       3998
              313        558       2054        585       2053        555       2037        528       2038       4000       4029       3996       3967        527
         &              3993        554       3994        524       3960        497       3965
              314        531       2800        501       2797        526       2815        556       2814       4002       3969       3997       4030        560
         &              4004        530       3999        557       4032        587       4031
              315        500       3964        527       3998        557       3999        530       3970       3968       4000       4033       4001        529
         &              2039        558       2056        588       2055        559       2041
              316        533       3975        503       3971        530       4004        560       4003       4005       3972       4001       4034        562
         &              2043        532       2040        559       2058        589       2057
              317        534       2802        504       2799        531       2817        561       2816       4007       3974       4002       4035        563
         &              4008        533       4003        560       4037        590       4036
              318        536       4009        565       2045        535       3976        506       3979       4006       2059       2042       3973        563
         &              4038        592       2060        562       4005        533       4008
              319        537       1663        566       4010        536       3978        507       2803       1444       1665       4006       2801        564
         &              1666        593       4039        563       4007        534       2818
              320        539       1664        567       2046        538       3980        509       3981       1662       1393       2044       3977        566
         &              1667        594       2061        565       4009        536       4010
              321        542       4012        572       4040        599       4041        569       3321       3319       4013       4042       3322        514
         &              2805        543       2819        570       2820        541       1552
              322        544       2047        574       2063        601       2062        571       1501       3320       4014       4043       3323        515
         &              3983        545       4011        572       4012        542       3318
              323        545       4016        575       4044        602       4045        572       4011       3984       4017       4046       4013        516
         &              2807        546       2821        573       2822        543       2804
              324        549       2049        579       2065        604       2064        574       2048       3988       4021       4047       4014        518
         &              3986        548       4015        575       4016        545       3982
              325        548       4019        578       4048        605       4049        575       4015       3987       4020       4050       4017        517
         &              2809        547       2823        576       2824        546       2806
              326        547       2808        520       3991        551       4018        578       4020       2826       2811       4022       4051        577
         &              2825        550       4023        581       4053        608       4052
              327        552       2051        582       2067        609       2066        579       2050       3992       4025       4054       4021        521
         &              3990        551       4018        578       4019        548       3985
              328        611       4055        584       4026        553       2827        580       4056       4057       4027       2813       2828        581
         &              4024        554       3995        523       2810        550       4023
              329        551       3989        524       3996        555       2052        582       4025       4022       3994       2053       2068        581
         &              4024        554       4029        585       2069        612       4058
              330        556       2815        526       2812        553       2830        583       2829       4030       3997       4026       4059        587
         &              4032        557       4028        584       4061        614       4060
              331        527       3993        554       4027        584       4028        557       3998       4000       4029       4062       4033        558
         &              2054        585       2071        615       2070        588       2056
              332        561       2817        531       2814        556       2832        586       2831       4035       4002       4030       4063        590
         &              4037        560       4031        587       4065        617       4064
              333        560       4004        530       3999        557       4032        587       4031       4034       4001       4033       4066        589
         &              2058        559       2055        588       2073        618       2072
              334        563       4008        533       4003        560       4037        590       4036       4038       4005       4034       4067        592
         &              2060        562       2057        589       2075        619       2074
              335        564       2818        534       2816        561       2833        591       1445       1666       4007       4035       1669        593
         &              4039        563       4036        590       4068        620       1668
              336        566       1667        594       2061        565       4009        536       4010       1665       1394       2059       4006        593
         &              1670        621       2076        592       4038        563       4039
              337        568       2834        597       2835        570       2820        541       1553       3325       4069       4042       3322        596
         &              4070        626       4071        599       4041        569       3324
              338        571       2062        601       2078        628       2077        598       1502       3323       4043       4072       3326        542
         &              4012        572       4040        599       4041        569       3321
              339        572       4045        602       4073        629       4074        599       4040       4013       4046       4075       4042        543
         &              2822        573       2836        600       2837        570       2819
              340        574       2064        604       2080        631       2079        601       2063       4014       4047       4076       4043        545
         &              4016        575       4044        602       4045        572       4011
              341        575       4049        605       4077        632       4078        602       4044       4017       4050       4079       4046        546
         &              2824        576       2838        603       2839        573       2821
              342        579       2066        609       2082        634       2081        604       2065       4021       4054       4080       4047        548
         &              4019        578       4048        605       4049        575       4015
              343        576       2823        547       4020        578       4048        605       4050       2841       2826       4051       4081        606
         &              2840        577       4052        608       4083        635       4082
              344        638       4084        611       4056        580       2842        607       4085       4086       4057       2828       2843        608
         &              4053        581       4023        550       2825        577       4052
              345        578       4018        551       4025        582       2067        609       4054       4051       4022       2068       2083        608
         &              4053        581       4058        612       2084        639       4087
              346        583       2830        553       2827        580       2845        610       2844       4059       4026       4056       4088        614
         &              4061        584       4055        611       4090        641       4089
              347        642       2085        615       4062        584       4055        611       4091       2086       2071       4027       4057        612
         &              2069        585       4029        554       4024        581       4058
              348        586       2832        556       2829        583       2847        613       2846       4063       4030       4059       4092        617
         &              4065        587       4060        614       4094        644       4093
              349        587       4032        557       4028        584       4061        614       4060       4066       4033       4062       4095        618
         &              2073        588       2070        615       2088        645       2087
              350        591       2833        561       2831        586       2848        616       1446       1669       4035       4063       1672        620
         &              4068        590       4064        617       4096        646       1671
              351        590       4037        560       4031        587       4065        617       4064       4067       4034       4066       4097        619
         &              2075        589       2072        618       2090        647       2089
              352        593       4039        563       4036        590       4068        620       1668       1670       4038       4067       1673        621
         &              2076        592       2074        619       2091        648       1395
              353        595       2849        624       2850        597       2834        568       1554       3327       4098       4069       3325        623
         &              4099        653       4100        626       4070        596       3328
              354        596       4070        626       4071        599       4041        569       3324       3329       4101       4072       3326        625
         &              2092        655       2093        628       2077        598       1503
              355        597       2851        627       2852        600       2837        570       2835       4069       4102       4075       4042        626
         &              4103        656       4104        629       4074        599       4071
              356        601       2079        631       2095        658       2094        628       2078       4043       4076       4105       4072        572
         &              4045        602       4073        629       4074        599       4040
              357        602       4078        632       4106        659       4107        629       4073       4046       4079       4108       4075        573
         &              2839        603       2853        630       2854        600       2836
              358        604       2081        634       2097        661       2096        631       2080       4047       4080       4109       4076        575
         &              4049        605       4077        632       4078        602       4044
              359        605       4081        635       4110        662       4111        632       4077       4050       4082       4112       4079        576
         &              2841        606       2855        633       2856        603       2838
              360        605       4048        578       4054        609       2082        634       4080       4081       4051       2083       2098        635
         &              4083        608       4087        639       2099        664       4113
              361        665       4114        638       4085        607       2857        636       4115       4116       4086       2843       2858        635
         &              4083        608       4052        577       2840        606       4082
              362        610       2845        580       2842        607       2860        637       2859       4088       4056       4085       4117        641
         &              4090        611       4084        638       4119        668       4118
              363        669       2100        642       4091        611       4084        638       4120       2101       2086       4057       4086        639
         &              2084        612       4058        581       4053        608       4087
              364        613       2847        583       2844        610       2862        640       2861       4092       4059       4088       4121        644
         &              4094        614       4089        641       4123        671       4122
              365        614       4061        584       4055        611       4090        641       4089       4095       4062       4091       4124        645
         &              2088        615       2085        642       2103        672       2102
              366        616       2848        586       2846        613       2863        643       1447       1672       4063       4092       1675        646
         &              4096        617       4093        644       4125        673       1674
              367        617       4065        587       4060        614       4094        644       4093       4097       4066       4095       4126        647
         &              2090        618       2087        645       2105        674       2104
              368        620       4068        590       4064        617       4096        646       1671       1673       4067       4097       1676        648
         &              2091        619       2089        647       2106        675       1396
              369        622       2864        651       2865        624       2849        595       1555       3330       4127       4098       3327        650
         &              4128        680       4129        653       4099        623       3331
              370        623       4099        653       4100        626       4070        596       3328       3332       4130       4101       3329        652
         &              2107        682       2108        655       2092        625       1504
              371        624       2866        654       2867        627       2851        597       2850       4098       4131       4102       4069        653
         &              4132        683       4133        656       4103        626       4100
              372        626       4103        656       4104        629       4074        599       4071       4101       4134       4105       4072        655
         &              2109        685       2110        658       2094        628       2093
              373        627       2868        657       2869        630       2854        600       2852       4102       4135       4108       4075        656
         &              4136        686       4137        659       4107        629       4104
              374        631       2096        661       2112        688       2111        658       2095       4076       4109       4138       4105        602
         &              4078        632       4106        659       4107        629       4073
              375        632       4111        662       4139        689       4140        659       4106       4079       4112       4141       4108        603
         &              2856        633       2870        660       2871        630       2853
              376        632       4111        662       4110        635       4081        605       4077       4109       4142       4113       4080        661
         &              2113        691       2114        664       2098        634       2097
              377        692       4143        662       4110        635       4116        665       4144       4145       4112       4082       4115        663
         &              2873        633       2855        606       2858        636       2872
              378        694       2115        669       4120        638       4114        665       4146       2116       2101       4086       4116        664
         &              2099        639       4087        608       4083        635       4113
              379        637       2860        607       2857        636       2875        666       2874       4117       4085       4115       4147        668
         &              4119        638       4114        665       4149        695       4148
              380        640       2862        610       2859        637       2877        667       2876       4121       4088       4117       4150        671
         &              4123        641       4118        668       4152        698       4151
              381        641       4090        611       4084        638       4119        668       4118       4124       4091       4120       4153        672
         &              2103        642       2100        669       2118        699       2117
              382        643       2863        613       2861        640       2878        670       1448       1675       4092       4121       1678        673
         &              4125        644       4122        671       4154        700       1677
              383        644       4094        614       4089        641       4123        671       4122       4126       4095       4124       4155        674
         &              2105        645       2102        672       2120        701       2119
              384        646       4096        617       4093        644       4125        673       1674       1676       4097       4126       1679        675
         &              2106        647       2104        674       2121        702       1397
              385        649       2879        678       2880        651       2864        622       1556       3333       4156       4127       3330        677
         &              4157        707       4158        680       4128        650       3334
              386        650       4128        680       4129        653       4099        623       3331       3335       4159       4130       3332        679
         &              2122        709       2123        682       2107        652       1505
              387        651       2881        681       2882        654       2866        624       2865       4127       4160       4131       4098        680
         &              4161        710       4162        683       4132        653       4129
              388        653       4132        683       4133        656       4103        626       4100       4130       4163       4134       4101        682
         &              2124        712       2125        685       2109        655       2108
              389        654       2883        684       2884        657       2868        627       2867       4131       4164       4135       4102        683
         &              4165        713       4166        686       4136        656       4133
              390        656       4136        686       4137        659       4107        629       4104       4134       4167       4138       4105        685
         &              2126        715       2127        688       2111        658       2110
              391        659       4140        689       4168        716       4169        686       4137       4108       4141       4170       4135        630
         &              2871        660       2886        687       2885        657       2869
              392        659       4140        689       4139        662       4111        632       4106       4138       4171       4142       4109        688
         &              2129        718       2128        691       2113        661       2112
              393        719       4172        689       4139        662       4143        692       4173       4174       4141       4112       4145        690
         &              2888        660       2870        633       2873        663       2887
              394        665       4116        635       4110        662       4143        692       4144       4146       4113       4142       4175        694
         &              2116        664       2114        691       2131        721       2130
              395        666       2875        636       2872        663       2890        693       2889       4147       4115       4145       4176        695
         &              4149        665       4144        692       4178        722       4177
              396        668       4119        638       4114        665       4149        695       4148       4153       4120       4146       4179        699
         &              2118        669       2115        694       2133        724       2132
              397        667       2877        637       2874        666       2892        696       2891       4150       4117       4147       4180        698
         &              4152        668       4148        695       4182        725       4181
              398        670       2878        640       2876        667       2893        697       1449       1678       4121       4150       1681        700
         &              4154        671       4151        698       4183        727       1680
              399        671       4123        641       4118        668       4152        698       4151       4155       4124       4153       4184        701
         &              2120        672       2117        699       2135        728       2134
              400        673       4125        644       4122        671       4154        700       1677       1679       4126       4155       1682        702
         &              2121        674       2119        701       2136        729       1398
              401        676       2894        705       2895        678       2879        649       1557       3336       4185       4156       3333        704
         &              4186        734       4187        707       4157        677       3337
              402        677       4157        707       4158        680       4128        650       3334       3338       4188       4159       3335        706
         &              2137        736       2138        709       2122        679       1506
              403        678       2896        708       2897        681       2881        651       2880       4156       4189       4160       4127        707
         &              4190        737       4191        710       4161        680       4158
              404        680       4161        710       4162        683       4132        653       4129       4159       4192       4163       4130        709
         &              2139        739       2140        712       2124        682       2123
              405        681       2898        711       2899        684       2883        654       2882       4160       4193       4164       4131        710
         &              4194        740       4195        713       4165        683       4162
              406        683       4165        713       4166        686       4136        656       4133       4163       4196       4167       4134        712
         &              2141        742       2142        715       2126        685       2125
              407        686       4169        716       4197        743       4198        713       4166       4135       4170       4199       4164        657
         &              2885        687       2901        714       2900        684       2884
              408        686       4169        716       4168        689       4140        659       4137       4167       4200       4171       4138        715
         &              2143        745       2144        718       2129        688       2127
              409        746       4201        716       4168        689       4172        719       4202       4203       4170       4141       4174        717
         &              2902        687       2886        660       2888        690       2903
              410        692       4143        662       4139        689       4172        719       4173       4175       4142       4171       4204        721
         &              2131        691       2128        718       2146        748       2145
              411        693       2890        663       2887        690       2905        720       2904       4176       4145       4174       4205        722
         &              4178        692       4173        719       4207        749       4206
              412        695       4149        665       4144        692       4178        722       4177       4179       4146       4175       4208        724
         &              2133        694       2130        721       2148        751       2147
              413        696       2892        666       2889        693       2907        723       2906       4180       4147       4176       4209        725
         &              4182        695       4177        722       4211        752       4210
              414        698       4152        668       4148        695       4182        725       4181       4184       4153       4179       4212        728
         &              2135        699       2132        724       2150        754       2149
              415        697       2893        667       2891        696       2908        726       1450       1681       4150       4180       1684        727
         &              4183        698       4181        725       4213        755       1683
              416        700       4154        671       4151        698       4183        727       1680       1682       4155       4184       1685        729
         &              2136        701       2134        728       2151        756       1399
              417        703       2909        732       2910        705       2894        676       1558       3339       4214       4185       3336        731
         &              4215        761       4216        734       4186        704       3340
              418        704       4186        734       4187        707       4157        677       3337       3341       4217       4188       3338        733
         &              2152        763       2153        736       2137        706       1507
              419        705       2911        735       2912        708       2896        678       2895       4185       4218       4189       4156        734
         &              4219        764       4220        737       4190        707       4187
              420        707       4190        737       4191        710       4161        680       4158       4188       4221       4192       4159        736
         &              2154        766       2155        739       2139        709       2138
              421        708       2913        738       2914        711       2898        681       2897       4189       4222       4193       4160        737
         &              4223        767       4224        740       4194        710       4191
              422        710       4194        740       4195        713       4165        683       4162       4192       4225       4196       4163        739
         &              2156        769       2157        742       2141        712       2140
              423        713       4195        740       4193        711       2899        684       4164       4198       4226       2915       2900        743
         &              4227        770       4228        741       2916        714       4199
              424        713       4198        743       4197        716       4169        686       4166       4196       4229       4200       4167        742
         &              2158        772       2159        745       2143        715       2142
              425        773       4230        743       4197        716       4201        746       4231       4232       4199       4170       4203        744
         &              2917        714       2901        687       2902        717       2918
              426        719       4172        689       4168        716       4201        746       4202       4204       4171       4200       4233        748
         &              2146        718       2144        745       2160        775       2161
              427        776       4234        746       4202        719       4207        749       4235       4236       4203       4174       4205        747
         &              2919        717       2903        690       2905        720       2920
              428        722       4178        692       4173        719       4207        749       4206       4208       4175       4204       4237        751
         &              2148        721       2145        748       2163        778       2162
              429        723       2907        693       2904        720       2922        750       2921       4209       4176       4205       4238        752
         &              4211        722       4206        749       4240        779       4239
              430        725       4182        695       4177        722       4211        752       4210       4212       4179       4208       4241        754
         &              2150        724       2147        751       2165        781       2164
              431        726       2908        696       2906        723       2923        753       1451       1684       4180       4209       1687        755
         &              4213        725       4210        752       4242        782       1686
              432        727       4183        698       4181        725       4213        755       1683       1685       4184       4212       1688        756
         &              2151        728       2149        754       2166        783       1400
              433        730       2924        759       2925        732       2909        703       1559       3342       4243       4214       3339        758
         &              4244        788       4245        761       4215        731       3343
              434        731       4215        761       4216        734       4186        704       3340       3344       4246       4217       3341        760
         &              2167        790       2168        763       2152        733       1508
              435        732       2926        762       2927        735       2911        705       2910       4214       4247       4218       4185        761
         &              4248        791       4249        764       4219        734       4216
              436        734       4219        764       4220        737       4190        707       4187       4217       4250       4221       4188        763
         &              2169        793       2170        766       2154        736       2153
              437        735       2928        765       2929        738       2913        708       2912       4218       4251       4222       4189        764
         &              4252        794       4253        767       4223        737       4220
              438        737       4223        767       4224        740       4194        710       4191       4221       4254       4225       4192        766
         &              2171        796       2172        769       2156        739       2155
              439        740       4224        767       4222        738       2914        711       4193       4226       4255       2930       2915        770
         &              4256        797       4257        768       2931        741       4228
              440        742       2157        769       4225        740       4195        713       4196       2158       2173       4226       4198        772
         &              2174        799       4258        770       4227        743       4229
              441        744       2933        771       4259        800       4260        773       4232       2917       2932       4261       4230        714
         &              2916        741       4228        770       4227        743       4199
              442        746       4201        716       4197        743       4230        773       4231       4233       4200       4229       4262        775
         &              2160        745       2159        772       2176        802       2175
              443        803       4263        773       4231        746       4234        776       4264       4265       4232       4203       4236        774
         &              2934        744       2918        717       2919        747       2935
              444        805       2178        775       2161        748       2163        778       2177       4266       4233       4204       4237        776
         &              4234        746       4202        719       4207        749       4235
              445        806       4267        776       4235        749       4240        779       4268       4269       4236       4205       4238        777
         &              2936        747       2920        720       2922        750       2937
              446        752       4211        722       4206        749       4240        779       4239       4241       4208       4237       4270        781
         &              2165        751       2162        778       2180        808       2179
              447        753       2923        723       2921        750       2938        780       1452       1687       4209       4238       1689        782
         &              4242        752       4239        779       4271        809       1690
              448        755       4213        725       4210        752       4242        782       1686       1688       4212       4241       1691        783
         &              2166        754       2164        781       2181        810       1401
              449        757       2939        786       2940        759       2924        730       1560       3345       4272       4243       3342        785
         &              4273        815       4274        788       4244        758       3346
              450        758       4244        788       4245        761       4215        731       3343       3347       4275       4246       3344        787
         &              2182        817       2183        790       2167        760       1509
              451        759       2941        789       2942        762       2926        732       2925       4243       4276       4247       4214        788
         &              4277        818       4278        791       4248        761       4245
              452        761       4248        791       4249        764       4219        734       4216       4246       4279       4250       4217        790
         &              2184        820       2185        793       2169        763       2168
              453        762       2943        792       2944        765       2928        735       2927       4247       4280       4251       4218        791
         &              4281        821       4282        794       4252        764       4249
              454        764       4252        794       4253        767       4223        737       4220       4250       4283       4254       4221        793
         &              2186        823       2187        796       2171        766       2170
              455        767       4253        794       4251        765       2929        738       4222       4255       4284       2945       2930        797
         &              4285        824       4286        795       2946        768       4257
              456        769       2172        796       4254        767       4224        740       4225       2173       2188       4255       4226        799
         &              2189        826       4287        797       4256        770       4258
              457        771       2948        798       4288        827       4289        800       4259       2932       2947       4290       4261        741
         &              2931        768       4257        797       4256        770       4228
              458        773       4260        800       4291        829       2190        802       4262       4230       4261       2191       2176        743
         &              4227        770       4258        799       2174        772       4229
              459        830       4292        800       4260        773       4263        803       4293       4294       4259       4232       4265        801
         &              2949        771       2933        744       2934        774       2950
              460        832       2193        802       2175        775       2178        805       2192       4295       4262       4233       4266        803
         &              4263        773       4231        746       4234        776       4264
              461        833       4296        803       4264        776       4267        806       4297       4298       4265       4236       4269        804
         &              2951        774       2935        747       2936        777       2952
              462        835       2195        805       2177        778       2180        808       2194       4299       4266       4237       4270        806
         &              4267        776       4235        749       4240        779       4268
              463        836       4300        806       4268        779       4271        809       1693       1692       4269       4238       1689        807
         &              2953        777       2937        750       2938        780       1453
              464        782       4242        752       4239        779       4271        809       1690       1691       4241       4270       1694        810
         &              2181        781       2179        808       2196        837       1402
              465        784       3348        812       4301        842       4302        813       2954       1561       3349       4303       2955        757
         &              3345        785       4273        815       4272        786       2939
              466        785       4273        815       4274        788       4244        758       3346       3350       4304       4275       3347        814
         &              2197        844       2198        817       2182        787       1510
              467        786       2956        816       2957        789       2941        759       2940       4272       4305       4276       4243        815
         &              4306        845       4307        818       4277        788       4274
              468        788       4277        818       4278        791       4248        761       4245       4275       4308       4279       4246        817
         &              2199        847       2200        820       2184        790       2183
              469        789       2958        819       2959        792       2943        762       2942       4276       4309       4280       4247        818
         &              4310        848       4311        821       4281        791       4278
              470        791       4281        821       4282        794       4252        764       4249       4279       4312       4283       4250        820
         &              2201        850       2202        823       2186        793       2185
              471        822       2961        795       2945        765       2944        792       2960       4313       4286       4251       4280        851
         &              4314        824       4284        794       4282        821       4315
              472        796       2187        823       4283        794       4253        767       4254       2188       2203       4284       4255        826
         &              2204        853       4316        824       4285        797       4287
              473        798       2963        825       4317        854       4318        827       4288       2947       2962       4319       4290        768
         &              2946        795       4286        824       4285        797       4257
              474        800       4289        827       4320        856       2205        829       4291       4261       4290       2206       2191        770
         &              4256        797       4287        826       2189        799       4258
              475        857       4321        827       4289        800       4292        830       4322       4323       4288       4259       4294        828
         &              2964        798       2948        771       2949        801       2965
              476        859       2208        829       2190        802       2193        832       2207       4324       4291       4262       4295        830
         &              4292        800       4260        773       4263        803       4293
              477        860       4325        830       4293        803       4296        833       4326       4327       4294       4265       4298        831
         &              2966        801       2950        774       2951        804       2967
              478        862       2210        832       2192        805       2195        835       2209       4328       4295       4266       4299        833
         &              4296        803       4264        776       4267        806       4297
              479        863       4329        833       4297        806       4300        836       1696       1695       4298       4269       1692        834
         &              2968        804       2952        777       2953        807       1454
              480        864       2211        835       2194        808       2196        837       1403       1697       4299       4270       1694        836
         &              4300        806       4268        779       4271        809       1693
              481        811       3351        839       4330        869       4331        840       2969       1562       3352       4332       2970        784
         &              3348        812       4301        842       4302        813       2954
              482        812       3353        841       2212        871       4333        842       4301       3349       1511       2213       4303        785
         &              3350        814       2197        844       4304        815       4273
              483        813       4302        842       4334        872       4335        843       2971       2955       4303       4336       2972        786
         &              4272        815       4306        845       4305        816       2956
              484        815       4306        845       4307        818       4277        788       4274       4304       4337       4308       4275        844
         &              2214        874       2215        847       2199        817       2198
              485        816       2973        846       2974        819       2958        789       2957       4305       4338       4309       4276        845
         &              4339        875       4340        848       4310        818       4307
              486        818       4310        848       4311        821       4281        791       4278       4308       4341       4312       4279        847
         &              2216        877       2217        850       2201        820       2200
              487        849       2976        822       2960        792       2959        819       2975       4342       4313       4280       4309        878
         &              4343        851       4315        821       4311        848       4344
              488        851       4314        824       4284        794       4282        821       4315       4345       4316       4283       4312        880
         &              2219        853       2203        823       2202        850       2218
              489        851       4314        824       4319        854       4347        881       4346       4313       4286       4317       4348        822
         &              2961        795       2962        825       2978        852       2977
              490        827       4318        854       4349        883       2220        856       4320       4290       4319       2221       2206        797
         &              4285        824       4316        853       2204        826       4287
              491        884       4350        854       4318        827       4321        857       4351       4352       4317       4288       4323        855
         &              2979        825       2963        798       2964        828       2980
              492        886       2223        856       2205        829       2208        859       2222       4353       4320       4291       4324        857
         &              4321        827       4289        800       4292        830       4322
              493        887       4354        857       4322        830       4325        860       4355       4356       4323       4294       4327        858
         &              2981        828       2965        801       2966        831       2982
              494        889       2225        859       2207        832       2210        862       2224       4357       4324       4295       4328        860
         &              4325        830       4293        803       4296        833       4326
              495        890       4358        860       4326        833       4329        863       1699       1698       4327       4298       1695        861
         &              2983        831       2967        804       2968        834       1455
              496        891       2226        862       2209        835       2211        864       1404       1700       4328       4299       1697        863
         &              4329        833       4297        806       4300        836       1696
              497        838       3354        866       4359        896       4360        867       2984       1563       3355       4361       2985        811
         &              3351        839       4330        869       4331        840       2969
              498        839       3356        868       2227        898       4362        869       4330       3352       1512       2228       4332        812
         &              3353        841       2212        871       4333        842       4301
              499        840       4331        869       4363        899       4364        870       2986       2970       4332       4365       2987        813
         &              4302        842       4334        872       4335        843       2971
              500        842       4333        871       2229        901       4366        872       4334       4303       2213       2230       4336        815
         &              4304        844       2214        874       4337        845       4306
              501        843       4335        872       4367        902       4368        873       2988       2972       4336       4369       2989        816
         &              4305        845       4339        875       4338        846       2973
              502        845       4339        875       4340        848       4310        818       4307       4337       4370       4341       4308        874
         &              2231        904       2232        877       2216        847       2215
              503        876       2991        849       2975        819       2974        846       2990       4371       4342       4309       4338        905
         &              4372        878       4344        848       4340        875       4373
              504        878       4343        851       4315        821       4311        848       4344       4374       4345       4312       4341        907
         &              2234        880       2218        850       2217        877       2233
              505        878       4343        851       4346        881       4376        908       4375       4342       4313       4348       4377        849
         &              2976        822       2977        852       2993        879       2992
              506        880       2219        853       2221        883       2235        910       2236       4345       4316       4349       4378        851
         &              4314        824       4319        854       4347        881       4346
              507        911       4379        881       4347        854       4350        884       4380       4381       4348       4317       4352        882
         &              2994        852       2978        825       2979        855       2995
              508        913       2238        883       2220        856       2223        886       2237       4382       4349       4320       4353        884
         &              4350        854       4318        827       4321        857       4351
              509        914       4383        884       4351        857       4354        887       4384       4385       4352       4323       4356        885
         &              2996        855       2980        828       2981        858       2997
              510        916       2240        886       2222        859       2225        889       2239       4386       4353       4324       4357        887
         &              4354        857       4322        830       4325        860       4355
              511        917       4387        887       4355        860       4358        890       1702       1701       4356       4327       1698        888
         &              2998        858       2982        831       2983        861       1456
              512        918       2241        889       2224        862       2226        891       1405       1703       4357       4328       1700        890
         &              4358        860       4326        833       4329        863       1699
              513        865       3357        893       4388        923       4389        894       2999       1564       3358       4390       3000        838
         &              3354        866       4359        896       4360        867       2984
              514        866       3359        895       2242        925       4391        896       4359       3355       1513       2243       4361        839
         &              3356        868       2227        898       4362        869       4330
              515        867       4360        896       4392        926       4393        897       3001       2985       4361       4394       3002        840
         &              4331        869       4363        899       4364        870       2986
              516        869       4362        898       2244        928       4395        899       4363       4332       2228       2245       4365        842
         &              4333        871       2229        901       4366        872       4334
              517        870       4364        899       4396        929       4397        900       3003       2987       4365       4398       3004        843
         &              4335        872       4367        902       4368        873       2988
              518        872       4366        901       2246        931       4399        902       4367       4336       2230       2247       4369        845
         &              4337        874       2231        904       4370        875       4339
              519        903       3006        876       2990        846       2989        873       3005       4400       4371       4338       4368        932
         &              4401        905       4373        875       4369        902       4402
              520        904       2232        877       2233        907       2249        934       2248       4370       4341       4374       4403        875
         &              4340        848       4344        878       4372        905       4373
              521        906       3008        879       2992        849       2991        876       3007       4404       4377       4342       4371        935
         &              4405        908       4375        878       4372        905       4406
              522        907       2234        880       2236        910       2250        937       2251       4374       4345       4378       4407        878
         &              4343        851       4346        881       4376        908       4375
              523        938       4408        908       4376        881       4379        911       4409       4410       4377       4348       4381        909
         &              3009        879       2993        852       2994        882       3010
              524        940       2253        910       2235        883       2238        913       2252       4411       4378       4349       4382        911
         &              4379        881       4347        854       4350        884       4380
              525        941       4412        911       4380        884       4383        914       4413       4414       4381       4352       4385        912
         &              3011        882       2995        855       2996        885       3012
              526        943       2255        913       2237        886       2240        916       2254       4415       4382       4353       4386        914
         &              4383        884       4351        857       4354        887       4384
              527        944       4416        914       4384        887       4387        917       1705       1704       4385       4356       1701        915
         &              3013        885       2997        858       2998        888       1457
              528        945       2256        916       2239        889       2241        918       1406       1706       4386       4357       1703        917
         &              4387        887       4355        860       4358        890       1702
              529        892       3360        921       4417        950       4418        920       3014       1565       3361       4419       3015        865
         &              3357        893       4388        923       4389        894       2999
              530        893       3362        922       2257        952       4420        923       4388       3358       1514       2258       4390        866
         &              3359        895       2242        925       4391        896       4359
              531        894       4389        923       4421        953       4422        924       3016       3000       4390       4423       3017        867
         &              4360        896       4392        926       4393        897       3001
              532        896       4391        925       2259        955       4424        926       4392       4361       2243       2260       4394        869
         &              4362        898       2244        928       4395        899       4363
              533        897       4393        926       4425        956       4426        927       3018       3002       4394       4427       3019        870
         &              4364        899       4396        929       4397        900       3003
              534        899       4395        928       2261        958       4428        929       4396       4365       2245       2262       4398        872
         &              4366        901       2246        931       4399        902       4367
              535        929       4398        902       4402        932       4430        959       4429       4397       4368       4400       4431        900
         &              3004        873       3005        903       3021        930       3020
              536        931       2247        904       2248        934       2264        961       2263       4399       4370       4403       4432        902
         &              4369        875       4373        905       4401        932       4402
              537        933       3023        906       3007        876       3006        903       3022       4433       4404       4371       4400        962
         &              4434        935       4406        905       4401        932       4435
              538        934       2249        907       2251        937       2265        964       2266       4403       4374       4407       4436        905
         &              4372        878       4375        908       4405        935       4406
              539        965       4437        935       4405        908       4408        938       4438       4439       4404       4377       4410        936
         &              3024        906       3008        879       3009        909       3025
              540        967       2268        937       2250        910       2253        940       2267       4440       4407       4378       4411        938
         &              4408        908       4376        881       4379        911       4409
              541        968       4441        938       4409        911       4412        941       4442       4443       4410       4381       4414        939
         &              3026        909       3010        882       3011        912       3027
              542        970       2270        940       2252        913       2255        943       2269       4444       4411       4382       4415        941
         &              4412        911       4380        884       4383        914       4413
              543        971       4445        941       4413        914       4416        944       1708       1707       4414       4385       1704        942
         &              3028        912       3012        885       3013        915       1458
              544        972       2271        943       2254        916       2256        945       1407       1709       4415       4386       1706        944
         &              4416        914       4384        887       4387        917       1705
              545        919       3363        948       4446        977       4447        947       3029       1566       3364       4448       3030        892
         &              3360        921       4417        950       4418        920       3014
              546        920       4418        950       4449        980       4450        949       3031       3015       4419       4451       3032        894
         &              4389        923       4421        953       4422        924       3016
              547        921       3365        951       2272        981       4452        950       4417       3361       1515       2273       4419        893
         &              3362        922       2257        952       4420        923       4388
              548        923       4420        952       2274        982       4453        953       4421       4390       2258       2275       4423        896
         &              4391        925       2259        955       4424        926       4392
              549        924       4422        953       4454        983       4455        954       3033       3017       4423       4456       3034        897
         &              4393        926       4425        956       4426        927       3018
              550        926       4424        955       2276        985       4457        956       4425       4394       2260       2277       4427        899
         &              4395        928       2261        958       4428        929       4396
              551        956       4427        929       4429        959       4459        986       4458       4426       4397       4431       4460        927
         &              3019        900       3020        930       3036        957       3035
              552        958       2262        931       2263        961       2279        988       2278       4428       4399       4432       4461        929
         &              4398        902       4402        932       4430        959       4429
              553        960       3038        933       3022        903       3021        930       3037       4462       4433       4400       4431        989
         &              4463        962       4435        932       4430        959       4464
              554        961       2264        934       2266        964       2280        991       2281       4432       4403       4436       4465        932
         &              4401        905       4406        935       4434        962       4435
              555        992       4466        963       3039        933       4433        962       4467       4468       3040       3023       4434        965
         &              4439        936       3024        906       4404        935       4437
              556        994       2283        964       2265        937       2268        967       2282       4469       4436       4407       4440        965
         &              4437        935       4405        908       4408        938       4438
              557        995       4470        965       4438        938       4441        968       4471       4472       4439       4410       4443        966
         &              3041        936       3025        909       3026        939       3042
              558        997       2285        967       2267        940       2270        970       2284       4473       4440       4411       4444        968
         &              4441        938       4409        911       4412        941       4442
              559        998       4474        968       4442        941       4445        971       1711       1710       4443       4414       1707        969
         &              3043        939       3027        912       3028        942       1459
              560        999       2286        970       2269        943       2271        972       1408       1712       4444       4415       1709        971
         &              4445        941       4413        914       4416        944       1708
              561        946       3366        975       4475       1004       4476        974       3044       1567       3367       4477       3045        919
         &              3363        948       4446        977       4447        947       3029
              562        947       4447        977       4478       1007       4479        976       3046       3030       4448       4480       3047        920
         &              4418        950       4449        980       4450        949       3031
              563        948       3368        978       2287       1008       4481        977       4446       3364       1516       2288       4448        921
         &              3365        951       2272        981       4452        950       4417
              564        949       4450        980       4482       1010       4483        979       3048       3032       4451       4484       3049        924
         &              4422        953       4454        983       4455        954       3033
              565        950       4452        981       2289       1011       4485        980       4449       4419       2273       2290       4451        923
         &              4420        952       2274        982       4453        953       4421
              566        953       4453        982       2291       1012       4486        983       4454       4423       2275       2292       4456        926
         &              4424        955       2276        985       4457        956       4425
              567        983       4456        956       4458        986       4488       1013       4487       4455       4426       4460       4489        954
         &              3034        927       3035        957       3051        984       3050
              568        985       2277        958       2278        988       2294       1015       2293       4457       4428       4461       4490        956
         &              4427        929       4429        959       4459        986       4458
              569        987       3053        960       3037        930       3036        957       3052       4491       4462       4431       4460       1016
         &              4492        989       4464        959       4459        986       4493
              570        989       4463        962       4435        932       4430        959       4464       4494       4465       4432       4461       1018
         &              2295        991       2281        961       2279        988       2296
              571       1019       4495        990       3054        960       4462        989       4496       4497       3055       3038       4463        992
         &              4466        963       3039        933       4433        962       4467
              572       1021       4498        992       4467        962       4465        991       2298       2297       4468       4434       2280        994
         &              4469        965       4437        935       4436        964       2283
              573       1022       4499        993       3056        963       4466        992       4500       4501       3057       3040       4468        995
         &              4472        966       3041        936       4439        965       4470
              574       1024       2300        994       2282        967       2285        997       2299       4502       4469       4440       4473        995
         &              4470        965       4438        938       4441        968       4471
              575       1025       4503        995       4471        968       4474        998       1714       1713       4472       4443       1710        996
         &              3058        966       3042        939       3043        969       1460
              576       1026       2301        997       2284        970       2286        999       1409       1715       4473       4444       1712        998
         &              4474        968       4442        941       4445        971       1711
              577        973       3369       1002       4504       1031       4505       1001       3059       1568       3370       4506       3060        946
         &              3366        975       4475       1004       4476        974       3044
              578        974       4476       1004       4507       1034       4508       1003       3061       3045       4477       4509       3062        947
         &              4447        977       4478       1007       4479        976       3046
              579        975       3371       1005       2302       1035       4510       1004       4475       3367       1517       2303       4477        948
         &              3368        978       2287       1008       4481        977       4446
              580        976       4479       1007       4511       1037       4512       1006       3063       3047       4480       4513       3064        949
         &              4450        980       4482       1010       4483        979       3048
              581        977       4481       1008       2304       1038       4514       1007       4478       4448       2288       2305       4480        950
         &              4452        981       2289       1011       4485        980       4449
              582       1010       4484        983       4487       1013       4516       1040       4515       4483       4455       4489       4517        979
         &              3049        954       3050        984       3066       1009       3065
              583        980       4485       1011       2306       1041       4518       1010       4482       4451       2290       2307       4484        953
         &              4453        982       2291       1012       4486        983       4454
              584       1012       2292        985       2293       1015       2309       1042       2308       4486       4457       4490       4519        983
         &              4456        956       4458        986       4488       1013       4487
              585       1014       3068        987       3052        957       3051        984       3067       4520       4491       4460       4489       1043
         &              4521       1016       4493        986       4488       1013       4522
              586       1016       4492        989       4464        959       4459        986       4493       4523       4494       4461       4490       1045
         &              2310       1018       2296        988       2294       1015       2311
              587       1046       4524       1017       3069        987       4491       1016       4525       4526       3070       3053       4492       1019
         &              4495        990       3054        960       4462        989       4496
              588       1048       4527       1019       4496        989       4494       1018       2313       2312       4497       4463       2295       1021
         &              4498        992       4467        962       4465        991       2298
              589       1049       4528       1020       3071        990       4495       1019       4529       4530       3072       3055       4497       1022
         &              4499        993       3056        963       4466        992       4500
              590       1051       4531       1022       4500        992       4498       1021       2315       2314       4501       4468       2297       1024
         &              4502        995       4470        965       4469        994       2300
              591       1052       1716       1023       3073        993       4499       1022       4532       1717       1461       3057       4501       1025
         &              1713        996       3058        966       4472        995       4503
              592       1053       2316       1024       2299        997       2301       1026       1410       1718       4502       4473       1715       1025
         &              4503        995       4471        968       4474        998       1714
              593       1000       3372       1029       4533       1058       4534       1028       3074       1569       3373       4535       3075        973
         &              3369       1002       4504       1031       4505       1001       3059
              594       1001       4505       1031       4536       1061       4537       1030       3076       3060       4506       4538       3077        974
         &              4476       1004       4507       1034       4508       1003       3061
              595       1002       3374       1032       2317       1062       4539       1031       4504       3370       1518       2318       4506        975
         &              3371       1005       2302       1035       4510       1004       4475
              596       1003       4508       1034       4540       1064       4541       1033       3078       3062       4509       4542       3079        976
         &              4479       1007       4511       1037       4512       1006       3063
              597       1004       4510       1035       2319       1065       4543       1034       4507       4477       2303       2320       4509        977
         &              4481       1008       2304       1038       4514       1007       4478
              598       1037       4513       1010       4515       1040       4545       1067       4544       4512       4483       4517       4546       1006
         &              3064        979       3065       1009       3081       1036       3080
              599       1007       4514       1038       2321       1068       4547       1037       4511       4480       2305       2322       4513        980
         &              4485       1011       2306       1041       4518       1010       4482
              600       1039       3083       1014       3067        984       3066       1009       3082       4548       4520       4489       4517       1070
         &              4549       1043       4522       1013       4516       1040       4550
              601       1041       2307       1012       2308       1042       2324       1071       2323       4518       4486       4519       4551       1010
         &              4484        983       4487       1013       4516       1040       4515
              602       1043       4521       1016       4493        986       4488       1013       4522       4552       4523       4490       4519       1072
         &              2325       1045       2311       1015       2309       1042       2326
              603       1073       4553       1044       3084       1014       4520       1043       4554       4555       3085       3068       4521       1046
         &              4524       1017       3069        987       4491       1016       4525
              604       1075       4556       1046       4525       1016       4523       1045       2328       2327       4526       4492       2310       1048
         &              4527       1019       4496        989       4494       1018       2313
              605       1076       4557       1047       3086       1017       4524       1046       4558       4559       3087       3070       4526       1049
         &              4528       1020       3071        990       4495       1019       4529
              606       1078       4560       1049       4529       1019       4527       1048       2330       2329       4530       4497       2312       1051
         &              4531       1022       4500        992       4498       1021       2315
              607       1079       1719       1050       3088       1020       4528       1049       4561       1720       1462       3072       4530       1052
         &              1716       1023       3073        993       4499       1022       4532
              608       1080       1721       1052       4532       1022       4531       1051       2331       1411       1717       4501       2314       1053
         &              1718       1025       4503        995       4502       1024       2316
              609       1027       3375       1056       4562       1085       4563       1055       3089       1570       3376       4564       3090       1000
         &              3372       1029       4533       1058       4534       1028       3074
              610       1028       4534       1058       4565       1088       4566       1057       3091       3075       4535       4567       3092       1001
         &              4505       1031       4536       1061       4537       1030       3076
              611       1029       3377       1059       2332       1089       4568       1058       4533       3373       1519       2333       4535       1002
         &              3374       1032       2317       1062       4539       1031       4504
              612       1030       4537       1061       4569       1091       4570       1060       3093       3077       4538       4571       3094       1003
         &              4508       1034       4540       1064       4541       1033       3078
              613       1031       4539       1062       2334       1092       4572       1061       4536       4506       2318       2335       4538       1004
         &              4510       1035       2319       1065       4543       1034       4507
              614       1064       4542       1037       4544       1067       4574       1094       4573       4541       4512       4546       4575       1033
         &              3079       1006       3080       1036       3096       1063       3095
              615       1034       4543       1065       2336       1095       4576       1064       4540       4509       2320       2337       4542       1007
         &              4514       1038       2321       1068       4547       1037       4511
              616       1066       3098       1039       3082       1009       3081       1036       3097       4577       4548       4517       4546       1097
         &              4578       1070       4550       1040       4545       1067       4579
              617       1068       2322       1041       2323       1071       2339       1098       2338       4547       4518       4551       4580       1037
         &              4513       1010       4515       1040       4545       1067       4544
              618       1100       4581       1069       3099       1039       4548       1070       4582       4583       3100       3083       4549       1073
         &              4553       1044       3084       1014       4520       1043       4554
              619       1070       4549       1043       4522       1013       4516       1040       4550       4584       4552       4519       4551       1101
         &              2340       1072       2326       1042       2324       1071       2341
              620       1102       4585       1073       4554       1043       4552       1072       2343       2342       4555       4521       2325       1075
         &              4556       1046       4525       1016       4523       1045       2328
              621       1103       4586       1074       3101       1044       4553       1073       4587       4588       3102       3085       4555       1076
         &              4557       1047       3086       1017       4524       1046       4558
              622       1105       4589       1076       4558       1046       4556       1075       2345       2344       4559       4526       2327       1078
         &              4560       1049       4529       1019       4527       1048       2330
              623       1106       1722       1077       3103       1047       4557       1076       4590       1723       1463       3087       4559       1079
         &              1719       1050       3088       1020       4528       1049       4561
              624       1107       1724       1079       4561       1049       4560       1078       2346       1412       1720       4530       2329       1080
         &              1721       1052       4532       1022       4531       1051       2331
              625       1054       3379       1082       4591       1112       4592       1083       3104       1571       3378       4593       3105       1027
         &              3375       1056       4562       1085       4563       1055       3089
              626       1055       4563       1085       4594       1115       4595       1084       3106       3090       4564       4596       3107       1028
         &              4534       1058       4565       1088       4566       1057       3091
              627       1056       3380       1086       2347       1116       4597       1085       4562       3376       1520       2348       4564       1029
         &              3377       1059       2332       1089       4568       1058       4533
              628       1057       4566       1088       4598       1118       4599       1087       3108       3092       4567       4600       3109       1030
         &              4537       1061       4569       1091       4570       1060       3093
              629       1058       4568       1089       2349       1119       4601       1088       4565       4535       2333       2350       4567       1031
         &              4539       1062       2334       1092       4572       1061       4536
              630       1091       4571       1064       4573       1094       4603       1121       4602       4570       4541       4575       4604       1060
         &              3094       1033       3095       1063       3111       1090       3110
              631       1061       4572       1092       2351       1122       4605       1091       4569       4538       2335       2352       4571       1034
         &              4543       1065       2336       1095       4576       1064       4540
              632       1093       3113       1066       3097       1036       3096       1063       3112       4606       4577       4546       4575       1124
         &              4607       1097       4579       1067       4574       1094       4608
              633       1095       2337       1068       2338       1098       2354       1125       2353       4576       4547       4580       4609       1064
         &              4542       1037       4544       1067       4574       1094       4573
              634       1127       4610       1096       3114       1066       4577       1097       4611       4612       3115       3098       4578       1100
         &              4581       1069       3099       1039       4548       1070       4582
              635       1097       4578       1070       4550       1040       4545       1067       4579       4613       4584       4551       4580       1128
         &              2355       1101       2341       1071       2339       1098       2356
              636       1130       4614       1099       3116       1069       4581       1100       4615       4616       3117       3100       4583       1103
         &              4586       1074       3101       1044       4553       1073       4587
              637       1131       4617       1100       4582       1070       4584       1101       2358       2357       4583       4549       2340       1102
         &              4585       1073       4554       1043       4552       1072       2343
              638       1132       4618       1103       4587       1073       4585       1102       2360       2359       4588       4555       2342       1105
         &              4589       1076       4558       1046       4556       1075       2345
              639       1133       1725       1104       3118       1074       4586       1103       4619       1726       1464       3102       4588       1106
         &              1722       1077       3103       1047       4557       1076       4590
              640       1134       1727       1106       4590       1076       4589       1105       2361       1413       1723       4559       2344       1107
         &              1724       1079       4561       1049       4560       1078       2346
              641       1081       3382       1109       4620       1139       4621       1110       3119       1572       3381       4622       3120       1054
         &              3379       1082       4591       1112       4592       1083       3104
              642       1082       3383       1111       2362       1141       4623       1112       4591       3378       1521       2363       4593       1056
         &              3380       1086       2347       1116       4597       1085       4562
              643       1083       4592       1112       4624       1142       4625       1113       3121       3105       4593       4626       3122       1055
         &              4563       1085       4594       1115       4595       1084       3106
              644       1084       4595       1115       4627       1145       4628       1114       3123       3107       4596       4629       3124       1057
         &              4566       1088       4598       1118       4599       1087       3108
              645       1085       4597       1116       2364       1146       4630       1115       4594       4564       2348       2365       4596       1058
         &              4568       1089       2349       1119       4601       1088       4565
              646       1118       4600       1091       4602       1121       4632       1148       4631       4599       4570       4604       4633       1087
         &              3109       1060       3110       1090       3126       1117       3125
              647       1088       4601       1119       2366       1149       4634       1118       4598       4567       2350       2367       4600       1061
         &              4572       1092       2351       1122       4605       1091       4569
              648       1120       3128       1093       3112       1063       3111       1090       3127       4635       4606       4575       4604       1151
         &              4636       1124       4608       1094       4603       1121       4637
              649       1122       2352       1095       2353       1125       2369       1152       2368       4605       4576       4609       4638       1091
         &              4571       1064       4573       1094       4603       1121       4602
              650       1154       4639       1123       3129       1093       4606       1124       4640       4641       3130       3113       4607       1127
         &              4610       1096       3114       1066       4577       1097       4611
              651       1124       4607       1097       4579       1067       4574       1094       4608       4642       4613       4580       4609       1155
         &              2370       1128       2356       1098       2354       1125       2371
              652       1157       4643       1126       3131       1096       4610       1127       4644       4645       3132       3115       4612       1130
         &              4614       1099       3116       1069       4581       1100       4615
              653       1158       4646       1127       4611       1097       4613       1128       2373       2372       4612       4578       2355       1131
         &              4617       1100       4582       1070       4584       1101       2358
              654       1159       1728       1129       3133       1099       4614       1130       4647       1729       1465       3117       4616       1133
         &              1725       1104       3118       1074       4586       1103       4619
              655       1160       4648       1130       4615       1100       4617       1131       2375       2374       4616       4583       2357       1132
         &              4618       1103       4587       1073       4585       1102       2360
              656       1161       1730       1133       4619       1103       4618       1132       2376       1414       1726       4588       2359       1134
         &              1727       1106       4590       1076       4589       1105       2361
              657       1108       3385       1136       4649       1166       4650       1137       3134       1573       3384       4651       3135       1081
         &              3382       1109       4620       1139       4621       1110       3119
              658       1109       3386       1138       2377       1168       4652       1139       4620       3381       1522       2378       4622       1082
         &              3383       1111       2362       1141       4623       1112       4591
              659       1110       4621       1139       4653       1169       4654       1140       3136       3120       4622       4655       3137       1083
         &              4592       1112       4624       1142       4625       1113       3121
              660       1112       4623       1141       2379       1171       4656       1142       4624       4593       2363       2380       4626       1085
         &              4597       1116       2364       1146       4630       1115       4594
              661       1113       4625       1142       4657       1172       4658       1143       3138       3122       4626       4659       3139       1084
         &              4595       1115       4627       1145       4628       1114       3123
              662       1117       4633       1148       4631       1118       4599       1087       3125       3141       4660       4629       3124       1144
         &              4661       1175       4662       1145       4628       1114       3140
              663       1115       4630       1146       2381       1176       4663       1145       4627       4596       2365       2382       4629       1088
         &              4601       1119       2366       1149       4634       1118       4598
              664       1147       4664       1178       4665       1151       4635       1120       3143       3142       4666       4637       3127       1117
         &              4633       1148       4632       1121       4604       1090       3126
              665       1121       4638       1152       2368       1122       4605       1091       4602       4632       2384       2367       4600       1148
         &              4667       1179       2383       1149       4634       1118       4631
              666       1181       4668       1150       3144       1120       4635       1151       4669       4670       3145       3128       4636       1154
         &              4639       1123       3129       1093       4606       1124       4640
              667       1151       4636       1124       4608       1094       4603       1121       4637       4671       4642       4609       4638       1182
         &              2385       1155       2371       1125       2369       1152       2386
              668       1184       4672       1153       3146       1123       4639       1154       4673       4674       3147       3130       4641       1157
         &              4643       1126       3131       1096       4610       1127       4644
              669       1185       4675       1154       4640       1124       4642       1155       2388       2387       4641       4607       2370       1158
         &              4646       1127       4611       1097       4613       1128       2373
              670       1186       1731       1156       3148       1126       4643       1157       4676       1732       1466       3132       4645       1159
         &              1728       1129       3133       1099       4614       1130       4647
              671       1187       4677       1157       4644       1127       4646       1158       2390       2389       4645       4612       2372       1160
         &              4648       1130       4615       1100       4617       1131       2375
              672       1188       1733       1159       4647       1130       4648       1160       2391       1415       1729       4616       2374       1161
         &              1730       1133       4619       1103       4618       1132       2376
              673       1135       3388       1163       4678       1193       4679       1164       3149       1574       3387       4680       3150       1108
         &              3385       1136       4649       1166       4650       1137       3134
              674       1136       3389       1165       2392       1195       4681       1166       4649       3384       1523       2393       4651       1109
         &              3386       1138       2377       1168       4652       1139       4620
              675       1137       4650       1166       4682       1196       4683       1167       3151       3135       4651       4684       3152       1110
         &              4621       1139       4653       1169       4654       1140       3136
              676       1139       4652       1168       2394       1198       4685       1169       4653       4622       2378       2395       4655       1112
         &              4623       1141       2379       1171       4656       1142       4624
              677       1140       4654       1169       4686       1199       4687       1170       3153       3137       4655       4688       3154       1113
         &              4625       1142       4657       1172       4658       1143       3138
              678       1142       4656       1171       2396       1201       4689       1172       4657       4626       2380       2397       4659       1115
         &              4630       1146       2381       1176       4663       1145       4627
              679       1144       4661       1175       4662       1145       4628       1114       3140       3156       4690       4659       3139       1173
         &              4691       1202       4692       1172       4658       1143       3155
              680       1174       4693       1205       4694       1178       4664       1147       3158       3157       4695       4666       3142       1144
         &              4661       1175       4660       1148       4633       1117       3141
              681       1148       4667       1179       2383       1149       4634       1118       4631       4660       2399       2382       4629       1175
         &              4696       1206       2398       1176       4663       1145       4662
              682       1208       4697       1177       3159       1147       4664       1178       4698       4699       3160       3143       4665       1181
         &              4668       1150       3144       1120       4635       1151       4669
              683       1178       4665       1151       4637       1121       4632       1148       4666       4700       4671       4638       4667       1209
         &              2400       1182       2386       1152       2384       1179       2401
              684       1211       4701       1180       3161       1150       4668       1181       4702       4703       3162       3145       4670       1184
         &              4672       1153       3146       1123       4639       1154       4673
              685       1212       4704       1181       4669       1151       4671       1182       2403       2402       4670       4636       2385       1185
         &              4675       1154       4640       1124       4642       1155       2388
              686       1213       1734       1183       3163       1153       4672       1184       4705       1735       1467       3147       4674       1186
         &              1731       1156       3148       1126       4643       1157       4676
              687       1214       4706       1184       4673       1154       4675       1185       2405       2404       4674       4641       2387       1187
         &              4677       1157       4644       1127       4646       1158       2390
              688       1215       1736       1186       4676       1157       4677       1187       2406       1416       1732       4645       2389       1188
         &              1733       1159       4647       1130       4648       1160       2391
              689       1162       3391       1190       4707       1220       4708       1191       3164       1575       3390       4709       3165       1135
         &              3388       1163       4678       1193       4679       1164       3149
              690       1163       3392       1192       2407       1222       4710       1193       4678       3387       1524       2408       4680       1136
         &              3389       1165       2392       1195       4681       1166       4649
              691       1164       4679       1193       4711       1223       4712       1194       3166       3150       4680       4713       3167       1137
         &              4650       1166       4682       1196       4683       1167       3151
              692       1166       4681       1195       2409       1225       4714       1196       4682       4651       2393       2410       4684       1139
         &              4652       1168       2394       1198       4685       1169       4653
              693       1167       4683       1196       4715       1226       4716       1197       3168       3152       4684       4717       3169       1140
         &              4654       1169       4686       1199       4687       1170       3153
              694       1169       4685       1198       2411       1228       4718       1199       4686       4655       2395       2412       4688       1142
         &              4656       1171       2396       1201       4689       1172       4657
              695       1173       4691       1202       4692       1172       4658       1143       3155       3171       4719       4688       3154       1200
         &              4720       1229       4721       1199       4687       1170       3170
              696       1175       4696       1206       2398       1176       4663       1145       4662       4690       2414       2397       4659       1202
         &              4722       1231       2413       1201       4689       1172       4692
              697       1203       4723       1232       4724       1205       4693       1174       3173       3172       4725       4695       3157       1173
         &              4691       1202       4690       1175       4661       1144       3156
              698       1235       4726       1204       3174       1174       4693       1205       4727       4728       3175       3158       4694       1208
         &              4697       1177       3159       1147       4664       1178       4698
              699       1205       4729       1236       2415       1209       4700       1178       4694       4695       2416       2401       4666       1175
         &              4696       1206       2399       1179       4667       1148       4660
              700       1238       4730       1207       3176       1177       4697       1208       4731       4732       3177       3160       4699       1211
         &              4701       1180       3161       1150       4668       1181       4702
              701       1239       4733       1208       4698       1178       4700       1209       2418       2417       4699       4665       2400       1212
         &              4704       1181       4669       1151       4671       1182       2403
              702       1240       1737       1210       3178       1180       4701       1211       4734       1738       1468       3162       4703       1213
         &              1734       1183       3163       1153       4672       1184       4705
              703       1241       4735       1211       4702       1181       4704       1212       2420       2419       4703       4670       2402       1214
         &              4706       1184       4673       1154       4675       1185       2405
              704       1242       1739       1213       4705       1184       4706       1214       2421       1417       1735       4674       2404       1215
         &              1736       1186       4676       1157       4677       1187       2406
              705       1189       3394       1217       4736       1246       4737       1218       3179       1576       3393       4738       3180       1162
         &              3391       1190       4707       1220       4708       1191       3164
              706       1190       3395       1219       2422       1248       4739       1220       4707       3390       1525       2423       4709       1163
         &              3392       1192       2407       1222       4710       1193       4678
              707       1191       4708       1220       4740       1249       4741       1221       3181       3165       4709       4742       3182       1164
         &              4679       1193       4711       1223       4712       1194       3166
              708       1193       4710       1222       2424       1251       4743       1223       4711       4680       2408       2425       4713       1166
         &              4681       1195       2409       1225       4714       1196       4682
              709       1194       4712       1223       4744       1252       4745       1224       3183       3167       4713       4746       3184       1167
         &              4683       1196       4715       1226       4716       1197       3168
              710       1196       4714       1225       2426       1254       4747       1226       4715       4684       2410       2427       4717       1169
         &              4685       1198       2411       1228       4718       1199       4686
              711       1200       4720       1229       4721       1199       4687       1170       3170       3186       4748       4717       3169       1227
         &              4749       1255       4750       1226       4716       1197       3185
              712       1202       4722       1231       2413       1201       4689       1172       4692       4719       2429       2412       4688       1229
         &              4751       1257       2428       1228       4718       1199       4721
              713       1230       4752       1258       4753       1232       4723       1203       3188       3187       4754       4725       3172       1200
         &              4720       1229       4719       1202       4691       1173       3171
              714       1232       4755       1260       2430       1236       4729       1205       4724       4725       2431       2416       4695       1202
         &              4722       1231       2414       1206       4696       1175       4690
              715       1261       4756       1233       3189       1203       4723       1232       4757       4758       3190       3173       4724       1235
         &              4726       1204       3174       1174       4693       1205       4727
              716       1264       4759       1234       3191       1204       4726       1235       4760       4761       3192       3175       4728       1238
         &              4730       1207       3176       1177       4697       1208       4731
              717       1265       4762       1235       4727       1205       4729       1236       2433       2432       4728       4694       2415       1239
         &              4733       1208       4698       1178       4700       1209       2418
              718       1266       1740       1237       3193       1207       4730       1238       4763       1741       1469       3177       4732       1240
         &              1737       1210       3178       1180       4701       1211       4734
              719       1267       4764       1238       4731       1208       4733       1239       2435       2434       4732       4699       2417       1241
         &              4735       1211       4702       1181       4704       1212       2420
              720       1268       1742       1240       4734       1211       4735       1241       2436       1418       1738       4703       2419       1242
         &              1739       1213       4705       1184       4706       1214       2421
              721       1216       1596       1243       3399       1270       3398       1244       1588       1577       3396       4765       3194       1189
         &              3394       1217       4736       1246       4737       1218       3179
              722       1217       3397       1245       2437       1272       4766       1246       4736       3393       1526       2438       4738       1190
         &              3395       1219       2422       1248       4739       1220       4707
              723       1218       4737       1246       4767       1273       4768       1247       3195       3180       4738       4769       3196       1191
         &              4708       1220       4740       1249       4741       1221       3181
              724       1220       4739       1248       2439       1275       4770       1249       4740       4709       2423       2440       4742       1193
         &              4710       1222       2424       1251       4743       1223       4711
              725       1221       4741       1249       4771       1276       4772       1250       3197       3182       4742       4773       3198       1194
         &              4712       1223       4744       1252       4745       1224       3183
              726       1223       4743       1251       2441       1278       4774       1252       4744       4713       2425       2442       4746       1196
         &              4714       1225       2426       1254       4747       1226       4715
              727       1224       4745       1252       4775       1279       4776       1253       3199       3184       4746       4777       3200       1197
         &              4716       1226       4750       1255       4749       1227       3185
              728       1229       4751       1257       2428       1228       4718       1199       4721       4748       2444       2427       4717       1255
         &              4778       1281       2443       1254       4747       1226       4750
              729       1256       4779       1282       4780       1258       4752       1230       3202       3201       4781       4754       3187       1227
         &              4749       1255       4748       1229       4720       1200       3186
              730       1258       4782       1284       2445       1260       4755       1232       4753       4754       2446       2431       4725       1229
         &              4751       1257       2429       1231       4722       1202       4719
              731       1285       4783       1259       3203       1230       4752       1258       4784       4785       3204       3188       4753       1261
         &              4756       1233       3189       1203       4723       1232       4757
              732       1287       4786       1261       4757       1232       4755       1260       2448       2447       4758       4724       2430       1265
         &              4762       1235       4727       1205       4729       1236       2433
              733       1288       4787       1262       3205       1233       4756       1261       4788       4789       3206       3190       4758       1264
         &              4759       1234       3191       1204       4726       1235       4760
              734       1290       1743       1263       3207       1234       4759       1264       4790       1744       1470       3192       4761       1266
         &              1740       1237       3193       1207       4730       1238       4763
              735       1291       4791       1264       4760       1235       4762       1265       2450       2449       4761       4728       2432       1267
         &              4764       1238       4731       1208       4733       1239       2435
              736       1292       1745       1266       4763       1238       4764       1267       2451       1419       1741       4732       2434       1268
         &              1742       1240       4734       1211       4735       1241       2436
              737       1243       1597       1269       1580       1293       3400       1270       3399       3396       1527       2452       4765       1217
         &              3397       1245       2437       1272       4766       1246       4736
              738       1244       3398       1270       3402       1294       3401       1271       1589       3194       4765       4792       3208       1218
         &              4737       1246       4767       1273       4768       1247       3195
              739       1246       4766       1272       2453       1296       4793       1273       4767       4738       2438       2454       4769       1220
         &              4739       1248       2439       1275       4770       1249       4740
              740       1247       4768       1273       4794       1297       4795       1274       3209       3196       4769       4796       3210       1221
         &              4741       1249       4771       1276       4772       1250       3197
              741       1249       4770       1275       2455       1299       4797       1276       4771       4742       2440       2456       4773       1223
         &              4743       1251       2441       1278       4774       1252       4744
              742       1250       4772       1276       4798       1300       4799       1277       3211       3198       4773       4800       3212       1224
         &              4745       1252       4775       1279       4776       1253       3199
              743       1252       4774       1278       2457       1302       4801       1279       4775       4746       2442       2458       4777       1226
         &              4747       1254       2443       1281       4778       1255       4750
              744       1303       4802       1280       3213       1253       4776       1279       4803       4804       3214       3200       4777       1282
         &              4779       1256       3201       1227       4749       1255       4781
              745       1282       4805       1305       2459       1284       4782       1258       4780       4781       2460       2446       4754       1255
         &              4778       1281       2444       1257       4751       1229       4748
              746       1306       4806       1283       3215       1256       4779       1282       4807       4808       3216       3202       4780       1285
         &              4783       1259       3203       1230       4752       1258       4784
              747       1308       4809       1285       4784       1258       4782       1284       2462       2461       4785       4753       2445       1287
         &              4786       1261       4757       1232       4755       1260       2448
              748       1309       4810       1286       3217       1259       4783       1285       4811       4812       3218       3204       4785       1288
         &              4787       1262       3205       1233       4756       1261       4788
              749       1311       4813       1288       4788       1261       4786       1287       2464       2463       4789       4758       2447       1291
         &              4791       1264       4760       1235       4762       1265       2450
              750       1312       1746       1289       3219       1262       4787       1288       4814       1747       1471       3206       4789       1290
         &              1743       1263       3207       1234       4759       1264       4790
              751       1313       1748       1290       4790       1264       4791       1291       2465       1420       1744       4761       2449       1292
         &              1745       1266       4763       1238       4764       1267       2451
              752       1270       3400       1293       1581       1314       3403       1294       3402       4765       2452       2466       4792       1246
         &              4766       1272       2453       1296       4793       1273       4767
              753       1271       3401       1294       3405       1315       3404       1295       1590       3208       4792       4815       3220       1247
         &              4768       1273       4794       1297       4795       1274       3209
              754       1273       4793       1296       2467       1317       4816       1297       4794       4769       2454       2468       4796       1249
         &              4770       1275       2455       1299       4797       1276       4771
              755       1274       4795       1297       4817       1318       4818       1298       3221       3210       4796       4819       3222       1250
         &              4772       1276       4798       1300       4799       1277       3211
              756       1276       4797       1299       2469       1320       4820       1300       4798       4773       2456       2470       4800       1252
         &              4774       1278       2457       1302       4801       1279       4775
              757       1321       4821       1301       3223       1277       4799       1300       4822       4823       3224       3212       4800       1303
         &              4802       1280       3213       1253       4776       1279       4803
              758       1323       4824       1303       4803       1279       4801       1302       2472       2471       4804       4777       2458       1305
         &              4805       1282       4781       1255       4778       1281       2460
              759       1324       4825       1304       3225       1280       4802       1303       4826       4827       3226       3214       4804       1306
         &              4806       1283       3215       1256       4779       1282       4807
              760       1326       4828       1306       4807       1282       4805       1305       2474       2473       4808       4780       2459       1308
         &              4809       1285       4784       1258       4782       1284       2462
              761       1327       4829       1307       3227       1283       4806       1306       4830       4831       3228       3216       4808       1309
         &              4810       1286       3217       1259       4783       1285       4811
              762       1329       4832       1309       4811       1285       4809       1308       2476       2475       4812       4785       2461       1311
         &              4813       1288       4788       1261       4786       1287       2464
              763       1330       1750       1310       3229       1286       4810       1309       4833       1749       1472       3218       4812       1312
         &              1746       1289       3219       1262       4787       1288       4814
              764       1331       1751       1312       4814       1288       4813       1311       2477       1421       1747       4789       2463       1313
         &              1748       1290       4790       1264       4791       1291       2465
              765       1294       3403       1314       1582       1332       3406       1315       3405       4792       2466       2478       4815       1273
         &              4793       1296       2467       1317       4816       1297       4794
              766       1295       3404       1315       3408       1333       3407       1316       1591       3220       4815       4834       3230       1274
         &              4795       1297       4817       1318       4818       1298       3221
              767       1297       4816       1317       2479       1335       4835       1318       4817       4796       2468       2480       4819       1276
         &              4797       1299       2469       1320       4820       1300       4798
              768       1336       4836       1319       3231       1298       4818       1318       4837       4838       3232       3222       4819       1321
         &              4821       1301       3223       1277       4799       1300       4822
              769       1338       4839       1321       4822       1300       4820       1320       2482       2481       4823       4800       2470       1323
         &              4824       1303       4803       1279       4801       1302       2472
              770       1339       4840       1322       3233       1301       4821       1321       4841       4842       3234       3224       4823       1324
         &              4825       1304       3225       1280       4802       1303       4826
              771       1341       4843       1324       4826       1303       4824       1323       2484       2483       4827       4804       2471       1326
         &              4828       1306       4807       1282       4805       1305       2474
              772       1342       4844       1325       3235       1304       4825       1324       4845       4846       3236       3226       4827       1327
         &              4829       1307       3227       1283       4806       1306       4830
              773       1344       4847       1327       4830       1306       4828       1326       2486       2485       4831       4808       2473       1329
         &              4832       1309       4811       1285       4809       1308       2476
              774       1345       1753       1328       3237       1307       4829       1327       4848       1752       1473       3228       4831       1330
         &              1750       1310       3229       1286       4810       1309       4833
              775       1346       1754       1330       4833       1309       4832       1329       2487       1422       1749       4812       2475       1331
         &              1751       1312       4814       1288       4813       1311       2477
              776       1315       3406       1332       1583       1347       3409       1333       3408       4815       2478       2488       4834       1297
         &              4816       1317       2479       1335       4835       1318       4817
              777       1348       3410       1334       1592       1316       3407       1333       3411       4849       3238       3230       4834       1336
         &              4836       1319       3231       1298       4818       1318       4837
              778       1350       4850       1336       4837       1318       4835       1335       2490       2489       4838       4819       2480       1338
         &              4839       1321       4822       1300       4820       1320       2482
              779       1351       4851       1337       3239       1319       4836       1336       4852       4853       3240       3232       4838       1339
         &              4840       1322       3233       1301       4821       1321       4841
              780       1353       4854       1339       4841       1321       4839       1338       2492       2491       4842       4823       2481       1341
         &              4843       1324       4826       1303       4824       1323       2484
              781       1354       4855       1340       3241       1322       4840       1339       4856       4857       3242       3234       4842       1342
         &              4844       1325       3235       1304       4825       1324       4845
              782       1356       4858       1342       4845       1324       4843       1341       2494       2493       4846       4827       2483       1344
         &              4847       1327       4830       1306       4828       1326       2486
              783       1357       1756       1343       3243       1325       4844       1342       4859       1755       1474       3236       4846       1345
         &              1753       1328       3237       1307       4829       1327       4848
              784       1358       1757       1345       4848       1327       4847       1344       2495       1423       1752       4831       2485       1346
         &              1754       1330       4833       1309       4832       1329       2487
              785       1359       3412       1348       3411       1333       3409       1347       1584       2496       4849       4834       2488       1350
         &              4850       1336       4837       1318       4835       1335       2490
              786       1360       3413       1349       1593       1334       3410       1348       3414       4860       3244       3238       4849       1351
         &              4851       1337       3239       1319       4836       1336       4852
              787       1362       4861       1351       4852       1336       4850       1350       2498       2497       4853       4838       2489       1353
         &              4854       1339       4841       1321       4839       1338       2492
              788       1363       4862       1352       3245       1337       4851       1351       4863       4864       3246       3240       4853       1354
         &              4855       1340       3241       1322       4840       1339       4856
              789       1365       4865       1354       4856       1339       4854       1353       2500       2499       4857       4842       2491       1356
         &              4858       1342       4845       1324       4843       1341       2494
              790       1366       1759       1355       3247       1340       4855       1354       4866       1758       1475       3242       4857       1357
         &              1756       1343       3243       1325       4844       1342       4859
              791       1367       1760       1357       4859       1342       4858       1356       2501       1424       1755       4846       2493       1358
         &              1757       1345       4848       1327       4847       1344       2495
              792       1368       3415       1360       3414       1348       3412       1359       1585       2502       4860       4849       2496       1362
         &              4861       1351       4852       1336       4850       1350       2498
              793       1369       3416       1361       1594       1349       3413       1360       3417       4867       3248       3244       4860       1363
         &              4862       1352       3245       1337       4851       1351       4863
              794       1371       4868       1363       4863       1351       4861       1362       2504       2503       4864       4853       2497       1365
         &              4865       1354       4856       1339       4854       1353       2500
              795       1372       1762       1364       3249       1352       4862       1363       4869       1761       1476       3246       4864       1366
         &              1759       1355       3247       1340       4855       1354       4866
              796       1373       1763       1366       4866       1354       4865       1365       2505       1425       1758       4857       2499       1367
         &              1760       1357       4859       1342       4858       1356       2501
              797       1374       3418       1369       3417       1360       3415       1368       1586       2506       4867       4860       2502       1371
         &              4868       1363       4863       1351       4861       1362       2504
              798       1375       1578       1370       1595       1361       3416       1369       3419       1764       1477       3248       4867       1372
         &              1762       1364       3249       1352       4862       1363       4869
              799       1376       1765       1372       4869       1363       4868       1371       2507       1426       1761       4864       2503       1373
         &              1763       1366       4866       1354       4865       1365       2505
              800       1377       1579       1375       3419       1369       3418       1374       1587       1427       1764       4867       2506       1376
         &              1765       1372       4869       1363       4868       1371       2507
!
      $SURFACE ELEMENTS  LABEL = CLAMPED  SYSTEM = LOCAL
              721          1
              737          1
              738          1
              752          1
              753          1
              765          1
              766          1
              776          1
              777          1
              785          1
              786          1
              792          1
              793          1
              797          1
              798          1
              800          1
!
      $ESET NAME = BLADE
                1          2          3          4          5          6          7          8          9         10         11         12         13         14
               15         16         17         18         19         20         21         22         23         24         25         26         27         28
               29         30         31         32         33         34         35         36         37         38         39         40         41         42
               43         44         45         46         47         48         49         50         51         52         53         54         55         56
               57         58         59         60         61         62         63         64         65         66         67         68         69         70
               71         72         73         74         75         76         77         78         79         80         81         82         83         84
               85         86         87         88         89         90         91         92         93         94         95         96         97         98
               99        100        101        102        103        104        105        106        107        108        109        110        111        112
              113        114        115        116        117        118        119        120        121        122        123        124        125        126
              127        128        129        130        131        132        133        134        135        136        137        138        139        140
              141        142        143        144        145        146        147        148        149        150        151        152        153        154
              155        156        157        158        159        160        161        162        163        164        165        166        167        168
              169        170        171        172        173        174        175        176        177        178        179        180        181        182
              183        184        185        186        187        188        189        190        191        192        193        194        195        196
              197        198        199        200        201        202        203        204        205        206        207        208        209        210
              211        212        213        214        215        216        217        218        219        220        221        222        223        224
              225        226        227        228        229        230        231        232        233        234        235        236        237        238
              239        240        241        242        243        244        245        246        247        248        249        250        251        252
              253        254        255        256        257        258        259        260        261        262        263        264        265        266
              267        268        269        270        271        272        273        274        275        276        277        278        279        280
              281        282        283        284        285        286        287        288        289        290        291        292        293        294
              295        296        297        298        299        300        301        302        303        304        305        306        307        308
              309        310        311        312        313        314        315        316        317        318        319        320        321        322
              323        324        325        326        327        328        329        330        331        332        333        334        335        336
              337        338        339        340        341        342        343        344        345        346        347        348        349        350
              351        352        353        354        355        356        357        358        359        360        361        362        363        364
              365        366        367        368        369        370        371        372        373        374        375        376        377        378
              379        380        381        382        383        384        385        386        387        388        389        390        391        392
              393        394        395        396        397        398        399        400        401        402        403        404        405        406
              407        408        409        410        411        412        413        414        415        416        417        418        419        420
              421        422        423        424        425        426        427        428        429        430        431        432        433        434
              435        436        437        438        439        440        441        442        443        444        445        446        447        448
              449        450        451        452        453        454        455        456        457        458        459        460        461        462
              463        464        465        466        467        468        469        470        471        472        473        474        475        476
              477        478        479        480        481        482        483        484        485        486        487        488        489        490
              491        492        493        494        495        496        497        498        499        500        501        502        503        504
              505        506        507        508        509        510        511        512        513        514        515        516        517        518
              519        520        521        522        523        524        525        526        527        528        529        530        531        532
              533        534        535        536        537        538        539        540        541        542        543        544        545        546
              547        548        549        550        551        552        553        554        555        556        557        558        559        560
              561        562        563        564        565        566        567        568        569        570        571        572        573        574
              575        576        577        578        579        580        581        582        583        584        585        586        587        588
              589        590        591        592        593        594        595        596        597        598        599        600        601        602
              603        604        605        606        607        608        609        610        611        612        613        614        615        616
              617        618        619        620        621        622        623        624        625        626        627        628        629        630
              631        632        633        634        635        636        637        638        639        640        641        642        643        644
              645        646        647        648        649        650        651        652        653        654        655        656        657        658
              659        660        661        662        663        664        665        666        667        668        669        670        671        672
              673        674        675        676        677        678        679        680        681        682        683        684        685        686
              687        688        689        690        691        692        693        694        695        696        697        698        699        700
              701        702        703        704        705        706        707        708        709        710        711        712        713        714
              715        716        717        718        719        720        721        722        723        724        725        726        727        728
              729        730        731        732        733        734        735        736        737        738        739        740        741        742
              743        744        745        746        747        748        749        750        751        752        753        754        755        756
              757        758        759        760        761        762        763        764        765        766        767        768        769        770
              771        772        773        774        775        776        777        778        779        780        781        782        783        784
              785        786        787        788        789        790        791        792        793        794        795        796        797        798
              799        800
!
      $COOR
                1  1.100000E+00  7.424600E-02  6.717500E-02
                2  1.080120E+00  7.498100E-02  7.048500E-02
                3  1.100000E+00  7.071000E-02  7.071000E-02
                4  1.100000E+00  5.656800E-02  4.949700E-02
                5  1.060250E+00  7.571100E-02  7.378700E-02
                6  1.080120E+00  7.141100E-02  7.398200E-02
                7  1.080120E+00  5.712800E-02  5.199000E-02
                8  1.100000E+00  6.717500E-02  7.424600E-02
                9  1.100000E+00  5.303300E-02  5.303300E-02
               10  1.100000E+00  3.889000E-02  3.181900E-02
               11  1.040370E+00  7.643100E-02  7.707200E-02
               12  1.060230E+00  7.210700E-02  7.724600E-02
               13  1.060240E+00  5.768400E-02  5.447600E-02
               14  1.080110E+00  6.784100E-02  7.748000E-02
               15  1.080120E+00  5.355800E-02  5.548700E-02
               16  1.080120E+00  3.927500E-02  3.349500E-02
               17  1.100000E+00  4.949700E-02  5.656800E-02
               18  1.100000E+00  3.535500E-02  3.535500E-02
               19  1.100000E+00  2.121300E-02  1.414200E-02
               20  1.020480E+00  7.713500E-02  8.033200E-02
               21  1.040340E+00  7.279200E-02  8.049300E-02
               22  1.040360E+00  5.823300E-02  5.695000E-02
               23  1.060220E+00  6.850300E-02  8.070500E-02
               24  1.060230E+00  5.408000E-02  5.793400E-02
               25  1.060240E+00  3.965800E-02  3.516600E-02
               26  1.080110E+00  4.998800E-02  5.898300E-02
               27  1.080120E+00  3.570500E-02  3.699100E-02
               28  1.080120E+00  2.142200E-02  1.499900E-02
               29  1.100000E+00  3.181900E-02  3.889000E-02
               30  1.100000E+00  1.767700E-02  1.767700E-02
               31  1.100000E+00  3.535000E-03 -3.530000E-03
               32  1.000590E+00  7.782000E-02  8.355700E-02
               33  1.020450E+00  7.346300E-02  8.371400E-02
               34  1.020470E+00  5.877000E-02  5.940500E-02
               35  1.040320E+00  6.915400E-02  8.391300E-02
               36  1.040340E+00  5.459400E-02  6.036900E-02
               37  1.040360E+00  4.003500E-02  3.682800E-02
               38  1.060220E+00  5.047600E-02  6.139200E-02
               39  1.060230E+00  3.605300E-02  3.862300E-02
               40  1.060240E+00  2.163100E-02  1.585400E-02
               41  1.080110E+00  3.213500E-02  4.048700E-02
               42  1.080120E+00  1.785200E-02  1.849500E-02
               43  1.080120E+00  3.570000E-03 -3.490000E-03
               44  1.100000E+00  1.414200E-02  2.121300E-02
               45  1.100000E+00  0.000000E+00  0.000000E+00
               46  1.100000E+00 -1.414000E-02 -2.121000E-02
               47  9.806910E-01  7.848000E-02  8.674100E-02
               48  1.000550E+00  7.411400E-02  8.690100E-02
               49  1.000580E+00  5.929200E-02  6.183500E-02
               50  1.020420E+00  6.979100E-02  8.709600E-02
               51  1.020450E+00  5.509700E-02  6.278500E-02
               52  1.020470E+00  4.040400E-02  3.847800E-02
               53  1.040330E+00  5.095600E-02  6.378800E-02
               54  1.040340E+00  3.639600E-02  4.024600E-02
               55  1.040350E+00  2.183700E-02  1.670600E-02
               56  1.060220E+00  3.244900E-02  4.208000E-02
               57  1.060230E+00  1.802600E-02  1.931100E-02
               58  1.060230E+00  3.604000E-03 -3.450000E-03
               59  1.080110E+00  1.428200E-02  2.199100E-02
               60  1.080120E+00  1.000000E-17  7.400000E-18
               61  1.080110E+00 -1.428000E-02 -2.199000E-02
               62  1.100000E+00 -3.530000E-03  3.535000E-03
               63  1.100000E+00 -1.767000E-02 -1.767000E-02
               64  1.100000E+00 -3.181000E-02 -3.889000E-02
               65  9.607830E-01  7.911000E-02  8.987400E-02
               66  9.806460E-01  7.474000E-02  9.004600E-02
               67  9.806800E-01  5.979600E-02  6.423200E-02
               68  1.000520E+00  7.040700E-02  9.024500E-02
               69  1.000550E+00  5.558500E-02  6.517600E-02
               70  1.000570E+00  4.076400E-02  4.011100E-02
               71  1.020430E+00  5.142400E-02  6.616500E-02
               72  1.020450E+00  3.673100E-02  4.185700E-02
               73  1.020460E+00  2.203900E-02  1.755000E-02
               74  1.040330E+00  3.275700E-02  4.366400E-02
               75  1.040340E+00  1.819800E-02  2.012300E-02
               76  1.040340E+00  3.639000E-03 -3.410000E-03
               77  1.060230E+00  1.442200E-02  2.276800E-02
               78  1.060230E+00  1.010000E-17  7.600000E-18
               79  1.060230E+00 -1.442000E-02 -2.276000E-02
               80  1.080120E+00 -3.570000E-03  3.496000E-03
               81  1.080120E+00 -1.785000E-02 -1.849000E-02
               82  1.080110E+00 -3.213000E-02 -4.048000E-02
               83  1.100000E+00 -2.121000E-02 -1.414000E-02
               84  1.100000E+00 -3.535000E-02 -3.535000E-02
               85  1.100000E+00 -4.949000E-02 -5.656000E-02
               86  9.408640E-01  7.970400E-02  9.294600E-02
               87  9.607310E-01  7.533500E-02  9.313900E-02
               88  9.607700E-01  6.027600E-02  6.659200E-02
               89  9.806020E-01  7.099900E-02  9.335100E-02
               90  9.806460E-01  5.605500E-02  6.753400E-02
               91  9.806690E-01  4.111100E-02  4.172300E-02
               92  1.000520E+00  5.187800E-02  6.851700E-02
               93  1.000550E+00  3.705700E-02  4.345000E-02
               94  1.000560E+00  2.223600E-02  1.838700E-02
               95  1.020440E+00  3.305800E-02  4.523500E-02
               96  1.020450E+00  1.836500E-02  2.092800E-02
               97  1.020450E+00  3.673000E-03 -3.370000E-03
               98  1.040340E+00  1.455900E-02  2.354000E-02
               99  1.040340E+00  1.020000E-17  8.220000E-18
              100  1.040340E+00 -1.455000E-02 -2.354000E-02
              101  1.060230E+00 -3.600000E-03  3.456000E-03
              102  1.060230E+00 -1.802000E-02 -1.931000E-02
              103  1.060220E+00 -3.244000E-02 -4.208000E-02
              104  1.080120E+00 -2.142000E-02 -1.499000E-02
              105  1.080120E+00 -3.570000E-02 -3.699000E-02
              106  1.080110E+00 -4.998000E-02 -5.898000E-02
              107  1.100000E+00 -3.889000E-02 -3.181000E-02
              108  1.100000E+00 -5.303000E-02 -5.303000E-02
              109  1.100000E+00 -6.717000E-02 -7.424000E-02
              110  9.209340E-01  8.025800E-02  9.595100E-02
              111  9.408060E-01  7.589600E-02  9.617300E-02
              112  9.408490E-01  6.073100E-02  6.890700E-02
              113  9.606800E-01  7.156100E-02  9.640500E-02
              114  9.607310E-01  5.650100E-02  6.985400E-02
              115  9.607570E-01  4.144300E-02  4.330900E-02
              116  9.806130E-01  5.231400E-02  7.083600E-02
              117  9.806460E-01  3.737000E-02  4.502300E-02
              118  9.806580E-01  2.242600E-02  1.921300E-02
              119  1.000530E+00  3.334900E-02  4.678900E-02
              120  1.000550E+00  1.852800E-02  2.172500E-02
              121  1.000550E+00  3.707000E-03 -3.330000E-03
              122  1.020440E+00  1.469200E-02  2.430600E-02
              123  1.020450E+00  1.030000E-17  8.630000E-18
              124  1.020440E+00 -1.469000E-02 -2.430000E-02
              125  1.040340E+00 -3.630000E-03  3.416000E-03
              126  1.040340E+00 -1.819000E-02 -2.012000E-02
              127  1.040330E+00 -3.275000E-02 -4.366000E-02
              128  1.060240E+00 -2.163000E-02 -1.585000E-02
              129  1.060230E+00 -3.605000E-02 -3.862000E-02
              130  1.060220E+00 -5.047000E-02 -6.139000E-02
              131  1.080120E+00 -3.927000E-02 -3.349000E-02
              132  1.080120E+00 -5.355000E-02 -5.548000E-02
              133  1.080110E+00 -6.784000E-02 -7.748000E-02
              134  1.100000E+00 -5.656000E-02 -4.949000E-02
              135  1.100000E+00 -7.071000E-02 -7.071000E-02
              136  9.009910E-01  8.076600E-02  9.887900E-02
              137  9.208690E-01  7.641600E-02  9.913900E-02
              138  9.209180E-01  6.115400E-02  7.117100E-02
              139  9.407480E-01  7.208800E-02  9.940000E-02
              140  9.408060E-01  5.692200E-02  7.213000E-02
              141  9.408350E-01  4.175700E-02  4.486600E-02
              142  9.606930E-01  5.272600E-02  7.311700E-02
              143  9.607310E-01  3.766700E-02  4.656900E-02
              144  9.607440E-01  2.260900E-02  2.002600E-02
              145  9.806240E-01  3.362800E-02  4.832200E-02
              146  9.806460E-01  1.868500E-02  2.251100E-02
              147  9.806460E-01  3.741000E-03 -3.290000E-03
              148  1.000540E+00  1.482100E-02  2.506300E-02
              149  1.000550E+00  1.060000E-17  8.810000E-18
              150  1.000540E+00 -1.482000E-02 -2.506000E-02
              151  1.020450E+00 -3.670000E-03  3.377000E-03
              152  1.020450E+00 -1.836000E-02 -2.092000E-02
              153  1.020440E+00 -3.305000E-02 -4.523000E-02
              154  1.040350E+00 -2.183000E-02 -1.670000E-02
              155  1.040340E+00 -3.639000E-02 -4.024000E-02
              156  1.040330E+00 -5.095000E-02 -6.378000E-02
              157  1.060240E+00 -3.965000E-02 -3.516000E-02
              158  1.060230E+00 -5.408000E-02 -5.793000E-02
              159  1.060220E+00 -6.850000E-02 -8.070000E-02
              160  1.080120E+00 -5.712000E-02 -5.199000E-02
              161  1.080120E+00 -7.141000E-02 -7.398000E-02
              162  1.100000E+00 -7.424000E-02 -6.717000E-02
              163  8.810350E-01  8.122400E-02  1.017210E-01
              164  9.009200E-01  7.689100E-02  1.020270E-01
              165  9.009740E-01  6.154400E-02  7.337700E-02
              166  9.208040E-01  7.257500E-02  1.023260E-01
              167  9.208690E-01  5.731200E-02  7.435400E-02
              168  9.209020E-01  4.205100E-02  4.638900E-02
              169  9.407620E-01  5.311300E-02  7.535300E-02
              170  9.408060E-01  3.794800E-02  4.808600E-02
              171  9.408200E-01  2.278300E-02  2.082400E-02
              172  9.607050E-01  3.389200E-02  4.982900E-02
              173  9.607310E-01  1.883300E-02  2.328500E-02
              174  9.607310E-01  3.775000E-03 -3.250000E-03
              175  9.806350E-01  1.494300E-02  2.580900E-02
              176  9.806460E-01  1.160000E-17  9.420000E-18
              177  9.806350E-01 -1.494000E-02 -2.580000E-02
              178  1.000550E+00 -3.700000E-03  3.337000E-03
              179  1.000550E+00 -1.852000E-02 -2.172000E-02
              180  1.000530E+00 -3.334000E-02 -4.678000E-02
              181  1.020460E+00 -2.203000E-02 -1.755000E-02
              182  1.020450E+00 -3.673000E-02 -4.185000E-02
              183  1.020430E+00 -5.142000E-02 -6.616000E-02
              184  1.040360E+00 -4.003000E-02 -3.682000E-02
              185  1.040340E+00 -5.459000E-02 -6.036000E-02
              186  1.040320E+00 -6.915000E-02 -8.391000E-02
              187  1.060240E+00 -5.768000E-02 -5.447000E-02
              188  1.060230E+00 -7.210000E-02 -7.724000E-02
              189  1.080120E+00 -7.498000E-02 -7.048000E-02
              190  8.610640E-01  8.162600E-02  1.044690E-01
              191  8.809570E-01  7.731600E-02  1.048290E-01
              192  8.810150E-01  6.189600E-02  7.551800E-02
              193  9.008480E-01  7.301600E-02  1.051750E-01
              194  9.009200E-01  5.766800E-02  7.652000E-02
              195  9.009560E-01  4.232200E-02  4.787300E-02
              196  9.208200E-01  5.347000E-02  7.753700E-02
              197  9.208690E-01  3.820800E-02  4.956900E-02
              198  9.208850E-01  2.294700E-02  2.160600E-02
              199  9.407770E-01  3.413900E-02  5.130700E-02
              200  9.408060E-01  1.897400E-02  2.404300E-02
              201  9.408060E-01  3.809000E-03 -3.210000E-03
              202  9.607180E-01  1.505800E-02  2.654300E-02
              203  9.607310E-01  1.080000E-17  9.600000E-18
              204  9.607180E-01 -1.505000E-02 -2.654000E-02
              205  9.806460E-01 -3.740000E-03  3.297000E-03
              206  9.806460E-01 -1.868000E-02 -2.251000E-02
              207  9.806240E-01 -3.362000E-02 -4.832000E-02
              208  1.000560E+00 -2.223000E-02 -1.838000E-02
              209  1.000550E+00 -3.705000E-02 -4.345000E-02
              210  1.000520E+00 -5.187000E-02 -6.851000E-02
              211  1.020470E+00 -4.040000E-02 -3.847000E-02
              212  1.020450E+00 -5.509000E-02 -6.278000E-02
              213  1.020420E+00 -6.979000E-02 -8.709000E-02
              214  1.040360E+00 -5.823000E-02 -5.695000E-02
              215  1.040340E+00 -7.279000E-02 -8.049000E-02
              216  1.060250E+00 -7.571000E-02 -7.378000E-02
              217  8.410780E-01  8.196600E-02  1.071120E-01
              218  8.610430E-01  6.220500E-02  7.758900E-02
              219  8.609800E-01  7.768500E-02  1.075360E-01
              220  8.808790E-01  7.340800E-02  1.079370E-01
              221  8.809570E-01  5.798700E-02  7.862100E-02
              222  8.809960E-01  4.256700E-02  4.931400E-02
              223  9.008660E-01  5.379300E-02  7.966300E-02
              224  9.009200E-01  3.844500E-02  5.101300E-02
              225  9.009380E-01  2.309900E-02  2.236800E-02
              226  9.208370E-01  3.436500E-02  5.274900E-02
              227  9.208690E-01  1.910400E-02  2.478400E-02
              228  9.208690E-01  3.843000E-03 -3.170000E-03
              229  9.407910E-01  1.516400E-02  2.726200E-02
              230  9.408060E-01  1.090000E-17  9.979999E-18
              231  9.407910E-01 -1.516000E-02 -2.726000E-02
              232  9.607310E-01 -3.770000E-03  3.258000E-03
              233  9.607310E-01 -1.883000E-02 -2.328000E-02
              234  9.607050E-01 -3.389000E-02 -4.982000E-02
              235  9.806580E-01 -2.242000E-02 -1.921000E-02
              236  9.806460E-01 -3.737000E-02 -4.502000E-02
              237  9.806130E-01 -5.231000E-02 -7.083000E-02
              238  1.000570E+00 -4.076000E-02 -4.011000E-02
              239  1.000550E+00 -5.558000E-02 -6.517000E-02
              240  1.000520E+00 -7.040000E-02 -9.024000E-02
              241  1.020470E+00 -5.877000E-02 -5.940000E-02
              242  1.020450E+00 -7.346000E-02 -8.371000E-02
              243  1.040370E+00 -7.643000E-02 -7.707000E-02
              244  8.210770E-01  8.224100E-02  1.096430E-01
              245  8.409880E-01  7.799300E-02  1.101390E-01
              246  8.410560E-01  6.246900E-02  7.958200E-02
              247  8.610220E-01  4.278400E-02  5.070900E-02
              248  8.609800E-01  5.826300E-02  8.065200E-02
              249  8.608960E-01  7.374400E-02  1.106030E-01
              250  8.808990E-01  5.407800E-02  8.172400E-02
              251  8.809570E-01  3.865800E-02  5.241400E-02
              252  8.809770E-01  2.323800E-02  2.310900E-02
              253  9.008840E-01  3.456900E-02  5.415300E-02
              254  9.009200E-01  1.922200E-02  2.550600E-02
              255  9.009200E-01  3.876000E-03 -3.130000E-03
              256  9.208530E-01  1.526100E-02  2.796300E-02
              257  9.208690E-01  1.100000E-17  1.030000E-17
              258  9.208530E-01 -1.526000E-02 -2.796000E-02
              259  9.408060E-01 -3.800000E-03  3.218000E-03
              260  9.408060E-01 -1.897000E-02 -2.404000E-02
              261  9.407770E-01 -3.413000E-02 -5.130000E-02
              262  9.607440E-01 -2.260000E-02 -2.002000E-02
              263  9.607310E-01 -3.766000E-02 -4.656000E-02
              264  9.606930E-01 -5.272000E-02 -7.311000E-02
              265  9.806690E-01 -4.111000E-02 -4.172000E-02
              266  9.806460E-01 -5.605000E-02 -6.753000E-02
              267  9.806020E-01 -7.099000E-02 -9.335000E-02
              268  1.000580E+00 -5.929000E-02 -6.183000E-02
              269  1.000550E+00 -7.411000E-02 -8.690000E-02
              270  1.020480E+00 -7.713000E-02 -8.033000E-02
              271  8.010590E-01  8.244300E-02  1.120530E-01
              272  8.209810E-01  7.823400E-02  1.126290E-01
              273  8.210530E-01  6.268200E-02  8.149100E-02
              274  8.408990E-01  7.401900E-02  1.131660E-01
              275  8.409880E-01  5.849400E-02  8.260400E-02
              276  8.410330E-01  4.297100E-02  5.205100E-02
              277  8.610010E-01  2.336300E-02  2.382700E-02
              278  8.609800E-01  3.884200E-02  5.376800E-02
              279  8.609170E-01  5.432200E-02  8.371400E-02
              280  8.809180E-01  3.474800E-02  5.551400E-02
              281  8.809570E-01  1.932900E-02  2.620700E-02
              282  8.809570E-01  3.909000E-03 -3.090000E-03
              283  9.009020E-01  1.534600E-02  2.864400E-02
              284  9.009200E-01  1.100000E-17  1.070000E-17
              285  9.009020E-01 -1.534000E-02 -2.864000E-02
              286  9.208690E-01 -3.840000E-03  3.177000E-03
              287  9.208690E-01 -1.910000E-02 -2.478000E-02
              288  9.208370E-01 -3.436000E-02 -5.274000E-02
              289  9.408200E-01 -2.278000E-02 -2.082000E-02
              290  9.408060E-01 -3.794000E-02 -4.808000E-02
              291  9.407620E-01 -5.311000E-02 -7.535000E-02
              292  9.607570E-01 -4.144000E-02 -4.330000E-02
              293  9.607310E-01 -5.650000E-02 -6.985000E-02
              294  9.606800E-01 -7.156000E-02 -9.640000E-02
              295  9.806800E-01 -5.979000E-02 -6.423000E-02
              296  9.806460E-01 -7.474000E-02 -9.004000E-02
              297  1.000590E+00 -7.782000E-02 -8.355000E-02
              298  7.810260E-01  8.256800E-02  1.143310E-01
              299  8.009590E-01  7.840500E-02  1.149970E-01
              300  8.010340E-01  6.284200E-02  8.330800E-02
              301  8.208860E-01  7.422800E-02  1.156150E-01
              302  8.209810E-01  5.867600E-02  8.447100E-02
              303  8.210290E-01  4.312400E-02  5.333700E-02
              304  8.409210E-01  5.452000E-02  8.562500E-02
              305  8.409880E-01  3.899600E-02  5.506900E-02
              306  8.410110E-01  2.347300E-02  2.451800E-02
              307  8.609800E-01  3.942000E-03 -3.050000E-03
              308  8.609800E-01  1.942100E-02  2.688400E-02
              309  8.609380E-01  3.490000E-02  5.682700E-02
              310  8.809380E-01  1.541900E-02  2.930400E-02
              311  8.809570E-01  2.460000E-18 -2.300000E-18
              312  8.809380E-01 -1.541000E-02 -2.930000E-02
              313  9.009200E-01 -3.870000E-03  3.137000E-03
              314  9.009200E-01 -1.922000E-02 -2.550000E-02
              315  9.008840E-01 -3.456000E-02 -5.415000E-02
              316  9.208850E-01 -2.294000E-02 -2.160000E-02
              317  9.208690E-01 -3.820000E-02 -4.956000E-02
              318  9.208200E-01 -5.347000E-02 -7.753000E-02
              319  9.408350E-01 -4.175000E-02 -4.486000E-02
              320  9.408060E-01 -5.692000E-02 -7.213000E-02
              321  9.407480E-01 -7.208000E-02 -9.940000E-02
              322  9.607700E-01 -6.027000E-02 -6.659000E-02
              323  9.607310E-01 -7.533000E-02 -9.313000E-02
              324  9.806910E-01 -7.848000E-02 -8.674000E-02
              325  7.609770E-01  8.261100E-02  1.164690E-01
              326  7.809210E-01  7.849800E-02  1.172330E-01
              327  7.810000E-01  6.294400E-02  8.502700E-02
              328  8.008590E-01  7.436600E-02  1.179410E-01
              329  8.009590E-01  5.880300E-02  8.624700E-02
              330  8.010090E-01  4.324100E-02  5.456200E-02
              331  8.209100E-01  5.466900E-02  8.745200E-02
              332  8.209810E-01  3.911700E-02  5.631400E-02
              333  8.210050E-01  2.356500E-02  2.518200E-02
              334  8.409430E-01  3.502100E-02  5.808700E-02
              335  8.409880E-01  1.949800E-02  2.753400E-02
              336  8.409880E-01  3.975000E-03 -3.010000E-03
              337  8.609590E-01 -1.547000E-02 -2.994000E-02
              338  8.609800E-01 -6.500000E-18 -1.300000E-17
              339  8.609590E-01  1.547800E-02  2.994000E-02
              340  8.809570E-01 -3.900000E-03  3.096000E-03
              341  8.809570E-01 -1.932000E-02 -2.620000E-02
              342  8.809180E-01 -3.474000E-02 -5.551000E-02
              343  9.009380E-01 -2.309000E-02 -2.236000E-02
              344  9.009200E-01 -3.844000E-02 -5.101000E-02
              345  9.008660E-01 -5.379000E-02 -7.966000E-02
              346  9.209020E-01 -4.205000E-02 -4.638000E-02
              347  9.208690E-01 -5.731000E-02 -7.435000E-02
              348  9.208040E-01 -7.257000E-02 -1.023200E-01
              349  9.408490E-01 -6.073000E-02 -6.890000E-02
              350  9.408060E-01 -7.589000E-02 -9.617000E-02
              351  9.607830E-01 -7.911000E-02 -8.987000E-02
              352  7.409120E-01  8.256600E-02  1.184570E-01
              353  7.608670E-01  7.850900E-02  1.193290E-01
              354  7.609490E-01  6.298300E-02  8.664100E-02
              355  7.808150E-01  7.442800E-02  1.201350E-01
              356  7.809210E-01  5.887300E-02  8.792400E-02
              357  7.809730E-01  4.331900E-02  5.572200E-02
              358  8.008840E-01  5.476500E-02  8.918600E-02
              359  8.009590E-01  3.920200E-02  5.749800E-02
              360  8.009840E-01  2.364000E-02  2.581500E-02
              361  8.209340E-01  3.511000E-02  5.929100E-02
              362  8.209810E-01  1.955800E-02  2.815700E-02
              363  8.209810E-01  4.007000E-03 -2.970000E-03
              364  8.409660E-01  1.552300E-02  3.055000E-02
              365  8.409880E-01  1.080000E-17  1.190000E-17
              366  8.409660E-01 -1.552000E-02 -3.055000E-02
              367  8.609380E-01 -3.490000E-02 -5.682000E-02
              368  8.609800E-01 -1.942000E-02 -2.688000E-02
              369  8.609800E-01 -3.940000E-03  3.056000E-03
              370  8.809770E-01 -2.323000E-02 -2.310000E-02
              371  8.809570E-01 -3.865000E-02 -5.241000E-02
              372  8.808990E-01 -5.407000E-02 -8.172000E-02
              373  9.009560E-01 -4.232000E-02 -4.787000E-02
              374  9.009200E-01 -5.766000E-02 -7.652000E-02
              375  9.008480E-01 -7.301000E-02 -1.051700E-01
              376  9.209180E-01 -6.115000E-02 -7.117000E-02
              377  9.208690E-01 -7.641000E-02 -9.913000E-02
              378  9.408640E-01 -7.970000E-02 -9.294000E-02
              379  7.208330E-01  8.242700E-02  1.202870E-01
              380  7.407980E-01  7.843300E-02  1.212750E-01
              381  7.408840E-01  6.295700E-02  8.814300E-02
              382  7.607570E-01  7.440800E-02  1.221890E-01
              383  7.608670E-01  5.888200E-02  8.949600E-02
              384  7.609220E-01  4.335600E-02  5.681200E-02
              385  7.808420E-01  5.480300E-02  9.082200E-02
              386  7.809210E-01  3.924900E-02  5.861600E-02
              387  7.809470E-01  2.369500E-02  2.641600E-02
              388  8.009090E-01  3.516300E-02  6.043300E-02
              389  8.009590E-01  1.960100E-02  2.874900E-02
              390  8.009590E-01  4.039000E-03 -2.930000E-03
              391  8.209580E-01  1.555100E-02  3.113200E-02
              392  8.209810E-01  1.120000E-17  1.200000E-17
              393  8.209580E-01 -1.555000E-02 -3.113000E-02
              394  8.409880E-01 -3.970000E-03  3.015000E-03
              395  8.409880E-01 -1.949000E-02 -2.753000E-02
              396  8.409430E-01 -3.502000E-02 -5.808000E-02
              397  8.609170E-01 -5.432000E-02 -8.371000E-02
              398  8.609800E-01 -3.884000E-02 -5.376000E-02
              399  8.610010E-01 -2.336000E-02 -2.382000E-02
              400  8.809960E-01 -4.256000E-02 -4.931000E-02
              401  8.809570E-01 -5.798000E-02 -7.862000E-02
              402  8.808790E-01 -7.340000E-02 -1.079300E-01
              403  9.009740E-01 -6.154000E-02 -7.337000E-02
              404  9.009200E-01 -7.689000E-02 -1.020200E-01
              405  9.209340E-01 -8.025000E-02 -9.595000E-02
              406  7.007400E-01  8.219000E-02  1.219480E-01
              407  7.208040E-01  6.286100E-02  8.952600E-02
              408  7.207160E-01  7.826400E-02  1.230610E-01
              409  7.406850E-01  7.430000E-02  1.240910E-01
              410  7.407980E-01  5.882500E-02  9.095500E-02
              411  7.408550E-01  4.334800E-02  5.782800E-02
              412  7.607850E-01  5.478000E-02  9.235100E-02
              413  7.608670E-01  3.925400E-02  5.966400E-02
              414  7.608940E-01  2.372800E-02  2.698200E-02
              415  7.808680E-01  3.517800E-02  6.151000E-02
              416  7.809210E-01  1.962400E-02  2.930800E-02
              417  7.809210E-01  4.070000E-03 -2.890000E-03
              418  8.009340E-01  1.556200E-02  3.168200E-02
              419  8.009590E-01  1.950000E-17  2.510000E-17
              420  8.009340E-01 -1.556000E-02 -3.168000E-02
              421  8.209810E-01 -4.000000E-03  2.974000E-03
              422  8.209810E-01 -1.955000E-02 -2.815000E-02
              423  8.209340E-01 -3.511000E-02 -5.929000E-02
              424  8.410110E-01 -2.347000E-02 -2.451000E-02
              425  8.409880E-01 -3.899000E-02 -5.506000E-02
              426  8.409210E-01 -5.452000E-02 -8.562000E-02
              427  8.608960E-01 -7.374000E-02 -1.106000E-01
              428  8.609800E-01 -5.826000E-02 -8.065000E-02
              429  8.610220E-01 -4.278000E-02 -5.070000E-02
              430  8.810150E-01 -6.189000E-02 -7.551000E-02
              431  8.809570E-01 -7.731000E-02 -1.048200E-01
              432  9.009910E-01 -8.076000E-02 -9.887000E-02
              433  6.806350E-01  8.184900E-02  1.234320E-01
              434  7.007100E-01  6.269000E-02  9.078200E-02
              435  7.006200E-01  7.799700E-02  1.246780E-01
              436  7.207740E-01  4.329400E-02  5.876400E-02
              437  7.207160E-01  5.869800E-02  9.229500E-02
              438  7.205980E-01  7.410100E-02  1.258340E-01
              439  7.407130E-01  5.469200E-02  9.376800E-02
              440  7.407980E-01  3.921600E-02  6.063700E-02
              441  7.408270E-01  2.374000E-02  2.751100E-02
              442  7.608120E-01  3.515300E-02  6.251500E-02
              443  7.608670E-01  1.962700E-02  2.983200E-02
              444  7.608670E-01  4.101000E-03 -2.840000E-03
              445  7.808940E-01  1.555400E-02  3.219900E-02
              446  7.809210E-01  1.130000E-17  1.260000E-17
              447  7.808940E-01 -1.555000E-02 -3.219000E-02
              448  8.009590E-01 -4.030000E-03  2.932000E-03
              449  8.009590E-01 -1.960000E-02 -2.874000E-02
              450  8.009090E-01 -3.516000E-02 -6.043000E-02
              451  8.210050E-01 -2.356000E-02 -2.518000E-02
              452  8.209810E-01 -3.911000E-02 -5.631000E-02
              453  8.209100E-01 -5.466000E-02 -8.745000E-02
              454  8.410330E-01 -4.297000E-02 -5.205000E-02
              455  8.409880E-01 -5.849000E-02 -8.260000E-02
              456  8.408990E-01 -7.401000E-02 -1.131600E-01
              457  8.609800E-01 -7.768000E-02 -1.075300E-01
              458  8.610430E-01 -6.220000E-02 -7.758000E-02
              459  8.810350E-01 -8.122000E-02 -1.017200E-01
              460  6.605190E-01  8.139800E-02  1.247280E-01
              461  6.806040E-01  6.244100E-02  9.190600E-02
              462  6.805120E-01  7.762600E-02  1.261180E-01
              463  7.006800E-01  4.319000E-02  5.961600E-02
              464  7.006200E-01  5.849700E-02  9.350800E-02
              465  7.005000E-01  7.380300E-02  1.274080E-01
              466  7.207450E-01  2.372800E-02  2.800000E-02
              467  7.207160E-01  3.913200E-02  6.153000E-02
              468  7.206280E-01  5.453500E-02  9.506400E-02
              469  7.407410E-01  3.508400E-02  6.344600E-02
              470  7.407980E-01  1.960800E-02  3.031800E-02
              471  7.407980E-01  4.132000E-03 -2.800000E-03
              472  7.608390E-01  1.552500E-02  3.268100E-02
              473  7.608670E-01  1.130000E-17  1.290000E-17
              474  7.608390E-01 -1.552000E-02 -3.268000E-02
              475  7.809210E-01 -4.070000E-03  2.890000E-03
              476  7.809210E-01 -1.962000E-02 -2.930000E-02
              477  7.808680E-01 -3.517000E-02 -6.151000E-02
              478  8.009840E-01 -2.364000E-02 -2.581000E-02
              479  8.009590E-01 -3.920000E-02 -5.749000E-02
              480  8.008840E-01 -5.476000E-02 -8.918000E-02
              481  8.210290E-01 -4.312000E-02 -5.333000E-02
              482  8.209810E-01 -5.867000E-02 -8.447000E-02
              483  8.208860E-01 -7.422000E-02 -1.156100E-01
              484  8.410560E-01 -6.246000E-02 -7.958000E-02
              485  8.409880E-01 -7.799000E-02 -1.101300E-01
              486  8.610640E-01 -8.162000E-02 -1.044600E-01
              487  6.403940E-01  8.083200E-02  1.258280E-01
              488  6.604870E-01  6.211000E-02  9.288900E-02
              489  6.603930E-01  7.714600E-02  1.273690E-01
              490  6.805730E-01  4.303400E-02  6.037900E-02
              491  6.805120E-01  5.821900E-02  9.458800E-02
              492  6.803890E-01  7.340300E-02  1.288030E-01
              493  7.006500E-01  2.369100E-02  2.844800E-02
              494  7.006200E-01  3.899800E-02  6.233900E-02
              495  7.005300E-01  5.430500E-02  9.623400E-02
              496  7.207160E-01  4.162000E-03 -2.760000E-03
              497  7.207160E-01  1.956600E-02  3.076500E-02
              498  7.206570E-01  3.496900E-02  6.429600E-02
              499  7.407700E-01  1.547600E-02  3.312500E-02
              500  7.407980E-01  1.130000E-17  1.310000E-17
              501  7.407700E-01 -1.547000E-02 -3.312000E-02
              502  7.608670E-01 -4.100000E-03  2.848000E-03
              503  7.608670E-01 -1.962000E-02 -2.983000E-02
              504  7.608120E-01 -3.515000E-02 -6.251000E-02
              505  7.809470E-01 -2.369000E-02 -2.641000E-02
              506  7.809210E-01 -3.924000E-02 -5.861000E-02
              507  7.808420E-01 -5.480000E-02 -9.082000E-02
              508  8.010090E-01 -4.324000E-02 -5.456000E-02
              509  8.009590E-01 -5.880000E-02 -8.624000E-02
              510  8.008590E-01 -7.436000E-02 -1.179400E-01
              511  8.210530E-01 -6.268000E-02 -8.149000E-02
              512  8.209810E-01 -7.823000E-02 -1.126200E-01
              513  8.410780E-01 -8.196000E-02 -1.071100E-01
              514  6.202630E-01  8.014700E-02  1.267220E-01
              515  6.402670E-01  7.655200E-02  1.284240E-01
              516  6.403620E-01  6.169300E-02  9.372400E-02
              517  6.604560E-01  4.282200E-02  6.104900E-02
              518  6.603930E-01  5.785900E-02  9.552600E-02
              519  6.602680E-01  7.289400E-02  1.300100E-01
              520  6.805430E-01  2.362700E-02  2.885100E-02
              521  6.805120E-01  3.881300E-02  6.305800E-02
              522  6.804200E-01  5.399700E-02  9.727000E-02
              523  7.006200E-01  4.191000E-03 -2.720000E-03
              524  7.006200E-01  1.949900E-02  3.116900E-02
              525  7.005600E-01  3.480600E-02  6.506200E-02
              526  7.206860E-01 -1.540000E-02 -3.352000E-02
              527  7.207160E-01  1.130000E-17  1.340000E-17
              528  7.206860E-01  1.540400E-02  3.352900E-02
              529  7.407980E-01 -4.130000E-03  2.806000E-03
              530  7.407980E-01 -1.960000E-02 -3.031000E-02
              531  7.407410E-01 -3.508000E-02 -6.344000E-02
              532  7.608940E-01 -2.372000E-02 -2.698000E-02
              533  7.608670E-01 -3.925000E-02 -5.966000E-02
              534  7.607850E-01 -5.478000E-02 -9.235000E-02
              535  7.809730E-01 -4.331000E-02 -5.572000E-02
              536  7.809210E-01 -5.887000E-02 -8.792000E-02
              537  7.808150E-01 -7.442000E-02 -1.201300E-01
              538  8.010340E-01 -6.284000E-02 -8.330000E-02
              539  8.009590E-01 -7.840000E-02 -1.149900E-01
              540  8.210770E-01 -8.224000E-02 -1.096400E-01
              541  6.001280E-01  7.933500E-02  1.274000E-01
              542  6.201350E-01  7.583800E-02  1.292720E-01
              543  6.202310E-01  6.118500E-02  9.440500E-02
              544  6.401400E-01  7.227100E-02  1.310190E-01
              545  6.402670E-01  5.741400E-02  9.631700E-02
              546  6.403300E-01  4.255300E-02  6.162000E-02
              547  6.604250E-01  2.353500E-02  2.920800E-02
              548  6.603930E-01  3.857300E-02  6.368400E-02
              549  6.603000E-01  5.360800E-02  9.816400E-02
              550  6.805120E-01  4.220000E-03 -2.670000E-03
              551  6.805120E-01  1.940600E-02  3.152900E-02
              552  6.804500E-01  3.459100E-02  6.573800E-02
              553  7.005900E-01 -1.530000E-02 -3.389000E-02
              554  7.006200E-01  1.130000E-17  1.380000E-17
              555  7.005900E-01  1.530700E-02  3.389000E-02
              556  7.206570E-01 -3.496000E-02 -6.429000E-02
              557  7.207160E-01 -1.956000E-02 -3.076000E-02
              558  7.207160E-01 -4.160000E-03  2.763000E-03
              559  7.408270E-01 -2.374000E-02 -2.751000E-02
              560  7.407980E-01 -3.921000E-02 -6.063000E-02
              561  7.407130E-01 -5.469000E-02 -9.376000E-02
              562  7.609220E-01 -4.335000E-02 -5.681000E-02
              563  7.608670E-01 -5.888000E-02 -8.949000E-02
              564  7.607570E-01 -7.440000E-02 -1.221800E-01
              565  7.810000E-01 -6.294000E-02 -8.502000E-02
              566  7.809210E-01 -7.849000E-02 -1.172300E-01
              567  8.010590E-01 -8.244000E-02 -1.120500E-01
              568  5.799930E-01  7.839500E-02  1.278570E-01
              569  6.000000E-01  7.500000E-02  1.299040E-01
              570  6.000960E-01  6.058300E-02  9.492500E-02
              571  6.200070E-01  7.152900E-02  1.318210E-01
              572  6.201350E-01  5.687800E-02  9.695300E-02
              573  6.201990E-01  4.222400E-02  6.208900E-02
              574  6.401720E-01  5.313500E-02  9.891000E-02
              575  6.402670E-01  3.827600E-02  6.421100E-02
              576  6.402990E-01  2.341400E-02  2.951600E-02
              577  6.603930E-01  4.248000E-03 -2.630000E-03
              578  6.603930E-01  1.928600E-02  3.184200E-02
              579  6.603310E-01  3.432300E-02  6.631900E-02
              580  6.804810E-01 -1.518000E-02 -3.420000E-02
              581  6.805120E-01  1.130000E-17  1.380000E-17
              582  6.804810E-01  1.518500E-02  3.420700E-02
              583  7.005600E-01 -3.480000E-02 -6.506000E-02
              584  7.006200E-01 -1.949000E-02 -3.116000E-02
              585  7.006200E-01 -4.190000E-03  2.720000E-03
              586  7.206280E-01 -5.453000E-02 -9.506000E-02
              587  7.207160E-01 -3.913000E-02 -6.153000E-02
              588  7.207450E-01 -2.372000E-02 -2.800000E-02
              589  7.408550E-01 -4.334000E-02 -5.782000E-02
              590  7.407980E-01 -5.882000E-02 -9.095000E-02
              591  7.406850E-01 -7.430000E-02 -1.240900E-01
              592  7.609490E-01 -6.298000E-02 -8.664000E-02
              593  7.608670E-01 -7.850000E-02 -1.193200E-01
              594  7.810260E-01 -8.256000E-02 -1.143300E-01
              595  5.598600E-01  7.732900E-02  1.280980E-01
              596  5.798650E-01  7.403300E-02  1.303140E-01
              597  5.799610E-01  5.988400E-02  9.527900E-02
              598  5.998720E-01  7.066400E-02  1.324070E-01
              599  6.000000E-01  5.624900E-02  9.742700E-02
              600  6.000640E-01  4.183100E-02  6.245000E-02
              601  6.200390E-01  5.257200E-02  9.950100E-02
              602  6.201350E-01  3.791900E-02  6.463500E-02
              603  6.201670E-01  2.326300E-02  2.977200E-02
              604  6.402040E-01  3.399800E-02  6.680200E-02
              605  6.402670E-01  1.913800E-02  3.210500E-02
              606  6.402670E-01  4.276000E-03 -2.580000E-03
              607  6.603620E-01 -1.503000E-02 -3.447000E-02
              608  6.603930E-01  1.120000E-17  1.400000E-17
              609  6.603620E-01  1.503700E-02  3.447600E-02
              610  6.804500E-01 -3.459000E-02 -6.573000E-02
              611  6.805120E-01 -1.940000E-02 -3.152000E-02
              612  6.805120E-01 -4.220000E-03  2.677000E-03
              613  7.005300E-01 -5.430000E-02 -9.623000E-02
              614  7.006200E-01 -3.899000E-02 -6.233000E-02
              615  7.006500E-01 -2.369000E-02 -2.844000E-02
              616  7.205980E-01 -7.410000E-02 -1.258300E-01
              617  7.207160E-01 -5.869000E-02 -9.229000E-02
              618  7.207740E-01 -4.329000E-02 -5.876000E-02
              619  7.408840E-01 -6.295000E-02 -8.814000E-02
              620  7.407980E-01 -7.843000E-02 -1.212700E-01
              621  7.609770E-01 -8.261000E-02 -1.164600E-01
              622  5.397320E-01  7.614400E-02  1.281330E-01
              623  5.597330E-01  7.294200E-02  1.305080E-01
              624  5.598280E-01  5.909100E-02  9.547100E-02
              625  5.797370E-01  6.967000E-02  1.327700E-01
              626  5.798650E-01  5.552400E-02  9.773500E-02
              627  5.799290E-01  4.137400E-02  6.270100E-02
              628  5.999040E-01  5.191600E-02  9.992900E-02
              629  6.000000E-01  3.749900E-02  6.495100E-02
              630  6.000320E-01  2.308000E-02  2.997500E-02
              631  6.200710E-01  3.361400E-02  6.718100E-02
              632  6.201350E-01  1.895900E-02  3.231700E-02
              633  6.201350E-01  4.303000E-03 -2.540000E-03
              634  6.402350E-01  1.486100E-02  3.469500E-02
              635  6.402670E-01 -5.600000E-18 -1.600000E-17
              636  6.402350E-01 -1.486000E-02 -3.469000E-02
              637  6.603310E-01 -3.432000E-02 -6.631000E-02
              638  6.603930E-01 -1.928000E-02 -3.184000E-02
              639  6.603930E-01 -4.240000E-03  2.633000E-03
              640  6.804200E-01 -5.399000E-02 -9.727000E-02
              641  6.805120E-01 -3.881000E-02 -6.305000E-02
              642  6.805430E-01 -2.362000E-02 -2.885000E-02
              643  7.005000E-01 -7.380000E-02 -1.274000E-01
              644  7.006200E-01 -5.849000E-02 -9.350000E-02
              645  7.006800E-01 -4.319000E-02 -5.961000E-02
              646  7.207160E-01 -7.826000E-02 -1.230600E-01
              647  7.208040E-01 -6.286000E-02 -8.952000E-02
              648  7.409120E-01 -8.256000E-02 -1.184500E-01
              649  5.196110E-01  7.484500E-02  1.279700E-01
              650  5.396070E-01  7.173100E-02  1.304950E-01
              651  5.397000E-01  5.820800E-02  9.550800E-02
              652  5.596060E-01  6.855300E-02  1.329170E-01
              653  5.597330E-01  5.470600E-02  9.788000E-02
              654  5.597960E-01  4.085300E-02  6.284400E-02
              655  5.797690E-01  5.116500E-02  1.001910E-01
              656  5.798650E-01  3.701600E-02  6.515600E-02
              657  5.798970E-01  2.286400E-02  3.012300E-02
              658  5.999360E-01  3.316800E-02  6.745200E-02
              659  6.000000E-01  1.875000E-02  3.247500E-02
              660  6.000000E-01  4.330000E-03 -2.500000E-03
              661  6.201030E-01  1.465500E-02  3.486300E-02
              662  6.201350E-01  1.110000E-17  1.420000E-17
              663  6.201030E-01 -1.465000E-02 -3.486000E-02
              664  6.402670E-01 -4.270000E-03  2.589000E-03
              665  6.402670E-01 -1.913000E-02 -3.210000E-02
              666  6.402040E-01 -3.399000E-02 -6.680000E-02
              667  6.603000E-01 -5.360000E-02 -9.816000E-02
              668  6.603930E-01 -3.857000E-02 -6.368000E-02
              669  6.604250E-01 -2.353000E-02 -2.920000E-02
              670  6.803890E-01 -7.340000E-02 -1.288000E-01
              671  6.805120E-01 -5.821000E-02 -9.458000E-02
              672  6.805730E-01 -4.303000E-02 -6.037000E-02
              673  7.006200E-01 -7.799000E-02 -1.246700E-01
              674  7.007100E-01 -6.269000E-02 -9.078000E-02
              675  7.208330E-01 -8.242000E-02 -1.202800E-01
              676  4.995000E-01  7.343600E-02  1.276200E-01
              677  5.194880E-01  7.040700E-02  1.302850E-01
              678  5.195800E-01  5.723900E-02  9.539800E-02
              679  5.394810E-01  6.731800E-02  1.328570E-01
              680  5.396070E-01  5.379800E-02  9.787100E-02
              681  5.396690E-01  4.027200E-02  6.288400E-02
              682  5.596380E-01  5.032100E-02  1.002900E-01
              683  5.597330E-01  3.647000E-02  6.525300E-02
              684  5.597650E-01  2.261600E-02  3.021700E-02
              685  5.798010E-01  3.265900E-02  6.761100E-02
              686  5.798650E-01  1.850800E-02  3.257800E-02
              687  5.798650E-01  4.355000E-03 -2.450000E-03
              688  5.999680E-01  1.441900E-02  3.497600E-02
              689  6.000000E-01  1.100000E-17  1.430000E-17
              690  5.999680E-01 -1.441000E-02 -3.497000E-02
              691  6.201350E-01 -4.300000E-03  2.544000E-03
              692  6.201350E-01 -1.895000E-02 -3.231000E-02
              693  6.200710E-01 -3.361000E-02 -6.718000E-02
              694  6.402990E-01 -2.341000E-02 -2.951000E-02
              695  6.402670E-01 -3.827000E-02 -6.421000E-02
              696  6.401720E-01 -5.313000E-02 -9.891000E-02
              697  6.602680E-01 -7.289000E-02 -1.300100E-01
              698  6.603930E-01 -5.785000E-02 -9.552000E-02
              699  6.604560E-01 -4.282000E-02 -6.104000E-02
              700  6.805120E-01 -7.762000E-02 -1.261100E-01
              701  6.806040E-01 -6.244000E-02 -9.190000E-02
              702  7.007400E-01 -8.219000E-02 -1.219400E-01
              703  4.794020E-01  7.192500E-02  1.270910E-01
              704  4.993800E-01  6.897600E-02  1.298870E-01
              705  4.994700E-01  5.618800E-02  9.514700E-02
              706  5.193650E-01  6.597000E-02  1.325990E-01
              707  5.194880E-01  5.280500E-02  9.771300E-02
              708  5.195500E-01  3.963400E-02  6.282600E-02
              709  5.395130E-01  4.938900E-02  1.002340E-01
              710  5.396070E-01  3.586500E-02  6.524700E-02
              711  5.396380E-01  2.233800E-02  3.026100E-02
              712  5.596700E-01  3.208800E-02  6.766200E-02
              713  5.597330E-01  1.823500E-02  3.262600E-02
              714  5.597330E-01  4.380000E-03 -2.400000E-03
              715  5.798330E-01  1.415200E-02  3.503300E-02
              716  5.798650E-01  2.050000E-17  2.700000E-17
              717  5.798330E-01 -1.415000E-02 -3.503000E-02
              718  6.000000E-01 -4.330000E-03  2.500000E-03
              719  6.000000E-01 -1.875000E-02 -3.247000E-02
              720  5.999360E-01 -3.316000E-02 -6.745000E-02
              721  6.201670E-01 -2.326000E-02 -2.977000E-02
              722  6.201350E-01 -3.791000E-02 -6.463000E-02
              723  6.200390E-01 -5.257000E-02 -9.950000E-02
              724  6.403300E-01 -4.255000E-02 -6.162000E-02
              725  6.402670E-01 -5.741000E-02 -9.631000E-02
              726  6.401400E-01 -7.227000E-02 -1.310100E-01
              727  6.603930E-01 -7.714000E-02 -1.273600E-01
              728  6.604870E-01 -6.211000E-02 -9.288000E-02
              729  6.806350E-01 -8.184000E-02 -1.234300E-01
              730  4.593150E-01  7.031500E-02  1.263920E-01
              731  4.792840E-01  6.744100E-02  1.293100E-01
              732  4.793720E-01  5.506000E-02  9.476100E-02
              733  4.992600E-01  6.451500E-02  1.321530E-01
              734  4.993800E-01  5.173100E-02  9.741400E-02
              735  4.994400E-01  3.894200E-02  6.267400E-02
              736  5.193960E-01  4.837200E-02  1.000290E-01
              737  5.194880E-01  3.520300E-02  6.514200E-02
              738  5.195190E-01  2.203100E-02  3.025400E-02
              739  5.395440E-01  3.145800E-02  6.761000E-02
              740  5.396070E-01  1.793200E-02  3.262300E-02
              741  5.396070E-01  4.405000E-03 -2.360000E-03
              742  5.597010E-01  1.385400E-02  3.503500E-02
              743  5.597330E-01  1.120000E-17  1.490000E-17
              744  5.597010E-01 -1.385000E-02 -3.503000E-02
              745  5.798650E-01 -4.350000E-03  2.454000E-03
              746  5.798650E-01 -1.850000E-02 -3.257000E-02
              747  5.798010E-01 -3.265000E-02 -6.761000E-02
              748  6.000320E-01 -2.308000E-02 -2.997000E-02
              749  6.000000E-01 -3.749000E-02 -6.495000E-02
              750  5.999040E-01 -5.191000E-02 -9.992000E-02
              751  6.201990E-01 -4.222000E-02 -6.208000E-02
              752  6.201350E-01 -5.687000E-02 -9.695000E-02
              753  6.200070E-01 -7.152000E-02 -1.318200E-01
              754  6.403620E-01 -6.169000E-02 -9.372000E-02
              755  6.402670E-01 -7.655000E-02 -1.284200E-01
              756  6.605190E-01 -8.139000E-02 -1.247200E-01
              757  4.392430E-01  6.861400E-02  1.255340E-01
              758  4.592020E-01  6.581000E-02  1.285630E-01
              759  4.592870E-01  5.385900E-02  9.424900E-02
              760  4.791670E-01  6.295700E-02  1.315280E-01
              761  4.792840E-01  5.058100E-02  9.698200E-02
              762  4.793430E-01  3.819700E-02  6.243300E-02
              763  4.992900E-01  4.727400E-02  9.968200E-02
              764  4.993800E-01  3.448700E-02  6.494300E-02
              765  4.994100E-01  2.169600E-02  3.020200E-02
              766  5.194270E-01  3.077200E-02  6.745800E-02
              767  5.194880E-01  1.760100E-02  3.257100E-02
              768  5.194880E-01  4.428000E-03 -2.310000E-03
              769  5.395750E-01  1.352700E-02  3.498600E-02
              770  5.396070E-01  1.110000E-17  1.450000E-17
              771  5.395750E-01 -1.352000E-02 -3.498000E-02
              772  5.597330E-01 -4.380000E-03  2.408000E-03
              773  5.597330E-01 -1.823000E-02 -3.262000E-02
              774  5.596700E-01 -3.208000E-02 -6.766000E-02
              775  5.798970E-01 -2.286000E-02 -3.012000E-02
              776  5.798650E-01 -3.701000E-02 -6.515000E-02
              777  5.797690E-01 -5.116000E-02 -1.001900E-01
              778  6.000640E-01 -4.183000E-02 -6.245000E-02
              779  6.000000E-01 -5.624000E-02 -9.742000E-02
              780  5.998720E-01 -7.066000E-02 -1.324000E-01
              781  6.202310E-01 -6.118000E-02 -9.440000E-02
              782  6.201350E-01 -7.583000E-02 -1.292700E-01
              783  6.403940E-01 -8.083000E-02 -1.258200E-01
              784  4.191850E-01  6.682600E-02  1.245240E-01
              785  4.391330E-01  6.408600E-02  1.276560E-01
              786  4.392150E-01  5.258800E-02  9.361700E-02
              787  4.590880E-01  6.130400E-02  1.307330E-01
              788  4.592020E-01  4.935700E-02  9.642200E-02
              789  4.592590E-01  3.740300E-02  6.210700E-02
              790  4.791960E-01  4.610100E-02  9.920200E-02
              791  4.792840E-01  3.372000E-02  6.465400E-02
              792  4.793140E-01  2.133500E-02  3.010500E-02
              793  4.993200E-01  3.003300E-02  6.721200E-02
              794  4.993800E-01  1.724400E-02  3.247100E-02
              795  4.993800E-01  4.451000E-03 -2.260000E-03
              796  5.194570E-01  1.317200E-02  3.488700E-02
              797  5.194880E-01  1.050000E-17  1.450000E-17
              798  5.194570E-01 -1.317000E-02 -3.488000E-02
              799  5.396070E-01 -4.400000E-03  2.362000E-03
              800  5.396070E-01 -1.793000E-02 -3.262000E-02
              801  5.395440E-01 -3.145000E-02 -6.761000E-02
              802  5.597650E-01 -2.261000E-02 -3.021000E-02
              803  5.597330E-01 -3.647000E-02 -6.525000E-02
              804  5.596380E-01 -5.032000E-02 -1.002900E-01
              805  5.799290E-01 -4.137000E-02 -6.270000E-02
              806  5.798650E-01 -5.552000E-02 -9.773000E-02
              807  5.797370E-01 -6.967000E-02 -1.327700E-01
              808  6.000960E-01 -6.058000E-02 -9.492000E-02
              809  6.000000E-01 -7.500000E-02 -1.299000E-01
              810  6.202630E-01 -8.014000E-02 -1.267200E-01
              811  3.991410E-01  6.495600E-02  1.233740E-01
              812  4.190790E-01  6.227700E-02  1.265980E-01
              813  4.191580E-01  5.125200E-02  9.287200E-02
              814  4.390230E-01  5.955900E-02  1.297780E-01
              815  4.391330E-01  4.806500E-02  9.574100E-02
              816  4.391880E-01  3.656300E-02  6.170100E-02
              817  4.591160E-01  4.485500E-02  9.859400E-02
              818  4.592020E-01  3.290500E-02  6.428100E-02
              819  4.592300E-01  2.094900E-02  2.996500E-02
              820  4.792260E-01  2.924300E-02  6.687600E-02
              821  4.792840E-01  1.686000E-02  3.232700E-02
              822  4.792840E-01  4.474000E-03 -2.220000E-03
              823  4.993500E-01  1.279100E-02  3.474100E-02
              824  4.993800E-01  1.040000E-17  1.440000E-17
              825  4.993500E-01 -1.279000E-02 -3.474000E-02
              826  5.194880E-01 -4.420000E-03  2.316000E-03
              827  5.194880E-01 -1.760000E-02 -3.257000E-02
              828  5.194270E-01 -3.077000E-02 -6.745000E-02
              829  5.396380E-01 -2.233000E-02 -3.026000E-02
              830  5.396070E-01 -3.586000E-02 -6.524000E-02
              831  5.395130E-01 -4.938000E-02 -1.002300E-01
              832  5.597960E-01 -4.085000E-02 -6.284000E-02
              833  5.597330E-01 -5.470000E-02 -9.788000E-02
              834  5.596060E-01 -6.855000E-02 -1.329100E-01
              835  5.799610E-01 -5.988000E-02 -9.527000E-02
              836  5.798650E-01 -7.403000E-02 -1.303100E-01
              837  6.001280E-01 -7.933000E-02 -1.274000E-01
              838  3.791140E-01  6.301000E-02  1.220910E-01
              839  3.990410E-01  6.038700E-02  1.253990E-01
              840  3.991160E-01  4.985500E-02  9.202100E-02
              841  4.189740E-01  5.772900E-02  1.286720E-01
              842  4.190790E-01  4.670800E-02  9.494800E-02
              843  4.191320E-01  3.568000E-02  6.122000E-02
              844  4.390510E-01  4.354100E-02  9.786600E-02
              845  4.391330E-01  3.204300E-02  6.382700E-02
              846  4.391610E-01  2.054000E-02  2.978600E-02
              847  4.591450E-01  2.840600E-02  6.645500E-02
              848  4.592020E-01  1.645200E-02  3.214000E-02
              849  4.592020E-01  4.496000E-03 -2.170000E-03
              850  4.792550E-01  1.238500E-02  3.454900E-02
              851  4.792840E-01  1.020000E-17  1.420000E-17
              852  4.792550E-01 -1.238000E-02 -3.454000E-02
              853  4.993800E-01 -4.450000E-03  2.269000E-03
              854  4.993800E-01 -1.724000E-02 -3.247000E-02
              855  4.993200E-01 -3.003000E-02 -6.721000E-02
              856  5.195190E-01 -2.203000E-02 -3.025000E-02
              857  5.194880E-01 -3.520000E-02 -6.514000E-02
              858  5.193960E-01 -4.837000E-02 -1.000200E-01
              859  5.396690E-01 -4.027000E-02 -6.288000E-02
              860  5.396070E-01 -5.379000E-02 -9.787000E-02
              861  5.394810E-01 -6.731000E-02 -1.328500E-01
              862  5.598280E-01 -5.909000E-02 -9.547000E-02
              863  5.597330E-01 -7.294000E-02 -1.305000E-01
              864  5.799930E-01 -7.839000E-02 -1.278500E-01
              865  3.591010E-01  6.099400E-02  1.206850E-01
              866  3.790190E-01  5.842200E-02  1.240680E-01
              867  3.790900E-01  4.840100E-02  9.107100E-02
              868  3.989410E-01  5.581800E-02  1.274240E-01
              869  3.990410E-01  4.529000E-02  9.404900E-02
              870  3.990910E-01  3.475500E-02  6.066900E-02
              871  4.190000E-01  4.216300E-02  9.702500E-02
              872  4.190790E-01  3.113800E-02  6.329900E-02
              873  4.191060E-01  2.010800E-02  2.957000E-02
              874  4.390780E-01  2.752300E-02  6.595400E-02
              875  4.391330E-01  1.602100E-02  3.191300E-02
              876  4.391330E-01  4.517000E-03 -2.120000E-03
              877  4.591730E-01  1.195500E-02  3.431500E-02
              878  4.592020E-01  1.040000E-17  1.450000E-17
              879  4.591730E-01 -1.195000E-02 -3.431000E-02
              880  4.792840E-01 -4.470000E-03  2.222000E-03
              881  4.792840E-01 -1.686000E-02 -3.232000E-02
              882  4.792260E-01 -2.924000E-02 -6.687000E-02
              883  4.994100E-01 -2.169000E-02 -3.020000E-02
              884  4.993800E-01 -3.448000E-02 -6.494000E-02
              885  4.992900E-01 -4.727000E-02 -9.968000E-02
              886  5.195500E-01 -3.963000E-02 -6.282000E-02
              887  5.194880E-01 -5.280000E-02 -9.771000E-02
              888  5.193650E-01 -6.597000E-02 -1.325900E-01
              889  5.397000E-01 -5.820000E-02 -9.550000E-02
              890  5.396070E-01 -7.173000E-02 -1.304900E-01
              891  5.598600E-01 -7.732000E-02 -1.280900E-01
              892  3.391040E-01  5.891300E-02  1.191660E-01
              893  3.590120E-01  5.638600E-02  1.226140E-01
              894  3.590790E-01  4.689400E-02  9.002900E-02
              895  3.789230E-01  5.383300E-02  1.260450E-01
              896  3.790190E-01  4.381600E-02  9.305000E-02
              897  3.790660E-01  3.379200E-02  6.005200E-02
              898  3.989660E-01  4.072600E-02  9.607700E-02
              899  3.990410E-01  3.019300E-02  6.269900E-02
              900  3.990660E-01  1.965600E-02  2.931800E-02
              901  4.190270E-01  2.659700E-02  6.537700E-02
              902  4.190790E-01  1.556900E-02  3.164900E-02
              903  4.190790E-01  4.538000E-03 -2.070000E-03
              904  4.391060E-01  1.150300E-02  3.404100E-02
              905  4.391330E-01  9.840000E-18  1.420000E-17
              906  4.391060E-01 -1.150000E-02 -3.404000E-02
              907  4.592020E-01 -4.490000E-03  2.175000E-03
              908  4.592020E-01 -1.645000E-02 -3.214000E-02
              909  4.591450E-01 -2.840000E-02 -6.645000E-02
              910  4.793140E-01 -2.133000E-02 -3.010000E-02
              911  4.792840E-01 -3.372000E-02 -6.465000E-02
              912  4.791960E-01 -4.610000E-02 -9.920000E-02
              913  4.994400E-01 -3.894000E-02 -6.267000E-02
              914  4.993800E-01 -5.173000E-02 -9.741000E-02
              915  4.992600E-01 -6.451000E-02 -1.321500E-01
              916  5.195800E-01 -5.723000E-02 -9.539000E-02
              917  5.194880E-01 -7.040000E-02 -1.302800E-01
              918  5.397320E-01 -7.614000E-02 -1.281300E-01
              919  3.191210E-01  5.677100E-02  1.175420E-01
              920  3.390830E-01  4.533700E-02  8.890100E-02
              921  3.390200E-01  5.428600E-02  1.210460E-01
              922  3.589220E-01  5.177800E-02  1.245420E-01
              923  3.590120E-01  4.229000E-02  9.196000E-02
              924  3.590570E-01  3.279400E-02  5.937300E-02
              925  3.789470E-01  3.923200E-02  9.503000E-02
              926  3.790190E-01  2.921100E-02  6.203300E-02
              927  3.790420E-01  1.918500E-02  2.903300E-02
              928  3.989910E-01  2.563200E-02  6.472900E-02
              929  3.990410E-01  1.509600E-02  3.134900E-02
              930  3.990410E-01  4.559000E-03 -2.030000E-03
              931  4.190530E-01  1.103000E-02  3.372800E-02
              932  4.190790E-01  9.640000E-18  1.410000E-17
              933  4.190530E-01 -1.103000E-02 -3.372000E-02
              934  4.391330E-01 -4.510000E-03  2.127000E-03
              935  4.391330E-01 -1.602000E-02 -3.191000E-02
              936  4.390780E-01 -2.752000E-02 -6.595000E-02
              937  4.592300E-01 -2.094000E-02 -2.996000E-02
              938  4.592020E-01 -3.290000E-02 -6.428000E-02
              939  4.591160E-01 -4.485000E-02 -9.859000E-02
              940  4.793430E-01 -3.819000E-02 -6.243000E-02
              941  4.792840E-01 -5.058000E-02 -9.698000E-02
              942  4.791670E-01 -6.295000E-02 -1.315200E-01
              943  4.994700E-01 -5.618000E-02 -9.514000E-02
              944  4.993800E-01 -6.897000E-02 -1.298800E-01
              945  5.196110E-01 -7.484000E-02 -1.279700E-01
              946  2.991520E-01  5.457500E-02  1.158220E-01
              947  3.191010E-01  4.373600E-02  8.769500E-02
              948  3.190430E-01  5.212600E-02  1.193730E-01
              949  3.390620E-01  3.176300E-02  5.863800E-02
              950  3.390200E-01  4.071400E-02  9.078400E-02
              951  3.389360E-01  4.965900E-02  1.229250E-01
              952  3.589440E-01  3.768500E-02  9.389100E-02
              953  3.590120E-01  2.819300E-02  6.130600E-02
              954  3.590340E-01  1.869600E-02  2.871800E-02
              955  3.789710E-01  2.462900E-02  6.401500E-02
              956  3.790190E-01  1.460500E-02  3.101600E-02
              957  3.790190E-01  4.579000E-03 -1.980000E-03
              958  3.990160E-01  1.053700E-02  3.338100E-02
              959  3.990410E-01  8.990000E-18  1.400000E-17
              960  3.990160E-01 -1.053000E-02 -3.338000E-02
              961  4.190790E-01 -4.530000E-03  2.079000E-03
              962  4.190790E-01 -1.556000E-02 -3.164000E-02
              963  4.190270E-01 -2.659000E-02 -6.537000E-02
              964  4.391610E-01 -2.054000E-02 -2.978000E-02
              965  4.391330E-01 -3.204000E-02 -6.382000E-02
              966  4.390510E-01 -4.354000E-02 -9.786000E-02
              967  4.592590E-01 -3.740000E-02 -6.210000E-02
              968  4.592020E-01 -4.935000E-02 -9.642000E-02
              969  4.590880E-01 -6.130000E-02 -1.307300E-01
              970  4.793720E-01 -5.506000E-02 -9.476000E-02
              971  4.792840E-01 -6.744000E-02 -1.293100E-01
              972  4.995000E-01 -7.343000E-02 -1.276200E-01
              973  2.791960E-01  5.232900E-02  1.140150E-01
              974  2.991340E-01  4.209400E-02  8.641800E-02
              975  2.990800E-01  4.991200E-02  1.176040E-01
              976  3.190820E-01  3.070200E-02  5.785000E-02
              977  3.190430E-01  3.909400E-02  8.952900E-02
              978  3.189650E-01  4.748100E-02  1.212030E-01
              979  3.390410E-01  1.819000E-02  2.837500E-02
              980  3.390200E-01  2.714300E-02  6.052200E-02
              981  3.389570E-01  3.609100E-02  9.266600E-02
              982  3.589670E-01  2.359200E-02  6.323900E-02
              983  3.590120E-01  1.409600E-02  3.065300E-02
              984  3.590120E-01  4.598000E-03 -1.930000E-03
              985  3.789950E-01  1.002500E-02  3.299900E-02
              986  3.790190E-01  9.190000E-18  1.390000E-17
              987  3.789950E-01 -1.002000E-02 -3.299000E-02
              988  3.990410E-01 -4.550000E-03  2.031000E-03
              989  3.990410E-01 -1.509000E-02 -3.134000E-02
              990  3.989910E-01 -2.563000E-02 -6.472000E-02
              991  4.191060E-01 -2.010000E-02 -2.957000E-02
              992  4.190790E-01 -3.113000E-02 -6.329000E-02
              993  4.190000E-01 -4.216000E-02 -9.702000E-02
              994  4.391880E-01 -3.656000E-02 -6.170000E-02
              995  4.391330E-01 -4.806000E-02 -9.574000E-02
              996  4.390230E-01 -5.955000E-02 -1.297700E-01
              997  4.592870E-01 -5.385000E-02 -9.424000E-02
              998  4.592020E-01 -6.581000E-02 -1.285600E-01
              999  4.794020E-01 -7.192000E-02 -1.270900E-01
             1000  2.592520E-01  5.003900E-02  1.121310E-01
             1001  2.791800E-01  4.041400E-02  8.507500E-02
             1002  2.791310E-01  4.764800E-02  1.157490E-01
             1003  2.991160E-01  2.961300E-02  5.701500E-02
             1004  2.990800E-01  3.743400E-02  8.820200E-02
             1005  2.990090E-01  4.524800E-02  1.193860E-01
             1006  3.190620E-01  1.766900E-02  2.800600E-02
             1007  3.190430E-01  2.606300E-02  5.968600E-02
             1008  3.189850E-01  3.445300E-02  9.136300E-02
             1009  3.390200E-01  4.618000E-03 -1.880000E-03
             1010  3.390200E-01  1.357100E-02  3.026100E-02
             1011  3.389780E-01  2.252200E-02  6.240700E-02
             1012  3.589890E-01  9.497000E-03  3.258700E-02
             1013  3.590120E-01  8.520000E-18  1.380000E-17
             1014  3.589890E-01 -9.490000E-03 -3.258000E-02
             1015  3.790190E-01 -4.570000E-03  1.983000E-03
             1016  3.790190E-01 -1.460000E-02 -3.101000E-02
             1017  3.789710E-01 -2.462000E-02 -6.401000E-02
             1018  3.990660E-01 -1.965000E-02 -2.931000E-02
             1019  3.990410E-01 -3.019000E-02 -6.269000E-02
             1020  3.989660E-01 -4.072000E-02 -9.607000E-02
             1021  4.191320E-01 -3.568000E-02 -6.122000E-02
             1022  4.190790E-01 -4.670000E-02 -9.494000E-02
             1023  4.189740E-01 -5.772000E-02 -1.286700E-01
             1024  4.392150E-01 -5.258000E-02 -9.361000E-02
             1025  4.391330E-01 -6.408000E-02 -1.276500E-01
             1026  4.593150E-01 -7.031000E-02 -1.263900E-01
             1027  2.393200E-01  4.770900E-02  1.101770E-01
             1028  2.592380E-01  3.870100E-02  8.367400E-02
             1029  2.591940E-01  4.534000E-02  1.138150E-01
             1030  2.791630E-01  2.849900E-02  5.613600E-02
             1031  2.791310E-01  3.573600E-02  8.681100E-02
             1032  2.790660E-01  4.296700E-02  1.174820E-01
             1033  2.990980E-01  1.713400E-02  2.761200E-02
             1034  2.990800E-01  2.495600E-02  5.880100E-02
             1035  2.990260E-01  3.277400E-02  8.998700E-02
             1036  3.190430E-01  4.636000E-03 -1.830000E-03
             1037  3.190430E-01  1.303100E-02  2.984300E-02
             1038  3.190040E-01  2.142400E-02  6.152200E-02
             1039  3.389990E-01 -8.950000E-03 -3.214000E-02
             1040  3.390200E-01  8.280000E-18  1.370000E-17
             1041  3.389990E-01  8.952000E-03  3.214700E-02
             1042  3.590120E-01 -4.590000E-03  1.934000E-03
             1043  3.590120E-01 -1.409000E-02 -3.065000E-02
             1044  3.589670E-01 -2.359000E-02 -6.323000E-02
             1045  3.790420E-01 -1.918000E-02 -2.903000E-02
             1046  3.790190E-01 -2.921000E-02 -6.203000E-02
             1047  3.789470E-01 -3.923000E-02 -9.503000E-02
             1048  3.990910E-01 -3.475000E-02 -6.066000E-02
             1049  3.990410E-01 -4.529000E-02 -9.404000E-02
             1050  3.989410E-01 -5.581000E-02 -1.274200E-01
             1051  4.191580E-01 -5.125000E-02 -9.287000E-02
             1052  4.190790E-01 -6.227000E-02 -1.265900E-01
             1053  4.392430E-01 -6.861000E-02 -1.255300E-01
             1054  2.193980E-01  4.534400E-02  1.081630E-01
             1055  2.393070E-01  3.695800E-02  8.222100E-02
             1056  2.392690E-01  4.299300E-02  1.118130E-01
             1057  2.592230E-01  2.736300E-02  5.521800E-02
             1058  2.591940E-01  3.400500E-02  8.536100E-02
             1059  2.591360E-01  4.064200E-02  1.155000E-01
             1060  2.791470E-01  1.658600E-02  2.719800E-02
             1061  2.791310E-01  2.382400E-02  5.787400E-02
             1062  2.790820E-01  3.105800E-02  8.854700E-02
             1063  2.990800E-01  4.655000E-03 -1.780000E-03
             1064  2.990800E-01  1.247800E-02  2.940000E-02
             1065  2.990440E-01  2.029800E-02  6.058800E-02
             1066  3.190230E-01 -8.390000E-03 -3.168000E-02
             1067  3.190430E-01  8.900000E-18  1.360000E-17
             1068  3.190230E-01  8.394000E-03  3.168000E-02
             1069  3.389780E-01 -2.252000E-02 -6.240000E-02
             1070  3.390200E-01 -1.357000E-02 -3.026000E-02
             1071  3.390200E-01 -4.610000E-03  1.886000E-03
             1072  3.590340E-01 -1.869000E-02 -2.871000E-02
             1073  3.590120E-01 -2.819000E-02 -6.130000E-02
             1074  3.589440E-01 -3.768000E-02 -9.389000E-02
             1075  3.790660E-01 -3.379000E-02 -6.005000E-02
             1076  3.790190E-01 -4.381000E-02 -9.305000E-02
             1077  3.789230E-01 -5.383000E-02 -1.260400E-01
             1078  3.991160E-01 -4.985000E-02 -9.202000E-02
             1079  3.990410E-01 -6.038000E-02 -1.253900E-01
             1080  4.191850E-01 -6.682000E-02 -1.245200E-01
             1081  1.994840E-01  4.295000E-02  1.060980E-01
             1082  2.193540E-01  4.061200E-02  1.097500E-01
             1083  2.193870E-01  3.518900E-02  8.072300E-02
             1084  2.392950E-01  2.620700E-02  5.426600E-02
             1085  2.392690E-01  3.224500E-02  8.385900E-02
             1086  2.392170E-01  3.827800E-02  1.134480E-01
             1087  2.592090E-01  1.602700E-02  2.676300E-02
             1088  2.591940E-01  2.267000E-02  5.690700E-02
             1089  2.591510E-01  2.930900E-02  8.704800E-02
             1090  2.791310E-01  4.673000E-03 -1.730000E-03
             1091  2.791310E-01  1.191200E-02  2.893700E-02
             1092  2.790980E-01  1.914800E-02  5.961200E-02
             1093  2.990620E-01 -7.820000E-03 -3.118000E-02
             1094  2.990800E-01  3.010000E-18  1.630000E-18
             1095  2.990620E-01  7.822000E-03  3.118900E-02
             1096  3.190040E-01 -2.142000E-02 -6.152000E-02
             1097  3.190430E-01 -1.303000E-02 -2.984000E-02
             1098  3.190430E-01 -4.630000E-03  1.837000E-03
             1099  3.389570E-01 -3.609000E-02 -9.266000E-02
             1100  3.390200E-01 -2.714000E-02 -6.052000E-02
             1101  3.390410E-01 -1.819000E-02 -2.837000E-02
             1102  3.590570E-01 -3.279000E-02 -5.937000E-02
             1103  3.590120E-01 -4.229000E-02 -9.196000E-02
             1104  3.589220E-01 -5.177000E-02 -1.245400E-01
             1105  3.790900E-01 -4.840000E-02 -9.107000E-02
             1106  3.790190E-01 -5.842000E-02 -1.240600E-01
             1107  3.991410E-01 -6.495000E-02 -1.233700E-01
             1108  1.795780E-01  4.053200E-02  1.039890E-01
             1109  1.994470E-01  3.820100E-02  1.076360E-01
             1110  1.994750E-01  3.339800E-02  7.918600E-02
             1111  2.193090E-01  3.588000E-02  1.113370E-01
             1112  2.193540E-01  3.045900E-02  8.231200E-02
             1113  2.193760E-01  2.503400E-02  5.328400E-02
             1114  2.392820E-01  1.545800E-02  2.631200E-02
             1115  2.392690E-01  2.149600E-02  5.590600E-02
             1116  2.392300E-01  2.753200E-02  8.549700E-02
             1117  2.591940E-01  4.691000E-03 -1.690000E-03
             1118  2.591940E-01  1.133500E-02  2.845300E-02
             1119  2.591650E-01  1.797600E-02  5.859600E-02
             1120  2.791150E-01 -7.230000E-03 -3.067000E-02
             1121  2.791310E-01  7.950000E-18  1.340000E-17
             1122  2.791150E-01  7.237000E-03  3.067600E-02
             1123  2.990440E-01 -2.029000E-02 -6.058000E-02
             1124  2.990800E-01 -1.247000E-02 -2.940000E-02
             1125  2.990800E-01 -4.650000E-03  1.788000E-03
             1126  3.189850E-01 -3.445000E-02 -9.136000E-02
             1127  3.190430E-01 -2.606000E-02 -5.968000E-02
             1128  3.190620E-01 -1.766000E-02 -2.800000E-02
             1129  3.389360E-01 -4.965000E-02 -1.229200E-01
             1130  3.390200E-01 -4.071000E-02 -9.078000E-02
             1131  3.390620E-01 -3.176000E-02 -5.863000E-02
             1132  3.590790E-01 -4.689000E-02 -9.002000E-02
             1133  3.590120E-01 -5.638000E-02 -1.226100E-01
             1134  3.791140E-01 -6.301000E-02 -1.220900E-01
             1135  1.596780E-01  3.809400E-02  1.018460E-01
             1136  1.795490E-01  3.576600E-02  1.054780E-01
             1137  1.795710E-01  3.158800E-02  7.761800E-02
             1138  1.994100E-01  3.345200E-02  1.091740E-01
             1139  1.994470E-01  2.865100E-02  8.072600E-02
             1140  1.994660E-01  2.384600E-02  5.227600E-02
             1141  2.193200E-01  2.572900E-02  8.390100E-02
             1142  2.193540E-01  2.030600E-02  5.487500E-02
             1143  2.193650E-01  1.488000E-02  2.584600E-02
             1144  2.392690E-01  4.709000E-03 -1.640000E-03
             1145  2.392690E-01  1.074800E-02  2.795300E-02
             1146  2.392430E-01  1.678500E-02  5.754500E-02
             1147  2.591800E-01 -6.640000E-03 -3.014000E-02
             1148  2.591940E-01  6.810000E-18  1.310000E-17
             1149  2.591800E-01  6.643000E-03  3.014300E-02
             1150  2.790980E-01 -1.914000E-02 -5.961000E-02
             1151  2.791310E-01 -1.191000E-02 -2.893000E-02
             1152  2.791310E-01 -4.670000E-03  1.739000E-03
             1153  2.990260E-01 -3.277000E-02 -8.998000E-02
             1154  2.990800E-01 -2.495000E-02 -5.880000E-02
             1155  2.990980E-01 -1.713000E-02 -2.761000E-02
             1156  3.189650E-01 -4.748000E-02 -1.212000E-01
             1157  3.190430E-01 -3.909000E-02 -8.952000E-02
             1158  3.190820E-01 -3.070000E-02 -5.785000E-02
             1159  3.390200E-01 -5.428000E-02 -1.210400E-01
             1160  3.390830E-01 -4.533000E-02 -8.890000E-02
             1161  3.591010E-01 -6.099000E-02 -1.206800E-01
             1162  1.397830E-01  3.564100E-02  9.967800E-02
             1163  1.596560E-01  3.331200E-02  1.032870E-01
             1164  1.596730E-01  2.976400E-02  7.602300E-02
             1165  1.795190E-01  3.100100E-02  1.069680E-01
             1166  1.795490E-01  2.682500E-02  7.910800E-02
             1167  1.795630E-01  2.264600E-02  5.124700E-02
             1168  1.994190E-01  2.390400E-02  8.226600E-02
             1169  1.994470E-01  1.910000E-02  5.381700E-02
             1170  1.994560E-01  1.429500E-02  2.536700E-02
             1171  2.193310E-01  1.557700E-02  5.646500E-02
             1172  2.193540E-01  1.015300E-02  2.743700E-02
             1173  2.193540E-01  4.727000E-03 -1.590000E-03
             1174  2.392560E-01 -6.030000E-03 -2.959000E-02
             1175  2.392690E-01  6.970000E-18  1.290000E-17
             1176  2.392560E-01  6.038000E-03  2.959300E-02
             1177  2.591650E-01 -1.797000E-02 -5.859000E-02
             1178  2.591940E-01 -1.133000E-02 -2.845000E-02
             1179  2.591940E-01 -4.690000E-03  1.690000E-03
             1180  2.790820E-01 -3.105000E-02 -8.854000E-02
             1181  2.791310E-01 -2.382000E-02 -5.787000E-02
             1182  2.791470E-01 -1.658000E-02 -2.719000E-02
             1183  2.990090E-01 -4.524000E-02 -1.193800E-01
             1184  2.990800E-01 -3.743000E-02 -8.820000E-02
             1185  2.991160E-01 -2.961000E-02 -5.701000E-02
             1186  3.190430E-01 -5.212000E-02 -1.193700E-01
             1187  3.191010E-01 -4.373000E-02 -8.769000E-02
             1188  3.391040E-01 -5.891000E-02 -1.191600E-01
             1189  1.198910E-01  3.317800E-02  9.749200E-02
             1190  1.397680E-01  3.084300E-02  1.010700E-01
             1191  1.397790E-01  2.792900E-02  7.440900E-02
             1192  1.596340E-01  2.853100E-02  1.047270E-01
             1193  1.596560E-01  2.498400E-02  7.746500E-02
             1194  1.596670E-01  2.143500E-02  5.020100E-02
             1195  1.795260E-01  2.206100E-02  8.059900E-02
             1196  1.795490E-01  1.788300E-02  5.273900E-02
             1197  1.795560E-01  1.370300E-02  2.487700E-02
             1198  1.994290E-01  1.435500E-02  5.535800E-02
             1199  1.994470E-01  9.550000E-03  2.690800E-02
             1200  1.994470E-01  4.744000E-03 -1.540000E-03
             1201  2.193420E-01  5.425000E-03  2.902800E-02
             1202  2.193540E-01  6.700000E-18  1.240000E-17
             1203  2.193420E-01 -5.420000E-03 -2.902000E-02
             1204  2.392430E-01 -1.678000E-02 -5.754000E-02
             1205  2.392690E-01 -1.074000E-02 -2.795000E-02
             1206  2.392690E-01 -4.700000E-03  1.640000E-03
             1207  2.591510E-01 -2.930000E-02 -8.704000E-02
             1208  2.591940E-01 -2.267000E-02 -5.690000E-02
             1209  2.592090E-01 -1.602000E-02 -2.676000E-02
             1210  2.790660E-01 -4.296000E-02 -1.174800E-01
             1211  2.791310E-01 -3.573000E-02 -8.681000E-02
             1212  2.791630E-01 -2.849000E-02 -5.613000E-02
             1213  2.990800E-01 -4.991000E-02 -1.176000E-01
             1214  2.991340E-01 -4.209000E-02 -8.641000E-02
             1215  3.191210E-01 -5.677000E-02 -1.175400E-01
             1216  1.000000E-01  3.071100E-02  9.529800E-02
             1217  1.198830E-01  2.836500E-02  9.883500E-02
             1218  1.198890E-01  2.608700E-02  7.278300E-02
             1219  1.397530E-01  2.604600E-02  1.024610E-01
             1220  1.397680E-01  2.313200E-02  7.580200E-02
             1221  1.397760E-01  2.021800E-02  4.914100E-02
             1222  1.596390E-01  2.020400E-02  7.890600E-02
             1223  1.596560E-01  1.665600E-02  5.164300E-02
             1224  1.596620E-01  1.310700E-02  2.437800E-02
             1225  1.795340E-01  1.312000E-02  5.423000E-02
             1226  1.795490E-01  8.941000E-03  2.636900E-02
             1227  1.795490E-01  4.761000E-03 -1.490000E-03
             1228  1.994380E-01  4.805000E-03  2.845000E-02
             1229  1.994470E-01  6.850000E-18  1.210000E-17
             1230  1.994380E-01 -4.800000E-03 -2.845000E-02
             1231  2.193540E-01 -4.720000E-03  1.591000E-03
             1232  2.193540E-01 -1.015000E-02 -2.743000E-02
             1233  2.193310E-01 -1.557000E-02 -5.646000E-02
             1234  2.392300E-01 -2.753000E-02 -8.549000E-02
             1235  2.392690E-01 -2.149000E-02 -5.590000E-02
             1236  2.392820E-01 -1.545000E-02 -2.631000E-02
             1237  2.591360E-01 -4.064000E-02 -1.155000E-01
             1238  2.591940E-01 -3.400000E-02 -8.536000E-02
             1239  2.592230E-01 -2.736000E-02 -5.521000E-02
             1240  2.791310E-01 -4.764000E-02 -1.157400E-01
             1241  2.791800E-01 -4.041000E-02 -8.507000E-02
             1242  2.991520E-01 -5.457000E-02 -1.158200E-01
             1243  1.000000E-01  2.588100E-02  9.659200E-02
             1244  1.000000E-01  2.424100E-02  7.115000E-02
             1245  1.198760E-01  2.355100E-02  1.001780E-01
             1246  1.198830E-01  2.127400E-02  7.412600E-02
             1247  1.198870E-01  1.899500E-02  4.807400E-02
             1248  1.397570E-01  1.833600E-02  7.719400E-02
             1249  1.397680E-01  1.542100E-02  5.053400E-02
             1250  1.397720E-01  1.250600E-02  2.387400E-02
             1251  1.596450E-01  1.187600E-02  5.308500E-02
             1252  1.596560E-01  8.328000E-03  2.582100E-02
             1253  1.596560E-01  4.778000E-03 -1.440000E-03
             1254  1.795410E-01  4.179000E-03  2.786200E-02
             1255  1.795490E-01  6.130000E-18  1.200000E-17
             1256  1.795410E-01 -4.170000E-03 -2.786000E-02
             1257  1.994470E-01 -4.740000E-03  1.542000E-03
             1258  1.994470E-01 -9.550000E-03 -2.690000E-02
             1259  1.994290E-01 -1.435000E-02 -5.535000E-02
             1260  2.193650E-01 -1.488000E-02 -2.584000E-02
             1261  2.193540E-01 -2.030000E-02 -5.487000E-02
             1262  2.193200E-01 -2.572000E-02 -8.390000E-02
             1263  2.392170E-01 -3.827000E-02 -1.134400E-01
             1264  2.392690E-01 -3.224000E-02 -8.385000E-02
             1265  2.392950E-01 -2.620000E-02 -5.426000E-02
             1266  2.591940E-01 -4.534000E-02 -1.138100E-01
             1267  2.592380E-01 -3.870000E-02 -8.367000E-02
             1268  2.791960E-01 -5.232000E-02 -1.140100E-01
             1269  1.000000E-01  2.105200E-02  9.788600E-02
             1270  1.000000E-01  1.941100E-02  7.244400E-02
             1271  1.000000E-01  1.777000E-02  4.700200E-02
             1272  1.198780E-01  1.646000E-02  7.546900E-02
             1273  1.198830E-01  1.418200E-02  4.941700E-02
             1274  1.198850E-01  1.190400E-02  2.336500E-02
             1275  1.397610E-01  1.062500E-02  5.192700E-02
             1276  1.397680E-01  7.710000E-03  2.526700E-02
             1277  1.397680E-01  4.795000E-03 -1.390000E-03
             1278  1.596500E-01  3.549000E-03  2.726400E-02
             1279  1.596560E-01  6.280000E-18  1.170000E-17
             1280  1.596500E-01 -3.540000E-03 -2.726000E-02
             1281  1.795490E-01 -4.760000E-03  1.492000E-03
             1282  1.795490E-01 -8.940000E-03 -2.636000E-02
             1283  1.795340E-01 -1.312000E-02 -5.423000E-02
             1284  1.994560E-01 -1.429000E-02 -2.536000E-02
             1285  1.994470E-01 -1.910000E-02 -5.381000E-02
             1286  1.994190E-01 -2.390000E-02 -8.226000E-02
             1287  2.193760E-01 -2.503000E-02 -5.328000E-02
             1288  2.193540E-01 -3.045000E-02 -8.231000E-02
             1289  2.193090E-01 -3.588000E-02 -1.113300E-01
             1290  2.392690E-01 -4.299000E-02 -1.118100E-01
             1291  2.393070E-01 -3.695000E-02 -8.222000E-02
             1292  2.592520E-01 -5.003000E-02 -1.121300E-01
             1293  1.000000E-01  1.458100E-02  7.373800E-02
             1294  1.000000E-01  1.294100E-02  4.829600E-02
             1295  1.000000E-01  1.130000E-02  2.285400E-02
             1296  1.198800E-01  9.369000E-03  5.076100E-02
             1297  1.198830E-01  7.091000E-03  2.470800E-02
             1298  1.198830E-01  4.812000E-03 -1.340000E-03
             1299  1.397640E-01  2.915000E-03  2.666000E-02
             1300  1.397680E-01  5.560000E-18  1.140000E-17
             1301  1.397640E-01 -2.910000E-03 -2.666000E-02
             1302  1.596560E-01 -4.770000E-03  1.442000E-03
             1303  1.596560E-01 -8.320000E-03 -2.582000E-02
             1304  1.596450E-01 -1.187000E-02 -5.308000E-02
             1305  1.795560E-01 -1.370000E-02 -2.487000E-02
             1306  1.795490E-01 -1.788000E-02 -5.273000E-02
             1307  1.795260E-01 -2.206000E-02 -8.059000E-02
             1308  1.994660E-01 -2.384000E-02 -5.227000E-02
             1309  1.994470E-01 -2.865000E-02 -8.072000E-02
             1310  1.994100E-01 -3.345000E-02 -1.091700E-01
             1311  2.193870E-01 -3.518000E-02 -8.072000E-02
             1312  2.193540E-01 -4.061000E-02 -1.097500E-01
             1313  2.393200E-01 -4.770000E-02 -1.101700E-01
             1314  1.000000E-01  8.111000E-03  4.959000E-02
             1315  1.000000E-01  6.470000E-03  2.414800E-02
             1316  1.000000E-01  4.829000E-03 -1.290000E-03
             1317  1.198810E-01  2.278000E-03  2.605200E-02
             1318  1.198830E-01  5.700000E-18  1.100000E-17
             1319  1.198810E-01 -2.270000E-03 -2.605000E-02
             1320  1.397680E-01 -4.790000E-03  1.393000E-03
             1321  1.397680E-01 -7.710000E-03 -2.526000E-02
             1322  1.397610E-01 -1.062000E-02 -5.192000E-02
             1323  1.596620E-01 -1.310000E-02 -2.437000E-02
             1324  1.596560E-01 -1.665000E-02 -5.164000E-02
             1325  1.596390E-01 -2.020000E-02 -7.890000E-02
             1326  1.795630E-01 -2.264000E-02 -5.124000E-02
             1327  1.795490E-01 -2.682000E-02 -7.910000E-02
             1328  1.795190E-01 -3.100000E-02 -1.069600E-01
             1329  1.994750E-01 -3.339000E-02 -7.918000E-02
             1330  1.994470E-01 -3.820000E-02 -1.076300E-01
             1331  2.193980E-01 -4.534000E-02 -1.081600E-01
             1332  1.000000E-01  1.640000E-03  2.544200E-02
             1333  1.000000E-01  1.520000E-17  1.520000E-17
             1334  1.000000E-01 -1.640000E-03 -2.544000E-02
             1335  1.198830E-01 -4.810000E-03  1.343000E-03
             1336  1.198830E-01 -7.090000E-03 -2.470000E-02
             1337  1.198800E-01 -9.360000E-03 -5.076000E-02
             1338  1.397720E-01 -1.250000E-02 -2.387000E-02
             1339  1.397680E-01 -1.542000E-02 -5.053000E-02
             1340  1.397570E-01 -1.833000E-02 -7.719000E-02
             1341  1.596670E-01 -2.143000E-02 -5.020000E-02
             1342  1.596560E-01 -2.498000E-02 -7.746000E-02
             1343  1.596340E-01 -2.853000E-02 -1.047200E-01
             1344  1.795710E-01 -3.158000E-02 -7.761000E-02
             1345  1.795490E-01 -3.576000E-02 -1.054700E-01
             1346  1.994840E-01 -4.295000E-02 -1.060900E-01
             1347  1.000000E-01 -4.820000E-03  1.294000E-03
             1348  1.000000E-01 -6.470000E-03 -2.414000E-02
             1349  1.000000E-01 -8.110000E-03 -4.959000E-02
             1350  1.198850E-01 -1.190000E-02 -2.336000E-02
             1351  1.198830E-01 -1.418000E-02 -4.941000E-02
             1352  1.198780E-01 -1.646000E-02 -7.546000E-02
             1353  1.397760E-01 -2.021000E-02 -4.914000E-02
             1354  1.397680E-01 -2.313000E-02 -7.580000E-02
             1355  1.397530E-01 -2.604000E-02 -1.024600E-01
             1356  1.596730E-01 -2.976000E-02 -7.602000E-02
             1357  1.596560E-01 -3.331000E-02 -1.032800E-01
             1358  1.795780E-01 -4.053000E-02 -1.039800E-01
             1359  1.000000E-01 -1.130000E-02 -2.285000E-02
             1360  1.000000E-01 -1.294000E-02 -4.829000E-02
             1361  1.000000E-01 -1.458000E-02 -7.373000E-02
             1362  1.198870E-01 -1.899000E-02 -4.807000E-02
             1363  1.198830E-01 -2.127000E-02 -7.412000E-02
             1364  1.198760E-01 -2.355000E-02 -1.001700E-01
             1365  1.397790E-01 -2.792000E-02 -7.440000E-02
             1366  1.397680E-01 -3.084000E-02 -1.010700E-01
             1367  1.596780E-01 -3.809000E-02 -1.018400E-01
             1368  1.000000E-01 -1.777000E-02 -4.700000E-02
             1369  1.000000E-01 -1.941000E-02 -7.244000E-02
             1370  1.000000E-01 -2.105000E-02 -9.788000E-02
             1371  1.198890E-01 -2.608000E-02 -7.278000E-02
             1372  1.198830E-01 -2.836000E-02 -9.883000E-02
             1373  1.397830E-01 -3.564000E-02 -9.967000E-02
             1374  1.000000E-01 -2.424000E-02 -7.115000E-02
             1375  1.000000E-01 -2.588000E-02 -9.659000E-02
             1376  1.198910E-01 -3.317000E-02 -9.749000E-02
             1377  1.000000E-01 -3.071000E-02 -9.529000E-02
             1378  1.090060E+00 -7.461000E-02 -6.883000E-02
             1379  1.070190E+00 -7.534000E-02 -7.213000E-02
             1380  1.050310E+00 -7.607000E-02 -7.543000E-02
             1381  1.030420E+00 -7.678000E-02 -7.870000E-02
             1382  1.010540E+00 -7.748000E-02 -8.194000E-02
             1383  9.906410E-01 -7.815000E-02 -8.515000E-02
             1384  9.707380E-01 -7.879000E-02 -8.831000E-02
             1385  9.508250E-01 -7.941000E-02 -9.141000E-02
             1386  9.309010E-01 -7.998000E-02 -9.445000E-02
             1387  9.109640E-01 -8.051000E-02 -9.742000E-02
             1388  8.910150E-01 -8.100000E-02 -1.003100E-01
             1389  8.710510E-01 -8.143000E-02 -1.031000E-01
             1390  8.510730E-01 -8.180000E-02 -1.058000E-01
             1391  8.310790E-01 -8.211000E-02 -1.083900E-01
             1392  8.110700E-01 -8.235000E-02 -1.108600E-01
             1393  7.910450E-01 -8.251000E-02 -1.132000E-01
             1394  7.710030E-01 -8.260000E-02 -1.154100E-01
             1395  7.509460E-01 -8.260000E-02 -1.174800E-01
             1396  7.308740E-01 -8.250000E-02 -1.193900E-01
             1397  7.107880E-01 -8.232000E-02 -1.211300E-01
             1398  6.906890E-01 -8.203000E-02 -1.227100E-01
             1399  6.705780E-01 -8.163000E-02 -1.241000E-01
             1400  6.504570E-01 -8.113000E-02 -1.253000E-01
             1401  6.303290E-01 -8.050000E-02 -1.263000E-01
             1402  6.101960E-01 -7.975000E-02 -1.270800E-01
             1403  5.900600E-01 -7.888000E-02 -1.276500E-01
             1404  5.699260E-01 -7.787000E-02 -1.280000E-01
             1405  5.497950E-01 -7.675000E-02 -1.281400E-01
             1406  5.296700E-01 -7.550000E-02 -1.280700E-01
             1407  5.095540E-01 -7.415000E-02 -1.278100E-01
             1408  4.894490E-01 -7.269000E-02 -1.273700E-01
             1409  4.693570E-01 -7.113000E-02 -1.267600E-01
             1410  4.492770E-01 -6.947000E-02 -1.259800E-01
             1411  4.292120E-01 -6.773000E-02 -1.250400E-01
             1412  4.091610E-01 -6.590000E-02 -1.239600E-01
             1413  3.891260E-01 -6.399000E-02 -1.227400E-01
             1414  3.691060E-01 -6.201000E-02 -1.214000E-01
             1415  3.491010E-01 -5.996000E-02 -1.199300E-01
             1416  3.291110E-01 -5.784000E-02 -1.183600E-01
             1417  3.091340E-01 -5.568000E-02 -1.166900E-01
             1418  2.891720E-01 -5.345000E-02 -1.149200E-01
             1419  2.692230E-01 -5.118000E-02 -1.130800E-01
             1420  2.492850E-01 -4.887000E-02 -1.111600E-01
             1421  2.293580E-01 -4.653000E-02 -1.091700E-01
             1422  2.094400E-01 -4.415000E-02 -1.071300E-01
             1423  1.895300E-01 -4.174000E-02 -1.050400E-01
             1424  1.696280E-01 -3.931000E-02 -1.029200E-01
             1425  1.497300E-01 -3.686000E-02 -1.007600E-01
             1426  1.298370E-01 -3.441000E-02 -9.858000E-02
             1427  1.099450E-01 -3.194000E-02 -9.639000E-02
             1428  1.090050E+00 -6.750000E-02 -7.586000E-02
             1429  1.070160E+00 -6.817000E-02 -7.909000E-02
             1430  1.050270E+00 -6.883000E-02 -8.231000E-02
             1431  1.030370E+00 -6.947000E-02 -8.550000E-02
             1432  1.010470E+00 -7.010000E-02 -8.867000E-02
             1433  9.905600E-01 -7.070000E-02 -9.180000E-02
             1434  9.706420E-01 -7.128000E-02 -9.488000E-02
             1435  9.507150E-01 -7.182000E-02 -9.791000E-02
             1436  9.307770E-01 -7.233000E-02 -1.008700E-01
             1437  9.108280E-01 -7.280000E-02 -1.037600E-01
             1438  8.908660E-01 -7.321000E-02 -1.065600E-01
             1439  8.708890E-01 -7.358000E-02 -1.092800E-01
             1440  8.508990E-01 -7.388000E-02 -1.118900E-01
             1441  8.308940E-01 -7.413000E-02 -1.144000E-01
             1442  8.108740E-01 -7.430000E-02 -1.167900E-01
             1443  7.908390E-01 -7.440000E-02 -1.190500E-01
             1444  7.707880E-01 -7.442000E-02 -1.211800E-01
             1445  7.507230E-01 -7.436000E-02 -1.231500E-01
             1446  7.306430E-01 -7.421000E-02 -1.249800E-01
             1447  7.105510E-01 -7.396000E-02 -1.266400E-01
             1448  6.904460E-01 -7.361000E-02 -1.281200E-01
             1449  6.703300E-01 -7.316000E-02 -1.294300E-01
             1450  6.502050E-01 -7.259000E-02 -1.305300E-01
             1451  6.300740E-01 -7.191000E-02 -1.314400E-01
             1452  6.099400E-01 -7.111000E-02 -1.321400E-01
             1453  5.898040E-01 -7.018000E-02 -1.326100E-01
             1454  5.696710E-01 -6.912000E-02 -1.328700E-01
             1455  5.495430E-01 -6.795000E-02 -1.329100E-01
             1456  5.294220E-01 -6.665000E-02 -1.327500E-01
             1457  5.093110E-01 -6.525000E-02 -1.323900E-01
             1458  4.892120E-01 -6.374000E-02 -1.318600E-01
             1459  4.691260E-01 -6.214000E-02 -1.311500E-01
             1460  4.490540E-01 -6.044000E-02 -1.302700E-01
             1461  4.289970E-01 -5.865000E-02 -1.292400E-01
             1462  4.089550E-01 -5.678000E-02 -1.280600E-01
             1463  3.889300E-01 -5.483000E-02 -1.267500E-01
             1464  3.689210E-01 -5.281000E-02 -1.253000E-01
             1465  3.489270E-01 -5.072000E-02 -1.237400E-01
             1466  3.289490E-01 -4.857000E-02 -1.220700E-01
             1467  3.089850E-01 -4.637000E-02 -1.203000E-01
             1468  2.890360E-01 -4.411000E-02 -1.184400E-01
             1469  2.690990E-01 -4.180000E-02 -1.165000E-01
             1470  2.491750E-01 -3.946000E-02 -1.144800E-01
             1471  2.292620E-01 -3.708000E-02 -1.124000E-01
             1472  2.093590E-01 -3.466000E-02 -1.102600E-01
             1473  1.894640E-01 -3.223000E-02 -1.080700E-01
             1474  1.695750E-01 -2.976000E-02 -1.058500E-01
             1475  1.496930E-01 -2.729000E-02 -1.035900E-01
             1476  1.298140E-01 -2.479000E-02 -1.013200E-01
             1477  1.099380E-01 -2.230000E-02 -9.903000E-02
             1478  1.090050E+00  6.750800E-02  7.586300E-02
             1479  1.070160E+00  6.817300E-02  7.909400E-02
             1480  1.050270E+00  6.883000E-02  8.231200E-02
             1481  1.030370E+00  6.947500E-02  8.550800E-02
             1482  1.010470E+00  7.010200E-02  8.867500E-02
             1483  9.905600E-01  7.070700E-02  9.180400E-02
             1484  9.706420E-01  7.128400E-02  9.488500E-02
             1485  9.507150E-01  7.182900E-02  9.791100E-02
             1486  9.307770E-01  7.233700E-02  1.008730E-01
             1487  9.108280E-01  7.280100E-02  1.037610E-01
             1488  8.908660E-01  7.321900E-02  1.065670E-01
             1489  8.708890E-01  7.358300E-02  1.092830E-01
             1490  8.508990E-01  7.388900E-02  1.118980E-01
             1491  8.308940E-01  7.413200E-02  1.144050E-01
             1492  8.108740E-01  7.430600E-02  1.167940E-01
             1493  7.908390E-01  7.440700E-02  1.190550E-01
             1494  7.707880E-01  7.442800E-02  1.211800E-01
             1495  7.507230E-01  7.436500E-02  1.231590E-01
             1496  7.306430E-01  7.421200E-02  1.249830E-01
             1497  7.105510E-01  7.396500E-02  1.266430E-01
             1498  6.904460E-01  7.361600E-02  1.281280E-01
             1499  6.703300E-01  7.316200E-02  1.294300E-01
             1500  6.502050E-01  7.259700E-02  1.305390E-01
             1501  6.300740E-01  7.191500E-02  1.314460E-01
             1502  6.099400E-01  7.111200E-02  1.321420E-01
             1503  5.898040E-01  7.018300E-02  1.326160E-01
             1504  5.696710E-01  6.912700E-02  1.328700E-01
             1505  5.495430E-01  6.795000E-02  1.329130E-01
             1506  5.294220E-01  6.665800E-02  1.327520E-01
             1507  5.093110E-01  6.525500E-02  1.323990E-01
             1508  4.892120E-01  6.374800E-02  1.318620E-01
             1509  4.691260E-01  6.214200E-02  1.311510E-01
             1510  4.490540E-01  6.044200E-02  1.302750E-01
             1511  4.289970E-01  5.865400E-02  1.292430E-01
             1512  4.089550E-01  5.678300E-02  1.280650E-01
             1513  3.889300E-01  5.483500E-02  1.267500E-01
             1514  3.689210E-01  5.281400E-02  1.253080E-01
             1515  3.489270E-01  5.072600E-02  1.237470E-01
             1516  3.289490E-01  4.857700E-02  1.220770E-01
             1517  3.089850E-01  4.637100E-02  1.203060E-01
             1518  2.890360E-01  4.411300E-02  1.184440E-01
             1519  2.690990E-01  4.180900E-02  1.165000E-01
             1520  2.491750E-01  3.946400E-02  1.144820E-01
             1521  2.292620E-01  3.708200E-02  1.124000E-01
             1522  2.093590E-01  3.466900E-02  1.102610E-01
             1523  1.894640E-01  3.223000E-02  1.080760E-01
             1524  1.695750E-01  2.976800E-02  1.058510E-01
             1525  1.496930E-01  2.729000E-02  1.035970E-01
             1526  1.298140E-01  2.479900E-02  1.013210E-01
             1527  1.099380E-01  2.230200E-02  9.903300E-02
             1528  1.090060E+00  7.461400E-02  6.883000E-02
             1529  1.070190E+00  7.534700E-02  7.213800E-02
             1530  1.050310E+00  7.607200E-02  7.543200E-02
             1531  1.030420E+00  7.678500E-02  7.870500E-02
             1532  1.010540E+00  7.748100E-02  8.194900E-02
             1533  9.906410E-01  7.815400E-02  8.515500E-02
             1534  9.707380E-01  7.879900E-02  8.831400E-02
             1535  9.508250E-01  7.941200E-02  9.141800E-02
             1536  9.309010E-01  7.998600E-02  9.445800E-02
             1537  9.109640E-01  8.051800E-02  9.742500E-02
             1538  8.910150E-01  8.100200E-02  1.003120E-01
             1539  8.710510E-01  8.143200E-02  1.031070E-01
             1540  8.510730E-01  8.180400E-02  1.058040E-01
             1541  8.310790E-01  8.211200E-02  1.083930E-01
             1542  8.110700E-01  8.235100E-02  1.108640E-01
             1543  7.910450E-01  8.251600E-02  1.132090E-01
             1544  7.710030E-01  8.260000E-02  1.154180E-01
             1545  7.509460E-01  8.260000E-02  1.174820E-01
             1546  7.308740E-01  8.250900E-02  1.193930E-01
             1547  7.107880E-01  8.232100E-02  1.211390E-01
             1548  6.906890E-01  8.203300E-02  1.227130E-01
             1549  6.705780E-01  8.163700E-02  1.241040E-01
             1550  6.504570E-01  8.113000E-02  1.253030E-01
             1551  6.303290E-01  8.050500E-02  1.263010E-01
             1552  6.101960E-01  7.975700E-02  1.270880E-01
             1553  5.900600E-01  7.888100E-02  1.276560E-01
             1554  5.699260E-01  7.787800E-02  1.280040E-01
             1555  5.497950E-01  7.675100E-02  1.281410E-01
             1556  5.296700E-01  7.550800E-02  1.280760E-01
             1557  5.095540E-01  7.415400E-02  1.278180E-01
             1558  4.894490E-01  7.269300E-02  1.273770E-01
             1559  4.693570E-01  7.113200E-02  1.267620E-01
             1560  4.492770E-01  6.947600E-02  1.259820E-01
             1561  4.292120E-01  6.773000E-02  1.250470E-01
             1562  4.091610E-01  6.590100E-02  1.239660E-01
             1563  3.891260E-01  6.399200E-02  1.227480E-01
             1564  3.691060E-01  6.201100E-02  1.214030E-01
             1565  3.491010E-01  5.996200E-02  1.199390E-01
             1566  3.291110E-01  5.784900E-02  1.183660E-01
             1567  3.091340E-01  5.568000E-02  1.166930E-01
             1568  2.891720E-01  5.345800E-02  1.149290E-01
             1569  2.692230E-01  5.118900E-02  1.130820E-01
             1570  2.492850E-01  4.887800E-02  1.111620E-01
             1571  2.293580E-01  4.653000E-02  1.091770E-01
             1572  2.094400E-01  4.415100E-02  1.071360E-01
             1573  1.895300E-01  4.174400E-02  1.050480E-01
             1574  1.696280E-01  3.931500E-02  1.029220E-01
             1575  1.497300E-01  3.686900E-02  1.007650E-01
             1576  1.298370E-01  3.441100E-02  9.858600E-02
             1577  1.099450E-01  3.194500E-02  9.639600E-02
             1578  1.000000E-01 -2.346000E-02 -9.723000E-02
             1579  1.000000E-01 -2.829000E-02 -9.594000E-02
             1580  1.000000E-01  1.781700E-02  8.581200E-02
             1581  1.000000E-01  1.134600E-02  6.166400E-02
             1582  1.000000E-01  4.876000E-03  3.751600E-02
             1583  1.000000E-01 -1.590000E-03  1.336800E-02
             1584  1.000000E-01 -8.060000E-03 -1.078000E-02
             1585  1.000000E-01 -1.453000E-02 -3.492000E-02
             1586  1.000000E-01 -2.100000E-02 -5.907000E-02
             1587  1.000000E-01 -2.747000E-02 -8.322000E-02
             1588  1.000000E-01  2.747600E-02  8.322400E-02
             1589  1.000000E-01  2.100500E-02  5.907600E-02
             1590  1.000000E-01  1.453500E-02  3.492800E-02
             1591  1.000000E-01  8.064000E-03  1.078000E-02
             1592  1.000000E-01  1.594000E-03 -1.336000E-02
             1593  1.000000E-01 -4.870000E-03 -3.751000E-02
             1594  1.000000E-01 -1.134000E-02 -6.166000E-02
             1595  1.000000E-01 -1.781000E-02 -8.581000E-02
             1596  1.000000E-01  2.829600E-02  9.594500E-02
             1597  1.000000E-01  2.346700E-02  9.723900E-02
             1598  1.100000E+00 -6.894000E-02 -7.247000E-02
             1599  1.100000E+00 -7.247000E-02 -6.894000E-02
             1600  1.100000E+00  5.833600E-02  6.540700E-02
             1601  1.100000E+00  4.065800E-02  4.772900E-02
             1602  1.100000E+00  2.298100E-02  3.005200E-02
             1603  1.100000E+00  5.303000E-03  1.237400E-02
             1604  1.100000E+00 -1.237000E-02 -5.300000E-03
             1605  1.100000E+00 -3.005000E-02 -2.298000E-02
             1606  1.100000E+00 -4.772000E-02 -4.065000E-02
             1607  1.100000E+00 -6.540000E-02 -5.833000E-02
             1608  1.100000E+00  6.540700E-02  5.833600E-02
             1609  1.100000E+00  4.772900E-02  4.065800E-02
             1610  1.100000E+00  3.005200E-02  2.298100E-02
             1611  1.100000E+00  1.237400E-02  5.303000E-03
             1612  1.100000E+00 -5.300000E-03 -1.237000E-02
             1613  1.100000E+00 -2.298000E-02 -3.005000E-02
             1614  1.100000E+00 -4.065000E-02 -4.772000E-02
             1615  1.100000E+00 -5.833000E-02 -6.540000E-02
             1616  1.100000E+00  7.247800E-02  6.894200E-02
             1617  1.100000E+00  6.894200E-02  7.247800E-02
             1618  1.080110E+00 -6.962000E-02 -7.573000E-02
             1619  1.090060E+00 -7.106000E-02 -7.234000E-02
             1620  1.060220E+00 -7.030000E-02 -7.897000E-02
             1621  1.070170E+00 -7.176000E-02 -7.561000E-02
             1622  1.080120E+00 -7.319000E-02 -7.223000E-02
             1623  1.040330E+00 -7.097000E-02 -8.220000E-02
             1624  1.050290E+00 -7.245000E-02 -7.887000E-02
             1625  1.060240E+00 -7.390000E-02 -7.551000E-02
             1626  1.020440E+00 -7.162000E-02 -8.540000E-02
             1627  1.030400E+00 -7.313000E-02 -8.210000E-02
             1628  1.040360E+00 -7.461000E-02 -7.878000E-02
             1629  1.000530E+00 -7.226000E-02 -8.857000E-02
             1630  1.010500E+00 -7.379000E-02 -8.531000E-02
             1631  1.020470E+00 -7.529000E-02 -8.202000E-02
             1632  9.806240E-01 -7.286000E-02 -9.169000E-02
             1633  9.906000E-01 -7.443000E-02 -8.847000E-02
             1634  1.000570E+00 -7.596000E-02 -8.522000E-02
             1635  9.607050E-01 -7.344000E-02 -9.477000E-02
             1636  9.706890E-01 -7.504000E-02 -9.160000E-02
             1637  9.806690E-01 -7.661000E-02 -8.839000E-02
             1638  9.507680E-01 -7.562000E-02 -9.466000E-02
             1639  9.407770E-01 -7.399000E-02 -9.778000E-02
             1640  9.607570E-01 -7.722000E-02 -9.150000E-02
             1641  9.308370E-01 -7.616000E-02 -9.766000E-02
             1642  9.208370E-01 -7.449000E-02 -1.007300E-01
             1643  9.408350E-01 -7.780000E-02 -9.456000E-02
             1644  9.108940E-01 -7.666000E-02 -1.005900E-01
             1645  9.008840E-01 -7.495000E-02 -1.036000E-01
             1646  9.209020E-01 -7.833000E-02 -9.754000E-02
             1647  8.909380E-01 -7.711000E-02 -1.034400E-01
             1648  8.809180E-01 -7.536000E-02 -1.063800E-01
             1649  9.009560E-01 -7.882000E-02 -1.004500E-01
             1650  8.709690E-01 -7.750000E-02 -1.061900E-01
             1651  8.609380E-01 -7.571000E-02 -1.090700E-01
             1652  8.809960E-01 -7.927000E-02 -1.032700E-01
             1653  8.509840E-01 -7.784000E-02 -1.088500E-01
             1654  8.409430E-01 -7.600000E-02 -1.116500E-01
             1655  8.610220E-01 -7.965000E-02 -1.060000E-01
             1656  8.309850E-01 -7.812000E-02 -1.113900E-01
             1657  8.209340E-01 -7.623000E-02 -1.141200E-01
             1658  8.410330E-01 -7.998000E-02 -1.086200E-01
             1659  8.109700E-01 -7.832000E-02 -1.138200E-01
             1660  8.009090E-01 -7.638000E-02 -1.164600E-01
             1661  8.210290E-01 -8.023000E-02 -1.111300E-01
             1662  7.909400E-01 -7.846000E-02 -1.161300E-01
             1663  7.808680E-01 -7.646000E-02 -1.186800E-01
             1664  8.010090E-01 -8.042000E-02 -1.135200E-01
             1665  7.708940E-01 -7.851000E-02 -1.182900E-01
             1666  7.608120E-01 -7.645000E-02 -1.207500E-01
             1667  7.809730E-01 -8.053000E-02 -1.157800E-01
             1668  7.508330E-01 -7.848000E-02 -1.203200E-01
             1669  7.407410E-01 -7.636000E-02 -1.226800E-01
             1670  7.609220E-01 -8.056000E-02 -1.178900E-01
             1671  7.307570E-01 -7.836000E-02 -1.221800E-01
             1672  7.206570E-01 -7.618000E-02 -1.244400E-01
             1673  7.408550E-01 -8.050000E-02 -1.198600E-01
             1674  7.106680E-01 -7.814000E-02 -1.238900E-01
             1675  7.005600E-01 -7.590000E-02 -1.260400E-01
             1676  7.207740E-01 -8.034000E-02 -1.216700E-01
             1677  6.905660E-01 -7.782000E-02 -1.254200E-01
             1678  6.804500E-01 -7.551000E-02 -1.274600E-01
             1679  7.006800E-01 -8.009000E-02 -1.233100E-01
             1680  6.704530E-01 -7.740000E-02 -1.267600E-01
             1681  6.603310E-01 -7.502000E-02 -1.286900E-01
             1682  6.805730E-01 -7.973000E-02 -1.247700E-01
             1683  6.503300E-01 -7.686000E-02 -1.279200E-01
             1684  6.402040E-01 -7.441000E-02 -1.297200E-01
             1685  6.604560E-01 -7.927000E-02 -1.260400E-01
             1686  6.302010E-01 -7.621000E-02 -1.288700E-01
             1687  6.200710E-01 -7.368000E-02 -1.305400E-01
             1688  6.403300E-01 -7.869000E-02 -1.271200E-01
             1689  5.999360E-01 -7.283000E-02 -1.311500E-01
             1690  6.100680E-01 -7.543000E-02 -1.296100E-01
             1691  6.201990E-01 -7.799000E-02 -1.279900E-01
             1692  5.798010E-01 -7.185000E-02 -1.315400E-01
             1693  5.899320E-01 -7.453000E-02 -1.301300E-01
             1694  6.000640E-01 -7.716000E-02 -1.286500E-01
             1695  5.596700E-01 -7.074000E-02 -1.317100E-01
             1696  5.697990E-01 -7.350000E-02 -1.304300E-01
             1697  5.799290E-01 -7.621000E-02 -1.290800E-01
             1698  5.395440E-01 -6.952000E-02 -1.316700E-01
             1699  5.496700E-01 -7.235000E-02 -1.305200E-01
             1700  5.597960E-01 -7.513000E-02 -1.293000E-01
             1701  5.194270E-01 -6.818000E-02 -1.314400E-01
             1702  5.295470E-01 -7.108000E-02 -1.304100E-01
             1703  5.396690E-01 -7.393000E-02 -1.293100E-01
             1704  4.993200E-01 -6.674000E-02 -1.310200E-01
             1705  5.094340E-01 -6.970000E-02 -1.301000E-01
             1706  5.195500E-01 -7.262000E-02 -1.291200E-01
             1707  4.792260E-01 -6.519000E-02 -1.304100E-01
             1708  4.893320E-01 -6.822000E-02 -1.296200E-01
             1709  4.994400E-01 -7.120000E-02 -1.287500E-01
             1710  4.591450E-01 -6.355000E-02 -1.296400E-01
             1711  4.692430E-01 -6.663000E-02 -1.289500E-01
             1712  4.793430E-01 -6.968000E-02 -1.282000E-01
             1713  4.390780E-01 -6.182000E-02 -1.287100E-01
             1714  4.491670E-01 -6.495000E-02 -1.281200E-01
             1715  4.592590E-01 -6.806000E-02 -1.274700E-01
             1716  4.190270E-01 -6.000000E-02 -1.276300E-01
             1717  4.291060E-01 -6.319000E-02 -1.271400E-01
             1718  4.391880E-01 -6.635000E-02 -1.265900E-01
             1719  3.989910E-01 -5.810000E-02 -1.264100E-01
             1720  4.090600E-01 -6.134000E-02 -1.260100E-01
             1721  4.191320E-01 -6.455000E-02 -1.255600E-01
             1722  3.789710E-01 -5.612000E-02 -1.250500E-01
             1723  3.890300E-01 -5.941000E-02 -1.247500E-01
             1724  3.990910E-01 -6.267000E-02 -1.243800E-01
             1725  3.589670E-01 -5.408000E-02 -1.235700E-01
             1726  3.690150E-01 -5.741000E-02 -1.233500E-01
             1727  3.790660E-01 -6.071000E-02 -1.230800E-01
             1728  3.389780E-01 -5.197000E-02 -1.219800E-01
             1729  3.490160E-01 -5.534000E-02 -1.218400E-01
             1730  3.590570E-01 -5.869000E-02 -1.216500E-01
             1731  3.190040E-01 -4.980000E-02 -1.202800E-01
             1732  3.290310E-01 -5.321000E-02 -1.202200E-01
             1733  3.390620E-01 -5.659000E-02 -1.201000E-01
             1734  2.990440E-01 -4.758000E-02 -1.184900E-01
             1735  3.090620E-01 -5.102000E-02 -1.185000E-01
             1736  3.190820E-01 -5.444000E-02 -1.184500E-01
             1737  2.790980E-01 -4.530000E-02 -1.166100E-01
             1738  2.891060E-01 -4.878000E-02 -1.166800E-01
             1739  2.991160E-01 -5.224000E-02 -1.167100E-01
             1740  2.591650E-01 -4.299000E-02 -1.146500E-01
             1741  2.691630E-01 -4.650000E-02 -1.147900E-01
             1742  2.791630E-01 -4.998000E-02 -1.148800E-01
             1743  2.392430E-01 -4.063000E-02 -1.126300E-01
             1744  2.492320E-01 -4.417000E-02 -1.128200E-01
             1745  2.592230E-01 -4.768000E-02 -1.129700E-01
             1746  2.193310E-01 -3.824000E-02 -1.105400E-01
             1747  2.293110E-01 -4.180000E-02 -1.107800E-01
             1748  2.392950E-01 -4.535000E-02 -1.109900E-01
             1749  2.094000E-01 -3.941000E-02 -1.086900E-01
             1750  1.994290E-01 -3.582000E-02 -1.084000E-01
             1751  2.193760E-01 -4.297000E-02 -1.089500E-01
             1752  1.894980E-01 -3.698000E-02 -1.065600E-01
             1753  1.795340E-01 -3.338000E-02 -1.062200E-01
             1754  1.994660E-01 -4.057000E-02 -1.068600E-01
             1755  1.696020E-01 -3.454000E-02 -1.043800E-01
             1756  1.596450E-01 -3.092000E-02 -1.040000E-01
             1757  1.795630E-01 -3.814000E-02 -1.047300E-01
             1758  1.497120E-01 -3.207000E-02 -1.021800E-01
             1759  1.397610E-01 -2.844000E-02 -1.017600E-01
             1760  1.596670E-01 -3.570000E-02 -1.025600E-01
             1761  1.298260E-01 -2.960000E-02 -9.995000E-02
             1762  1.198800E-01 -2.595000E-02 -9.950000E-02
             1763  1.397760E-01 -3.324000E-02 -1.003700E-01
             1764  1.099420E-01 -2.712000E-02 -9.771000E-02
             1765  1.198870E-01 -3.077000E-02 -9.816000E-02
             1766  1.080110E+00  5.891500E-02  6.823100E-02
             1767  1.090060E+00  4.974300E-02  5.777600E-02
             1768  1.060220E+00  5.948900E-02  7.104900E-02
             1769  1.070170E+00  5.023300E-02  6.018900E-02
             1770  1.080110E+00  4.106200E-02  4.973500E-02
             1771  1.090060E+00  3.197700E-02  3.968900E-02
             1772  1.040320E+00  6.005500E-02  7.385100E-02
             1773  1.050270E+00  5.071700E-02  6.259200E-02
             1774  1.060220E+00  4.146200E-02  5.173600E-02
             1775  1.070170E+00  3.229200E-02  4.128400E-02
             1776  1.080110E+00  2.320900E-02  3.123900E-02
             1777  1.090060E+00  1.421200E-02  2.160200E-02
             1778  1.020430E+00  6.060700E-02  7.663100E-02
             1779  1.030380E+00  5.119200E-02  6.498000E-02
             1780  1.040330E+00  4.185600E-02  5.372600E-02
             1781  1.050280E+00  3.260400E-02  4.287300E-02
             1782  1.060230E+00  2.343500E-02  3.242400E-02
             1783  1.070170E+00  1.435200E-02  2.238000E-02
             1784  1.080120E+00  5.356000E-03  1.274300E-02
             1785  1.090060E+00 -3.550000E-03  3.515000E-03
             1786  1.000520E+00  6.114300E-02  7.938100E-02
             1787  1.010480E+00  5.165300E-02  6.734500E-02
             1788  1.020430E+00  4.224100E-02  5.570000E-02
             1789  1.030380E+00  3.290900E-02  4.445200E-02
             1790  1.040340E+00  2.365800E-02  3.360200E-02
             1791  1.050280E+00  1.449100E-02  2.315500E-02
             1792  1.060230E+00  5.408000E-03  1.311200E-02
             1793  1.070170E+00 -3.580000E-03  3.476000E-03
             1794  1.090060E+00 -2.131000E-02 -1.457000E-02
             1795  1.080120E+00 -1.249000E-02 -5.750000E-03
             1796  9.806080E-01  6.165600E-02  8.209300E-02
             1797  9.905690E-01  5.209800E-02  6.968100E-02
             1798  1.000530E+00  4.261400E-02  5.765300E-02
             1799  1.010490E+00  3.320500E-02  4.601500E-02
             1800  1.020440E+00  2.387500E-02  3.477000E-02
             1801  1.030390E+00  1.462600E-02  2.392400E-02
             1802  1.040340E+00  5.460000E-03  1.347800E-02
             1803  1.050290E+00 -3.620000E-03  3.436000E-03
             1804  1.070180E+00 -2.152000E-02 -1.542000E-02
             1805  1.060230E+00 -1.261000E-02 -6.190000E-03
             1806  1.090060E+00 -3.908000E-02 -3.265000E-02
             1807  1.080120E+00 -3.034000E-02 -2.424000E-02
             1808  9.606860E-01  6.214400E-02  8.476100E-02
             1809  9.706530E-01  5.252300E-02  7.198200E-02
             1810  9.806190E-01  4.297100E-02  5.957900E-02
             1811  9.905790E-01  3.349000E-02  4.755900E-02
             1812  1.000540E+00  2.408500E-02  3.592600E-02
             1813  1.010490E+00  1.475700E-02  2.468600E-02
             1814  1.020450E+00  5.509000E-03  1.384100E-02
             1815  1.030400E+00 -3.650000E-03  3.397000E-03
             1816  1.050290E+00 -2.173000E-02 -1.628000E-02
             1817  1.040350E+00 -1.273000E-02 -6.640000E-03
             1818  1.070180E+00 -3.946000E-02 -3.433000E-02
             1819  1.060240E+00 -3.064000E-02 -2.551000E-02
             1820  1.090060E+00 -5.684000E-02 -5.074000E-02
             1821  1.080120E+00 -4.820000E-02 -4.274000E-02
             1822  9.407550E-01  6.260000E-02  8.737600E-02
             1823  9.507270E-01  5.292300E-02  7.424100E-02
             1824  9.606990E-01  4.330900E-02  6.147300E-02
             1825  9.706650E-01  3.376200E-02  4.907900E-02
             1826  9.806300E-01  2.428500E-02  3.706600E-02
             1827  9.905890E-01  1.488300E-02  2.543800E-02
             1828  1.000550E+00  5.556000E-03  1.420000E-02
             1829  1.010500E+00 -3.690000E-03  3.357000E-03
             1830  1.030400E+00 -2.193000E-02 -1.712000E-02
             1831  1.020460E+00 -1.285000E-02 -7.080000E-03
             1832  1.050300E+00 -3.984000E-02 -3.599000E-02
             1833  1.040350E+00 -3.093000E-02 -2.676000E-02
             1834  1.070180E+00 -5.740000E-02 -5.323000E-02
             1835  1.060240E+00 -4.867000E-02 -4.482000E-02
             1836  1.080120E+00 -6.605000E-02 -6.123000E-02
             1837  9.208120E-01  6.302200E-02  8.993100E-02
             1838  9.307910E-01  5.329500E-02  7.645200E-02
             1839  9.407690E-01  4.362600E-02  6.333000E-02
             1840  9.507410E-01  3.401800E-02  5.057200E-02
             1841  9.607120E-01  2.447500E-02  3.818600E-02
             1842  9.706770E-01  1.500100E-02  2.617800E-02
             1843  9.806410E-01  5.600000E-03  1.455300E-02
             1844  9.906000E-01 -3.720000E-03  3.317000E-03
             1845  1.010510E+00 -2.213000E-02 -1.797000E-02
             1846  1.000560E+00 -1.297000E-02 -7.520000E-03
             1847  1.030410E+00 -4.022000E-02 -3.765000E-02
             1848  1.020460E+00 -3.122000E-02 -2.801000E-02
             1849  1.050300E+00 -5.796000E-02 -5.571000E-02
             1850  1.040360E+00 -4.913000E-02 -4.688000E-02
             1851  1.060250E+00 -6.669000E-02 -6.413000E-02
             1852  9.008570E-01  6.340400E-02  9.241900E-02
             1853  9.108430E-01  5.363600E-02  7.860800E-02
             1854  9.208280E-01  4.391700E-02  6.514300E-02
             1855  9.308070E-01  3.425400E-02  5.203300E-02
             1856  9.407840E-01  2.465100E-02  3.928400E-02
             1857  9.507550E-01  1.511200E-02  2.690400E-02
             1858  9.607250E-01  5.641000E-03  1.490000E-02
             1859  9.706890E-01 -3.750000E-03  3.278000E-03
             1860  9.906100E-01 -2.233000E-02 -1.880000E-02
             1861  9.806520E-01 -1.308000E-02 -7.950000E-03
             1862  1.010520E+00 -4.058000E-02 -3.929000E-02
             1863  1.000570E+00 -3.150000E-02 -2.924000E-02
             1864  1.030420E+00 -5.850000E-02 -5.818000E-02
             1865  1.020470E+00 -4.958000E-02 -4.894000E-02
             1866  1.040360E+00 -6.733000E-02 -6.701000E-02
             1867  8.808890E-01  6.374300E-02  9.483000E-02
             1868  8.908820E-01  5.394000E-02  8.070200E-02
             1869  9.008750E-01  4.418100E-02  6.690800E-02
             1870  9.108600E-01  3.447000E-02  5.345600E-02
             1871  9.208450E-01  2.481300E-02  4.035600E-02
             1872  9.308220E-01  1.521400E-02  2.761400E-02
             1873  9.407980E-01  5.677000E-03  1.523900E-02
             1874  9.507680E-01 -3.790000E-03  3.238000E-03
             1875  9.707010E-01 -2.251000E-02 -1.962000E-02
             1876  9.607380E-01 -1.319000E-02 -8.380000E-03
             1877  9.906200E-01 -4.093000E-02 -4.092000E-02
             1878  9.806630E-01 -3.176000E-02 -3.046000E-02
             1879  1.010530E+00 -5.903000E-02 -6.062000E-02
             1880  1.000580E+00 -5.002000E-02 -5.097000E-02
             1881  1.020480E+00 -6.795000E-02 -6.986000E-02
             1882  8.609070E-01  6.403300E-02  9.715800E-02
             1883  8.709080E-01  5.420500E-02  8.272900E-02
             1884  8.809080E-01  4.441300E-02  6.861900E-02
             1885  8.909010E-01  3.466200E-02  5.483900E-02
             1886  9.008930E-01  2.495800E-02  4.139900E-02
             1887  9.108770E-01  1.530500E-02  2.830600E-02
             1888  9.208610E-01  5.708000E-03  1.557000E-02
             1889  9.308370E-01 -3.820000E-03  3.197000E-03
             1890  9.507820E-01 -2.269000E-02 -2.042000E-02
             1891  9.408130E-01 -1.329000E-02 -8.800000E-03
             1892  9.707130E-01 -4.127000E-02 -4.252000E-02
             1893  9.607500E-01 -3.202000E-02 -3.166000E-02
             1894  9.906300E-01 -5.954000E-02 -6.303000E-02
             1895  9.806740E-01 -5.045000E-02 -5.297000E-02
             1896  1.000590E+00 -6.855000E-02 -7.269000E-02
             1897  8.409100E-01  6.426900E-02  9.939500E-02
             1898  8.509190E-01  5.442700E-02  8.468000E-02
             1899  8.609280E-01  4.461100E-02  7.027000E-02
             1900  8.709280E-01  3.482800E-02  5.617700E-02
             1901  8.809280E-01  2.508400E-02  4.240900E-02
             1902  8.909200E-01  1.538400E-02  2.897700E-02
             1903  9.009110E-01  5.734000E-03  1.589100E-02
             1904  9.108940E-01 -3.850000E-03  3.157000E-03
             1905  9.308530E-01 -2.286000E-02 -2.121000E-02
             1906  9.208770E-01 -1.339000E-02 -9.210000E-03
             1907  9.507960E-01 -4.160000E-02 -4.409000E-02
             1908  9.408280E-01 -3.227000E-02 -3.284000E-02
             1909  9.707250E-01 -6.003000E-02 -6.541000E-02
             1910  9.607630E-01 -5.086000E-02 -5.495000E-02
             1911  9.806850E-01 -6.913000E-02 -7.548000E-02
             1912  8.208980E-01  6.444800E-02  1.015330E-01
             1913  8.309160E-01  5.460100E-02  8.655000E-02
             1914  8.409320E-01  4.477100E-02  7.185600E-02
             1915  8.509410E-01  3.496500E-02  5.746400E-02
             1916  8.609490E-01  2.518900E-02  4.338300E-02
             1917  8.709480E-01  1.545000E-02  2.962600E-02
             1918  8.809470E-01  5.754000E-03  1.620000E-02
             1919  8.909380E-01 -3.890000E-03  3.117000E-03
             1920  9.109120E-01 -2.302000E-02 -2.199000E-02
             1921  9.009290E-01 -1.348000E-02 -9.610000E-03
             1922  9.308680E-01 -4.190000E-02 -4.563000E-02
             1923  9.208930E-01 -3.249000E-02 -3.399000E-02
             1924  9.508100E-01 -6.050000E-02 -6.775000E-02
             1925  9.408420E-01 -5.124000E-02 -5.688000E-02
             1926  9.607760E-01 -6.969000E-02 -7.823000E-02
             1927  8.008710E-01  6.456500E-02  1.035630E-01
             1928  8.108970E-01  5.472400E-02  8.833100E-02
             1929  8.209220E-01  4.488900E-02  7.337100E-02
             1930  8.309390E-01  3.507000E-02  5.869700E-02
             1931  8.409550E-01  2.527200E-02  4.431900E-02
             1932  8.509620E-01  1.550300E-02  3.024900E-02
             1933  8.609700E-01  5.768000E-03  1.649800E-02
             1934  8.709690E-01 -3.920000E-03  3.076000E-03
             1935  8.909570E-01 -2.317000E-02 -2.274000E-02
             1936  8.809670E-01 -1.357000E-02 -1.000000E-02
             1937  9.109290E-01 -4.218000E-02 -4.713000E-02
             1938  9.009470E-01 -3.271000E-02 -3.512000E-02
             1939  9.308840E-01 -6.094000E-02 -7.004000E-02
             1940  9.209100E-01 -5.160000E-02 -5.878000E-02
             1941  9.408570E-01 -7.021000E-02 -8.092000E-02
             1942  7.808290E-01  6.461500E-02  1.054780E-01
             1943  7.908630E-01  5.479100E-02  9.001700E-02
             1944  8.008960E-01  4.496400E-02  7.481000E-02
             1945  8.109210E-01  3.514100E-02  5.987000E-02
             1946  8.209460E-01  2.533000E-02  4.521100E-02
             1947  8.309620E-01  1.553900E-02  3.084500E-02
             1948  8.409770E-01  5.774000E-03  1.678200E-02
             1949  8.509840E-01 -3.950000E-03  3.035000E-03
             1950  8.709890E-01 -2.330000E-02 -2.347000E-02
             1951  8.609910E-01 -1.365000E-02 -1.038000E-02
             1952  8.909760E-01 -4.244000E-02 -4.859000E-02
             1953  8.809860E-01 -3.290000E-02 -3.621000E-02
             1954  9.109460E-01 -6.135000E-02 -7.228000E-02
             1955  9.009650E-01 -5.193000E-02 -6.062000E-02
             1956  9.209260E-01 -7.070000E-02 -8.356000E-02
             1957  7.607710E-01  6.459400E-02  1.072700E-01
             1958  7.708130E-01  5.480000E-02  9.160000E-02
             1959  7.808550E-01  4.499100E-02  7.616500E-02
             1960  7.908880E-01  3.517600E-02  6.098000E-02
             1961  8.009210E-01  2.536200E-02  4.605700E-02
             1962  8.109460E-01  1.555900E-02  3.141100E-02
             1963  8.209700E-01  5.772000E-03  1.705200E-02
             1964  8.309850E-01 -3.990000E-03  2.994000E-03
             1965  8.510060E-01 -2.342000E-02 -2.417000E-02
             1966  8.410000E-01 -1.372000E-02 -1.075000E-02
             1967  8.710090E-01 -4.267000E-02 -5.001000E-02
             1968  8.610120E-01 -3.307000E-02 -3.726000E-02
             1969  8.909940E-01 -6.172000E-02 -7.445000E-02
             1970  8.810060E-01 -5.223000E-02 -6.241000E-02
             1971  9.009820E-01 -7.115000E-02 -8.612000E-02
             1972  7.406990E-01  6.449600E-02  1.089300E-01
             1973  7.507490E-01  5.474500E-02  9.307400E-02
             1974  7.607980E-01  4.496700E-02  7.743300E-02
             1975  7.708400E-01  3.517100E-02  6.202200E-02
             1976  7.808810E-01  2.536600E-02  4.685400E-02
             1977  7.909140E-01  1.556000E-02  3.194500E-02
             1978  8.009460E-01  5.761000E-03  1.730700E-02
             1979  8.109700E-01 -4.020000E-03  2.953000E-03
             1980  8.310080E-01 -2.352000E-02 -2.485000E-02
             1981  8.209930E-01 -1.378000E-02 -1.110000E-02
             1982  8.510280E-01 -4.288000E-02 -5.138000E-02
             1983  8.410220E-01 -3.322000E-02 -3.828000E-02
             1984  8.710290E-01 -6.205000E-02 -7.656000E-02
             1985  8.610320E-01 -5.249000E-02 -6.414000E-02
             1986  8.810250E-01 -7.156000E-02 -8.862000E-02
             1987  7.206130E-01  6.431800E-02  1.104490E-01
             1988  7.306700E-01  5.462300E-02  9.443200E-02
             1989  7.407270E-01  4.488800E-02  7.860700E-02
             1990  7.507770E-01  3.512400E-02  6.299000E-02
             1991  7.608260E-01  2.533900E-02  4.759800E-02
             1992  7.708670E-01  1.554200E-02  3.244500E-02
             1993  7.809080E-01  5.741000E-03  1.754500E-02
             1994  7.909400E-01 -4.050000E-03  2.911000E-03
             1995  8.109950E-01 -2.360000E-02 -2.550000E-02
             1996  8.009720E-01 -1.383000E-02 -1.144000E-02
             1997  8.310310E-01 -4.305000E-02 -5.270000E-02
             1998  8.210170E-01 -3.334000E-02 -3.926000E-02
             1999  8.510490E-01 -6.234000E-02 -7.859000E-02
             2000  8.410440E-01 -5.272000E-02 -6.581000E-02
             2001  8.610530E-01 -7.191000E-02 -9.102000E-02
             2002  7.005150E-01  6.405400E-02  1.118210E-01
             2003  7.105790E-01  5.442900E-02  9.566600E-02
             2004  7.206420E-01  4.475200E-02  7.968000E-02
             2005  7.306990E-01  3.503300E-02  6.388100E-02
             2006  7.407560E-01  2.528000E-02  4.828500E-02
             2007  7.508050E-01  1.550300E-02  3.290800E-02
             2008  7.608530E-01  5.712000E-03  1.776500E-02
             2009  7.708940E-01 -4.080000E-03  2.869000E-03
             2010  7.909660E-01 -2.367000E-02 -2.612000E-02
             2011  7.809340E-01 -1.388000E-02 -1.176000E-02
             2012  8.110190E-01 -4.318000E-02 -5.395000E-02
             2013  8.009970E-01 -3.344000E-02 -4.018000E-02
             2014  8.310540E-01 -6.258000E-02 -8.054000E-02
             2015  8.210410E-01 -5.290000E-02 -6.741000E-02
             2016  8.410670E-01 -7.221000E-02 -9.334000E-02
             2017  6.804040E-01  6.370000E-02  1.130360E-01
             2018  6.904750E-01  5.416100E-02  9.676900E-02
             2019  7.005450E-01  4.455500E-02  8.064800E-02
             2020  7.106080E-01  3.489400E-02  6.469000E-02
             2021  7.206720E-01  2.518600E-02  4.891200E-02
             2022  7.307280E-01  1.544300E-02  3.333200E-02
             2023  7.407840E-01  5.672000E-03  1.796500E-02
             2024  7.508330E-01 -4.110000E-03  2.827000E-03
             2025  7.709210E-01 -2.371000E-02 -2.670000E-02
             2026  7.608810E-01 -1.391000E-02 -1.206000E-02
             2027  7.909910E-01 -4.328000E-02 -5.515000E-02
             2028  7.809600E-01 -3.350000E-02 -4.107000E-02
             2029  8.110440E-01 -6.276000E-02 -8.241000E-02
             2030  8.010220E-01 -5.304000E-02 -6.893000E-02
             2031  8.210650E-01 -7.246000E-02 -9.556000E-02
             2032  6.602840E-01  6.325100E-02  1.140870E-01
             2033  6.703600E-01  5.381300E-02  9.773500E-02
             2034  6.804350E-01  4.429400E-02  8.150300E-02
             2035  6.905050E-01  3.470500E-02  6.541100E-02
             2036  7.005750E-01  2.505700E-02  4.947600E-02
             2037  7.106380E-01  1.535800E-02  3.371500E-02
             2038  7.207010E-01  5.620000E-03  1.814600E-02
             2039  7.307570E-01 -4.140000E-03  2.785000E-03
             2040  7.508610E-01 -2.373000E-02 -2.725000E-02
             2041  7.408130E-01 -1.393000E-02 -1.235000E-02
             2042  7.709480E-01 -4.334000E-02 -5.627000E-02
             2043  7.609080E-01 -3.354000E-02 -4.189000E-02
             2044  7.910170E-01 -6.290000E-02 -8.418000E-02
             2045  7.809860E-01 -5.313000E-02 -7.037000E-02
             2046  8.010470E-01 -7.264000E-02 -9.768000E-02
             2047  6.401560E-01  6.270300E-02  1.149640E-01
             2048  6.502360E-01  5.338200E-02  9.855600E-02
             2049  6.603150E-01  4.396600E-02  8.224100E-02
             2050  6.703910E-01  3.446400E-02  6.604100E-02
             2051  6.804660E-01  2.488900E-02  4.997200E-02
             2052  6.905350E-01  1.525000E-02  3.405400E-02
             2053  7.006050E-01  5.558000E-03  1.830500E-02
             2054  7.106680E-01 -4.170000E-03  2.742000E-03
             2055  7.307860E-01 -2.373000E-02 -2.776000E-02
             2056  7.207300E-01 -1.394000E-02 -1.261000E-02
             2057  7.508880E-01 -4.335000E-02 -5.733000E-02
             2058  7.408410E-01 -3.354000E-02 -4.267000E-02
             2059  7.709740E-01 -6.297000E-02 -8.584000E-02
             2060  7.609350E-01 -5.317000E-02 -7.172000E-02
             2061  7.810130E-01 -7.275000E-02 -9.967000E-02
             2062  6.200230E-01  6.205100E-02  1.156610E-01
             2063  6.301060E-01  5.286500E-02  9.922500E-02
             2064  6.401880E-01  4.356600E-02  8.285600E-02
             2065  6.502670E-01  3.416800E-02  6.657300E-02
             2066  6.603460E-01  2.468000E-02  5.039700E-02
             2067  6.704220E-01  1.511500E-02  3.434700E-02
             2068  6.804960E-01  5.482000E-03  1.844200E-02
             2069  6.905660E-01 -4.200000E-03  2.699000E-03
             2070  7.106980E-01 -2.371000E-02 -2.822000E-02
             2071  7.006350E-01 -1.394000E-02 -1.286000E-02
             2072  7.308150E-01 -4.332000E-02 -5.830000E-02
             2073  7.207600E-01 -3.351000E-02 -4.338000E-02
             2074  7.509160E-01 -6.297000E-02 -8.740000E-02
             2075  7.408690E-01 -5.315000E-02 -7.298000E-02
             2076  7.609630E-01 -7.279000E-02 -1.015500E-01
             2077  5.998880E-01  6.129000E-02  1.161680E-01
             2078  6.099720E-01  5.225600E-02  9.973600E-02
             2079  6.200550E-01  4.309300E-02  8.334100E-02
             2080  6.301370E-01  3.381300E-02  6.700500E-02
             2081  6.402200E-01  2.442900E-02  5.074900E-02
             2082  6.502990E-01  1.495200E-02  3.459200E-02
             2083  6.603780E-01  5.394000E-03  1.855400E-02
             2084  6.704530E-01 -4.230000E-03  2.655000E-03
             2085  6.905960E-01 -2.366000E-02 -2.865000E-02
             2086  6.805270E-01 -1.392000E-02 -1.308000E-02
             2087  7.107270E-01 -4.324000E-02 -5.920000E-02
             2088  7.006650E-01 -3.344000E-02 -4.403000E-02
             2089  7.308440E-01 -6.291000E-02 -8.885000E-02
             2090  7.207890E-01 -5.307000E-02 -7.414000E-02
             2091  7.408980E-01 -7.276000E-02 -1.033000E-01
             2092  5.797530E-01  6.041800E-02  1.164810E-01
             2093  5.898370E-01  5.155200E-02  1.000810E-01
             2094  5.999200E-01  4.254200E-02  8.369100E-02
             2095  6.100040E-01  3.339900E-02  6.733100E-02
             2096  6.200870E-01  2.413500E-02  5.102200E-02
             2097  6.301690E-01  1.476200E-02  3.478600E-02
             2098  6.402510E-01  5.292000E-03  1.864200E-02
             2099  6.503300E-01 -4.260000E-03  2.611000E-03
             2100  6.704840E-01 -2.358000E-02 -2.903000E-02
             2101  6.604090E-01 -1.389000E-02 -1.328000E-02
             2102  6.906270E-01 -4.311000E-02 -6.000000E-02
             2103  6.805580E-01 -3.333000E-02 -4.461000E-02
             2104  7.107570E-01 -6.278000E-02 -9.017000E-02
             2105  7.006950E-01 -5.294000E-02 -7.519000E-02
             2106  7.208180E-01 -7.264000E-02 -1.049000E-01
             2107  5.596220E-01  5.943700E-02  1.166040E-01
             2108  5.697040E-01  5.075400E-02  1.002600E-01
             2109  5.797850E-01  4.191200E-02  8.390100E-02
             2110  5.898690E-01  3.292100E-02  6.754600E-02
             2111  5.999520E-01  2.379400E-02  5.121400E-02
             2112  6.100360E-01  1.454100E-02  3.492600E-02
             2113  6.201190E-01  5.176000E-03  1.870300E-02
             2114  6.302010E-01 -4.290000E-03  2.567000E-03
             2115  6.503620E-01 -2.347000E-02 -2.936000E-02
             2116  6.402830E-01 -1.384000E-02 -1.346000E-02
             2117  6.705150E-01 -4.293000E-02 -6.072000E-02
             2118  6.604400E-01 -3.317000E-02 -4.512000E-02
             2119  6.906570E-01 -6.257000E-02 -9.136000E-02
             2120  6.805890E-01 -5.273000E-02 -7.614000E-02
             2121  7.007250E-01 -7.244000E-02 -1.063600E-01
             2122  5.394970E-01  5.835300E-02  1.165450E-01
             2123  5.495750E-01  4.986600E-02  1.002810E-01
             2124  5.596540E-01  4.120500E-02  8.397600E-02
             2125  5.697350E-01  3.238100E-02  6.765000E-02
             2126  5.798170E-01  2.340500E-02  5.132200E-02
             2127  5.899010E-01  1.428900E-02  3.501100E-02
             2128  6.100680E-01 -4.310000E-03  2.522000E-03
             2129  5.999840E-01  5.044000E-03  1.873800E-02
             2130  6.302330E-01 -2.334000E-02 -2.965000E-02
             2131  6.201510E-01 -1.378000E-02 -1.361000E-02
             2132  6.503930E-01 -4.269000E-02 -6.134000E-02
             2133  6.403150E-01 -3.298000E-02 -4.556000E-02
             2134  6.705460E-01 -6.228000E-02 -9.241000E-02
             2135  6.604720E-01 -5.246000E-02 -7.696000E-02
             2136  6.806200E-01 -7.214000E-02 -1.076600E-01
             2137  5.193800E-01  5.717100E-02  1.163140E-01
             2138  5.294540E-01  4.889100E-02  1.001500E-01
             2139  5.395280E-01  4.042400E-02  8.392200E-02
             2140  5.496070E-01  3.178000E-02  6.764900E-02
             2141  5.596850E-01  2.297100E-02  5.134900E-02
             2142  5.697670E-01  1.400600E-02  3.504100E-02
             2143  5.798490E-01  4.898000E-03  1.874300E-02
             2144  5.899320E-01 -4.340000E-03  2.477000E-03
             2145  6.100990E-01 -2.317000E-02 -2.988000E-02
             2146  6.000160E-01 -1.370000E-02 -1.373000E-02
             2147  6.302650E-01 -4.239000E-02 -6.186000E-02
             2148  6.201830E-01 -3.274000E-02 -4.593000E-02
             2149  6.504250E-01 -6.191000E-02 -9.332000E-02
             2150  6.403460E-01 -5.212000E-02 -7.767000E-02
             2151  6.605030E-01 -7.175000E-02 -1.088000E-01
             2152  4.992750E-01  5.589500E-02  1.159180E-01
             2153  5.093430E-01  4.783300E-02  9.987300E-02
             2154  5.194110E-01  3.957200E-02  8.374300E-02
             2155  5.294850E-01  3.112200E-02  6.754600E-02
             2156  5.395600E-01  2.249300E-02  5.129800E-02
             2157  5.496380E-01  1.369400E-02  3.501700E-02
             2158  5.597170E-01  4.736000E-03  1.872200E-02
             2159  5.697990E-01 -4.360000E-03  2.431000E-03
             2160  5.798810E-01 -1.361000E-02 -1.383000E-02
             2161  5.899640E-01 -2.297000E-02 -3.005000E-02
             2162  6.101310E-01 -4.203000E-02 -6.228000E-02
             2163  6.000480E-01 -3.245000E-02 -4.621000E-02
             2164  6.302960E-01 -6.145000E-02 -9.408000E-02
             2165  6.202150E-01 -5.170000E-02 -7.824000E-02
             2166  6.403780E-01 -7.126000E-02 -1.097700E-01
             2167  4.791820E-01  5.452900E-02  1.153650E-01
             2168  4.892430E-01  4.669700E-02  9.945900E-02
             2169  4.993050E-01  3.865400E-02  8.344700E-02
             2170  5.093730E-01  3.040900E-02  6.734600E-02
             2171  5.194420E-01  2.197200E-02  5.117300E-02
             2172  5.295160E-01  1.335300E-02  3.494300E-02
             2173  5.395910E-01  4.561000E-03  1.867400E-02
             2174  5.496700E-01 -4.390000E-03  2.385000E-03
             2175  5.698310E-01 -2.274000E-02 -3.017000E-02
             2176  5.597490E-01 -1.349000E-02 -1.390000E-02
             2177  5.899960E-01 -4.161000E-02 -6.259000E-02
             2178  5.799130E-01 -3.211000E-02 -4.641000E-02
             2179  6.101630E-01 -6.089000E-02 -9.468000E-02
             2180  6.000800E-01 -5.120000E-02 -7.868000E-02
             2181  6.202470E-01 -7.066000E-02 -1.105600E-01
             2182  4.591020E-01  5.308000E-02  1.146640E-01
             2183  4.691560E-01  4.548700E-02  9.891400E-02
             2184  4.792110E-01  3.767200E-02  8.303900E-02
             2185  4.892730E-01  2.964500E-02  6.705500E-02
             2186  4.993350E-01  2.141200E-02  5.097600E-02
             2187  5.094040E-01  1.298500E-02  3.482000E-02
             2188  5.194730E-01  4.371000E-03  1.860200E-02
             2189  5.295470E-01 -4.410000E-03  2.339000E-03
             2190  5.497010E-01 -2.248000E-02 -3.024000E-02
             2191  5.396220E-01 -1.337000E-02 -1.394000E-02
             2192  5.698630E-01 -4.112000E-02 -6.278000E-02
             2193  5.597800E-01 -3.173000E-02 -4.653000E-02
             2194  5.900280E-01 -6.024000E-02 -9.512000E-02
             2195  5.799450E-01 -5.062000E-02 -7.899000E-02
             2196  6.001120E-01 -6.995000E-02 -1.111600E-01
             2197  4.390370E-01  5.155000E-02  1.138220E-01
             2198  4.490840E-01  4.420700E-02  9.824500E-02
             2199  4.591310E-01  3.663100E-02  8.252500E-02
             2200  4.691850E-01  2.883000E-02  6.667600E-02
             2201  4.792400E-01  2.081400E-02  5.071300E-02
             2202  4.893020E-01  1.259100E-02  3.465000E-02
             2203  4.993650E-01  4.169000E-03  1.850500E-02
             2204  5.094340E-01 -4.440000E-03  2.293000E-03
             2205  5.295780E-01 -2.218000E-02 -3.026000E-02
             2206  5.195040E-01 -1.323000E-02 -1.396000E-02
             2207  5.497330E-01 -4.057000E-02 -6.287000E-02
             2208  5.396540E-01 -3.130000E-02 -4.657000E-02
             2209  5.698940E-01 -5.949000E-02 -9.539000E-02
             2210  5.598120E-01 -4.997000E-02 -7.915000E-02
             2211  5.799770E-01 -6.913000E-02 -1.115600E-01
             2212  4.189870E-01  4.994600E-02  1.128490E-01
             2213  4.290260E-01  4.286000E-02  9.745900E-02
             2214  4.390650E-01  3.553200E-02  8.191000E-02
             2215  4.491120E-01  2.797000E-02  6.621400E-02
             2216  4.591590E-01  2.018100E-02  5.038500E-02
             2217  4.692140E-01  1.217300E-02  3.443700E-02
             2218  4.792700E-01  3.955000E-03  1.838600E-02
             2219  4.893320E-01 -4.460000E-03  2.246000E-03
             2220  5.094650E-01 -2.186000E-02 -3.023000E-02
             2221  4.993950E-01 -1.307000E-02 -1.396000E-02
             2222  5.296090E-01 -3.996000E-02 -6.286000E-02
             2223  5.195340E-01 -3.083000E-02 -4.654000E-02
             2224  5.497640E-01 -5.866000E-02 -9.550000E-02
             2225  5.396850E-01 -4.924000E-02 -7.919000E-02
             2226  5.598440E-01 -6.821000E-02 -1.117800E-01
             2227  3.989530E-01  4.827200E-02  1.117510E-01
             2228  4.089830E-01  4.145200E-02  9.656400E-02
             2229  4.190140E-01  3.438000E-02  8.120100E-02
             2230  4.290520E-01  2.706500E-02  6.567500E-02
             2231  4.390920E-01  1.951300E-02  4.999700E-02
             2232  4.491390E-01  1.173200E-02  3.418300E-02
             2233  4.591870E-01  3.729000E-03  1.824500E-02
             2234  4.692430E-01 -4.480000E-03  2.198000E-03
             2235  4.893620E-01 -2.151000E-02 -3.015000E-02
             2236  4.792990E-01 -1.290000E-02 -1.394000E-02
             2237  5.094950E-01 -3.929000E-02 -6.276000E-02
             2238  4.994250E-01 -3.031000E-02 -4.643000E-02
             2239  5.296400E-01 -5.773000E-02 -9.547000E-02
             2240  5.195650E-01 -4.843000E-02 -7.911000E-02
             2241  5.397160E-01 -6.717000E-02 -1.118200E-01
             2242  3.789350E-01  4.653200E-02  1.105380E-01
             2243  3.889560E-01  3.998500E-02  9.556600E-02
             2244  3.989780E-01  3.317900E-02  8.040300E-02
             2245  4.090090E-01  2.611900E-02  6.506200E-02
             2246  4.190400E-01  1.881300E-02  4.955300E-02
             2247  4.290790E-01  1.126900E-02  3.388900E-02
             2248  4.391190E-01  3.492000E-03  1.808400E-02
             2249  4.491670E-01 -4.500000E-03  2.151000E-03
             2250  4.692720E-01 -2.114000E-02 -3.004000E-02
             2251  4.592160E-01 -1.272000E-02 -1.389000E-02
             2252  4.893920E-01 -3.857000E-02 -6.256000E-02
             2253  4.793280E-01 -2.976000E-02 -4.626000E-02
             2254  5.095250E-01 -5.672000E-02 -9.528000E-02
             2255  4.994550E-01 -4.756000E-02 -7.891000E-02
             2256  5.195960E-01 -6.604000E-02 -1.116800E-01
             2257  3.589330E-01  4.473200E-02  1.092160E-01
             2258  3.689460E-01  3.846500E-02  9.447200E-02
             2259  3.789590E-01  3.193000E-02  7.952300E-02
             2260  3.889810E-01  2.513500E-02  6.438000E-02
             2261  3.990030E-01  1.808400E-02  4.905500E-02
             2262  4.090340E-01  1.078600E-02  3.355900E-02
             2263  4.190660E-01  3.245000E-03  1.790400E-02
             2264  4.291060E-01 -4.520000E-03  2.103000E-03
             2265  4.491950E-01 -2.074000E-02 -2.988000E-02
             2266  4.391470E-01 -1.252000E-02 -1.382000E-02
             2267  4.693010E-01 -3.780000E-02 -6.228000E-02
             2268  4.592440E-01 -2.917000E-02 -4.603000E-02
             2269  4.894210E-01 -5.563000E-02 -9.497000E-02
             2270  4.793580E-01 -4.662000E-02 -7.859000E-02
             2271  4.994850E-01 -6.481000E-02 -1.113800E-01
             2272  3.389470E-01  4.287500E-02  1.077960E-01
             2273  3.489510E-01  3.689400E-02  9.328900E-02
             2274  3.589560E-01  3.063900E-02  7.856500E-02
             2275  3.689690E-01  2.411500E-02  6.363500E-02
             2276  3.789830E-01  1.732700E-02  4.850700E-02
             2277  3.890050E-01  1.028300E-02  3.319400E-02
             2278  3.990280E-01  2.989000E-03  1.770600E-02
             2279  4.090600E-01 -4.540000E-03  2.055000E-03
             2280  4.291330E-01 -2.032000E-02 -2.968000E-02
             2281  4.190920E-01 -1.232000E-02 -1.374000E-02
             2282  4.492230E-01 -3.698000E-02 -6.191000E-02
             2283  4.391740E-01 -2.855000E-02 -4.574000E-02
             2284  4.693300E-01 -5.446000E-02 -9.452000E-02
             2285  4.592730E-01 -4.563000E-02 -7.817000E-02
             2286  4.793870E-01 -6.349000E-02 -1.109200E-01
             2287  3.189750E-01  4.096700E-02  1.062830E-01
             2288  3.289710E-01  3.527700E-02  9.202400E-02
             2289  3.389680E-01  2.930700E-02  7.753600E-02
             2290  3.489720E-01  2.306100E-02  6.283000E-02
             2291  3.589780E-01  1.654400E-02  4.791400E-02
             2292  3.689920E-01  9.763000E-03  3.279700E-02
             2293  3.790070E-01  2.723000E-03  1.749100E-02
             2294  3.890300E-01 -4.560000E-03  2.007000E-03
             2295  4.090860E-01 -1.988000E-02 -2.944000E-02
             2296  3.990540E-01 -1.210000E-02 -1.364000E-02
             2297  4.291600E-01 -3.612000E-02 -6.147000E-02
             2298  4.191190E-01 -2.789000E-02 -4.539000E-02
             2299  4.492510E-01 -5.323000E-02 -9.394000E-02
             2300  4.392020E-01 -4.457000E-02 -7.765000E-02
             2301  4.593010E-01 -6.208000E-02 -1.103200E-01
             2302  2.990180E-01  3.901100E-02  1.046870E-01
             2303  3.090060E-01  3.361800E-02  9.068400E-02
             2304  3.189940E-01  2.793800E-02  7.644200E-02
             2305  3.289910E-01  2.197700E-02  6.197100E-02
             2306  3.389880E-01  1.573800E-02  4.727700E-02
             2307  3.489940E-01  9.227000E-03  3.237100E-02
             2308  3.590000E-01  2.449000E-03  1.726100E-02
             2309  3.690150E-01 -4.580000E-03  1.959000E-03
             2310  3.890540E-01 -1.942000E-02 -2.918000E-02
             2311  3.790300E-01 -1.188000E-02 -1.352000E-02
             2312  4.091120E-01 -3.522000E-02 -6.095000E-02
             2313  3.990790E-01 -2.720000E-02 -4.499000E-02
             2314  4.291870E-01 -5.192000E-02 -9.325000E-02
             2315  4.191450E-01 -4.346000E-02 -7.704000E-02
             2316  4.392290E-01 -6.060000E-02 -1.095700E-01
             2317  2.790740E-01  3.701300E-02  1.030140E-01
             2318  2.890540E-01  3.192000E-02  8.927500E-02
             2319  2.990350E-01  2.653600E-02  7.528800E-02
             2320  3.090240E-01  2.086400E-02  6.106100E-02
             2321  3.190140E-01  1.490900E-02  4.660100E-02
             2322  3.290110E-01  8.675000E-03  3.191600E-02
             2323  3.390090E-01  2.167000E-03  1.701600E-02
             2324  3.490160E-01 -4.600000E-03  1.910000E-03
             2325  3.690380E-01 -1.894000E-02 -2.888000E-02
             2326  3.590230E-01 -1.164000E-02 -1.339000E-02
             2327  3.890790E-01 -3.427000E-02 -6.036000E-02
             2328  3.790540E-01 -2.648000E-02 -4.454000E-02
             2329  4.091370E-01 -5.056000E-02 -9.245000E-02
             2330  3.991040E-01 -4.230000E-02 -7.634000E-02
             2331  4.191710E-01 -5.903000E-02 -1.086900E-01
             2332  2.591430E-01  3.497600E-02  1.012740E-01
             2333  2.691160E-01  3.018800E-02  8.780400E-02
             2334  2.790900E-01  2.510300E-02  7.407900E-02
             2335  2.890710E-01  1.972600E-02  6.010500E-02
             2336  2.990530E-01  1.406000E-02  4.588900E-02
             2337  3.090430E-01  8.109000E-03  3.143700E-02
             2338  3.190330E-01  1.878000E-03  1.675800E-02
             2339  3.290310E-01 -4.620000E-03  1.861000E-03
             2340  3.490380E-01 -1.844000E-02 -2.855000E-02
             2341  3.390300E-01 -1.140000E-02 -1.324000E-02
             2342  3.690610E-01 -3.329000E-02 -5.972000E-02
             2343  3.590450E-01 -2.574000E-02 -4.404000E-02
             2344  3.891030E-01 -4.913000E-02 -9.155000E-02
             2345  3.790780E-01 -4.109000E-02 -7.556000E-02
             2346  3.991290E-01 -5.740000E-02 -1.076900E-01
             2347  2.392240E-01  3.290500E-02  9.947300E-02
             2348  2.491900E-01  2.842400E-02  8.627900E-02
             2349  2.591580E-01  2.364300E-02  7.282200E-02
             2350  2.691320E-01  1.856500E-02  5.910800E-02
             2351  2.791070E-01  1.319300E-02  4.514400E-02
             2352  2.890880E-01  7.531000E-03  3.093500E-02
             2353  2.990710E-01  1.583000E-03  1.648800E-02
             2354  3.090620E-01 -4.640000E-03  1.813000E-03
             2355  3.290520E-01 -1.793000E-02 -2.819000E-02
             2356  3.190530E-01 -1.115000E-02 -1.308000E-02
             2357  3.490590E-01 -3.228000E-02 -5.901000E-02
             2358  3.390510E-01 -2.497000E-02 -4.350000E-02
             2359  3.690840E-01 -4.765000E-02 -9.056000E-02
             2360  3.590680E-01 -3.984000E-02 -7.470000E-02
             2361  3.791020E-01 -5.570000E-02 -1.065800E-01
             2362  2.193150E-01  3.080400E-02  9.761900E-02
             2363  2.292750E-01  2.663300E-02  8.470400E-02
             2364  2.392370E-01  2.215900E-02  7.152100E-02
             2365  2.492040E-01  1.738300E-02  5.807500E-02
             2366  2.591720E-01  1.231000E-02  4.437000E-02
             2367  2.691470E-01  6.941000E-03  3.041200E-02
             2368  2.791230E-01  1.282000E-03  1.620700E-02
             2369  2.891060E-01 -4.660000E-03  1.763000E-03
             2370  3.090800E-01 -1.740000E-02 -2.781000E-02
             2371  2.990890E-01 -1.089000E-02 -1.291000E-02
             2372  3.290720E-01 -3.123000E-02 -5.825000E-02
             2373  3.190720E-01 -2.418000E-02 -4.292000E-02
             2374  3.490810E-01 -4.612000E-02 -8.947000E-02
             2375  3.390720E-01 -3.855000E-02 -7.376000E-02
             2376  3.590900E-01 -5.394000E-02 -1.053500E-01
             2377  1.994150E-01  2.867800E-02  9.572000E-02
             2378  2.093700E-01  2.481900E-02  8.308800E-02
             2379  2.193260E-01  2.065300E-02  7.018300E-02
             2380  2.292870E-01  1.618300E-02  5.700900E-02
             2381  2.392500E-01  1.141200E-02  4.356900E-02
             2382  2.492180E-01  6.341000E-03  2.987000E-02
             2383  2.591870E-01  9.750000E-04  1.591700E-02
             2384  2.691630E-01 -4.680000E-03  1.714000E-03
             2385  2.891230E-01 -1.686000E-02 -2.740000E-02
             2386  2.791390E-01 -1.062000E-02 -1.272000E-02
             2387  3.090990E-01 -3.016000E-02 -5.743000E-02
             2388  2.991070E-01 -2.337000E-02 -4.231000E-02
             2389  3.290920E-01 -4.454000E-02 -8.830000E-02
             2390  3.190920E-01 -3.721000E-02 -7.277000E-02
             2391  3.390930E-01 -5.212000E-02 -1.040300E-01
             2392  1.795220E-01  2.653100E-02  9.378300E-02
             2393  1.894730E-01  2.298500E-02  8.143600E-02
             2394  1.994240E-01  1.913000E-02  6.881200E-02
             2395  2.093800E-01  1.496800E-02  5.591500E-02
             2396  2.193370E-01  1.050100E-02  4.274700E-02
             2397  2.292990E-01  5.733000E-03  2.931300E-02
             2398  2.392620E-01  6.640000E-04  1.561700E-02
             2399  2.492320E-01 -4.700000E-03  1.665000E-03
             2400  2.691780E-01 -1.630000E-02 -2.698000E-02
             2401  2.592020E-01 -1.035000E-02 -1.253000E-02
             2402  2.891400E-01 -2.905000E-02 -5.658000E-02
             2403  2.791550E-01 -2.254000E-02 -4.166000E-02
             2404  3.091180E-01 -4.292000E-02 -8.706000E-02
             2405  2.991250E-01 -3.585000E-02 -7.171000E-02
             2406  3.191110E-01 -5.025000E-02 -1.026100E-01
             2407  1.596360E-01  2.436700E-02  9.181700E-02
             2408  1.695830E-01  2.113400E-02  7.975600E-02
             2409  1.795300E-01  1.759100E-02  6.741500E-02
             2410  1.894810E-01  1.373900E-02  5.479700E-02
             2411  1.994330E-01  9.580000E-03  4.190400E-02
             2412  2.093900E-01  5.116000E-03  2.874100E-02
             2413  2.193480E-01  3.490000E-04  1.531000E-02
             2414  2.293110E-01 -4.710000E-03  1.616000E-03
             2415  2.492450E-01 -1.574000E-02 -2.654000E-02
             2416  2.392750E-01 -1.008000E-02 -1.233000E-02
             2417  2.691930E-01 -2.793000E-02 -5.568000E-02
             2418  2.592160E-01 -2.169000E-02 -4.099000E-02
             2419  2.891570E-01 -4.125000E-02 -8.575000E-02
             2420  2.791720E-01 -3.445000E-02 -7.060000E-02
             2421  2.991430E-01 -4.833000E-02 -1.011200E-01
             2422  1.397550E-01  2.219100E-02  8.982800E-02
             2423  1.496980E-01  1.927100E-02  7.805200E-02
             2424  1.596420E-01  1.604000E-02  6.599600E-02
             2425  1.695890E-01  1.250000E-02  5.366000E-02
             2426  1.795370E-01  8.650000E-03  4.104600E-02
             2427  1.894900E-01  4.493000E-03  2.815700E-02
             2428  1.994430E-01  3.077000E-05  1.499600E-02
             2429  2.094000E-01 -4.730000E-03  1.566000E-03
             2430  2.293230E-01 -1.517000E-02 -2.608000E-02
             2431  2.193590E-01 -9.800000E-03 -1.212000E-02
             2432  2.492590E-01 -2.678000E-02 -5.474000E-02
             2433  2.392880E-01 -2.083000E-02 -4.028000E-02
             2434  2.692090E-01 -3.956000E-02 -8.438000E-02
             2435  2.592310E-01 -3.303000E-02 -6.944000E-02
             2436  2.791880E-01 -4.637000E-02 -9.954000E-02
             2437  1.198770E-01  2.000600E-02  8.782400E-02
             2438  1.298170E-01  1.739900E-02  7.633300E-02
             2439  1.397590E-01  1.448000E-02  6.456100E-02
             2440  1.497030E-01  1.125200E-02  5.250800E-02
             2441  1.596480E-01  7.713000E-03  4.017500E-02
             2442  1.695960E-01  3.865000E-03  2.756400E-02
             2443  1.795450E-01 -2.900000E-04  1.467700E-02
             2444  1.894980E-01 -4.750000E-03  1.517000E-03
             2445  2.094110E-01 -1.458000E-02 -2.560000E-02
             2446  1.994520E-01 -9.510000E-03 -1.191000E-02
             2447  2.293350E-01 -2.562000E-02 -5.377000E-02
             2448  2.193700E-01 -1.995000E-02 -3.956000E-02
             2449  2.492730E-01 -3.783000E-02 -8.295000E-02
             2450  2.393010E-01 -3.158000E-02 -6.824000E-02
             2451  2.592450E-01 -4.437000E-02 -9.790000E-02
             2452  1.099390E-01  1.552100E-02  7.460400E-02
             2453  1.198790E-01  1.291500E-02  6.311500E-02
             2454  1.298200E-01  9.998000E-03  5.134500E-02
             2455  1.397620E-01  6.770000E-03  3.929400E-02
             2456  1.497070E-01  3.232000E-03  2.696300E-02
             2457  1.596530E-01 -6.100000E-04  1.435300E-02
             2458  1.696020E-01 -4.770000E-03  1.467000E-03
             2459  1.895060E-01 -1.400000E-02 -2.512000E-02
             2460  1.795520E-01 -9.230000E-03 -1.169000E-02
             2461  2.094210E-01 -2.444000E-02 -5.278000E-02
             2462  1.994610E-01 -1.907000E-02 -3.882000E-02
             2463  2.293470E-01 -3.607000E-02 -8.147000E-02
             2464  2.193810E-01 -3.011000E-02 -6.700000E-02
             2465  2.393140E-01 -4.233000E-02 -9.619000E-02
             2466  1.099400E-01  8.740000E-03  5.017600E-02
             2467  1.198800E-01  5.824000E-03  3.840600E-02
             2468  1.298230E-01  2.597000E-03  2.635700E-02
             2469  1.397660E-01 -9.400000E-04  1.402700E-02
             2470  1.497120E-01 -4.780000E-03  1.418000E-03
             2471  1.696090E-01 -1.340000E-02 -2.462000E-02
             2472  1.596590E-01 -8.940000E-03 -1.146000E-02
             2473  1.895150E-01 -2.324000E-02 -5.176000E-02
             2474  1.795600E-01 -1.817000E-02 -3.806000E-02
             2475  2.094310E-01 -3.429000E-02 -7.995000E-02
             2476  1.994700E-01 -2.862000E-02 -6.573000E-02
             2477  2.193920E-01 -4.026000E-02 -9.444000E-02
             2478  1.099410E-01  1.959000E-03  2.574700E-02
             2479  1.198820E-01 -1.260000E-03  1.369800E-02
             2480  1.298260E-01 -4.800000E-03  1.368000E-03
             2481  1.497170E-01 -1.280000E-02 -2.412000E-02
             2482  1.397700E-01 -8.650000E-03 -1.124000E-02
             2483  1.696150E-01 -2.204000E-02 -5.072000E-02
             2484  1.596640E-01 -1.727000E-02 -3.729000E-02
             2485  1.895230E-01 -3.249000E-02 -7.840000E-02
             2486  1.795670E-01 -2.711000E-02 -6.443000E-02
             2487  1.994800E-01 -3.817000E-02 -9.264000E-02
             2488  1.099420E-01 -4.820000E-03  1.318000E-03
             2489  1.298280E-01 -1.220000E-02 -2.362000E-02
             2490  1.198840E-01 -8.350000E-03 -1.101000E-02
             2491  1.497210E-01 -2.082000E-02 -4.967000E-02
             2492  1.397740E-01 -1.636000E-02 -3.650000E-02
             2493  1.696220E-01 -3.067000E-02 -7.682000E-02
             2494  1.596700E-01 -2.560000E-02 -6.311000E-02
             2495  1.795750E-01 -3.606000E-02 -9.080000E-02
             2496  1.099430E-01 -1.160000E-02 -2.310000E-02
             2497  1.298310E-01 -1.960000E-02 -4.860000E-02
             2498  1.198860E-01 -1.544000E-02 -3.571000E-02
             2499  1.497260E-01 -2.884000E-02 -7.521000E-02
             2500  1.397770E-01 -2.407000E-02 -6.177000E-02
             2501  1.596760E-01 -3.392000E-02 -8.893000E-02
             2502  1.099440E-01 -1.838000E-02 -4.753000E-02
             2503  1.298340E-01 -2.700000E-02 -7.359000E-02
             2504  1.198880E-01 -2.254000E-02 -6.042000E-02
             2505  1.397810E-01 -3.178000E-02 -8.704000E-02
             2506  1.099440E-01 -2.516000E-02 -7.196000E-02
             2507  1.198900E-01 -2.963000E-02 -8.513000E-02
             2508  1.090060E+00  5.684800E-02  5.074400E-02
             2509  1.080120E+00  6.605400E-02  6.123700E-02
             2510  1.070180E+00  5.740700E-02  5.323400E-02
             2511  1.060250E+00  6.669700E-02  6.413200E-02
             2512  1.090060E+00  3.908300E-02  3.265700E-02
             2513  1.080120E+00  4.820200E-02  4.274200E-02
             2514  1.050300E+00  5.796000E-02  5.571500E-02
             2515  1.040360E+00  6.733200E-02  6.701100E-02
             2516  1.070180E+00  3.946700E-02  3.433100E-02
             2517  1.060240E+00  4.867100E-02  4.482100E-02
             2518  1.090060E+00  2.131800E-02  1.457100E-02
             2519  1.080120E+00  3.034900E-02  2.424700E-02
             2520  1.030420E+00  5.850300E-02  5.818100E-02
             2521  1.020480E+00  6.795300E-02  6.986800E-02
             2522  1.050300E+00  3.984700E-02  3.599800E-02
             2523  1.040360E+00  4.913400E-02  4.688900E-02
             2524  1.070180E+00  2.152700E-02  1.542700E-02
             2525  1.060240E+00  3.064400E-02  2.551000E-02
             2526  1.090060E+00  3.552000E-03 -3.510000E-03
             2527  1.080120E+00  1.249600E-02  5.751000E-03
             2528  1.010530E+00  5.903300E-02  6.062400E-02
             2529  1.000590E+00  6.855600E-02  7.269600E-02
             2530  1.030410E+00  4.022100E-02  3.765500E-02
             2531  1.020470E+00  4.958700E-02  4.894200E-02
             2532  1.050290E+00  2.173400E-02  1.628100E-02
             2533  1.040350E+00  3.093600E-02  2.676700E-02
             2534  1.070170E+00  3.587000E-03 -3.470000E-03
             2535  1.060230E+00  1.261700E-02  6.199000E-03
             2536  1.090060E+00 -1.421000E-02 -2.160000E-02
             2537  1.080120E+00 -5.350000E-03 -1.274000E-02
             2538  9.906300E-01  5.954700E-02  6.303800E-02
             2539  9.806850E-01  6.913800E-02  7.548700E-02
             2540  1.010520E+00  4.058600E-02  3.929700E-02
             2541  1.000580E+00  5.002800E-02  5.097300E-02
             2542  1.030400E+00  2.193800E-02  1.712900E-02
             2543  1.020460E+00  3.122200E-02  2.801400E-02
             2544  1.050290E+00  3.621000E-03 -3.430000E-03
             2545  1.040350E+00  1.273800E-02  6.644000E-03
             2546  1.070170E+00 -1.435000E-02 -2.238000E-02
             2547  1.060230E+00 -5.400000E-03 -1.311000E-02
             2548  1.090060E+00 -3.197000E-02 -3.968000E-02
             2549  1.080110E+00 -2.320000E-02 -3.123000E-02
             2550  9.707250E-01  6.003900E-02  6.541700E-02
             2551  9.607760E-01  6.969300E-02  7.823300E-02
             2552  9.906200E-01  4.093900E-02  4.092000E-02
             2553  9.806740E-01  5.045300E-02  5.297800E-02
             2554  1.010510E+00  2.213800E-02  1.797000E-02
             2555  1.000570E+00  3.150000E-02  2.924900E-02
             2556  1.030400E+00  3.656000E-03 -3.390000E-03
             2557  1.020460E+00  1.285600E-02  7.086000E-03
             2558  1.050280E+00 -1.449000E-02 -2.315000E-02
             2559  1.040340E+00 -5.460000E-03 -1.347000E-02
             2560  1.070170E+00 -3.229000E-02 -4.128000E-02
             2561  1.060230E+00 -2.343000E-02 -3.242000E-02
             2562  1.090060E+00 -4.974000E-02 -5.777000E-02
             2563  1.080110E+00 -4.106000E-02 -4.973000E-02
             2564  9.508100E-01  6.050700E-02  6.775600E-02
             2565  9.408570E-01  7.021700E-02  8.092700E-02
             2566  9.707130E-01  4.127900E-02  4.252000E-02
             2567  9.607630E-01  5.086000E-02  5.495100E-02
             2568  9.906100E-01  2.233200E-02  1.880100E-02
             2569  9.806630E-01  3.176900E-02  3.046800E-02
             2570  1.010500E+00  3.690000E-03 -3.350000E-03
             2571  1.000560E+00  1.297100E-02  7.524000E-03
             2572  1.030390E+00 -1.462000E-02 -2.392000E-02
             2573  1.020450E+00 -5.500000E-03 -1.384000E-02
             2574  1.050280E+00 -3.260000E-02 -4.287000E-02
             2575  1.040340E+00 -2.365000E-02 -3.360000E-02
             2576  1.070170E+00 -5.023000E-02 -6.018000E-02
             2577  1.060220E+00 -4.146000E-02 -5.173000E-02
             2578  1.080110E+00 -5.891000E-02 -6.823000E-02
             2579  9.308840E-01  6.094700E-02  7.004600E-02
             2580  9.209260E-01  7.070600E-02  8.356100E-02
             2581  9.507960E-01  4.160200E-02  4.409200E-02
             2582  9.408420E-01  5.124400E-02  5.688700E-02
             2583  9.707010E-01  2.251900E-02  1.962100E-02
             2584  9.607500E-01  3.202600E-02  3.166800E-02
             2585  9.906000E-01  3.724000E-03 -3.310000E-03
             2586  9.806520E-01  1.308400E-02  7.957000E-03
             2587  1.010490E+00 -1.475000E-02 -2.468000E-02
             2588  1.000550E+00 -5.550000E-03 -1.420000E-02
             2589  1.030380E+00 -3.290000E-02 -4.445000E-02
             2590  1.020440E+00 -2.387000E-02 -3.477000E-02
             2591  1.050270E+00 -5.071000E-02 -6.259000E-02
             2592  1.040330E+00 -4.185000E-02 -5.372000E-02
             2593  1.060220E+00 -5.948000E-02 -7.104000E-02
             2594  9.109460E-01  6.135400E-02  7.228100E-02
             2595  9.009820E-01  7.115500E-02  8.612800E-02
             2596  9.308680E-01  4.190700E-02  4.563200E-02
             2597  9.209100E-01  5.160300E-02  5.878000E-02
             2598  9.507820E-01  2.269700E-02  2.042700E-02
             2599  9.408280E-01  3.227000E-02  3.284500E-02
             2600  9.706890E-01  3.758000E-03 -3.270000E-03
             2601  9.607380E-01  1.319200E-02  8.384000E-03
             2602  9.905890E-01 -1.488000E-02 -2.543000E-02
             2603  9.806410E-01 -5.600000E-03 -1.455000E-02
             2604  1.010490E+00 -3.320000E-02 -4.601000E-02
             2605  1.000540E+00 -2.408000E-02 -3.592000E-02
             2606  1.030380E+00 -5.119000E-02 -6.498000E-02
             2607  1.020430E+00 -4.224000E-02 -5.570000E-02
             2608  1.040320E+00 -6.005000E-02 -7.385000E-02
             2609  8.909940E-01  6.172500E-02  7.445600E-02
             2610  8.810250E-01  7.156000E-02  8.862000E-02
             2611  9.109290E-01  4.218900E-02  4.713600E-02
             2612  9.009650E-01  5.193300E-02  6.062500E-02
             2613  9.308530E-01  2.286600E-02  2.121700E-02
             2614  9.208930E-01  3.249900E-02  3.399700E-02
             2615  9.507680E-01  3.792000E-03 -3.230000E-03
             2616  9.408130E-01  1.329600E-02  8.803000E-03
             2617  9.706770E-01 -1.500000E-02 -2.617000E-02
             2618  9.607250E-01 -5.640000E-03 -1.490000E-02
             2619  9.905790E-01 -3.349000E-02 -4.755000E-02
             2620  9.806300E-01 -2.428000E-02 -3.706000E-02
             2621  1.010480E+00 -5.165000E-02 -6.734000E-02
             2622  1.000530E+00 -4.261000E-02 -5.765000E-02
             2623  1.020430E+00 -6.060000E-02 -7.663000E-02
             2624  8.710290E-01  6.205600E-02  7.656300E-02
             2625  8.610530E-01  7.191600E-02  9.102900E-02
             2626  8.909760E-01  4.244800E-02  4.859900E-02
             2627  8.810060E-01  5.223100E-02  6.241700E-02
             2628  9.109120E-01  2.302400E-02  2.199000E-02
             2629  9.009470E-01  3.271000E-02  3.512100E-02
             2630  9.308370E-01  3.826000E-03 -3.190000E-03
             2631  9.208770E-01  1.339500E-02  9.214000E-03
             2632  9.507550E-01 -1.511000E-02 -2.690000E-02
             2633  9.407980E-01 -5.670000E-03 -1.523000E-02
             2634  9.706650E-01 -3.376000E-02 -4.907000E-02
             2635  9.607120E-01 -2.447000E-02 -3.818000E-02
             2636  9.905690E-01 -5.209000E-02 -6.968000E-02
             2637  9.806190E-01 -4.297000E-02 -5.957000E-02
             2638  1.000520E+00 -6.114000E-02 -7.938000E-02
             2639  8.510490E-01  6.234300E-02  7.859600E-02
             2640  8.410670E-01  7.221800E-02  9.334700E-02
             2641  8.710090E-01  4.267900E-02  5.001800E-02
             2642  8.610320E-01  5.249500E-02  6.414900E-02
             2643  8.909570E-01  2.317000E-02  2.274200E-02
             2644  8.809860E-01  3.290300E-02  3.621200E-02
             2645  9.108940E-01  3.859000E-03 -3.150000E-03
             2646  9.009290E-01  1.348800E-02  9.615000E-03
             2647  9.308220E-01 -1.521000E-02 -2.761000E-02
             2648  9.208610E-01 -5.700000E-03 -1.557000E-02
             2649  9.507410E-01 -3.401000E-02 -5.057000E-02
             2650  9.407840E-01 -2.465000E-02 -3.928000E-02
             2651  9.706530E-01 -5.252000E-02 -7.198000E-02
             2652  9.606990E-01 -4.330000E-02 -6.147000E-02
             2653  9.806080E-01 -6.165000E-02 -8.209000E-02
             2654  8.310540E-01  6.258200E-02  8.054800E-02
             2655  8.210650E-01  7.246100E-02  9.556700E-02
             2656  8.510280E-01  4.288200E-02  5.138700E-02
             2657  8.410440E-01  5.272000E-02  6.581700E-02
             2658  8.709890E-01  2.330300E-02  2.347100E-02
             2659  8.610120E-01  3.307400E-02  3.726800E-02
             2660  8.909380E-01  3.893000E-03 -3.110000E-03
             2661  8.809670E-01  1.357400E-02  1.000600E-02
             2662  9.108770E-01 -1.530000E-02 -2.830000E-02
             2663  9.009110E-01 -5.730000E-03 -1.589000E-02
             2664  9.308070E-01 -3.425000E-02 -5.203000E-02
             2665  9.208450E-01 -2.481000E-02 -4.035000E-02
             2666  9.507270E-01 -5.292000E-02 -7.424000E-02
             2667  9.407690E-01 -4.362000E-02 -6.333000E-02
             2668  9.606860E-01 -6.214000E-02 -8.476000E-02
             2669  8.110440E-01  6.276900E-02  8.241100E-02
             2670  8.010470E-01  7.264200E-02  9.768000E-02
             2671  8.310310E-01  4.305200E-02  5.270100E-02
             2672  8.210410E-01  5.290300E-02  6.741400E-02
             2673  8.510060E-01  2.342000E-02  2.417600E-02
             2674  8.410220E-01  3.322200E-02  3.828500E-02
             2675  8.709690E-01  3.926000E-03 -3.070000E-03
             2676  8.609910E-01  1.365300E-02  1.038500E-02
             2677  8.909200E-01 -1.538000E-02 -2.897000E-02
             2678  8.809470E-01 -5.750000E-03 -1.620000E-02
             2679  9.108600E-01 -3.447000E-02 -5.345000E-02
             2680  9.008930E-01 -2.495000E-02 -4.139000E-02
             2681  9.307910E-01 -5.329000E-02 -7.645000E-02
             2682  9.208280E-01 -4.391000E-02 -6.514000E-02
             2683  9.407550E-01 -6.260000E-02 -8.737000E-02
             2684  7.910170E-01  6.290000E-02  8.418000E-02
             2685  7.810130E-01  7.275600E-02  9.967900E-02
             2686  8.110190E-01  4.318700E-02  5.395800E-02
             2687  8.010220E-01  5.304100E-02  6.893500E-02
             2688  8.310080E-01  2.352100E-02  2.485400E-02
             2689  8.210170E-01  3.334500E-02  3.926000E-02
             2690  8.509840E-01  3.958000E-03 -3.030000E-03
             2691  8.410000E-01  1.372400E-02  1.075200E-02
             2692  8.709480E-01 -1.545000E-02 -2.962000E-02
             2693  8.609700E-01 -5.760000E-03 -1.649000E-02
             2694  8.909010E-01 -3.466000E-02 -5.483000E-02
             2695  8.809280E-01 -2.508000E-02 -4.240000E-02
             2696  9.108430E-01 -5.363000E-02 -7.860000E-02
             2697  9.008750E-01 -4.418000E-02 -6.690000E-02
             2698  9.208120E-01 -6.302000E-02 -8.993000E-02
             2699  7.709740E-01  6.297200E-02  8.584800E-02
             2700  7.609630E-01  7.279700E-02  1.015550E-01
             2701  7.909910E-01  4.328500E-02  5.515100E-02
             2702  7.809860E-01  5.313100E-02  7.037500E-02
             2703  8.109950E-01  2.360500E-02  2.550300E-02
             2704  8.009970E-01  3.344000E-02  4.018900E-02
             2705  8.309850E-01  3.991000E-03 -2.990000E-03
             2706  8.209930E-01  1.378600E-02  1.110400E-02
             2707  8.509620E-01 -1.550000E-02 -3.024000E-02
             2708  8.409770E-01 -5.770000E-03 -1.678000E-02
             2709  8.709280E-01 -3.482000E-02 -5.617000E-02
             2710  8.609490E-01 -2.518000E-02 -4.338000E-02
             2711  8.908820E-01 -5.394000E-02 -8.070000E-02
             2712  8.809080E-01 -4.441000E-02 -6.861000E-02
             2713  9.008570E-01 -6.340000E-02 -9.241000E-02
             2714  7.509160E-01  6.297900E-02  8.740700E-02
             2715  7.408980E-01  7.276100E-02  1.033010E-01
             2716  7.709480E-01  4.334300E-02  5.627700E-02
             2717  7.609350E-01  5.317000E-02  7.172700E-02
             2718  7.909660E-01  2.367000E-02  2.612000E-02
             2719  7.809600E-01  3.350700E-02  4.107000E-02
             2720  8.109700E-01  4.023000E-03 -2.950000E-03
             2721  8.009720E-01  1.383900E-02  1.144100E-02
             2722  8.309620E-01 -1.553000E-02 -3.084000E-02
             2723  8.209700E-01 -5.770000E-03 -1.705000E-02
             2724  8.509410E-01 -3.496000E-02 -5.746000E-02
             2725  8.409550E-01 -2.527000E-02 -4.431000E-02
             2726  8.709080E-01 -5.420000E-02 -8.272000E-02
             2727  8.609280E-01 -4.461000E-02 -7.027000E-02
             2728  8.808890E-01 -6.374000E-02 -9.483000E-02
             2729  7.308440E-01  6.291800E-02  8.885000E-02
             2730  7.208180E-01  7.264400E-02  1.049070E-01
             2731  7.508880E-01  4.335800E-02  5.733000E-02
             2732  7.408690E-01  5.315300E-02  7.298500E-02
             2733  7.709210E-01  2.371400E-02  2.670400E-02
             2734  7.609080E-01  3.354200E-02  4.189700E-02
             2735  7.909400E-01  4.054000E-03 -2.910000E-03
             2736  7.809340E-01  1.388200E-02  1.176300E-02
             2737  8.109460E-01 -1.555000E-02 -3.141000E-02
             2738  8.009460E-01 -5.760000E-03 -1.730000E-02
             2739  8.309390E-01 -3.507000E-02 -5.869000E-02
             2740  8.209460E-01 -2.533000E-02 -4.521000E-02
             2741  8.509190E-01 -5.442000E-02 -8.468000E-02
             2742  8.409320E-01 -4.477000E-02 -7.185000E-02
             2743  8.609070E-01 -6.403000E-02 -9.715000E-02
             2744  7.107570E-01  6.278500E-02  9.017000E-02
             2745  7.007250E-01  7.244000E-02  1.063660E-01
             2746  7.308150E-01  4.332700E-02  5.830600E-02
             2747  7.207890E-01  5.307700E-02  7.414500E-02
             2748  7.508610E-01  2.373700E-02  2.725200E-02
             2749  7.408410E-01  3.354400E-02  4.267000E-02
             2750  7.708940E-01  4.086000E-03 -2.860000E-03
             2751  7.608810E-01  1.391500E-02  1.206700E-02
             2752  7.909140E-01 -1.556000E-02 -3.194000E-02
             2753  7.809080E-01 -5.740000E-03 -1.754000E-02
             2754  8.109210E-01 -3.514000E-02 -5.987000E-02
             2755  8.009210E-01 -2.536000E-02 -4.605000E-02
             2756  8.309160E-01 -5.460000E-02 -8.655000E-02
             2757  8.209220E-01 -4.488000E-02 -7.337000E-02
             2758  8.409100E-01 -6.426000E-02 -9.939000E-02
             2759  6.906570E-01  6.257600E-02  9.136100E-02
             2760  6.806200E-01  7.214500E-02  1.076690E-01
             2761  7.107270E-01  4.324900E-02  5.920100E-02
             2762  7.006950E-01  5.294000E-02  7.519900E-02
             2763  7.307860E-01  2.373700E-02  2.776100E-02
             2764  7.207600E-01  3.351100E-02  4.338200E-02
             2765  7.508330E-01  4.116000E-03 -2.820000E-03
             2766  7.408130E-01  1.393600E-02  1.235200E-02
             2767  7.708670E-01 -1.554000E-02 -3.244000E-02
             2768  7.608530E-01 -5.710000E-03 -1.776000E-02
             2769  7.908880E-01 -3.517000E-02 -6.098000E-02
             2770  7.808810E-01 -2.536000E-02 -4.685000E-02
             2771  8.108970E-01 -5.472000E-02 -8.833000E-02
             2772  8.008960E-01 -4.496000E-02 -7.481000E-02
             2773  8.208980E-01 -6.444000E-02 -1.015300E-01
             2774  6.705460E-01  6.228600E-02  9.241500E-02
             2775  6.605030E-01  7.175400E-02  1.088090E-01
             2776  6.906270E-01  4.311900E-02  6.000900E-02
             2777  6.805890E-01  5.273700E-02  7.614200E-02
             2778  7.106980E-01  2.371200E-02  2.822900E-02
             2779  7.006650E-01  3.344000E-02  4.403200E-02
             2780  7.307570E-01  4.147000E-03 -2.780000E-03
             2781  7.207300E-01  1.394500E-02  1.261800E-02
             2782  7.508050E-01 -1.550000E-02 -3.290000E-02
             2783  7.407840E-01 -5.670000E-03 -1.796000E-02
             2784  7.708400E-01 -3.517000E-02 -6.202000E-02
             2785  7.608260E-01 -2.533000E-02 -4.759000E-02
             2786  7.908630E-01 -5.479000E-02 -9.001000E-02
             2787  7.808550E-01 -4.499000E-02 -7.616000E-02
             2788  8.008710E-01 -6.456000E-02 -1.035600E-01
             2789  6.504250E-01  6.191200E-02  9.332500E-02
             2790  6.403780E-01  7.126200E-02  1.097760E-01
             2791  6.705150E-01  4.293500E-02  6.072600E-02
             2792  6.604720E-01  5.246600E-02  7.696900E-02
             2793  6.905960E-01  2.366200E-02  2.865500E-02
             2794  6.805580E-01  3.333000E-02  4.461500E-02
             2795  7.106680E-01  4.176000E-03 -2.740000E-03
             2796  7.006350E-01  1.394100E-02  1.286300E-02
             2797  7.307280E-01 -1.544000E-02 -3.333000E-02
             2798  7.207010E-01 -5.620000E-03 -1.814000E-02
             2799  7.507770E-01 -3.512000E-02 -6.299000E-02
             2800  7.407560E-01 -2.528000E-02 -4.828000E-02
             2801  7.708130E-01 -5.480000E-02 -9.160000E-02
             2802  7.607980E-01 -4.496000E-02 -7.743000E-02
             2803  7.808290E-01 -6.461000E-02 -1.054700E-01
             2804  6.302960E-01  6.145000E-02  9.408500E-02
             2805  6.202470E-01  7.066600E-02  1.105640E-01
             2806  6.503930E-01  4.269500E-02  6.134700E-02
             2807  6.403460E-01  5.212300E-02  7.767200E-02
             2808  6.704840E-01  2.358500E-02  2.903500E-02
             2809  6.604400E-01  3.317900E-02  4.512800E-02
             2810  6.905660E-01  4.206000E-03 -2.690000E-03
             2811  6.805270E-01  1.392300E-02  1.308700E-02
             2812  7.106380E-01 -1.535000E-02 -3.371000E-02
             2813  7.006050E-01 -5.550000E-03 -1.830000E-02
             2814  7.306990E-01 -3.503000E-02 -6.388000E-02
             2815  7.206720E-01 -2.518000E-02 -4.891000E-02
             2816  7.507490E-01 -5.474000E-02 -9.307000E-02
             2817  7.407270E-01 -4.488000E-02 -7.860000E-02
             2818  7.607710E-01 -6.459000E-02 -1.072700E-01
             2819  6.101630E-01  6.089600E-02  9.468600E-02
             2820  6.001120E-01  6.995900E-02  1.111630E-01
             2821  6.302650E-01  4.239600E-02  6.186800E-02
             2822  6.202150E-01  5.170400E-02  7.824700E-02
             2823  6.503620E-01  2.347900E-02  2.936800E-02
             2824  6.403150E-01  3.298400E-02  4.556800E-02
             2825  6.704530E-01  4.234000E-03 -2.650000E-03
             2826  6.604090E-01  1.389200E-02  1.328700E-02
             2827  6.905350E-01 -1.525000E-02 -3.405000E-02
             2828  6.804960E-01 -5.480000E-03 -1.844000E-02
             2829  7.106080E-01 -3.489000E-02 -6.469000E-02
             2830  7.005750E-01 -2.505000E-02 -4.947000E-02
             2831  7.306700E-01 -5.462000E-02 -9.443000E-02
             2832  7.206420E-01 -4.475000E-02 -7.968000E-02
             2833  7.406990E-01 -6.449000E-02 -1.089300E-01
             2834  5.799770E-01  6.913900E-02  1.115680E-01
             2835  5.900280E-01  6.024500E-02  9.512300E-02
             2836  6.101310E-01  4.203500E-02  6.228400E-02
             2837  6.000800E-01  5.120700E-02  7.868800E-02
             2838  6.302330E-01  2.334300E-02  2.965000E-02
             2839  6.201830E-01  3.274300E-02  4.593100E-02
             2840  6.503300E-01  4.262000E-03 -2.610000E-03
             2841  6.402830E-01  1.384500E-02  1.346300E-02
             2842  6.704220E-01 -1.511000E-02 -3.434000E-02
             2843  6.603780E-01 -5.390000E-03 -1.855000E-02
             2844  6.905050E-01 -3.470000E-02 -6.541000E-02
             2845  6.804660E-01 -2.488000E-02 -4.997000E-02
             2846  7.105790E-01 -5.442000E-02 -9.566000E-02
             2847  7.005450E-01 -4.455000E-02 -8.064000E-02
             2848  7.206130E-01 -6.431000E-02 -1.104400E-01
             2849  5.598440E-01  6.821000E-02  1.117850E-01
             2850  5.698940E-01  5.949900E-02  9.539500E-02
             2851  5.799450E-01  5.062900E-02  7.899000E-02
             2852  5.899960E-01  4.161000E-02  6.259000E-02
             2853  6.100990E-01  2.317600E-02  2.988100E-02
             2854  6.000480E-01  3.245500E-02  4.621300E-02
             2855  6.302010E-01  4.290000E-03 -2.560000E-03
             2856  6.201510E-01  1.378300E-02  1.361300E-02
             2857  6.502990E-01 -1.495000E-02 -3.459000E-02
             2858  6.402510E-01 -5.290000E-03 -1.864000E-02
             2859  6.703910E-01 -3.446000E-02 -6.604000E-02
             2860  6.603460E-01 -2.468000E-02 -5.039000E-02
             2861  6.904750E-01 -5.416000E-02 -9.676000E-02
             2862  6.804350E-01 -4.429000E-02 -8.150000E-02
             2863  7.005150E-01 -6.405000E-02 -1.118200E-01
             2864  5.397160E-01  6.717600E-02  1.118210E-01
             2865  5.497640E-01  5.866000E-02  9.550900E-02
             2866  5.598120E-01  4.997200E-02  7.915800E-02
             2867  5.698630E-01  4.112100E-02  6.278600E-02
             2868  5.799130E-01  3.211900E-02  4.641200E-02
             2869  5.899640E-01  2.297600E-02  3.005600E-02
             2870  6.100680E-01  4.317000E-03 -2.520000E-03
             2871  6.000160E-01  1.370500E-02  1.373700E-02
             2872  6.301690E-01 -1.476000E-02 -3.478000E-02
             2873  6.201190E-01 -5.170000E-03 -1.870000E-02
             2874  6.502670E-01 -3.416000E-02 -6.657000E-02
             2875  6.402200E-01 -2.442000E-02 -5.074000E-02
             2876  6.703600E-01 -5.381000E-02 -9.773000E-02
             2877  6.603150E-01 -4.396000E-02 -8.224000E-02
             2878  6.804040E-01 -6.370000E-02 -1.130300E-01
             2879  5.195960E-01  6.604200E-02  1.116840E-01
             2880  5.296400E-01  5.773400E-02  9.547100E-02
             2881  5.396850E-01  4.924000E-02  7.919600E-02
             2882  5.497330E-01  4.057000E-02  6.287700E-02
             2883  5.597800E-01  3.173500E-02  4.653100E-02
             2884  5.698310E-01  2.274400E-02  3.017700E-02
             2885  5.798810E-01  1.361000E-02  1.383400E-02
             2886  5.899320E-01  4.343000E-03 -2.470000E-03
             2887  6.100360E-01 -1.454000E-02 -3.492000E-02
             2888  5.999840E-01 -5.040000E-03 -1.873000E-02
             2889  6.301370E-01 -3.381000E-02 -6.700000E-02
             2890  6.200870E-01 -2.413000E-02 -5.102000E-02
             2891  6.502360E-01 -5.338000E-02 -9.855000E-02
             2892  6.401880E-01 -4.356000E-02 -8.285000E-02
             2893  6.602840E-01 -6.325000E-02 -1.140800E-01
             2894  4.994850E-01  6.481200E-02  1.113830E-01
             2895  5.095250E-01  5.672400E-02  9.528900E-02
             2896  5.195650E-01  4.843700E-02  7.911200E-02
             2897  5.296090E-01  3.996000E-02  6.286700E-02
             2898  5.396540E-01  3.130500E-02  4.657200E-02
             2899  5.497010E-01  2.248100E-02  3.024500E-02
             2900  5.597490E-01  1.349800E-02  1.390400E-02
             2901  5.697990E-01  4.368000E-03 -2.430000E-03
             2902  5.798490E-01 -4.890000E-03 -1.874000E-02
             2903  5.899010E-01 -1.428000E-02 -3.501000E-02
             2904  6.100040E-01 -3.339000E-02 -6.733000E-02
             2905  5.999520E-01 -2.379000E-02 -5.121000E-02
             2906  6.301060E-01 -5.286000E-02 -9.922000E-02
             2907  6.200550E-01 -4.309000E-02 -8.334000E-02
             2908  6.401560E-01 -6.270000E-02 -1.149600E-01
             2909  4.793870E-01  6.349200E-02  1.109260E-01
             2910  4.894210E-01  5.563400E-02  9.497000E-02
             2911  4.994550E-01  4.756500E-02  7.891000E-02
             2912  5.094950E-01  3.929500E-02  6.276100E-02
             2913  5.195340E-01  3.083300E-02  4.654000E-02
             2914  5.295780E-01  2.218800E-02  3.026300E-02
             2915  5.396220E-01  1.337100E-02  1.394900E-02
             2916  5.496700E-01  4.393000E-03 -2.380000E-03
             2917  5.597170E-01 -4.730000E-03 -1.872000E-02
             2918  5.697670E-01 -1.400000E-02 -3.504000E-02
             2919  5.798170E-01 -2.340000E-02 -5.132000E-02
             2920  5.898690E-01 -3.292000E-02 -6.754000E-02
             2921  6.099720E-01 -5.225000E-02 -9.973000E-02
             2922  5.999200E-01 -4.254000E-02 -8.369000E-02
             2923  6.200230E-01 -6.205000E-02 -1.156600E-01
             2924  4.593010E-01  6.208700E-02  1.103210E-01
             2925  4.693300E-01  5.446900E-02  9.452100E-02
             2926  4.793580E-01  4.662900E-02  7.859700E-02
             2927  4.893920E-01  3.857600E-02  6.256400E-02
             2928  4.994250E-01  3.031900E-02  4.643800E-02
             2929  5.094650E-01  2.186700E-02  3.023400E-02
             2930  5.195040E-01  1.323000E-02  1.396900E-02
             2931  5.295470E-01  4.417000E-03 -2.330000E-03
             2932  5.395910E-01 -4.560000E-03 -1.867000E-02
             2933  5.496380E-01 -1.369000E-02 -3.501000E-02
             2934  5.596850E-01 -2.297000E-02 -5.134000E-02
             2935  5.697350E-01 -3.238000E-02 -6.765000E-02
             2936  5.797850E-01 -4.191000E-02 -8.390000E-02
             2937  5.898370E-01 -5.155000E-02 -1.000800E-01
             2938  5.998880E-01 -6.129000E-02 -1.161600E-01
             2939  4.392290E-01  6.060100E-02  1.095750E-01
             2940  4.492510E-01  5.323200E-02  9.394700E-02
             2941  4.592730E-01  4.563100E-02  7.817800E-02
             2942  4.693010E-01  3.780600E-02  6.228000E-02
             2943  4.793280E-01  2.976600E-02  4.626900E-02
             2944  4.893620E-01  2.151900E-02  3.015900E-02
             2945  4.993950E-01  1.307400E-02  1.396600E-02
             2946  5.094340E-01  4.440000E-03 -2.290000E-03
             2947  5.194730E-01 -4.370000E-03 -1.860000E-02
             2948  5.295160E-01 -1.335000E-02 -3.494000E-02
             2949  5.395600E-01 -2.249000E-02 -5.129000E-02
             2950  5.496070E-01 -3.178000E-02 -6.764000E-02
             2951  5.596540E-01 -4.120000E-02 -8.397000E-02
             2952  5.697040E-01 -5.075000E-02 -1.002600E-01
             2953  5.797530E-01 -6.041000E-02 -1.164800E-01
             2954  4.191710E-01  5.903900E-02  1.086980E-01
             2955  4.291870E-01  5.192800E-02  9.325800E-02
             2956  4.392020E-01  4.457500E-02  7.765900E-02
             2957  4.492230E-01  3.698900E-02  6.191400E-02
             2958  4.592440E-01  2.917600E-02  4.603600E-02
             2959  4.692720E-01  2.114500E-02  3.004000E-02
             2960  4.792990E-01  1.290400E-02  1.394100E-02
             2961  4.893320E-01  4.463000E-03 -2.240000E-03
             2962  4.993650E-01 -4.160000E-03 -1.850000E-02
             2963  5.094040E-01 -1.298000E-02 -3.482000E-02
             2964  5.194420E-01 -2.197000E-02 -5.117000E-02
             2965  5.294850E-01 -3.112000E-02 -6.754000E-02
             2966  5.395280E-01 -4.042000E-02 -8.392000E-02
             2967  5.495750E-01 -4.986000E-02 -1.002800E-01
             2968  5.596220E-01 -5.943000E-02 -1.166000E-01
             2969  3.991290E-01  5.740500E-02  1.076970E-01
             2970  4.091370E-01  5.056100E-02  9.245900E-02
             2971  4.191450E-01  4.346600E-02  7.704600E-02
             2972  4.291600E-01  3.612700E-02  6.147000E-02
             2973  4.391740E-01  2.855100E-02  4.574400E-02
             2974  4.491950E-01  2.074700E-02  2.988100E-02
             2975  4.592160E-01  1.272200E-02  1.389500E-02
             2976  4.692430E-01  4.485000E-03 -2.190000E-03
             2977  4.792700E-01 -3.950000E-03 -1.838000E-02
             2978  4.893020E-01 -1.259000E-02 -3.465000E-02
             2979  4.993350E-01 -2.141000E-02 -5.097000E-02
             2980  5.093730E-01 -3.040000E-02 -6.734000E-02
             2981  5.194110E-01 -3.957000E-02 -8.374000E-02
             2982  5.294540E-01 -4.889000E-02 -1.001500E-01
             2983  5.394970E-01 -5.835000E-02 -1.165400E-01
             2984  3.791020E-01  5.570500E-02  1.065810E-01
             2985  3.891030E-01  4.913500E-02  9.155800E-02
             2986  3.991040E-01  4.230500E-02  7.634500E-02
             2987  4.091120E-01  3.522200E-02  6.095300E-02
             2988  4.191190E-01  2.789400E-02  4.539500E-02
             2989  4.291330E-01  2.032700E-02  2.968300E-02
             2990  4.391470E-01  1.252800E-02  1.382900E-02
             2991  4.491670E-01  4.507000E-03 -2.150000E-03
             2992  4.591870E-01 -3.720000E-03 -1.824000E-02
             2993  4.692140E-01 -1.217000E-02 -3.443000E-02
             2994  4.792400E-01 -2.081000E-02 -5.071000E-02
             2995  4.892730E-01 -2.964000E-02 -6.705000E-02
             2996  4.993050E-01 -3.865000E-02 -8.344000E-02
             2997  5.093430E-01 -4.783000E-02 -9.987000E-02
             2998  5.193800E-01 -5.717000E-02 -1.163100E-01
             2999  3.590900E-01  5.394400E-02  1.053570E-01
             3000  3.690840E-01  4.765400E-02  9.056100E-02
             3001  3.790780E-01  4.109600E-02  7.556100E-02
             3002  3.890790E-01  3.427800E-02  6.036800E-02
             3003  3.990790E-01  2.720500E-02  4.499300E-02
             3004  4.090860E-01  1.988500E-02  2.944800E-02
             3005  4.190920E-01  1.232300E-02  1.374500E-02
             3006  4.291060E-01  4.528000E-03 -2.100000E-03
             3007  4.391190E-01 -3.490000E-03 -1.808000E-02
             3008  4.491390E-01 -1.173000E-02 -3.418000E-02
             3009  4.591590E-01 -2.018000E-02 -5.038000E-02
             3010  4.691850E-01 -2.883000E-02 -6.667000E-02
             3011  4.792110E-01 -3.767000E-02 -8.303000E-02
             3012  4.892430E-01 -4.669000E-02 -9.945000E-02
             3013  4.992750E-01 -5.589000E-02 -1.159100E-01
             3014  3.390930E-01  5.212500E-02  1.040340E-01
             3015  3.490810E-01  4.612200E-02  8.947500E-02
             3016  3.590680E-01  3.984400E-02  7.470100E-02
             3017  3.690610E-01  3.329700E-02  5.972000E-02
             3018  3.790540E-01  2.648800E-02  4.454200E-02
             3019  3.890540E-01  1.942300E-02  2.918000E-02
             3020  3.990540E-01  1.210700E-02  1.364300E-02
             3021  4.090600E-01  4.549000E-03 -2.050000E-03
             3022  4.190660E-01 -3.240000E-03 -1.790000E-02
             3023  4.290790E-01 -1.126000E-02 -3.388000E-02
             3024  4.390920E-01 -1.951000E-02 -4.999000E-02
             3025  4.491120E-01 -2.797000E-02 -6.621000E-02
             3026  4.591310E-01 -3.663000E-02 -8.252000E-02
             3027  4.691560E-01 -4.548000E-02 -9.891000E-02
             3028  4.791820E-01 -5.452000E-02 -1.153600E-01
             3029  3.191110E-01  5.025400E-02  1.026190E-01
             3030  3.290920E-01  4.454200E-02  8.830800E-02
             3031  3.390720E-01  3.855000E-02  7.376900E-02
             3032  3.490590E-01  3.228300E-02  5.901200E-02
             3033  3.590450E-01  2.574500E-02  4.404600E-02
             3034  3.690380E-01  1.894200E-02  2.888000E-02
             3035  3.790300E-01  1.188200E-02  1.352500E-02
             3036  3.890300E-01  4.569000E-03 -2.000000E-03
             3037  3.990280E-01 -2.980000E-03 -1.770000E-02
             3038  4.090340E-01 -1.078000E-02 -3.355000E-02
             3039  4.190400E-01 -1.881000E-02 -4.955000E-02
             3040  4.290520E-01 -2.706000E-02 -6.567000E-02
             3041  4.390650E-01 -3.553000E-02 -8.191000E-02
             3042  4.490840E-01 -4.420000E-02 -9.824000E-02
             3043  4.591020E-01 -5.308000E-02 -1.146600E-01
             3044  2.991430E-01  4.833400E-02  1.011200E-01
             3045  3.091180E-01  4.292000E-02  8.706500E-02
             3046  3.190920E-01  3.721900E-02  7.277200E-02
             3047  3.290720E-01  3.123600E-02  5.825000E-02
             3048  3.390510E-01  2.497600E-02  4.350600E-02
             3049  3.490380E-01  1.844500E-02  2.855000E-02
             3050  3.590230E-01  1.164700E-02  1.339100E-02
             3051  3.690150E-01  4.589000E-03 -1.950000E-03
             3052  3.790070E-01 -2.720000E-03 -1.749000E-02
             3053  3.890050E-01 -1.028000E-02 -3.319000E-02
             3054  3.990030E-01 -1.808000E-02 -4.905000E-02
             3055  4.090090E-01 -2.611000E-02 -6.506000E-02
             3056  4.190140E-01 -3.438000E-02 -8.120000E-02
             3057  4.290260E-01 -4.286000E-02 -9.745000E-02
             3058  4.390370E-01 -5.155000E-02 -1.138200E-01
             3059  2.791880E-01  4.637100E-02  9.954500E-02
             3060  2.891570E-01  4.125800E-02  8.575400E-02
             3061  2.991250E-01  3.585300E-02  7.171600E-02
             3062  3.090990E-01  3.016100E-02  5.743800E-02
             3063  3.190720E-01  2.418500E-02  4.292800E-02
             3064  3.290520E-01  1.793100E-02  2.819300E-02
             3065  3.390300E-01  1.140400E-02  1.324400E-02
             3066  3.490160E-01  4.608000E-03 -1.910000E-03
             3067  3.590000E-01 -2.440000E-03 -1.726000E-02
             3068  3.689920E-01 -9.760000E-03 -3.279000E-02
             3069  3.789830E-01 -1.732000E-02 -4.850000E-02
             3070  3.889810E-01 -2.513000E-02 -6.438000E-02
             3071  3.989780E-01 -3.317000E-02 -8.040000E-02
             3072  4.089830E-01 -4.145000E-02 -9.656000E-02
             3073  4.189870E-01 -4.994000E-02 -1.128400E-01
             3074  2.592450E-01  4.437000E-02  9.790200E-02
             3075  2.692090E-01  3.956100E-02  8.438100E-02
             3076  2.791720E-01  3.445600E-02  7.060500E-02
             3077  2.891400E-01  2.905900E-02  5.658000E-02
             3078  2.991070E-01  2.337300E-02  4.231300E-02
             3079  3.090800E-01  1.740300E-02  2.781200E-02
             3080  3.190530E-01  1.115200E-02  1.308400E-02
             3081  3.290310E-01  4.627000E-03 -1.860000E-03
             3082  3.390090E-01 -2.160000E-03 -1.701000E-02
             3083  3.489940E-01 -9.220000E-03 -3.237000E-02
             3084  3.589780E-01 -1.654000E-02 -4.791000E-02
             3085  3.689690E-01 -2.411000E-02 -6.363000E-02
             3086  3.789590E-01 -3.193000E-02 -7.952000E-02
             3087  3.889560E-01 -3.998000E-02 -9.556000E-02
             3088  3.989530E-01 -4.827000E-02 -1.117500E-01
             3089  2.393140E-01  4.233300E-02  9.619900E-02
             3090  2.492730E-01  3.783300E-02  8.295400E-02
             3091  2.592310E-01  3.303200E-02  6.944600E-02
             3092  2.691930E-01  2.793400E-02  5.568200E-02
             3093  2.791550E-01  2.254200E-02  4.166700E-02
             3094  2.891230E-01  1.686100E-02  2.740800E-02
             3095  2.990890E-01  1.089400E-02  1.291200E-02
             3096  3.090620E-01  4.646000E-03 -1.810000E-03
             3097  3.190330E-01 -1.870000E-03 -1.675000E-02
             3098  3.290110E-01 -8.670000E-03 -3.191000E-02
             3099  3.389880E-01 -1.573000E-02 -4.727000E-02
             3100  3.489720E-01 -2.306000E-02 -6.283000E-02
             3101  3.589560E-01 -3.063000E-02 -7.856000E-02
             3102  3.689460E-01 -3.846000E-02 -9.447000E-02
             3103  3.789350E-01 -4.653000E-02 -1.105300E-01
             3104  2.193920E-01  4.026600E-02  9.444300E-02
             3105  2.293470E-01  3.607600E-02  8.147700E-02
             3106  2.393010E-01  3.158200E-02  6.824400E-02
             3107  2.492590E-01  2.678800E-02  5.474600E-02
             3108  2.592160E-01  2.169500E-02  4.099100E-02
             3109  2.691780E-01  1.630800E-02  2.698300E-02
             3110  2.791390E-01  1.062900E-02  1.272900E-02
             3111  2.891060E-01  4.664000E-03 -1.760000E-03
             3112  2.990710E-01 -1.580000E-03 -1.648000E-02
             3113  3.090430E-01 -8.100000E-03 -3.143000E-02
             3114  3.190140E-01 -1.490000E-02 -4.660000E-02
             3115  3.289910E-01 -2.197000E-02 -6.197000E-02
             3116  3.389680E-01 -2.930000E-02 -7.753000E-02
             3117  3.489510E-01 -3.689000E-02 -9.328000E-02
             3118  3.589330E-01 -4.473000E-02 -1.092100E-01
             3119  1.994800E-01  3.817400E-02  9.264200E-02
             3120  2.094310E-01  3.429600E-02  7.995900E-02
             3121  2.193810E-01  3.011100E-02  6.700400E-02
             3122  2.293350E-01  2.562300E-02  5.377900E-02
             3123  2.392880E-01  2.083200E-02  4.028900E-02
             3124  2.492450E-01  1.574400E-02  2.654000E-02
             3125  2.592020E-01  1.035900E-02  1.253600E-02
             3126  2.691630E-01  4.682000E-03 -1.710000E-03
             3127  2.791230E-01 -1.280000E-03 -1.620000E-02
             3128  2.890880E-01 -7.530000E-03 -3.093000E-02
             3129  2.990530E-01 -1.406000E-02 -4.588000E-02
             3130  3.090240E-01 -2.086000E-02 -6.106000E-02
             3131  3.189940E-01 -2.793000E-02 -7.644000E-02
             3132  3.289710E-01 -3.527000E-02 -9.202000E-02
             3133  3.389470E-01 -4.287000E-02 -1.077900E-01
             3134  1.795750E-01  3.606000E-02  9.080300E-02
             3135  1.895230E-01  3.249500E-02  7.840600E-02
             3136  1.994700E-01  2.862200E-02  6.573100E-02
             3137  2.094210E-01  2.444200E-02  5.278300E-02
             3138  2.193700E-01  1.995700E-02  3.956500E-02
             3139  2.293230E-01  1.517000E-02  2.608100E-02
             3140  2.392750E-01  1.008300E-02  1.233500E-02
             3141  2.492320E-01  4.700000E-03 -1.660000E-03
             3142  2.591870E-01 -9.700000E-04 -1.591000E-02
             3143  2.691470E-01 -6.940000E-03 -3.041000E-02
             3144  2.791070E-01 -1.319000E-02 -4.514000E-02
             3145  2.890710E-01 -1.972000E-02 -6.010000E-02
             3146  2.990350E-01 -2.653000E-02 -7.528000E-02
             3147  3.090060E-01 -3.361000E-02 -9.068000E-02
             3148  3.189750E-01 -4.096000E-02 -1.062800E-01
             3149  1.596760E-01  3.392900E-02  8.893500E-02
             3150  1.696220E-01  3.067800E-02  7.682300E-02
             3151  1.795670E-01  2.711700E-02  6.443200E-02
             3152  1.895150E-01  2.324700E-02  5.176400E-02
             3153  1.994610E-01  1.907000E-02  3.882100E-02
             3154  2.094110E-01  1.458800E-02  2.560800E-02
             3155  2.193590E-01  9.803000E-03  1.212700E-02
             3156  2.293110E-01  4.718000E-03 -1.610000E-03
             3157  2.392620E-01 -6.600000E-04 -1.561000E-02
             3158  2.492180E-01 -6.340000E-03 -2.987000E-02
             3159  2.591720E-01 -1.231000E-02 -4.437000E-02
             3160  2.691320E-01 -1.856000E-02 -5.910000E-02
             3161  2.790900E-01 -2.510000E-02 -7.407000E-02
             3162  2.890540E-01 -3.192000E-02 -8.927000E-02
             3163  2.990180E-01 -3.901000E-02 -1.046800E-01
             3164  1.397810E-01  3.178500E-02  8.704300E-02
             3165  1.497260E-01  2.884800E-02  7.521800E-02
             3166  1.596700E-01  2.560000E-02  6.311200E-02
             3167  1.696150E-01  2.204200E-02  5.072600E-02
             3168  1.795600E-01  1.817400E-02  3.806200E-02
             3169  1.895060E-01  1.400000E-02  2.512300E-02
             3170  1.994520E-01  9.519000E-03  1.191200E-02
             3171  2.094000E-01  4.735000E-03 -1.560000E-03
             3172  2.193480E-01 -3.400000E-04 -1.531000E-02
             3173  2.292990E-01 -5.730000E-03 -2.931000E-02
             3174  2.392500E-01 -1.141000E-02 -4.356000E-02
             3175  2.492040E-01 -1.738000E-02 -5.807000E-02
             3176  2.591580E-01 -2.364000E-02 -7.282000E-02
             3177  2.691160E-01 -3.018000E-02 -8.780000E-02
             3178  2.790740E-01 -3.701000E-02 -1.030100E-01
             3179  1.198900E-01  2.963300E-02  8.513700E-02
             3180  1.298340E-01  2.700900E-02  7.359700E-02
             3181  1.397770E-01  2.407300E-02  6.177500E-02
             3182  1.497210E-01  2.082700E-02  4.967200E-02
             3183  1.596640E-01  1.727100E-02  3.729000E-02
             3184  1.696090E-01  1.340500E-02  2.462900E-02
             3185  1.795520E-01  9.232000E-03  1.169200E-02
             3186  1.894980E-01  4.753000E-03 -1.510000E-03
             3187  1.994430E-01 -3.070000E-05 -1.499000E-02
             3188  2.093900E-01 -5.110000E-03 -2.874000E-02
             3189  2.193370E-01 -1.050000E-02 -4.274000E-02
             3190  2.292870E-01 -1.618000E-02 -5.700000E-02
             3191  2.392370E-01 -2.215000E-02 -7.152000E-02
             3192  2.491900E-01 -2.842000E-02 -8.627000E-02
             3193  2.591430E-01 -3.497000E-02 -1.012700E-01
             3194  1.099440E-01  2.516400E-02  7.196700E-02
             3195  1.198880E-01  2.254100E-02  6.042800E-02
             3196  1.298310E-01  1.960700E-02  4.860800E-02
             3197  1.397740E-01  1.636200E-02  3.650800E-02
             3198  1.497170E-01  1.280700E-02  2.412700E-02
             3199  1.596590E-01  8.942000E-03  1.146700E-02
             3200  1.696020E-01  4.770000E-03 -1.460000E-03
             3201  1.795450E-01  2.900000E-04 -1.467000E-02
             3202  1.894900E-01 -4.490000E-03 -2.815000E-02
             3203  1.994330E-01 -9.580000E-03 -4.190000E-02
             3204  2.093800E-01 -1.496000E-02 -5.591000E-02
             3205  2.193260E-01 -2.065000E-02 -7.018000E-02
             3206  2.292750E-01 -2.663000E-02 -8.470000E-02
             3207  2.392240E-01 -3.290000E-02 -9.947000E-02
             3208  1.099440E-01  1.838300E-02  4.753800E-02
             3209  1.198860E-01  1.544900E-02  3.571900E-02
             3210  1.298280E-01  1.220500E-02  2.362000E-02
             3211  1.397700E-01  8.651000E-03  1.124000E-02
             3212  1.497120E-01  4.787000E-03 -1.410000E-03
             3213  1.596530E-01  6.140000E-04 -1.435000E-02
             3214  1.695960E-01 -3.860000E-03 -2.756000E-02
             3215  1.795370E-01 -8.650000E-03 -4.104000E-02
             3216  1.894810E-01 -1.373000E-02 -5.479000E-02
             3217  1.994240E-01 -1.913000E-02 -6.881000E-02
             3218  2.093700E-01 -2.481000E-02 -8.308000E-02
             3219  2.193150E-01 -3.080000E-02 -9.761000E-02
             3220  1.099430E-01  1.160200E-02  2.310900E-02
             3221  1.198840E-01  8.358000E-03  1.101000E-02
             3222  1.298260E-01  4.804000E-03 -1.360000E-03
             3223  1.397660E-01  9.400000E-04 -1.402000E-02
             3224  1.497070E-01 -3.230000E-03 -2.696000E-02
             3225  1.596480E-01 -7.710000E-03 -4.017000E-02
             3226  1.695890E-01 -1.250000E-02 -5.366000E-02
             3227  1.795300E-01 -1.759000E-02 -6.741000E-02
             3228  1.894730E-01 -2.298000E-02 -8.143000E-02
             3229  1.994150E-01 -2.867000E-02 -9.572000E-02
             3230  1.099420E-01  4.821000E-03 -1.310000E-03
             3231  1.198820E-01  1.267000E-03 -1.369000E-02
             3232  1.298230E-01 -2.590000E-03 -2.635000E-02
             3233  1.397620E-01 -6.770000E-03 -3.929000E-02
             3234  1.497030E-01 -1.125000E-02 -5.250000E-02
             3235  1.596420E-01 -1.604000E-02 -6.599000E-02
             3236  1.695830E-01 -2.113000E-02 -7.975000E-02
             3237  1.795220E-01 -2.653000E-02 -9.378000E-02
             3238  1.099410E-01 -1.950000E-03 -2.574000E-02
             3239  1.198800E-01 -5.820000E-03 -3.840000E-02
             3240  1.298200E-01 -9.990000E-03 -5.134000E-02
             3241  1.397590E-01 -1.448000E-02 -6.456000E-02
             3242  1.496980E-01 -1.927000E-02 -7.805000E-02
             3243  1.596360E-01 -2.436000E-02 -9.181000E-02
             3244  1.099400E-01 -8.740000E-03 -5.017000E-02
             3245  1.198790E-01 -1.291000E-02 -6.311000E-02
             3246  1.298170E-01 -1.739000E-02 -7.633000E-02
             3247  1.397550E-01 -2.219000E-02 -8.982000E-02
             3248  1.099390E-01 -1.552000E-02 -7.460000E-02
             3249  1.198770E-01 -2.000000E-02 -8.782000E-02
             3250  1.080120E+00  7.319600E-02  7.223400E-02
             3251  1.090060E+00  7.106100E-02  7.234700E-02
             3252  1.060240E+00  7.390900E-02  7.551600E-02
             3253  1.070170E+00  7.176000E-02  7.561600E-02
             3254  1.080110E+00  6.962600E-02  7.573100E-02
             3255  1.040360E+00  7.461100E-02  7.878200E-02
             3256  1.050290E+00  7.245100E-02  7.887200E-02
             3257  1.060220E+00  7.030500E-02  7.897500E-02
             3258  1.020470E+00  7.529900E-02  8.202300E-02
             3259  1.030400E+00  7.313000E-02  8.210700E-02
             3260  1.040330E+00  7.097300E-02  8.220300E-02
             3261  1.000570E+00  7.596700E-02  8.522900E-02
             3262  1.010500E+00  7.379100E-02  8.531200E-02
             3263  1.020440E+00  7.162700E-02  8.540500E-02
             3264  9.806690E-01  7.661000E-02  8.839300E-02
             3265  9.906000E-01  7.443000E-02  8.847900E-02
             3266  1.000530E+00  7.226100E-02  8.857300E-02
             3267  9.706890E-01  7.504200E-02  9.160000E-02
             3268  9.607570E-01  7.722300E-02  9.150600E-02
             3269  9.806240E-01  7.286900E-02  9.169800E-02
             3270  9.507680E-01  7.562000E-02  9.466500E-02
             3271  9.408350E-01  7.780000E-02  9.456000E-02
             3272  9.607050E-01  7.344800E-02  9.477200E-02
             3273  9.308370E-01  7.616200E-02  9.766500E-02
             3274  9.209020E-01  7.833700E-02  9.754500E-02
             3275  9.407770E-01  7.399200E-02  9.778700E-02
             3276  9.108940E-01  7.666000E-02  1.005940E-01
             3277  9.009560E-01  7.882900E-02  1.004530E-01
             3278  9.208370E-01  7.449600E-02  1.007330E-01
             3279  8.909380E-01  7.711000E-02  1.034400E-01
             3280  8.809960E-01  7.927000E-02  1.032750E-01
             3281  9.008840E-01  7.495400E-02  1.036010E-01
             3282  8.709690E-01  7.750800E-02  1.061950E-01
             3283  8.610220E-01  7.965500E-02  1.060020E-01
             3284  8.809180E-01  7.536200E-02  1.063830E-01
             3285  8.509840E-01  7.784700E-02  1.088520E-01
             3286  8.410330E-01  7.998000E-02  1.086260E-01
             3287  8.609380E-01  7.571400E-02  1.090700E-01
             3288  8.309850E-01  7.812200E-02  1.113990E-01
             3289  8.210290E-01  8.023800E-02  1.111360E-01
             3290  8.409430E-01  7.600600E-02  1.116520E-01
             3291  8.109700E-01  7.832900E-02  1.138290E-01
             3292  8.010090E-01  8.042400E-02  1.135250E-01
             3293  8.209340E-01  7.623100E-02  1.141220E-01
             3294  7.909400E-01  7.846100E-02  1.161320E-01
             3295  7.809730E-01  8.053300E-02  1.157820E-01
             3296  8.009090E-01  7.638500E-02  1.164690E-01
             3297  7.708940E-01  7.851400E-02  1.182990E-01
             3298  7.609220E-01  8.056000E-02  1.178990E-01
             3299  7.808680E-01  7.646300E-02  1.186840E-01
             3300  7.508330E-01  7.848300E-02  1.203210E-01
             3301  7.408550E-01  8.050000E-02  1.198660E-01
             3302  7.608120E-01  7.645900E-02  1.207590E-01
             3303  7.307570E-01  7.836100E-02  1.221880E-01
             3304  7.207740E-01  8.034600E-02  1.216740E-01
             3305  7.407410E-01  7.636700E-02  1.226830E-01
             3306  7.106680E-01  7.814300E-02  1.238910E-01
             3307  7.006800E-01  8.009400E-02  1.233130E-01
             3308  7.206570E-01  7.618200E-02  1.244480E-01
             3309  6.905660E-01  7.782500E-02  1.254210E-01
             3310  6.805730E-01  7.973700E-02  1.247750E-01
             3311  7.005600E-01  7.590000E-02  1.260430E-01
             3312  6.704530E-01  7.740000E-02  1.267680E-01
             3313  6.604560E-01  7.927200E-02  1.260490E-01
             3314  6.804500E-01  7.551400E-02  1.274600E-01
             3315  6.503300E-01  7.686400E-02  1.279220E-01
             3316  6.403300E-01  7.869200E-02  1.271260E-01
             3317  6.603310E-01  7.502000E-02  1.286900E-01
             3318  6.302010E-01  7.621000E-02  1.288740E-01
             3319  6.201990E-01  7.799200E-02  1.279970E-01
             3320  6.402040E-01  7.441100E-02  1.297210E-01
             3321  6.100680E-01  7.543500E-02  1.296150E-01
             3322  6.000640E-01  7.716700E-02  1.286520E-01
             3323  6.200710E-01  7.368400E-02  1.305460E-01
             3324  5.899320E-01  7.453200E-02  1.301360E-01
             3325  5.799290E-01  7.621400E-02  1.290860E-01
             3326  5.999360E-01  7.283200E-02  1.311550E-01
             3327  5.597960E-01  7.513600E-02  1.293030E-01
             3328  5.697990E-01  7.350200E-02  1.304370E-01
             3329  5.798010E-01  7.185200E-02  1.315420E-01
             3330  5.396690E-01  7.393800E-02  1.293140E-01
             3331  5.496700E-01  7.235100E-02  1.305270E-01
             3332  5.596700E-01  7.074800E-02  1.317130E-01
             3333  5.195500E-01  7.262600E-02  1.291280E-01
             3334  5.295470E-01  7.108300E-02  1.304150E-01
             3335  5.395440E-01  6.952500E-02  1.316760E-01
             3336  4.994400E-01  7.120600E-02  1.287530E-01
             3337  5.094340E-01  6.970500E-02  1.301090E-01
             3338  5.194270E-01  6.818900E-02  1.314420E-01
             3339  4.793430E-01  6.968300E-02  1.282000E-01
             3340  4.893320E-01  6.822100E-02  1.296200E-01
             3341  4.993200E-01  6.674500E-02  1.310200E-01
             3342  4.592590E-01  6.806300E-02  1.274780E-01
             3343  4.692430E-01  6.663700E-02  1.289570E-01
             3344  4.792260E-01  6.519900E-02  1.304190E-01
             3345  4.391880E-01  6.635000E-02  1.265950E-01
             3346  4.491670E-01  6.495900E-02  1.281290E-01
             3347  4.591450E-01  6.355700E-02  1.296480E-01
             3348  4.191320E-01  6.455100E-02  1.255610E-01
             3349  4.291060E-01  6.319200E-02  1.271460E-01
             3350  4.390780E-01  6.182300E-02  1.287170E-01
             3351  3.990910E-01  6.267200E-02  1.243870E-01
             3352  4.090600E-01  6.134200E-02  1.260160E-01
             3353  4.190270E-01  6.000300E-02  1.276350E-01
             3354  3.790660E-01  6.071600E-02  1.230800E-01
             3355  3.890300E-01  5.941400E-02  1.247500E-01
             3356  3.989910E-01  5.810300E-02  1.264120E-01
             3357  3.590570E-01  5.869000E-02  1.216500E-01
             3358  3.690150E-01  5.741300E-02  1.233560E-01
             3359  3.789710E-01  5.612700E-02  1.250560E-01
             3360  3.390620E-01  5.659900E-02  1.201060E-01
             3361  3.490160E-01  5.534400E-02  1.218430E-01
             3362  3.589670E-01  5.408200E-02  1.235780E-01
             3363  3.190820E-01  5.444900E-02  1.184570E-01
             3364  3.290310E-01  5.321300E-02  1.202220E-01
             3365  3.389780E-01  5.197200E-02  1.219850E-01
             3366  2.991160E-01  5.224300E-02  1.167130E-01
             3367  3.090620E-01  5.102600E-02  1.185000E-01
             3368  3.190040E-01  4.980300E-02  1.202880E-01
             3369  2.791630E-01  4.998900E-02  1.148820E-01
             3370  2.891060E-01  4.878600E-02  1.166870E-01
             3371  2.990440E-01  4.758000E-02  1.184950E-01
             3372  2.592230E-01  4.768900E-02  1.129730E-01
             3373  2.691630E-01  4.650000E-02  1.147910E-01
             3374  2.790980E-01  4.530700E-02  1.166150E-01
             3375  2.392950E-01  4.535100E-02  1.109950E-01
             3376  2.492320E-01  4.417100E-02  1.128220E-01
             3377  2.591650E-01  4.299100E-02  1.146570E-01
             3378  2.293110E-01  4.180700E-02  1.107880E-01
             3379  2.193760E-01  4.297800E-02  1.089570E-01
             3380  2.392430E-01  4.063500E-02  1.126310E-01
             3381  2.094000E-01  3.941000E-02  1.086990E-01
             3382  1.994660E-01  4.057600E-02  1.068670E-01
             3383  2.193310E-01  3.824600E-02  1.105430E-01
             3384  1.894980E-01  3.698700E-02  1.065620E-01
             3385  1.795630E-01  3.814900E-02  1.047340E-01
             3386  1.994290E-01  3.582700E-02  1.084050E-01
             3387  1.696020E-01  3.454200E-02  1.043870E-01
             3388  1.596670E-01  3.570300E-02  1.025670E-01
             3389  1.795340E-01  3.338400E-02  1.062230E-01
             3390  1.497120E-01  3.207900E-02  1.021810E-01
             3391  1.397760E-01  3.324200E-02  1.003740E-01
             3392  1.596450E-01  3.092100E-02  1.040070E-01
             3393  1.298260E-01  2.960500E-02  9.995400E-02
             3394  1.198870E-01  3.077200E-02  9.816400E-02
             3395  1.397610E-01  2.844500E-02  1.017660E-01
             3396  1.099420E-01  2.712300E-02  9.771400E-02
             3397  1.198800E-01  2.595800E-02  9.950600E-02
             3398  1.000000E-01  2.182600E-02  7.179700E-02
             3399  1.000000E-01  2.264600E-02  8.451800E-02
             3400  1.000000E-01  1.699600E-02  7.309100E-02
             3401  1.000000E-01  1.535500E-02  4.764900E-02
             3402  1.000000E-01  1.617600E-02  6.037000E-02
             3403  1.000000E-01  1.052600E-02  4.894300E-02
             3404  1.000000E-01  8.885000E-03  2.350100E-02
             3405  1.000000E-01  9.705000E-03  3.622200E-02
             3406  1.000000E-01  4.055000E-03  2.479500E-02
             3407  1.000000E-01  2.414000E-03 -6.400000E-04
             3408  1.000000E-01  3.235000E-03  1.207400E-02
             3409  1.000000E-01 -2.410000E-03  6.470000E-04
             3410  1.000000E-01 -4.050000E-03 -2.479000E-02
             3411  1.000000E-01 -3.230000E-03 -1.207000E-02
             3412  1.000000E-01 -8.880000E-03 -2.350000E-02
             3413  1.000000E-01 -1.052000E-02 -4.894000E-02
             3414  1.000000E-01 -9.700000E-03 -3.622000E-02
             3415  1.000000E-01 -1.535000E-02 -4.764000E-02
             3416  1.000000E-01 -1.699000E-02 -7.309000E-02
             3417  1.000000E-01 -1.617000E-02 -6.037000E-02
             3418  1.000000E-01 -2.182000E-02 -7.179000E-02
             3419  1.000000E-01 -2.264000E-02 -8.451000E-02
             3420  1.100000E+00  5.480000E-02  5.126500E-02
             3421  1.100000E+00  6.187100E-02  6.187100E-02
             3422  1.100000E+00  5.126500E-02  5.480000E-02
             3423  1.100000E+00  3.712300E-02  3.358700E-02
             3424  1.100000E+00  4.419400E-02  4.419400E-02
             3425  1.100000E+00  3.358700E-02  3.712300E-02
             3426  1.100000E+00  1.944500E-02  1.590900E-02
             3427  1.100000E+00  2.651600E-02  2.651600E-02
             3428  1.100000E+00  1.590900E-02  1.944500E-02
             3429  1.100000E+00  1.767000E-03 -1.760000E-03
             3430  1.100000E+00  8.838000E-03  8.838000E-03
             3431  1.100000E+00 -1.760000E-03  1.767000E-03
             3432  1.100000E+00 -1.590000E-02 -1.944000E-02
             3433  1.100000E+00 -8.830000E-03 -8.830000E-03
             3434  1.100000E+00 -1.944000E-02 -1.590000E-02
             3435  1.100000E+00 -3.358000E-02 -3.712000E-02
             3436  1.100000E+00 -2.651000E-02 -2.651000E-02
             3437  1.100000E+00 -3.712000E-02 -3.358000E-02
             3438  1.100000E+00 -5.126000E-02 -5.480000E-02
             3439  1.100000E+00 -4.419000E-02 -4.419000E-02
             3440  1.100000E+00 -5.480000E-02 -5.126000E-02
             3441  1.100000E+00 -6.187000E-02 -6.187000E-02
             3442  1.090060E+00  5.329500E-02  5.426000E-02
             3443  1.080120E+00  6.248400E-02  6.473400E-02
             3444  1.080120E+00  5.534300E-02  5.373800E-02
             3445  1.070170E+00  5.381900E-02  5.671000E-02
             3446  1.060230E+00  6.309300E-02  6.759000E-02
             3447  1.060240E+00  5.588200E-02  5.620500E-02
             3448  1.080110E+00  5.177300E-02  5.723500E-02
             3449  1.090060E+00  3.553000E-02  3.617300E-02
             3450  1.080120E+00  4.463200E-02  4.623900E-02
             3451  1.080120E+00  3.749000E-02  3.524300E-02
             3452  1.050290E+00  5.433700E-02  5.915200E-02
             3453  1.040340E+00  6.369300E-02  7.043100E-02
             3454  1.040350E+00  5.641300E-02  5.866000E-02
             3455  1.060230E+00  5.227800E-02  5.966300E-02
             3456  1.070170E+00  3.587900E-02  3.780700E-02
             3457  1.060230E+00  4.506600E-02  4.827900E-02
             3458  1.060240E+00  3.785500E-02  3.689400E-02
             3459  1.080110E+00  3.392000E-02  3.873900E-02
             3460  1.090060E+00  1.776500E-02  1.808600E-02
             3461  1.080120E+00  2.677900E-02  2.774300E-02
             3462  1.080120E+00  1.963700E-02  1.674700E-02
             3463  1.030400E+00  5.484600E-02  6.157700E-02
             3464  1.020450E+00  6.428000E-02  7.325000E-02
             3465  1.020460E+00  5.693400E-02  6.109500E-02
             3466  1.040340E+00  5.277500E-02  6.207900E-02
             3467  1.050290E+00  3.622500E-02  3.943400E-02
             3468  1.040340E+00  4.549500E-02  5.030800E-02
             3469  1.040350E+00  3.821500E-02  3.853700E-02
             3470  1.060230E+00  3.425100E-02  4.035100E-02
             3471  1.070170E+00  1.793900E-02  1.890300E-02
             3472  1.060230E+00  2.704000E-02  2.896700E-02
             3473  1.060230E+00  1.982900E-02  1.758300E-02
             3474  1.080120E+00  1.606700E-02  2.024300E-02
             3475  1.090060E+00  5.020000E-18  3.700000E-18
             3476  1.080120E+00  8.926000E-03  9.247000E-03
             3477  1.080120E+00  1.785000E-03 -1.740000E-03
             3478  1.010500E+00  5.534100E-02  6.398000E-02
             3479  1.000550E+00  6.485000E-02  7.603800E-02
             3480  1.000570E+00  5.743900E-02  6.350500E-02
             3481  1.020440E+00  5.326100E-02  6.447500E-02
             3482  1.030400E+00  3.656400E-02  4.105100E-02
             3483  1.020450E+00  4.591400E-02  5.232100E-02
             3484  1.020460E+00  3.856800E-02  4.016700E-02
             3485  1.040340E+00  3.457700E-02  4.195500E-02
             3486  1.050290E+00  1.811200E-02  1.971700E-02
             3487  1.040340E+00  2.729700E-02  3.018400E-02
             3488  1.040350E+00  2.001700E-02  1.841400E-02
             3489  1.060230E+00  1.622400E-02  2.103900E-02
             3490  1.070170E+00  1.010000E-17  7.499999E-18
             3491  1.060230E+00  9.013000E-03  9.655000E-03
             3492  1.060230E+00  1.802000E-03 -1.720000E-03
             3493  1.080120E+00 -1.780000E-03  1.748000E-03
             3494  1.090060E+00 -1.776000E-02 -1.808000E-02
             3495  1.080120E+00 -1.606000E-02 -2.024000E-02
             3496  1.080120E+00 -8.920000E-03 -9.240000E-03
             3497  9.906000E-01  5.582000E-02  6.635500E-02
             3498  9.806460E-01  6.539700E-02  7.879000E-02
             3499  9.806630E-01  5.792500E-02  6.588300E-02
             3500  1.000540E+00  5.373200E-02  6.684600E-02
             3501  1.010500E+00  3.689400E-02  4.265300E-02
             3502  1.000550E+00  4.632100E-02  5.431300E-02
             3503  1.000560E+00  3.891000E-02  4.178100E-02
             3504  1.020440E+00  3.489500E-02  4.354600E-02
             3505  1.030400E+00  1.828200E-02  2.052500E-02
             3506  1.020450E+00  2.754800E-02  3.139200E-02
             3507  1.020460E+00  2.020200E-02  1.923900E-02
             3508  1.040340E+00  1.637800E-02  2.183100E-02
             3509  1.050290E+00  1.020000E-17  7.910000E-18
             3510  1.040340E+00  9.099000E-03  1.006100E-02
             3511  1.040340E+00  1.819000E-03 -1.700000E-03
             3512  1.060230E+00 -1.800000E-03  1.728000E-03
             3513  1.070170E+00 -1.793000E-02 -1.890000E-02
             3514  1.060230E+00 -1.622000E-02 -2.103000E-02
             3515  1.060230E+00 -9.010000E-03 -9.650000E-03
             3516  1.080120E+00 -1.963000E-02 -1.674000E-02
             3517  1.090060E+00 -3.553000E-02 -3.617000E-02
             3518  1.080110E+00 -3.392000E-02 -3.873000E-02
             3519  1.080120E+00 -2.677000E-02 -2.774000E-02
             3520  9.706890E-01  5.627800E-02  6.869400E-02
             3521  9.607310E-01  6.591800E-02  8.149700E-02
             3522  9.607500E-01  5.838900E-02  6.822300E-02
             3523  9.806300E-01  5.418400E-02  6.918500E-02
             3524  9.906000E-01  3.721300E-02  4.423600E-02
             3525  9.806460E-01  4.671200E-02  5.627800E-02
             3526  9.806580E-01  3.924000E-02  4.337300E-02
             3527  1.000540E+00  3.520300E-02  4.512000E-02
             3528  1.010500E+00  1.844700E-02  2.132700E-02
             3529  1.000550E+00  2.779200E-02  3.258800E-02
             3530  1.000560E+00  2.038200E-02  2.005600E-02
             3531  1.020450E+00  1.652900E-02  2.261700E-02
             3532  1.030400E+00  1.030000E-17  8.420000E-18
             3533  1.020450E+00  9.182000E-03  1.046400E-02
             3534  1.020450E+00  1.836000E-03 -1.680000E-03
             3535  1.040340E+00 -1.810000E-03  1.708000E-03
             3536  1.050290E+00 -1.811000E-02 -1.971000E-02
             3537  1.040340E+00 -1.637000E-02 -2.183000E-02
             3538  1.040340E+00 -9.090000E-03 -1.006000E-02
             3539  1.060230E+00 -1.982000E-02 -1.758000E-02
             3540  1.070170E+00 -3.587000E-02 -3.780000E-02
             3541  1.060230E+00 -3.425000E-02 -4.035000E-02
             3542  1.060230E+00 -2.704000E-02 -2.896000E-02
             3543  1.080120E+00 -3.749000E-02 -3.524000E-02
             3544  1.090060E+00 -5.329000E-02 -5.426000E-02
             3545  1.080110E+00 -5.177000E-02 -5.723000E-02
             3546  1.080120E+00 -4.463000E-02 -4.623000E-02
             3547  9.507680E-01  5.671200E-02  7.099200E-02
             3548  9.408060E-01  6.640900E-02  8.415200E-02
             3549  9.408280E-01  5.882600E-02  7.051800E-02
             3550  9.607120E-01  5.461400E-02  7.148600E-02
             3551  9.706890E-01  3.751900E-02  4.579600E-02
             3552  9.607310E-01  4.708400E-02  5.821200E-02
             3553  9.607440E-01  3.955500E-02  4.493900E-02
             3554  9.806350E-01  3.549900E-02  4.667200E-02
             3555  9.906000E-01  1.860600E-02  2.211800E-02
             3556  9.806460E-01  2.802700E-02  3.376700E-02
             3557  9.806520E-01  2.055500E-02  2.086200E-02
             3558  1.000550E+00  1.667400E-02  2.339400E-02
             3559  1.000550E+00  9.264000E-03  1.086200E-02
             3560  1.010500E+00  1.050000E-17  8.720000E-18
             3561  1.000550E+00  1.853000E-03 -1.660000E-03
             3562  1.020450E+00 -1.830000E-03  1.688000E-03
             3563  1.030400E+00 -1.828000E-02 -2.052000E-02
             3564  1.020450E+00 -1.652000E-02 -2.261000E-02
             3565  1.020450E+00 -9.180000E-03 -1.046000E-02
             3566  1.040350E+00 -2.001000E-02 -1.841000E-02
             3567  1.050290E+00 -3.622000E-02 -3.943000E-02
             3568  1.040340E+00 -3.457000E-02 -4.195000E-02
             3569  1.040340E+00 -2.729000E-02 -3.018000E-02
             3570  1.060240E+00 -3.785000E-02 -3.689000E-02
             3571  1.070170E+00 -5.381000E-02 -5.671000E-02
             3572  1.060230E+00 -5.227000E-02 -5.966000E-02
             3573  1.060230E+00 -4.506000E-02 -4.827000E-02
             3574  1.080120E+00 -5.534000E-02 -5.373000E-02
             3575  1.080120E+00 -6.248000E-02 -6.473000E-02
             3576  9.308370E-01  5.711700E-02  7.324200E-02
             3577  9.208690E-01  6.686400E-02  8.674600E-02
             3578  9.208930E-01  5.923300E-02  7.276200E-02
             3579  9.407840E-01  5.501700E-02  7.374100E-02
             3580  9.507680E-01  3.780800E-02  4.732800E-02
             3581  9.408060E-01  4.743500E-02  6.010800E-02
             3582  9.408200E-01  3.985200E-02  4.647600E-02
             3583  9.607180E-01  3.578000E-02  4.819900E-02
             3584  9.706890E-01  1.875900E-02  2.289800E-02
             3585  9.607310E-01  2.825000E-02  3.492700E-02
             3586  9.607380E-01  2.072100E-02  2.165500E-02
             3587  9.806410E-01  1.681400E-02  2.416000E-02
             3588  9.806460E-01  9.342000E-03  1.125500E-02
             3589  9.906000E-01  1.110000E-17  9.120000E-18
             3590  9.806460E-01  1.870000E-03 -1.640000E-03
             3591  1.000550E+00 -1.850000E-03  1.668000E-03
             3592  1.010500E+00 -1.844000E-02 -2.132000E-02
             3593  1.000550E+00 -1.667000E-02 -2.339000E-02
             3594  1.000550E+00 -9.260000E-03 -1.086000E-02
             3595  1.020460E+00 -2.020000E-02 -1.923000E-02
             3596  1.030400E+00 -3.656000E-02 -4.105000E-02
             3597  1.020440E+00 -3.489000E-02 -4.354000E-02
             3598  1.020450E+00 -2.754000E-02 -3.139000E-02
             3599  1.040350E+00 -3.821000E-02 -3.853000E-02
             3600  1.050290E+00 -5.433000E-02 -5.915000E-02
             3601  1.040340E+00 -5.277000E-02 -6.207000E-02
             3602  1.040340E+00 -4.549000E-02 -5.030000E-02
             3603  1.060240E+00 -5.588000E-02 -5.620000E-02
             3604  1.060230E+00 -6.309000E-02 -6.759000E-02
             3605  9.108940E-01  5.749000E-02  7.543700E-02
             3606  9.009200E-01  6.728000E-02  8.927300E-02
             3607  9.009470E-01  5.960600E-02  7.494800E-02
             3608  9.208450E-01  5.539100E-02  7.594500E-02
             3609  9.308370E-01  3.807800E-02  4.882800E-02
             3610  9.208690E-01  4.776000E-02  6.196100E-02
             3611  9.208850E-01  4.012900E-02  4.797900E-02
             3612  9.407910E-01  3.604300E-02  4.969600E-02
             3613  9.507680E-01  1.890400E-02  2.366400E-02
             3614  9.408060E-01  2.846100E-02  3.606500E-02
             3615  9.408130E-01  2.087800E-02  2.243400E-02
             3616  9.607250E-01  1.694600E-02  2.491400E-02
             3617  9.607310E-01  9.416000E-03  1.164200E-02
             3618  9.706890E-01  1.120000E-17  9.510000E-18
             3619  9.607310E-01  1.887000E-03 -1.620000E-03
             3620  9.806460E-01 -1.870000E-03  1.648000E-03
             3621  9.906000E-01 -1.860000E-02 -2.211000E-02
             3622  9.806410E-01 -1.681000E-02 -2.416000E-02
             3623  9.806460E-01 -9.340000E-03 -1.125000E-02
             3624  1.000560E+00 -2.038000E-02 -2.005000E-02
             3625  1.010500E+00 -3.689000E-02 -4.265000E-02
             3626  1.000540E+00 -3.520000E-02 -4.512000E-02
             3627  1.000550E+00 -2.779000E-02 -3.258000E-02
             3628  1.020460E+00 -3.856000E-02 -4.016000E-02
             3629  1.030400E+00 -5.484000E-02 -6.157000E-02
             3630  1.020440E+00 -5.326000E-02 -6.447000E-02
             3631  1.020450E+00 -4.591000E-02 -5.232000E-02
             3632  1.040350E+00 -5.641000E-02 -5.866000E-02
             3633  1.040340E+00 -6.369000E-02 -7.043000E-02
             3634  8.909380E-01  5.782800E-02  7.757100E-02
             3635  8.809570E-01  6.765100E-02  9.172500E-02
             3636  8.809860E-01  5.994100E-02  7.707000E-02
             3637  9.008930E-01  5.573100E-02  7.809100E-02
             3638  9.108940E-01  3.832700E-02  5.029100E-02
             3639  9.009200E-01  4.805700E-02  6.376600E-02
             3640  9.009380E-01  4.038400E-02  4.944300E-02
             3641  9.208530E-01  3.628700E-02  5.115900E-02
             3642  9.308370E-01  1.903900E-02  2.441400E-02
             3643  9.208690E-01  2.865600E-02  3.717700E-02
             3644  9.208770E-01  2.102500E-02  2.319500E-02
             3645  9.407980E-01  1.706900E-02  2.565200E-02
             3646  9.408060E-01  9.487000E-03  1.202100E-02
             3647  9.507680E-01  1.080000E-17  9.790000E-18
             3648  9.408060E-01  1.904000E-03 -1.600000E-03
             3649  9.607310E-01 -1.880000E-03  1.629000E-03
             3650  9.706890E-01 -1.875000E-02 -2.289000E-02
             3651  9.607250E-01 -1.694000E-02 -2.491000E-02
             3652  9.607310E-01 -9.410000E-03 -1.164000E-02
             3653  9.806520E-01 -2.055000E-02 -2.086000E-02
             3654  9.906000E-01 -3.721000E-02 -4.423000E-02
             3655  9.806350E-01 -3.549000E-02 -4.667000E-02
             3656  9.806460E-01 -2.802000E-02 -3.376000E-02
             3657  1.000560E+00 -3.891000E-02 -4.178000E-02
             3658  1.010500E+00 -5.534000E-02 -6.398000E-02
             3659  1.000540E+00 -5.373000E-02 -6.684000E-02
             3660  1.000550E+00 -4.632000E-02 -5.431000E-02
             3661  1.020460E+00 -5.693000E-02 -6.109000E-02
             3662  1.020450E+00 -6.428000E-02 -7.325000E-02
             3663  8.709690E-01  5.812500E-02  7.963600E-02
             3664  8.609800E-01  6.797400E-02  9.409400E-02
             3665  8.610120E-01  6.023400E-02  7.912000E-02
             3666  8.809280E-01  5.603200E-02  8.017300E-02
             3667  8.909380E-01  3.855200E-02  5.171400E-02
             3668  8.809570E-01  4.832200E-02  6.551800E-02
             3669  8.809770E-01  4.061200E-02  5.086400E-02
             3670  9.009020E-01  3.650700E-02  5.258300E-02
             3671  9.108940E-01  1.916300E-02  2.514500E-02
             3672  9.009200E-01  2.883400E-02  3.826000E-02
             3673  9.009290E-01  2.116100E-02  2.393700E-02
             3674  9.208610E-01  1.718200E-02  2.637400E-02
             3675  9.208690E-01  9.552000E-03  1.239200E-02
             3676  9.308370E-01  1.090000E-17  1.010000E-17
             3677  9.208690E-01  1.921000E-03 -1.580000E-03
             3678  9.408060E-01 -1.900000E-03  1.609000E-03
             3679  9.507680E-01 -1.890000E-02 -2.366000E-02
             3680  9.407980E-01 -1.706000E-02 -2.565000E-02
             3681  9.408060E-01 -9.480000E-03 -1.202000E-02
             3682  9.607380E-01 -2.072000E-02 -2.165000E-02
             3683  9.706890E-01 -3.751000E-02 -4.579000E-02
             3684  9.607180E-01 -3.578000E-02 -4.819000E-02
             3685  9.607310E-01 -2.825000E-02 -3.492000E-02
             3686  9.806580E-01 -3.924000E-02 -4.337000E-02
             3687  9.906000E-01 -5.582000E-02 -6.635000E-02
             3688  9.806300E-01 -5.418000E-02 -6.918000E-02
             3689  9.806460E-01 -4.671000E-02 -5.627000E-02
             3690  1.000570E+00 -5.743000E-02 -6.350000E-02
             3691  1.000550E+00 -6.485000E-02 -7.603000E-02
             3692  8.509840E-01  5.837900E-02  8.162800E-02
             3693  8.409880E-01  6.824400E-02  9.637100E-02
             3694  8.410220E-01  6.048200E-02  8.109300E-02
             3695  8.709690E-01  3.875000E-02  5.309100E-02
             3696  8.609800E-01  4.855300E-02  6.721000E-02
             3697  8.610010E-01  4.081300E-02  5.223800E-02
             3698  8.609490E-01  5.629300E-02  8.218300E-02
             3699  8.809380E-01  3.670300E-02  5.396400E-02
             3700  8.909380E-01  1.927600E-02  2.585700E-02
             3701  8.809570E-01  2.899300E-02  3.931000E-02
             3702  8.809670E-01  2.128300E-02  2.465800E-02
             3703  9.009110E-01  1.728400E-02  2.707500E-02
             3704  9.009200E-01  1.938000E-03 -1.560000E-03
             3705  9.009200E-01  9.611000E-03  1.275300E-02
             3706  9.108940E-01  1.100000E-17  1.050000E-17
             3707  9.208690E-01 -1.920000E-03  1.588000E-03
             3708  9.308370E-01 -1.903000E-02 -2.441000E-02
             3709  9.208690E-01 -9.550000E-03 -1.239000E-02
             3710  9.208610E-01 -1.718000E-02 -2.637000E-02
             3711  9.408130E-01 -2.087000E-02 -2.243000E-02
             3712  9.507680E-01 -3.780000E-02 -4.732000E-02
             3713  9.407910E-01 -3.604000E-02 -4.969000E-02
             3714  9.408060E-01 -2.846000E-02 -3.606000E-02
             3715  9.607440E-01 -3.955000E-02 -4.493000E-02
             3716  9.706890E-01 -5.627000E-02 -6.869000E-02
             3717  9.607120E-01 -5.461000E-02 -7.148000E-02
             3718  9.607310E-01 -4.708000E-02 -5.821000E-02
             3719  9.806630E-01 -5.792000E-02 -6.588000E-02
             3720  9.806460E-01 -6.539000E-02 -7.879000E-02
             3721  8.309850E-01  5.858500E-02  8.353800E-02
             3722  8.209810E-01  6.845500E-02  9.855000E-02
             3723  8.210170E-01  6.067900E-02  8.298100E-02
             3724  8.409550E-01  5.650700E-02  8.411500E-02
             3725  8.509840E-01  3.891900E-02  5.441800E-02
             3726  8.409880E-01  4.874500E-02  6.883600E-02
             3727  8.410110E-01  4.098300E-02  5.356000E-02
             3728  8.709690E-01  1.937500E-02  2.654500E-02
             3729  8.609800E-01  2.913100E-02  4.032600E-02
             3730  8.609910E-01  2.139200E-02  2.535500E-02
             3731  8.609590E-01  3.687100E-02  5.529700E-02
             3732  8.809470E-01  1.737400E-02  2.775600E-02
             3733  8.809570E-01  1.954000E-03 -1.540000E-03
             3734  8.809570E-01  9.664000E-03  1.310300E-02
             3735  8.909380E-01  6.770000E-18  4.170000E-18
             3736  9.009200E-01 -1.930000E-03  1.568000E-03
             3737  9.108940E-01 -1.916000E-02 -2.514000E-02
             3738  9.009200E-01 -9.610000E-03 -1.275000E-02
             3739  9.009110E-01 -1.728000E-02 -2.707000E-02
             3740  9.208770E-01 -2.102000E-02 -2.319000E-02
             3741  9.308370E-01 -3.807000E-02 -4.882000E-02
             3742  9.208530E-01 -3.628000E-02 -5.115000E-02
             3743  9.208690E-01 -2.865000E-02 -3.717000E-02
             3744  9.408200E-01 -3.985000E-02 -4.647000E-02
             3745  9.507680E-01 -5.671000E-02 -7.099000E-02
             3746  9.407840E-01 -5.501000E-02 -7.374000E-02
             3747  9.408060E-01 -4.743000E-02 -6.010000E-02
             3748  9.607500E-01 -5.838000E-02 -6.822000E-02
             3749  9.607310E-01 -6.591000E-02 -8.149000E-02
             3750  8.109700E-01  5.873900E-02  8.535900E-02
             3751  8.009590E-01  6.860400E-02  1.006220E-01
             3752  8.009970E-01  6.082300E-02  8.477700E-02
             3753  8.209460E-01  5.667200E-02  8.596100E-02
             3754  8.309850E-01  3.905600E-02  5.569200E-02
             3755  8.209810E-01  4.889600E-02  7.039300E-02
             3756  8.210050E-01  4.112000E-02  5.482600E-02
             3757  8.409660E-01  3.700900E-02  5.657800E-02
             3758  8.509840E-01  1.945900E-02  2.720900E-02
             3759  8.409880E-01  2.924700E-02  4.130200E-02
             3760  8.410000E-01  2.148500E-02  2.602600E-02
             3761  8.609800E-01  1.971000E-03 -1.520000E-03
             3762  8.609800E-01  9.710000E-03  1.344200E-02
             3763  8.709690E-01 -2.000000E-18 -8.000000E-18
             3764  8.609700E-01  1.745000E-02  2.841200E-02
             3765  8.809570E-01 -1.950000E-03  1.548000E-03
             3766  8.909380E-01 -1.927000E-02 -2.585000E-02
             3767  8.809570E-01 -9.660000E-03 -1.310000E-02
             3768  8.809470E-01 -1.737000E-02 -2.775000E-02
             3769  9.009290E-01 -2.116000E-02 -2.393000E-02
             3770  9.108940E-01 -3.832000E-02 -5.029000E-02
             3771  9.009020E-01 -3.650000E-02 -5.258000E-02
             3772  9.009200E-01 -2.883000E-02 -3.826000E-02
             3773  9.208850E-01 -4.012000E-02 -4.797000E-02
             3774  9.308370E-01 -5.711000E-02 -7.324000E-02
             3775  9.208450E-01 -5.539000E-02 -7.594000E-02
             3776  9.208690E-01 -4.776000E-02 -6.196000E-02
             3777  9.408280E-01 -5.882000E-02 -7.051000E-02
             3778  9.408060E-01 -6.640000E-02 -8.415000E-02
             3779  7.909400E-01  5.883800E-02  8.708600E-02
             3780  7.809210E-01  6.868600E-02  1.025790E-01
             3781  7.809600E-01  6.090900E-02  8.647600E-02
             3782  8.009210E-01  5.678400E-02  8.771700E-02
             3783  8.109700E-01  3.915900E-02  5.690600E-02
             3784  8.009590E-01  4.900300E-02  7.187200E-02
             3785  8.009840E-01  4.122100E-02  5.603000E-02
             3786  8.209580E-01  3.711300E-02  5.780200E-02
             3787  8.309850E-01  1.952800E-02  2.784600E-02
             3788  8.209810E-01  2.933800E-02  4.223500E-02
             3789  8.209930E-01  2.156200E-02  2.666900E-02
             3790  8.409770E-01  1.751000E-02  2.904200E-02
             3791  8.409880E-01  1.987000E-03 -1.500000E-03
             3792  8.409880E-01  9.749000E-03  1.376700E-02
             3793  8.509840E-01  2.120000E-18 -8.700000E-19
             3794  8.709690E-01 -1.937000E-02 -2.654000E-02
             3795  8.609800E-01 -9.710000E-03 -1.344000E-02
             3796  8.609700E-01 -1.745000E-02 -2.841000E-02
             3797  8.609800E-01 -1.970000E-03  1.528000E-03
             3798  8.809670E-01 -2.128000E-02 -2.465000E-02
             3799  8.909380E-01 -3.855000E-02 -5.171000E-02
             3800  8.809380E-01 -3.670000E-02 -5.396000E-02
             3801  8.809570E-01 -2.899000E-02 -3.931000E-02
             3802  9.009380E-01 -4.038000E-02 -4.944000E-02
             3803  9.108940E-01 -5.749000E-02 -7.543000E-02
             3804  9.008930E-01 -5.573000E-02 -7.809000E-02
             3805  9.009200E-01 -4.805000E-02 -6.376000E-02
             3806  9.208930E-01 -5.923000E-02 -7.276000E-02
             3807  9.208690E-01 -6.686000E-02 -8.674000E-02
             3808  7.708940E-01  5.887800E-02  8.871000E-02
             3809  7.608670E-01  6.869600E-02  1.044130E-01
             3810  7.609080E-01  6.093300E-02  8.806900E-02
             3811  7.808810E-01  5.683800E-02  8.937300E-02
             3812  7.909400E-01  3.922500E-02  5.805700E-02
             3813  7.809210E-01  4.906100E-02  7.327000E-02
             3814  7.809470E-01  4.128400E-02  5.716900E-02
             3815  8.009340E-01  3.718300E-02  5.896600E-02
             3816  8.109700E-01  1.958000E-02  2.845300E-02
             3817  8.009590E-01  2.940100E-02  4.312300E-02
             3818  8.009720E-01  2.162000E-02  2.728200E-02
             3819  8.209700E-01  1.755500E-02  2.964400E-02
             3820  8.209810E-01  2.003000E-03 -1.480000E-03
             3821  8.209810E-01  9.779000E-03  1.407800E-02
             3822  8.309850E-01  1.100000E-17  1.200000E-17
             3823  8.409880E-01 -1.980000E-03  1.507000E-03
             3824  8.509840E-01 -1.945000E-02 -2.720000E-02
             3825  8.409880E-01 -9.740000E-03 -1.376000E-02
             3826  8.409770E-01 -1.751000E-02 -2.904000E-02
             3827  8.709690E-01 -3.875000E-02 -5.309000E-02
             3828  8.609590E-01 -3.687000E-02 -5.529000E-02
             3829  8.609800E-01 -2.913000E-02 -4.032000E-02
             3830  8.609910E-01 -2.139000E-02 -2.535000E-02
             3831  8.809770E-01 -4.061000E-02 -5.086000E-02
             3832  8.909380E-01 -5.782000E-02 -7.757000E-02
             3833  8.809280E-01 -5.603000E-02 -8.017000E-02
             3834  8.809570E-01 -4.832000E-02 -6.551000E-02
             3835  9.009470E-01 -5.960000E-02 -7.494000E-02
             3836  9.009200E-01 -6.728000E-02 -8.927000E-02
             3837  7.508330E-01  5.885300E-02  9.022600E-02
             3838  7.407980E-01  6.862900E-02  1.061150E-01
             3839  7.408410E-01  6.089100E-02  8.954900E-02
             3840  7.608260E-01  5.683100E-02  9.092400E-02
             3841  7.708940E-01  3.925200E-02  5.914000E-02
             3842  7.608670E-01  4.906800E-02  7.458000E-02
             3843  7.608940E-01  4.130500E-02  5.823800E-02
             3844  7.808940E-01  3.721400E-02  6.006300E-02
             3845  7.909400E-01  1.961200E-02  2.902800E-02
             3846  7.809210E-01  2.943600E-02  4.396200E-02
             3847  7.809340E-01  2.165900E-02  2.786200E-02
             3848  8.009460E-01  1.758100E-02  3.021500E-02
             3849  8.009590E-01  2.019000E-03 -1.460000E-03
             3850  8.009590E-01  9.800000E-03  1.437400E-02
             3851  8.109700E-01  1.540000E-17  1.860000E-17
             3852  8.209810E-01 -2.000000E-03  1.487000E-03
             3853  8.309850E-01 -1.952000E-02 -2.784000E-02
             3854  8.209810E-01 -9.770000E-03 -1.407000E-02
             3855  8.209700E-01 -1.755000E-02 -2.964000E-02
             3856  8.410000E-01 -2.148000E-02 -2.602000E-02
             3857  8.509840E-01 -3.891000E-02 -5.441000E-02
             3858  8.409660E-01 -3.700000E-02 -5.657000E-02
             3859  8.409880E-01 -2.924000E-02 -4.130000E-02
             3860  8.709690E-01 -5.812000E-02 -7.963000E-02
             3861  8.609490E-01 -5.629000E-02 -8.218000E-02
             3862  8.609800E-01 -4.855000E-02 -6.721000E-02
             3863  8.610010E-01 -4.081000E-02 -5.223000E-02
             3864  8.809860E-01 -5.994000E-02 -7.707000E-02
             3865  8.809570E-01 -6.765000E-02 -9.172000E-02
             3866  7.307570E-01  5.876100E-02  9.162500E-02
             3867  7.207160E-01  6.848100E-02  1.076780E-01
             3868  7.207600E-01  6.077900E-02  9.091000E-02
             3869  7.407560E-01  5.675800E-02  9.236200E-02
             3870  7.508330E-01  3.923500E-02  6.015000E-02
             3871  7.407980E-01  4.902000E-02  7.579600E-02
             3872  7.408270E-01  4.128200E-02  5.923200E-02
             3873  7.608390E-01  3.720400E-02  6.109000E-02
             3874  7.708940E-01  1.962600E-02  2.957000E-02
             3875  7.608670E-01  2.944100E-02  4.474800E-02
             3876  7.608810E-01  2.167800E-02  2.840700E-02
             3877  7.809080E-01  1.758900E-02  3.075400E-02
             3878  7.809210E-01  2.035000E-03 -1.440000E-03
             3879  7.809210E-01  9.812000E-03  1.465400E-02
             3880  7.909400E-01  1.540000E-17  1.890000E-17
             3881  8.009590E-01 -2.010000E-03  1.466000E-03
             3882  8.109700E-01 -1.958000E-02 -2.845000E-02
             3883  8.009590E-01 -9.800000E-03 -1.437000E-02
             3884  8.009460E-01 -1.758000E-02 -3.021000E-02
             3885  8.209930E-01 -2.156000E-02 -2.666000E-02
             3886  8.309850E-01 -3.905000E-02 -5.569000E-02
             3887  8.209580E-01 -3.711000E-02 -5.780000E-02
             3888  8.209810E-01 -2.933000E-02 -4.223000E-02
             3889  8.410110E-01 -4.098000E-02 -5.356000E-02
             3890  8.509840E-01 -5.837000E-02 -8.162000E-02
             3891  8.409550E-01 -5.650000E-02 -8.411000E-02
             3892  8.409880E-01 -4.874000E-02 -6.883000E-02
             3893  8.609800E-01 -6.797000E-02 -9.409000E-02
             3894  8.610120E-01 -6.023000E-02 -7.912000E-02
             3895  7.106680E-01  5.859800E-02  9.290200E-02
             3896  7.006200E-01  6.824700E-02  1.090930E-01
             3897  7.006650E-01  6.059400E-02  9.214500E-02
             3898  7.307570E-01  3.917400E-02  6.108300E-02
             3899  7.207160E-01  4.891500E-02  7.691200E-02
             3900  7.207450E-01  4.121300E-02  6.014700E-02
             3901  7.206720E-01  5.661700E-02  9.368000E-02
             3902  7.407700E-01  3.715000E-02  6.204100E-02
             3903  7.508330E-01  1.961700E-02  3.007500E-02
             3904  7.407980E-01  2.941200E-02  4.547700E-02
             3905  7.408130E-01  2.167400E-02  2.891500E-02
             3906  7.608530E-01  1.757600E-02  3.125600E-02
             3907  7.608670E-01  2.050000E-03 -1.420000E-03
             3908  7.608670E-01  9.813000E-03  1.491600E-02
             3909  7.708940E-01  1.130000E-17  1.280000E-17
             3910  7.809210E-01 -2.030000E-03  1.445000E-03
             3911  7.909400E-01 -1.961000E-02 -2.902000E-02
             3912  7.809210E-01 -9.810000E-03 -1.465000E-02
             3913  7.809080E-01 -1.758000E-02 -3.075000E-02
             3914  8.009720E-01 -2.162000E-02 -2.728000E-02
             3915  8.109700E-01 -3.915000E-02 -5.690000E-02
             3916  8.009340E-01 -3.718000E-02 -5.896000E-02
             3917  8.009590E-01 -2.940000E-02 -4.312000E-02
             3918  8.210050E-01 -4.112000E-02 -5.482000E-02
             3919  8.309850E-01 -5.858000E-02 -8.353000E-02
             3920  8.209460E-01 -5.667000E-02 -8.596000E-02
             3921  8.209810E-01 -4.889000E-02 -7.039000E-02
             3922  8.410220E-01 -6.048000E-02 -8.109000E-02
             3923  8.409880E-01 -6.824000E-02 -9.637000E-02
             3924  6.905660E-01  5.835800E-02  9.404800E-02
             3925  6.805120E-01  6.792300E-02  1.103530E-01
             3926  6.805580E-01  6.033000E-02  9.324700E-02
             3927  7.106680E-01  3.906500E-02  6.193400E-02
             3928  7.006200E-01  4.874800E-02  7.792300E-02
             3929  7.006500E-01  4.109400E-02  6.097700E-02
             3930  7.005750E-01  5.640100E-02  9.487100E-02
             3931  7.307570E-01  1.958700E-02  3.054100E-02
             3932  7.207160E-01  2.934900E-02  4.614700E-02
             3933  7.207300E-01  2.164700E-02  2.938300E-02
             3934  7.206860E-01  3.705100E-02  6.291300E-02
             3935  7.407840E-01  1.754200E-02  3.172200E-02
             3936  7.407980E-01  2.066000E-03 -1.400000E-03
             3937  7.407980E-01  9.804000E-03  1.515900E-02
             3938  7.508330E-01  1.130000E-17  1.300000E-17
             3939  7.608670E-01 -2.050000E-03  1.424000E-03
             3940  7.608530E-01 -1.757000E-02 -3.125000E-02
             3941  7.608670E-01 -9.810000E-03 -1.491000E-02
             3942  7.708940E-01 -1.962000E-02 -2.957000E-02
             3943  7.809340E-01 -2.165000E-02 -2.786000E-02
             3944  7.909400E-01 -3.922000E-02 -5.805000E-02
             3945  7.808940E-01 -3.721000E-02 -6.006000E-02
             3946  7.809210E-01 -2.943000E-02 -4.396000E-02
             3947  8.009840E-01 -4.122000E-02 -5.603000E-02
             3948  8.109700E-01 -5.873000E-02 -8.535000E-02
             3949  8.009210E-01 -5.678000E-02 -8.771000E-02
             3950  8.009590E-01 -4.900000E-02 -7.187000E-02
             3951  8.210170E-01 -6.067000E-02 -8.298000E-02
             3952  8.209810E-01 -6.845000E-02 -9.855000E-02
             3953  6.704530E-01  5.803900E-02  9.505700E-02
             3954  6.603930E-01  6.750300E-02  1.114480E-01
             3955  6.604400E-01  5.998500E-02  9.420700E-02
             3956  6.905660E-01  3.890500E-02  6.269800E-02
             3957  6.805120E-01  4.851600E-02  7.882300E-02
             3958  6.805430E-01  4.092300E-02  6.171900E-02
             3959  6.804660E-01  5.610800E-02  9.592900E-02
             3960  7.106680E-01  1.953200E-02  3.096700E-02
             3961  7.006200E-01  2.924800E-02  4.675400E-02
             3962  7.006350E-01  2.159500E-02  2.980800E-02
             3963  7.005900E-01  3.690200E-02  6.370000E-02
             3964  7.307570E-01  1.130000E-17  1.330000E-17
             3965  7.207160E-01  9.783000E-03  1.538200E-02
             3966  7.207160E-01  2.081000E-03 -1.380000E-03
             3967  7.207010E-01  1.748500E-02  3.214700E-02
             3968  7.407980E-01 -2.060000E-03  1.403000E-03
             3969  7.407840E-01 -1.754000E-02 -3.172000E-02
             3970  7.407980E-01 -9.800000E-03 -1.515000E-02
             3971  7.508330E-01 -1.961000E-02 -3.007000E-02
             3972  7.608810E-01 -2.167000E-02 -2.840000E-02
             3973  7.708940E-01 -3.925000E-02 -5.914000E-02
             3974  7.608390E-01 -3.720000E-02 -6.109000E-02
             3975  7.608670E-01 -2.944000E-02 -4.474000E-02
             3976  7.809470E-01 -4.128000E-02 -5.716000E-02
             3977  7.909400E-01 -5.883000E-02 -8.708000E-02
             3978  7.808810E-01 -5.683000E-02 -8.937000E-02
             3979  7.809210E-01 -4.906000E-02 -7.327000E-02
             3980  8.009970E-01 -6.082000E-02 -8.477000E-02
             3981  8.009590E-01 -6.860000E-02 -1.006200E-01
             3982  6.503300E-01  5.763600E-02  9.592200E-02
             3983  6.402670E-01  6.698300E-02  1.123710E-01
             3984  6.403150E-01  5.955300E-02  9.502100E-02
             3985  6.704530E-01  3.869300E-02  6.337100E-02
             3986  6.603930E-01  4.821600E-02  7.960500E-02
             3987  6.604250E-01  4.069800E-02  6.236600E-02
             3988  6.603460E-01  5.573400E-02  9.684500E-02
             3989  6.905660E-01  1.945200E-02  3.134900E-02
             3990  6.805120E-01  2.910900E-02  4.729400E-02
             3991  6.805270E-01  2.151600E-02  3.019000E-02
             3992  6.804810E-01  3.670200E-02  6.439800E-02
             3993  7.106680E-01  1.130000E-17  1.360000E-17
             3994  7.006200E-01  9.749000E-03  1.558400E-02
             3995  7.006200E-01  2.095000E-03 -1.360000E-03
             3996  7.006050E-01  1.740300E-02  3.253000E-02
             3997  7.207010E-01 -1.748000E-02 -3.214000E-02
             3998  7.207160E-01 -9.780000E-03 -1.538000E-02
             3999  7.307570E-01 -1.958000E-02 -3.054000E-02
             4000  7.207160E-01 -2.080000E-03  1.381000E-03
             4001  7.408130E-01 -2.167000E-02 -2.891000E-02
             4002  7.407700E-01 -3.715000E-02 -6.204000E-02
             4003  7.508330E-01 -3.923000E-02 -6.015000E-02
             4004  7.407980E-01 -2.941000E-02 -4.547000E-02
             4005  7.608940E-01 -4.130000E-02 -5.823000E-02
             4006  7.708940E-01 -5.887000E-02 -8.871000E-02
             4007  7.608260E-01 -5.683000E-02 -9.092000E-02
             4008  7.608670E-01 -4.906000E-02 -7.458000E-02
             4009  7.809600E-01 -6.090000E-02 -8.647000E-02
             4010  7.809210E-01 -6.868000E-02 -1.025700E-01
             4011  6.302010E-01  5.714600E-02  9.663500E-02
             4012  6.201350E-01  6.635800E-02  1.131130E-01
             4013  6.201830E-01  5.903200E-02  9.567900E-02
             4014  6.402200E-01  5.527400E-02  9.761300E-02
             4015  6.503300E-01  3.842400E-02  6.394800E-02
             4016  6.402670E-01  4.784500E-02  8.026400E-02
             4017  6.402990E-01  4.041400E-02  6.291600E-02
             4018  6.704530E-01  1.934600E-02  3.168500E-02
             4019  6.603930E-01  2.892900E-02  4.776300E-02
             4020  6.604090E-01  2.141100E-02  3.052500E-02
             4021  6.603620E-01  3.644800E-02  6.500200E-02
             4022  6.805120E-01  9.703000E-03  1.576400E-02
             4023  6.805120E-01  2.110000E-03 -1.330000E-03
             4024  6.905660E-01  1.130000E-17  1.380000E-17
             4025  6.804960E-01  1.729600E-02  3.286800E-02
             4026  7.006050E-01 -1.740000E-02 -3.253000E-02
             4027  7.006200E-01 -9.740000E-03 -1.558000E-02
             4028  7.106680E-01 -1.953000E-02 -3.096000E-02
             4029  7.006200E-01 -2.090000E-03  1.360000E-03
             4030  7.206860E-01 -3.705000E-02 -6.291000E-02
             4031  7.307570E-01 -3.917000E-02 -6.108000E-02
             4032  7.207160E-01 -2.934000E-02 -4.614000E-02
             4033  7.207300E-01 -2.164000E-02 -2.938000E-02
             4034  7.408270E-01 -4.128000E-02 -5.923000E-02
             4035  7.407560E-01 -5.675000E-02 -9.236000E-02
             4036  7.508330E-01 -5.885000E-02 -9.022000E-02
             4037  7.407980E-01 -4.902000E-02 -7.579000E-02
             4038  7.609080E-01 -6.093000E-02 -8.806000E-02
             4039  7.608670E-01 -6.869000E-02 -1.044100E-01
             4040  6.100680E-01  5.656400E-02  9.719000E-02
             4041  6.000000E-01  6.562400E-02  1.136660E-01
             4042  6.000480E-01  5.841600E-02  9.617600E-02
             4043  6.200870E-01  5.472500E-02  9.822700E-02
             4044  6.302010E-01  3.809700E-02  6.442300E-02
             4045  6.201350E-01  4.739900E-02  8.079400E-02
             4046  6.201670E-01  4.007100E-02  6.336200E-02
             4047  6.402350E-01  3.613700E-02  6.550700E-02
             4048  6.503300E-01  1.921200E-02  3.197400E-02
             4049  6.402670E-01  2.870700E-02  4.815800E-02
             4050  6.402830E-01  2.127600E-02  3.081000E-02
             4051  6.603930E-01  9.643000E-03  1.592100E-02
             4052  6.603930E-01  2.124000E-03 -1.310000E-03
             4053  6.704530E-01  1.130000E-17  1.390000E-17
             4054  6.603780E-01  1.716200E-02  3.315900E-02
             4055  6.905660E-01 -1.945000E-02 -3.134000E-02
             4056  6.804960E-01 -1.729000E-02 -3.286000E-02
             4057  6.805120E-01 -9.700000E-03 -1.576000E-02
             4058  6.805120E-01 -2.110000E-03  1.338000E-03
             4059  7.005900E-01 -3.690000E-02 -6.370000E-02
             4060  7.106680E-01 -3.906000E-02 -6.193000E-02
             4061  7.006200E-01 -2.924000E-02 -4.675000E-02
             4062  7.006350E-01 -2.159000E-02 -2.980000E-02
             4063  7.206720E-01 -5.661000E-02 -9.368000E-02
             4064  7.307570E-01 -5.876000E-02 -9.162000E-02
             4065  7.207160E-01 -4.891000E-02 -7.691000E-02
             4066  7.207450E-01 -4.121000E-02 -6.014000E-02
             4067  7.408410E-01 -6.089000E-02 -8.954000E-02
             4068  7.407980E-01 -6.862000E-02 -1.061100E-01
             4069  5.799130E-01  5.770400E-02  9.650700E-02
             4070  5.798650E-01  6.477900E-02  1.140250E-01
             4071  5.899320E-01  5.588700E-02  9.758100E-02
             4072  5.999520E-01  5.408300E-02  9.867800E-02
             4073  6.100680E-01  3.770900E-02  6.479300E-02
             4074  6.000000E-01  4.687400E-02  8.118900E-02
             4075  6.000320E-01  3.966500E-02  6.370100E-02
             4076  6.201030E-01  3.576600E-02  6.590800E-02
             4077  6.302010E-01  1.904800E-02  3.221100E-02
             4078  6.201350E-01  2.843900E-02  4.847600E-02
             4079  6.201510E-01  2.111100E-02  3.104500E-02
             4080  6.402510E-01  1.699900E-02  3.340000E-02
             4081  6.402670E-01  9.569000E-03  1.605200E-02
             4082  6.402670E-01  2.138000E-03 -1.290000E-03
             4083  6.503300E-01  2.790000E-18 -1.200000E-18
             4084  6.704530E-01 -1.934000E-02 -3.168000E-02
             4085  6.603780E-01 -1.716000E-02 -3.315000E-02
             4086  6.603930E-01 -9.640000E-03 -1.592000E-02
             4087  6.603930E-01 -2.120000E-03  1.316000E-03
             4088  6.804810E-01 -3.670000E-02 -6.439000E-02
             4089  6.905660E-01 -3.890000E-02 -6.269000E-02
             4090  6.805120E-01 -2.910000E-02 -4.729000E-02
             4091  6.805270E-01 -2.151000E-02 -3.019000E-02
             4092  7.005750E-01 -5.640000E-02 -9.487000E-02
             4093  7.106680E-01 -5.859000E-02 -9.290000E-02
             4094  7.006200E-01 -4.874000E-02 -7.792000E-02
             4095  7.006500E-01 -4.109000E-02 -6.097000E-02
             4096  7.207160E-01 -6.848000E-02 -1.076700E-01
             4097  7.207600E-01 -6.077000E-02 -9.091000E-02
             4098  5.597800E-01  5.689800E-02  9.667600E-02
             4099  5.597330E-01  6.382400E-02  1.141940E-01
             4100  5.697990E-01  5.511500E-02  9.780800E-02
             4101  5.798170E-01  5.334500E-02  9.896300E-02
             4102  5.798970E-01  3.919500E-02  6.392900E-02
             4103  5.798650E-01  4.627000E-02  8.144600E-02
             4104  5.899320E-01  3.725800E-02  6.505400E-02
             4105  5.999680E-01  3.533400E-02  6.620200E-02
             4106  6.100680E-01  1.885400E-02  3.239600E-02
             4107  6.000000E-01  2.812400E-02  4.871300E-02
             4108  6.000160E-01  2.091500E-02  3.122500E-02
             4109  6.201190E-01  1.680700E-02  3.359000E-02
             4110  6.302010E-01  2.730000E-18 -1.000000E-18
             4111  6.201350E-01  9.479000E-03  1.615800E-02
             4112  6.201350E-01  2.151000E-03 -1.270000E-03
             4113  6.402670E-01 -2.130000E-03  1.294000E-03
             4114  6.503300E-01 -1.921000E-02 -3.197000E-02
             4115  6.402510E-01 -1.699000E-02 -3.340000E-02
             4116  6.402670E-01 -9.560000E-03 -1.605000E-02
             4117  6.603620E-01 -3.644000E-02 -6.500000E-02
             4118  6.704530E-01 -3.869000E-02 -6.337000E-02
             4119  6.603930E-01 -2.892000E-02 -4.776000E-02
             4120  6.604090E-01 -2.141000E-02 -3.052000E-02
             4121  6.804660E-01 -5.610000E-02 -9.592000E-02
             4122  6.905660E-01 -5.835000E-02 -9.404000E-02
             4123  6.805120E-01 -4.851000E-02 -7.882000E-02
             4124  6.805430E-01 -4.092000E-02 -6.171000E-02
             4125  7.006200E-01 -6.824000E-02 -1.090900E-01
             4126  7.006650E-01 -6.059000E-02 -9.214000E-02
             4127  5.396540E-01  5.600300E-02  9.669000E-02
             4128  5.396070E-01  6.276500E-02  1.141830E-01
             4129  5.496700E-01  5.425200E-02  9.787600E-02
             4130  5.596850E-01  5.251300E-02  9.908500E-02
             4131  5.597650E-01  3.866200E-02  6.404900E-02
             4132  5.597330E-01  4.558800E-02  8.156700E-02
             4133  5.697990E-01  3.674300E-02  6.520500E-02
             4134  5.798330E-01  3.483700E-02  6.638400E-02
             4135  5.798810E-01  2.068600E-02  3.135100E-02
             4136  5.798650E-01  2.776200E-02  4.886700E-02
             4137  5.899320E-01  1.862900E-02  3.252700E-02
             4138  5.999840E-01  1.658400E-02  3.372600E-02
             4139  6.100680E-01  1.110000E-17  1.430000E-17
             4140  6.000000E-01  9.374000E-03  1.623700E-02
             4141  6.000000E-01  2.165000E-03 -1.250000E-03
             4142  6.201350E-01 -2.150000E-03  1.272000E-03
             4143  6.201350E-01 -9.470000E-03 -1.615000E-02
             4144  6.302010E-01 -1.904000E-02 -3.221000E-02
             4145  6.201190E-01 -1.680000E-02 -3.359000E-02
             4146  6.402830E-01 -2.127000E-02 -3.081000E-02
             4147  6.402350E-01 -3.613000E-02 -6.550000E-02
             4148  6.503300E-01 -3.842000E-02 -6.394000E-02
             4149  6.402670E-01 -2.870000E-02 -4.815000E-02
             4150  6.603460E-01 -5.573000E-02 -9.684000E-02
             4151  6.704530E-01 -5.803000E-02 -9.505000E-02
             4152  6.603930E-01 -4.821000E-02 -7.960000E-02
             4153  6.604250E-01 -4.069000E-02 -6.236000E-02
             4154  6.805120E-01 -6.792000E-02 -1.103500E-01
             4155  6.805580E-01 -6.033000E-02 -9.324000E-02
             4156  5.195340E-01  5.502200E-02  9.655600E-02
             4157  5.194880E-01  6.160600E-02  1.139990E-01
             4158  5.295470E-01  5.330200E-02  9.779200E-02
             4159  5.395600E-01  5.159300E-02  9.905200E-02
             4160  5.396380E-01  3.806900E-02  6.406600E-02
             4161  5.396070E-01  4.483200E-02  8.155900E-02
             4162  5.496700E-01  3.616800E-02  6.525000E-02
             4163  5.597010E-01  3.427900E-02  6.645800E-02
             4164  5.597490E-01  2.042600E-02  3.142200E-02
             4165  5.597330E-01  2.735300E-02  4.894000E-02
             4166  5.697990E-01  1.837100E-02  3.260200E-02
             4167  5.798490E-01  1.633000E-02  3.380500E-02
             4168  5.899320E-01  1.570000E-17  2.060000E-17
             4169  5.798650E-01  9.254000E-03  1.628900E-02
             4170  5.798650E-01  2.177000E-03 -1.220000E-03
             4171  6.000000E-01 -2.160000E-03  1.250000E-03
             4172  6.000000E-01 -9.370000E-03 -1.623000E-02
             4173  6.100680E-01 -1.885000E-02 -3.239000E-02
             4174  5.999840E-01 -1.658000E-02 -3.372000E-02
             4175  6.201510E-01 -2.111000E-02 -3.104000E-02
             4176  6.201030E-01 -3.576000E-02 -6.590000E-02
             4177  6.302010E-01 -3.809000E-02 -6.442000E-02
             4178  6.201350E-01 -2.843000E-02 -4.847000E-02
             4179  6.402990E-01 -4.041000E-02 -6.291000E-02
             4180  6.402200E-01 -5.527000E-02 -9.761000E-02
             4181  6.503300E-01 -5.763000E-02 -9.592000E-02
             4182  6.402670E-01 -4.784000E-02 -8.026000E-02
             4183  6.603930E-01 -6.750000E-02 -1.114400E-01
             4184  6.604400E-01 -5.998000E-02 -9.420000E-02
             4185  4.994250E-01  5.396000E-02  9.628000E-02
             4186  4.993800E-01  6.035300E-02  1.136510E-01
             4187  5.094340E-01  5.226800E-02  9.756400E-02
             4188  5.194420E-01  5.058900E-02  9.887100E-02
             4189  5.195190E-01  3.741900E-02  6.398400E-02
             4190  5.194880E-01  4.400400E-02  8.142800E-02
             4191  5.295470E-01  3.553400E-02  6.519500E-02
             4192  5.395750E-01  3.366200E-02  6.642800E-02
             4193  5.396220E-01  2.013500E-02  3.144200E-02
             4194  5.396070E-01  2.689900E-02  4.893500E-02
             4195  5.496700E-01  1.808400E-02  3.262500E-02
             4196  5.597170E-01  1.604400E-02  3.383100E-02
             4197  5.697990E-01  1.580000E-17  2.090000E-17
             4198  5.597330E-01  9.117000E-03  1.631300E-02
             4199  5.597330E-01  2.190000E-03 -1.200000E-03
             4200  5.798650E-01 -2.170000E-03  1.227000E-03
             4201  5.798650E-01 -9.250000E-03 -1.628000E-02
             4202  5.899320E-01 -1.862000E-02 -3.252000E-02
             4203  5.798490E-01 -1.633000E-02 -3.380000E-02
             4204  6.000160E-01 -2.091000E-02 -3.122000E-02
             4205  5.999680E-01 -3.533000E-02 -6.620000E-02
             4206  6.100680E-01 -3.770000E-02 -6.479000E-02
             4207  6.000000E-01 -2.812000E-02 -4.871000E-02
             4208  6.201670E-01 -4.007000E-02 -6.336000E-02
             4209  6.200870E-01 -5.472000E-02 -9.822000E-02
             4210  6.302010E-01 -5.714000E-02 -9.663000E-02
             4211  6.201350E-01 -4.739000E-02 -8.079000E-02
             4212  6.403150E-01 -5.955000E-02 -9.502000E-02
             4213  6.402670E-01 -6.698000E-02 -1.123700E-01
             4214  4.793280E-01  5.282000E-02  9.587100E-02
             4215  4.792840E-01  5.901100E-02  1.131460E-01
             4216  4.893320E-01  5.115600E-02  9.719800E-02
             4217  4.993350E-01  4.950300E-02  9.854800E-02
             4218  4.994100E-01  3.671500E-02  6.380800E-02
             4219  4.993800E-01  4.310900E-02  8.117900E-02
             4220  5.094340E-01  3.484500E-02  6.504200E-02
             4221  5.194570E-01  3.298800E-02  6.630000E-02
             4222  5.195040E-01  1.981600E-02  3.141300E-02
             4223  5.194880E-01  2.640200E-02  4.885600E-02
             4224  5.295470E-01  1.776700E-02  3.259700E-02
             4225  5.395910E-01  1.573000E-02  3.380500E-02
             4226  5.396070E-01  8.966000E-03  1.631100E-02
             4227  5.496700E-01  1.120000E-17  1.470000E-17
             4228  5.396070E-01  2.202000E-03 -1.180000E-03
             4229  5.597330E-01 -2.190000E-03  1.204000E-03
             4230  5.597330E-01 -9.110000E-03 -1.631000E-02
             4231  5.697990E-01 -1.837000E-02 -3.260000E-02
             4232  5.597170E-01 -1.604000E-02 -3.383000E-02
             4233  5.798810E-01 -2.068000E-02 -3.135000E-02
             4234  5.798650E-01 -2.776000E-02 -4.886000E-02
             4235  5.899320E-01 -3.725000E-02 -6.505000E-02
             4236  5.798330E-01 -3.483000E-02 -6.638000E-02
             4237  6.000320E-01 -3.966000E-02 -6.370000E-02
             4238  5.999520E-01 -5.408000E-02 -9.867000E-02
             4239  6.100680E-01 -5.656000E-02 -9.719000E-02
             4240  6.000000E-01 -4.687000E-02 -8.118000E-02
             4241  6.201830E-01 -5.903000E-02 -9.567000E-02
             4242  6.201350E-01 -6.635000E-02 -1.131100E-01
             4243  4.592440E-01  5.160800E-02  9.533500E-02
             4244  4.592020E-01  5.758300E-02  1.124920E-01
             4245  4.692430E-01  4.996900E-02  9.670200E-02
             4246  4.792400E-01  4.834100E-02  9.809200E-02
             4247  4.793140E-01  3.595900E-02  6.354300E-02
             4248  4.792840E-01  4.215000E-02  8.081800E-02
             4249  4.893320E-01  3.410400E-02  6.479900E-02
             4250  4.993500E-01  3.226000E-02  6.607700E-02
             4251  4.993950E-01  1.947000E-02  3.133600E-02
             4252  4.993800E-01  2.586500E-02  4.870700E-02
             4253  5.094340E-01  1.742200E-02  3.252100E-02
             4254  5.194730E-01  1.538700E-02  3.372900E-02
             4255  5.194880E-01  8.800000E-03  1.628500E-02
             4256  5.295470E-01  1.080000E-17  1.450000E-17
             4257  5.194880E-01  2.214000E-03 -1.150000E-03
             4258  5.396070E-01 -2.200000E-03  1.181000E-03
             4259  5.395910E-01 -1.573000E-02 -3.380000E-02
             4260  5.496700E-01 -1.808000E-02 -3.262000E-02
             4261  5.396070E-01 -8.960000E-03 -1.631000E-02
             4262  5.597490E-01 -2.042000E-02 -3.142000E-02
             4263  5.597330E-01 -2.735000E-02 -4.894000E-02
             4264  5.697990E-01 -3.674000E-02 -6.520000E-02
             4265  5.597010E-01 -3.427000E-02 -6.645000E-02
             4266  5.798970E-01 -3.919000E-02 -6.392000E-02
             4267  5.798650E-01 -4.627000E-02 -8.144000E-02
             4268  5.899320E-01 -5.588000E-02 -9.758000E-02
             4269  5.798170E-01 -5.334000E-02 -9.896000E-02
             4270  6.000480E-01 -5.841000E-02 -9.617000E-02
             4271  6.000000E-01 -6.562000E-02 -1.136600E-01
             4272  4.391740E-01  5.032600E-02  9.467900E-02
             4273  4.391330E-01  5.607600E-02  1.116990E-01
             4274  4.491670E-01  4.871100E-02  9.608100E-02
             4275  4.591590E-01  4.710600E-02  9.750800E-02
             4276  4.592300E-01  3.515400E-02  6.319400E-02
             4277  4.592020E-01  4.113100E-02  8.035100E-02
             4278  4.692430E-01  3.331200E-02  6.446800E-02
             4279  4.792550E-01  3.148200E-02  6.576500E-02
             4280  4.792990E-01  1.909700E-02  3.121600E-02
             4281  4.792840E-01  2.529000E-02  4.849100E-02
             4282  4.893320E-01  1.705200E-02  3.239900E-02
             4283  4.993650E-01  1.501700E-02  3.360600E-02
             4284  4.993800E-01  8.621000E-03  1.623500E-02
             4285  5.094340E-01  1.040000E-17  1.440000E-17
             4286  4.993800E-01  2.225000E-03 -1.130000E-03
             4287  5.194880E-01 -2.210000E-03  1.158000E-03
             4288  5.194730E-01 -1.538000E-02 -3.372000E-02
             4289  5.295470E-01 -1.776000E-02 -3.259000E-02
             4290  5.194880E-01 -8.800000E-03 -1.628000E-02
             4291  5.396220E-01 -2.013000E-02 -3.144000E-02
             4292  5.396070E-01 -2.689000E-02 -4.893000E-02
             4293  5.496700E-01 -3.616000E-02 -6.525000E-02
             4294  5.395750E-01 -3.366000E-02 -6.642000E-02
             4295  5.597650E-01 -3.866000E-02 -6.404000E-02
             4296  5.597330E-01 -4.558000E-02 -8.156000E-02
             4297  5.697990E-01 -5.511000E-02 -9.780000E-02
             4298  5.596850E-01 -5.251000E-02 -9.908000E-02
             4299  5.799130E-01 -5.770000E-02 -9.650000E-02
             4300  5.798650E-01 -6.477000E-02 -1.140200E-01
             4301  4.190790E-01  5.449200E-02  1.107730E-01
             4302  4.191190E-01  4.898000E-02  9.391000E-02
             4303  4.291060E-01  4.738600E-02  9.534500E-02
             4304  4.390920E-01  4.580300E-02  9.680400E-02
             4305  4.391610E-01  3.430300E-02  6.276400E-02
             4306  4.391330E-01  4.005400E-02  7.978400E-02
             4307  4.491670E-01  3.247400E-02  6.405400E-02
             4308  4.591730E-01  3.065500E-02  6.536800E-02
             4309  4.592160E-01  1.870100E-02  3.105300E-02
             4310  4.592020E-01  2.467800E-02  4.821100E-02
             4311  4.692430E-01  1.665600E-02  3.223400E-02
             4312  4.792700E-01  1.462200E-02  3.343800E-02
             4313  4.792840E-01  2.237000E-03 -1.110000E-03
             4314  4.893320E-01  1.030000E-17  1.430000E-17
             4315  4.792840E-01  8.430000E-03  1.616300E-02
             4316  4.993800E-01 -2.220000E-03  1.134000E-03
             4317  4.993650E-01 -1.501000E-02 -3.360000E-02
             4318  5.094340E-01 -1.742000E-02 -3.252000E-02
             4319  4.993800E-01 -8.620000E-03 -1.623000E-02
             4320  5.195040E-01 -1.981000E-02 -3.141000E-02
             4321  5.194880E-01 -2.640000E-02 -4.885000E-02
             4322  5.295470E-01 -3.553000E-02 -6.519000E-02
             4323  5.194570E-01 -3.298000E-02 -6.630000E-02
             4324  5.396380E-01 -3.806000E-02 -6.406000E-02
             4325  5.396070E-01 -4.483000E-02 -8.155000E-02
             4326  5.496700E-01 -5.425000E-02 -9.787000E-02
             4327  5.395600E-01 -5.159000E-02 -9.905000E-02
             4328  5.597800E-01 -5.689000E-02 -9.667000E-02
             4329  5.597330E-01 -6.382000E-02 -1.141900E-01
             4330  3.990410E-01  5.283900E-02  1.097240E-01
             4331  3.990790E-01  4.757300E-02  9.303500E-02
             4332  4.090600E-01  4.599900E-02  9.449800E-02
             4333  4.190400E-01  4.443600E-02  9.598600E-02
             4334  4.190790E-01  3.892300E-02  7.912300E-02
             4335  4.191060E-01  3.340900E-02  6.225900E-02
             4336  4.291060E-01  3.159100E-02  6.356300E-02
             4337  4.391060E-01  2.978300E-02  6.489100E-02
             4338  4.391470E-01  1.828000E-02  3.085000E-02
             4339  4.391330E-01  2.403200E-02  4.787000E-02
             4340  4.491670E-01  1.623700E-02  3.202700E-02
             4341  4.591870E-01  1.420400E-02  3.322800E-02
             4342  4.592020E-01  2.248000E-03 -1.080000E-03
             4343  4.692430E-01  1.030000E-17  1.430000E-17
             4344  4.592020E-01  8.226000E-03  1.607000E-02
             4345  4.792840E-01 -2.230000E-03  1.111000E-03
             4346  4.792840E-01 -8.430000E-03 -1.616000E-02
             4347  4.893320E-01 -1.705000E-02 -3.239000E-02
             4348  4.792700E-01 -1.462000E-02 -3.343000E-02
             4349  4.993950E-01 -1.947000E-02 -3.133000E-02
             4350  4.993800E-01 -2.586000E-02 -4.870000E-02
             4351  5.094340E-01 -3.484000E-02 -6.504000E-02
             4352  4.993500E-01 -3.226000E-02 -6.607000E-02
             4353  5.195190E-01 -3.741000E-02 -6.398000E-02
             4354  5.194880E-01 -4.400000E-02 -8.142000E-02
             4355  5.295470E-01 -5.330000E-02 -9.779000E-02
             4356  5.194420E-01 -5.058000E-02 -9.887000E-02
             4357  5.396540E-01 -5.600000E-02 -9.669000E-02
             4358  5.396070E-01 -6.276000E-02 -1.141800E-01
             4359  3.790190E-01  5.111900E-02  1.085590E-01
             4360  3.790540E-01  4.610800E-02  9.206100E-02
             4361  3.890300E-01  4.455300E-02  9.355000E-02
             4362  3.990030E-01  4.300800E-02  9.506300E-02
             4363  3.990410E-01  3.774200E-02  7.837400E-02
             4364  3.990660E-01  3.247400E-02  6.168400E-02
             4365  4.090600E-01  3.066600E-02  6.299900E-02
             4366  4.190530E-01  2.886800E-02  6.433800E-02
             4367  4.190790E-01  2.335400E-02  4.747400E-02
             4368  4.190920E-01  1.783900E-02  3.060900E-02
             4369  4.291060E-01  1.579500E-02  3.178100E-02
             4370  4.391190E-01  1.376200E-02  3.297700E-02
             4371  4.391330E-01  2.258000E-03 -1.060000E-03
             4372  4.491670E-01  1.010000E-17  1.440000E-17
             4373  4.391330E-01  8.010000E-03  1.595700E-02
             4374  4.592020E-01 -2.240000E-03  1.087000E-03
             4375  4.592020E-01 -8.220000E-03 -1.607000E-02
             4376  4.692430E-01 -1.665000E-02 -3.223000E-02
             4377  4.591870E-01 -1.420000E-02 -3.322000E-02
             4378  4.792990E-01 -1.909000E-02 -3.121000E-02
             4379  4.792840E-01 -2.529000E-02 -4.849000E-02
             4380  4.893320E-01 -3.410000E-02 -6.479000E-02
             4381  4.792550E-01 -3.148000E-02 -6.576000E-02
             4382  4.994100E-01 -3.671000E-02 -6.380000E-02
             4383  4.993800E-01 -4.310000E-02 -8.117000E-02
             4384  5.094340E-01 -5.226000E-02 -9.756000E-02
             4385  4.993350E-01 -4.950000E-02 -9.854000E-02
             4386  5.195340E-01 -5.502000E-02 -9.655000E-02
             4387  5.194880E-01 -6.160000E-02 -1.139900E-01
             4388  3.590120E-01  4.933800E-02  1.072870E-01
             4389  3.590450E-01  4.459200E-02  9.099400E-02
             4390  3.690150E-01  4.305300E-02  9.250500E-02
             4391  3.789830E-01  4.152400E-02  9.404000E-02
             4392  3.790190E-01  3.651300E-02  7.754200E-02
             4393  3.790420E-01  3.150100E-02  6.104300E-02
             4394  3.890300E-01  2.970200E-02  6.236600E-02
             4395  3.990160E-01  2.791200E-02  6.371400E-02
             4396  3.990410E-01  2.264500E-02  4.702400E-02
             4397  3.990540E-01  1.737600E-02  3.033400E-02
             4398  4.090600E-01  1.533300E-02  3.149900E-02
             4399  4.190660E-01  1.329900E-02  3.268900E-02
             4400  4.190790E-01  2.269000E-03 -1.030000E-03
             4401  4.291060E-01  9.740000E-18  1.420000E-17
             4402  4.190790E-01  7.784000E-03  1.582400E-02
             4403  4.391330E-01 -2.250000E-03  1.063000E-03
             4404  4.391190E-01 -1.376000E-02 -3.297000E-02
             4405  4.491670E-01 -1.623000E-02 -3.202000E-02
             4406  4.391330E-01 -8.010000E-03 -1.595000E-02
             4407  4.592160E-01 -1.870000E-02 -3.105000E-02
             4408  4.592020E-01 -2.467000E-02 -4.821000E-02
             4409  4.692430E-01 -3.331000E-02 -6.446000E-02
             4410  4.591730E-01 -3.065000E-02 -6.536000E-02
             4411  4.793140E-01 -3.595000E-02 -6.354000E-02
             4412  4.792840E-01 -4.215000E-02 -8.081000E-02
             4413  4.893320E-01 -5.115000E-02 -9.719000E-02
             4414  4.792400E-01 -4.834000E-02 -9.809000E-02
             4415  4.994250E-01 -5.396000E-02 -9.628000E-02
             4416  4.993800E-01 -6.035000E-02 -1.136500E-01
             4417  3.390200E-01  4.750000E-02  1.059150E-01
             4418  3.390510E-01  4.302600E-02  8.984200E-02
             4419  3.490160E-01  4.150200E-02  9.137200E-02
             4420  3.589780E-01  3.998800E-02  9.292500E-02
             4421  3.590120E-01  3.524100E-02  7.663300E-02
             4422  3.590340E-01  3.049300E-02  6.034000E-02
             4423  3.690150E-01  2.870200E-02  6.167000E-02
             4424  3.789950E-01  2.692000E-02  6.302400E-02
             4425  3.790190E-01  2.190800E-02  4.652500E-02
             4426  3.790300E-01  1.689500E-02  3.002500E-02
             4427  3.890300E-01  1.485100E-02  3.118300E-02
             4428  3.990280E-01  1.281700E-02  3.236500E-02
             4429  3.990410E-01  7.548000E-03  1.567400E-02
             4430  4.090600E-01  9.310000E-18  1.410000E-17
             4431  3.990410E-01  2.279000E-03 -1.010000E-03
             4432  4.190790E-01 -2.260000E-03  1.039000E-03
             4433  4.190660E-01 -1.329000E-02 -3.268000E-02
             4434  4.291060E-01 -1.579000E-02 -3.178000E-02
             4435  4.190790E-01 -7.780000E-03 -1.582000E-02
             4436  4.391470E-01 -1.828000E-02 -3.085000E-02
             4437  4.391330E-01 -2.403000E-02 -4.787000E-02
             4438  4.491670E-01 -3.247000E-02 -6.405000E-02
             4439  4.391060E-01 -2.978000E-02 -6.489000E-02
             4440  4.592300E-01 -3.515000E-02 -6.319000E-02
             4441  4.592020E-01 -4.113000E-02 -8.035000E-02
             4442  4.692430E-01 -4.996000E-02 -9.670000E-02
             4443  4.591590E-01 -4.710000E-02 -9.750000E-02
             4444  4.793280E-01 -5.282000E-02 -9.587000E-02
             4445  4.792840E-01 -5.901000E-02 -1.131400E-01
             4446  3.190430E-01  4.561000E-02  1.044510E-01
             4447  3.190720E-01  4.141500E-02  8.861200E-02
             4448  3.290310E-01  3.990400E-02  9.015600E-02
             4449  3.390200E-01  3.392900E-02  7.565300E-02
             4450  3.390410E-01  2.945300E-02  5.958000E-02
             4451  3.490160E-01  2.766800E-02  6.091400E-02
             4452  3.389880E-01  3.840300E-02  9.172500E-02
             4453  3.589890E-01  2.589200E-02  6.227300E-02
             4454  3.590120E-01  2.114500E-02  4.598000E-02
             4455  3.590230E-01  1.639600E-02  2.968600E-02
             4456  3.690150E-01  1.435100E-02  3.083500E-02
             4457  3.790070E-01  1.231500E-02  3.200800E-02
             4458  3.790190E-01  7.302000E-03  1.550800E-02
             4459  3.890300E-01  9.089999E-18  1.390000E-17
             4460  3.790190E-01  2.289000E-03 -9.900000E-04
             4461  3.990410E-01 -2.270000E-03  1.015000E-03
             4462  3.990280E-01 -1.281000E-02 -3.236000E-02
             4463  4.090600E-01 -1.533000E-02 -3.149000E-02
             4464  3.990410E-01 -7.540000E-03 -1.567000E-02
             4465  4.190920E-01 -1.783000E-02 -3.060000E-02
             4466  4.190530E-01 -2.886000E-02 -6.433000E-02
             4467  4.190790E-01 -2.335000E-02 -4.747000E-02
             4468  4.291060E-01 -3.159000E-02 -6.356000E-02
             4469  4.391610E-01 -3.430000E-02 -6.276000E-02
             4470  4.391330E-01 -4.005000E-02 -7.978000E-02
             4471  4.491670E-01 -4.871000E-02 -9.608000E-02
             4472  4.390920E-01 -4.580000E-02 -9.680000E-02
             4473  4.592440E-01 -5.160000E-02 -9.533000E-02
             4474  4.592020E-01 -5.758000E-02 -1.124900E-01
             4475  2.990800E-01  4.367300E-02  1.029030E-01
             4476  2.991070E-01  3.976400E-02  8.731000E-02
             4477  3.090620E-01  3.826400E-02  8.886600E-02
             4478  3.190430E-01  3.257900E-02  7.460700E-02
             4479  3.190620E-01  2.838200E-02  5.876800E-02
             4480  3.290310E-01  2.660300E-02  6.010400E-02
             4481  3.190140E-01  3.677400E-02  9.044600E-02
             4482  3.390200E-01  2.035700E-02  4.539200E-02
             4483  3.390300E-01  1.588000E-02  2.931800E-02
             4484  3.490160E-01  1.383400E-02  3.045700E-02
             4485  3.389990E-01  2.483300E-02  6.146400E-02
             4486  3.590000E-01  1.179700E-02  3.162000E-02
             4487  3.590120E-01  7.048000E-03  1.532600E-02
             4488  3.690150E-01  8.860000E-18  1.380000E-17
             4489  3.590120E-01  2.299000E-03 -9.600000E-04
             4490  3.790190E-01 -2.280000E-03  9.910000E-04
             4491  3.790070E-01 -1.231000E-02 -3.200000E-02
             4492  3.890300E-01 -1.485000E-02 -3.118000E-02
             4493  3.790190E-01 -7.300000E-03 -1.550000E-02
             4494  3.990540E-01 -1.737000E-02 -3.033000E-02
             4495  3.990160E-01 -2.791000E-02 -6.371000E-02
             4496  3.990410E-01 -2.264000E-02 -4.702000E-02
             4497  4.090600E-01 -3.066000E-02 -6.299000E-02
             4498  4.191060E-01 -3.340000E-02 -6.225000E-02
             4499  4.190400E-01 -4.443000E-02 -9.598000E-02
             4500  4.190790E-01 -3.892000E-02 -7.912000E-02
             4501  4.291060E-01 -4.738000E-02 -9.534000E-02
             4502  4.391740E-01 -5.032000E-02 -9.467000E-02
             4503  4.391330E-01 -5.607000E-02 -1.116900E-01
             4504  2.791310E-01  4.169200E-02  1.012800E-01
             4505  2.791550E-01  3.807500E-02  8.594300E-02
             4506  2.891060E-01  3.658500E-02  8.750700E-02
             4507  2.990800E-01  3.119500E-02  7.350200E-02
             4508  2.990980E-01  2.728400E-02  5.790800E-02
             4509  3.090620E-01  2.550900E-02  5.924400E-02
             4510  2.990530E-01  3.510400E-02  8.909500E-02
             4511  3.190430E-01  1.954700E-02  4.476400E-02
             4512  3.190530E-01  1.535000E-02  2.892400E-02
             4513  3.290310E-01  1.330100E-02  3.005200E-02
             4514  3.190230E-01  2.374300E-02  6.060400E-02
             4515  3.390200E-01  6.785000E-03  1.513000E-02
             4516  3.490160E-01  8.400000E-18  1.370000E-17
             4517  3.390200E-01  2.309000E-03 -9.400000E-04
             4518  3.390090E-01  1.126200E-02  3.120400E-02
             4519  3.590120E-01 -2.290000E-03  9.670000E-04
             4520  3.590000E-01 -1.179000E-02 -3.162000E-02
             4521  3.690150E-01 -1.435000E-02 -3.083000E-02
             4522  3.590120E-01 -7.040000E-03 -1.532000E-02
             4523  3.790300E-01 -1.689000E-02 -3.002000E-02
             4524  3.789950E-01 -2.692000E-02 -6.302000E-02
             4525  3.790190E-01 -2.190000E-02 -4.652000E-02
             4526  3.890300E-01 -2.970000E-02 -6.236000E-02
             4527  3.990660E-01 -3.247000E-02 -6.168000E-02
             4528  3.990030E-01 -4.300000E-02 -9.506000E-02
             4529  3.990410E-01 -3.774000E-02 -7.837000E-02
             4530  4.090600E-01 -4.599000E-02 -9.449000E-02
             4531  4.191190E-01 -4.898000E-02 -9.391000E-02
             4532  4.190790E-01 -5.449000E-02 -1.107700E-01
             4533  2.591940E-01  3.967300E-02  9.958800E-02
             4534  2.592160E-01  3.635300E-02  8.451700E-02
             4535  2.691630E-01  3.487000E-02  8.608600E-02
             4536  2.791310E-01  2.978000E-02  7.234200E-02
             4537  2.791470E-01  2.616200E-02  5.700500E-02
             4538  2.891060E-01  2.439000E-02  5.833800E-02
             4539  2.791070E-01  3.339700E-02  8.767900E-02
             4540  2.990800E-01  1.871700E-02  4.410100E-02
             4541  2.990890E-01  1.480600E-02  2.850600E-02
             4542  3.090620E-01  1.275400E-02  2.962200E-02
             4543  2.990620E-01  2.262700E-02  5.969500E-02
             4544  3.190430E-01  6.515000E-03  1.492100E-02
             4545  3.290310E-01  8.590000E-18  1.360000E-17
             4546  3.190430E-01  2.318000E-03 -9.100000E-04
             4547  3.190330E-01  1.071200E-02  3.076100E-02
             4548  3.390090E-01 -1.126000E-02 -3.120000E-02
             4549  3.490160E-01 -1.383000E-02 -3.045000E-02
             4550  3.390200E-01 -6.780000E-03 -1.513000E-02
             4551  3.390200E-01 -2.300000E-03  9.430000E-04
             4552  3.590230E-01 -1.639000E-02 -2.968000E-02
             4553  3.589890E-01 -2.589000E-02 -6.227000E-02
             4554  3.590120E-01 -2.114000E-02 -4.598000E-02
             4555  3.690150E-01 -2.870000E-02 -6.167000E-02
             4556  3.790420E-01 -3.150000E-02 -6.104000E-02
             4557  3.789830E-01 -4.152000E-02 -9.404000E-02
             4558  3.790190E-01 -3.651000E-02 -7.754000E-02
             4559  3.890300E-01 -4.455000E-02 -9.355000E-02
             4560  3.990790E-01 -4.757000E-02 -9.303000E-02
             4561  3.990410E-01 -5.283000E-02 -1.097200E-01
             4562  2.392690E-01  3.761900E-02  9.783600E-02
             4563  2.392880E-01  3.460100E-02  8.304000E-02
             4564  2.492320E-01  3.312500E-02  8.461000E-02
             4565  2.591940E-01  2.833700E-02  7.113400E-02
             4566  2.592090E-01  2.501700E-02  5.606300E-02
             4567  2.691630E-01  2.324700E-02  5.739000E-02
             4568  2.591720E-01  3.165700E-02  8.620400E-02
             4569  2.791310E-01  1.786800E-02  4.340500E-02
             4570  2.791390E-01  1.424900E-02  2.806700E-02
             4571  2.891060E-01  1.219500E-02  2.916900E-02
             4572  2.791150E-01  2.148600E-02  5.874300E-02
             4573  2.990800E-01  6.239000E-03  1.470000E-02
             4574  3.090620E-01  5.950000E-18  7.640000E-18
             4575  2.990800E-01  2.327000E-03 -8.900000E-04
             4576  2.990710E-01  1.015000E-02  3.029500E-02
             4577  3.190330E-01 -1.071000E-02 -3.076000E-02
             4578  3.290310E-01 -1.330000E-02 -3.005000E-02
             4579  3.190430E-01 -6.510000E-03 -1.492000E-02
             4580  3.190430E-01 -2.310000E-03  9.180000E-04
             4581  3.389990E-01 -2.483000E-02 -6.146000E-02
             4582  3.390200E-01 -2.035000E-02 -4.539000E-02
             4583  3.490160E-01 -2.766000E-02 -6.091000E-02
             4584  3.390300E-01 -1.588000E-02 -2.931000E-02
             4585  3.590340E-01 -3.049000E-02 -6.034000E-02
             4586  3.589780E-01 -3.998000E-02 -9.292000E-02
             4587  3.590120E-01 -3.524000E-02 -7.663000E-02
             4588  3.690150E-01 -4.305000E-02 -9.250000E-02
             4589  3.790540E-01 -4.610000E-02 -9.206000E-02
             4590  3.790190E-01 -5.111000E-02 -1.085500E-01
             4591  2.193540E-01  3.553500E-02  9.603100E-02
             4592  2.193700E-01  3.282400E-02  8.151800E-02
             4593  2.293110E-01  3.135200E-02  8.308500E-02
             4594  2.392690E-01  2.687100E-02  6.988200E-02
             4595  2.392820E-01  2.385200E-02  5.508600E-02
             4596  2.492320E-01  2.208300E-02  5.640600E-02
             4597  2.392500E-01  2.988800E-02  8.467800E-02
             4598  2.591940E-01  1.700200E-02  4.268000E-02
             4599  2.592020E-01  1.368100E-02  2.760800E-02
             4600  2.691630E-01  1.162300E-02  2.869500E-02
             4601  2.591800E-01  2.032300E-02  5.775100E-02
             4602  2.791310E-01  5.956000E-03  1.446800E-02
             4603  2.891060E-01  5.480000E-18  7.550000E-18
             4604  2.791310E-01  2.336000E-03 -8.600000E-04
             4605  2.791230E-01  9.575000E-03  2.980600E-02
             4606  2.990710E-01 -1.015000E-02 -3.029000E-02
             4607  3.090620E-01 -1.275000E-02 -2.962000E-02
             4608  2.990800E-01 -6.230000E-03 -1.470000E-02
             4609  2.990800E-01 -2.320000E-03  8.940000E-04
             4610  3.190230E-01 -2.374000E-02 -6.060000E-02
             4611  3.190430E-01 -1.954000E-02 -4.476000E-02
             4612  3.290310E-01 -2.660000E-02 -6.010000E-02
             4613  3.190530E-01 -1.535000E-02 -2.892000E-02
             4614  3.389880E-01 -3.840000E-02 -9.172000E-02
             4615  3.390200E-01 -3.392000E-02 -7.565000E-02
             4616  3.490160E-01 -4.150000E-02 -9.137000E-02
             4617  3.390410E-01 -2.945000E-02 -5.958000E-02
             4618  3.590450E-01 -4.459000E-02 -9.099000E-02
             4619  3.590120E-01 -4.933000E-02 -1.072800E-01
             4620  1.994470E-01  3.342600E-02  9.418100E-02
             4621  1.994610E-01  3.102400E-02  7.995600E-02
             4622  2.094000E-01  2.955500E-02  8.151900E-02
             4623  2.193370E-01  2.809400E-02  8.310600E-02
             4624  2.193540E-01  2.538200E-02  6.859300E-02
             4625  2.193650E-01  2.267000E-02  5.407900E-02
             4626  2.293110E-01  2.090100E-02  5.539000E-02
             4627  2.392690E-01  1.612200E-02  4.192900E-02
             4628  2.392750E-01  1.310300E-02  2.713200E-02
             4629  2.492320E-01  1.104100E-02  2.820300E-02
             4630  2.392560E-01  1.914100E-02  5.672600E-02
             4631  2.591940E-01  5.667000E-03  1.422600E-02
             4632  2.691630E-01  7.380000E-18  1.330000E-17
             4633  2.591940E-01  2.345000E-03 -8.400000E-04
             4634  2.591870E-01  8.989000E-03  2.929800E-02
             4635  2.791230E-01 -9.570000E-03 -2.980000E-02
             4636  2.891060E-01 -1.219000E-02 -2.916000E-02
             4637  2.791310E-01 -5.950000E-03 -1.446000E-02
             4638  2.791310E-01 -2.330000E-03  8.690000E-04
             4639  2.990620E-01 -2.262000E-02 -5.969000E-02
             4640  2.990800E-01 -1.871000E-02 -4.410000E-02
             4641  3.090620E-01 -2.550000E-02 -5.924000E-02
             4642  2.990890E-01 -1.480000E-02 -2.850000E-02
             4643  3.190140E-01 -3.677000E-02 -9.044000E-02
             4644  3.190430E-01 -3.257000E-02 -7.460000E-02
             4645  3.290310E-01 -3.990000E-02 -9.015000E-02
             4646  3.190620E-01 -2.838000E-02 -5.876000E-02
             4647  3.390200E-01 -4.750000E-02 -1.059100E-01
             4648  3.390510E-01 -4.302000E-02 -8.984000E-02
             4649  1.795490E-01  3.129600E-02  9.229300E-02
             4650  1.795600E-01  2.920700E-02  7.836300E-02
             4651  1.894980E-01  2.773800E-02  7.991700E-02
             4652  1.994330E-01  2.627700E-02  8.149600E-02
             4653  1.994470E-01  2.387600E-02  6.727200E-02
             4654  1.994560E-01  2.147300E-02  5.304700E-02
             4655  2.094000E-01  1.970300E-02  5.434600E-02
             4656  2.193420E-01  1.794200E-02  5.567000E-02
             4657  2.193540E-01  1.522900E-02  4.115600E-02
             4658  2.193590E-01  1.251600E-02  2.664100E-02
             4659  2.293110E-01  1.045000E-02  2.769500E-02
             4660  2.492320E-01  6.890000E-18  1.300000E-17
             4661  2.392690E-01  2.354000E-03 -8.200000E-04
             4662  2.392690E-01  5.374000E-03  1.397600E-02
             4663  2.392620E-01  8.393000E-03  2.877300E-02
             4664  2.591870E-01 -8.980000E-03 -2.929000E-02
             4665  2.691630E-01 -1.162000E-02 -2.869000E-02
             4666  2.591940E-01 -5.660000E-03 -1.422000E-02
             4667  2.591940E-01 -2.340000E-03  8.450000E-04
             4668  2.791150E-01 -2.148000E-02 -5.874000E-02
             4669  2.791310E-01 -1.786000E-02 -4.340000E-02
             4670  2.891060E-01 -2.439000E-02 -5.833000E-02
             4671  2.791390E-01 -1.424000E-02 -2.806000E-02
             4672  2.990530E-01 -3.510000E-02 -8.909000E-02
             4673  2.990800E-01 -3.119000E-02 -7.350000E-02
             4674  3.090620E-01 -3.826000E-02 -8.886000E-02
             4675  2.990980E-01 -2.728000E-02 -5.790000E-02
             4676  3.190430E-01 -4.561000E-02 -1.044500E-01
             4677  3.190720E-01 -4.141000E-02 -8.861000E-02
             4678  1.596560E-01  2.914800E-02  9.037600E-02
             4679  1.596640E-01  2.737400E-02  7.674400E-02
             4680  1.696020E-01  2.590400E-02  7.828700E-02
             4681  1.795370E-01  2.444300E-02  7.985400E-02
             4682  1.795490E-01  2.235400E-02  6.592400E-02
             4683  1.795560E-01  2.026400E-02  5.199300E-02
             4684  1.894980E-01  1.849200E-02  5.327800E-02
             4685  1.994380E-01  1.672800E-02  5.458800E-02
             4686  1.994470E-01  1.432500E-02  4.036300E-02
             4687  1.994520E-01  1.192200E-02  2.613800E-02
             4688  2.094000E-01  9.851000E-03  2.717300E-02
             4689  2.193480E-01  7.789000E-03  2.823300E-02
             4690  2.293110E-01  6.830000E-18  1.270000E-17
             4691  2.193540E-01  2.363000E-03 -7.900000E-04
             4692  2.193540E-01  5.076000E-03  1.371800E-02
             4693  2.392620E-01 -8.390000E-03 -2.877000E-02
             4694  2.492320E-01 -1.104000E-02 -2.820000E-02
             4695  2.392690E-01 -5.370000E-03 -1.397000E-02
             4696  2.392690E-01 -2.350000E-03  8.200000E-04
             4697  2.591800E-01 -2.032000E-02 -5.775000E-02
             4698  2.591940E-01 -1.700000E-02 -4.268000E-02
             4699  2.691630E-01 -2.324000E-02 -5.739000E-02
             4700  2.592020E-01 -1.368000E-02 -2.760000E-02
             4701  2.791070E-01 -3.339000E-02 -8.767000E-02
             4702  2.791310E-01 -2.978000E-02 -7.234000E-02
             4703  2.891060E-01 -3.658000E-02 -8.750000E-02
             4704  2.791470E-01 -2.616000E-02 -5.700000E-02
             4705  2.990800E-01 -4.367000E-02 -1.029000E-01
             4706  2.991070E-01 -3.976000E-02 -8.731000E-02
             4707  1.397680E-01  2.698800E-02  8.843600E-02
             4708  1.397740E-01  2.553100E-02  7.510600E-02
             4709  1.497120E-01  2.405800E-02  7.663300E-02
             4710  1.596480E-01  2.259400E-02  7.818600E-02
             4711  1.596560E-01  2.082000E-02  6.455400E-02
             4712  1.596620E-01  1.904600E-02  5.092200E-02
             4713  1.696020E-01  1.726900E-02  5.219100E-02
             4714  1.795410E-01  1.550200E-02  5.348500E-02
             4715  1.795490E-01  1.341200E-02  3.955400E-02
             4716  1.795520E-01  1.132200E-02  2.562300E-02
             4717  1.894980E-01  9.246000E-03  2.663900E-02
             4718  1.994430E-01  7.178000E-03  2.767900E-02
             4719  2.094000E-01  6.770000E-18  1.230000E-17
             4720  1.994470E-01  2.372000E-03 -7.700000E-04
             4721  1.994470E-01  4.775000E-03  1.345400E-02
             4722  2.193540E-01 -2.360000E-03  7.950000E-04
             4723  2.193480E-01 -7.780000E-03 -2.823000E-02
             4724  2.293110E-01 -1.045000E-02 -2.769000E-02
             4725  2.193540E-01 -5.070000E-03 -1.371000E-02
             4726  2.392560E-01 -1.914000E-02 -5.672000E-02
             4727  2.392690E-01 -1.612000E-02 -4.192000E-02
             4728  2.492320E-01 -2.208000E-02 -5.640000E-02
             4729  2.392750E-01 -1.310000E-02 -2.713000E-02
             4730  2.591720E-01 -3.165000E-02 -8.620000E-02
             4731  2.591940E-01 -2.833000E-02 -7.113000E-02
             4732  2.691630E-01 -3.487000E-02 -8.608000E-02
             4733  2.592090E-01 -2.501000E-02 -5.606000E-02
             4734  2.791310E-01 -4.169000E-02 -1.012800E-01
             4735  2.791550E-01 -3.807000E-02 -8.594000E-02
             4736  1.198830E-01  2.481900E-02  8.648100E-02
             4737  1.198860E-01  2.368000E-02  7.345400E-02
             4738  1.298260E-01  2.220300E-02  7.496400E-02
             4739  1.397620E-01  2.073400E-02  7.649800E-02
             4740  1.397680E-01  1.927700E-02  6.316800E-02
             4741  1.397720E-01  1.782000E-02  4.983800E-02
             4742  1.497120E-01  1.603900E-02  5.108900E-02
             4743  1.596500E-01  1.426600E-02  5.236400E-02
             4744  1.596560E-01  1.249200E-02  3.873200E-02
             4745  1.596590E-01  1.071700E-02  2.510000E-02
             4746  1.696020E-01  8.634000E-03  2.609500E-02
             4747  1.795450E-01  6.560000E-03  2.711500E-02
             4748  1.894980E-01  6.490000E-18  1.200000E-17
             4749  1.795490E-01  2.380000E-03 -7.400000E-04
             4750  1.795490E-01  4.470000E-03  1.318400E-02
             4751  1.994470E-01 -2.370000E-03  7.710000E-04
             4752  1.994430E-01 -7.170000E-03 -2.767000E-02
             4753  2.094000E-01 -9.850000E-03 -2.717000E-02
             4754  1.994470E-01 -4.770000E-03 -1.345000E-02
             4755  2.193590E-01 -1.251000E-02 -2.664000E-02
             4756  2.193420E-01 -1.794000E-02 -5.567000E-02
             4757  2.193540E-01 -1.522000E-02 -4.115000E-02
             4758  2.293110E-01 -2.090000E-02 -5.539000E-02
             4759  2.392500E-01 -2.988000E-02 -8.467000E-02
             4760  2.392690E-01 -2.687000E-02 -6.988000E-02
             4761  2.492320E-01 -3.312000E-02 -8.461000E-02
             4762  2.392820E-01 -2.385000E-02 -5.508000E-02
             4763  2.591940E-01 -3.967000E-02 -9.958000E-02
             4764  2.592160E-01 -3.635000E-02 -8.451000E-02
             4765  1.099420E-01  2.034200E-02  7.328500E-02
             4766  1.198800E-01  1.886700E-02  7.479800E-02
             4767  1.198830E-01  1.772800E-02  6.177200E-02
             4768  1.198850E-01  1.658900E-02  4.874500E-02
             4769  1.298260E-01  1.480200E-02  4.997600E-02
             4770  1.397640E-01  1.302300E-02  5.123100E-02
             4771  1.397680E-01  1.156600E-02  3.790100E-02
             4772  1.397700E-01  1.010800E-02  2.457000E-02
             4773  1.497120E-01  8.019000E-03  2.554400E-02
             4774  1.596530E-01  5.938000E-03  2.654300E-02
             4775  1.596560E-01  4.164000E-03  1.291000E-02
             4776  1.596560E-01  2.389000E-03 -7.200000E-04
             4777  1.696020E-01  6.200000E-18  1.190000E-17
             4778  1.795490E-01 -2.380000E-03  7.460000E-04
             4779  1.795450E-01 -6.560000E-03 -2.711000E-02
             4780  1.894980E-01 -9.240000E-03 -2.663000E-02
             4781  1.795490E-01 -4.470000E-03 -1.318000E-02
             4782  1.994520E-01 -1.192000E-02 -2.613000E-02
             4783  1.994380E-01 -1.672000E-02 -5.458000E-02
             4784  1.994470E-01 -1.432000E-02 -4.036000E-02
             4785  2.094000E-01 -1.970000E-02 -5.434000E-02
             4786  2.193650E-01 -2.267000E-02 -5.407000E-02
             4787  2.193370E-01 -2.809000E-02 -8.310000E-02
             4788  2.193540E-01 -2.538000E-02 -6.859000E-02
             4789  2.293110E-01 -3.135000E-02 -8.308000E-02
             4790  2.392690E-01 -3.761000E-02 -9.783000E-02
             4791  2.392880E-01 -3.460000E-02 -8.304000E-02
             4792  1.099420E-01  1.356100E-02  4.885700E-02
             4793  1.198810E-01  1.177600E-02  5.008900E-02
             4794  1.198830E-01  1.063700E-02  3.706300E-02
             4795  1.198840E-01  9.497000E-03  2.403700E-02
             4796  1.298260E-01  7.401000E-03  2.498800E-02
             4797  1.397660E-01  5.313000E-03  2.596400E-02
             4798  1.397680E-01  3.855000E-03  1.263300E-02
             4799  1.397680E-01  2.397000E-03 -6.900000E-04
             4800  1.497120E-01  5.920000E-18  1.160000E-17
             4801  1.596560E-01 -2.380000E-03  7.210000E-04
             4802  1.596530E-01 -5.930000E-03 -2.654000E-02
             4803  1.596560E-01 -4.160000E-03 -1.291000E-02
             4804  1.696020E-01 -8.630000E-03 -2.609000E-02
             4805  1.795520E-01 -1.132000E-02 -2.562000E-02
             4806  1.795410E-01 -1.550000E-02 -5.348000E-02
             4807  1.795490E-01 -1.341000E-02 -3.955000E-02
             4808  1.894980E-01 -1.849000E-02 -5.327000E-02
             4809  1.994560E-01 -2.147000E-02 -5.304000E-02
             4810  1.994330E-01 -2.627000E-02 -8.149000E-02
             4811  1.994470E-01 -2.387000E-02 -6.727000E-02
             4812  2.094000E-01 -2.955000E-02 -8.151000E-02
             4813  2.193700E-01 -3.282000E-02 -8.151000E-02
             4814  2.193540E-01 -3.553000E-02 -9.603000E-02
             4815  1.099420E-01  6.780000E-03  2.442800E-02
             4816  1.198820E-01  4.684000E-03  2.538000E-02
             4817  1.198830E-01  3.545000E-03  1.235400E-02
             4818  1.198830E-01  2.406000E-03 -6.700000E-04
             4819  1.298260E-01  5.630000E-18  1.120000E-17
             4820  1.397680E-01 -2.390000E-03  6.960000E-04
             4821  1.397660E-01 -5.310000E-03 -2.596000E-02
             4822  1.397680E-01 -3.850000E-03 -1.263000E-02
             4823  1.497120E-01 -8.010000E-03 -2.554000E-02
             4824  1.596590E-01 -1.071000E-02 -2.510000E-02
             4825  1.596500E-01 -1.426000E-02 -5.236000E-02
             4826  1.596560E-01 -1.249000E-02 -3.873000E-02
             4827  1.696020E-01 -1.726000E-02 -5.219000E-02
             4828  1.795560E-01 -2.026000E-02 -5.199000E-02
             4829  1.795370E-01 -2.444000E-02 -7.985000E-02
             4830  1.795490E-01 -2.235000E-02 -6.592000E-02
             4831  1.894980E-01 -2.773000E-02 -7.991000E-02
             4832  1.994610E-01 -3.102000E-02 -7.995000E-02
             4833  1.994470E-01 -3.342000E-02 -9.418000E-02
             4834  1.099420E-01  1.040000E-17  1.310000E-17
             4835  1.198830E-01 -2.400000E-03  6.710000E-04
             4836  1.198820E-01 -4.680000E-03 -2.538000E-02
             4837  1.198830E-01 -3.540000E-03 -1.235000E-02
             4838  1.298260E-01 -7.400000E-03 -2.498000E-02
             4839  1.397700E-01 -1.010000E-02 -2.457000E-02
             4840  1.397640E-01 -1.302000E-02 -5.123000E-02
             4841  1.397680E-01 -1.156000E-02 -3.790000E-02
             4842  1.497120E-01 -1.603000E-02 -5.108000E-02
             4843  1.596620E-01 -1.904000E-02 -5.092000E-02
             4844  1.596480E-01 -2.259000E-02 -7.818000E-02
             4845  1.596560E-01 -2.082000E-02 -6.455000E-02
             4846  1.696020E-01 -2.590000E-02 -7.828000E-02
             4847  1.795600E-01 -2.920000E-02 -7.836000E-02
             4848  1.795490E-01 -3.129000E-02 -9.229000E-02
             4849  1.099420E-01 -6.780000E-03 -2.442000E-02
             4850  1.198840E-01 -9.490000E-03 -2.403000E-02
             4851  1.198810E-01 -1.177000E-02 -5.008000E-02
             4852  1.198830E-01 -1.063000E-02 -3.706000E-02
             4853  1.298260E-01 -1.480000E-02 -4.997000E-02
             4854  1.397720E-01 -1.782000E-02 -4.983000E-02
             4855  1.397620E-01 -2.073000E-02 -7.649000E-02
             4856  1.397680E-01 -1.927000E-02 -6.316000E-02
             4857  1.497120E-01 -2.405000E-02 -7.663000E-02
             4858  1.596640E-01 -2.737000E-02 -7.674000E-02
             4859  1.596560E-01 -2.914000E-02 -9.037000E-02
             4860  1.099420E-01 -1.356000E-02 -4.885000E-02
             4861  1.198850E-01 -1.658000E-02 -4.874000E-02
             4862  1.198800E-01 -1.886000E-02 -7.479000E-02
             4863  1.198830E-01 -1.772000E-02 -6.177000E-02
             4864  1.298260E-01 -2.220000E-02 -7.496000E-02
             4865  1.397740E-01 -2.553000E-02 -7.510000E-02
             4866  1.397680E-01 -2.698000E-02 -8.843000E-02
             4867  1.099420E-01 -2.034000E-02 -7.328000E-02
             4868  1.198860E-01 -2.368000E-02 -7.345000E-02
             4869  1.198830E-01 -2.481000E-02 -8.648000E-02
!
      $PART  NAME = ELEMDISP
       ELEMDISP
!
   $END STRUCTURE
!------
   $SYSTEM  NAME = S_STEP_1
!
      $ELPROP
       BLADE         MATERIAL = MAT_BLADE
!
      $MODDAMP TYPE = RATIO  KIND = DISCRETE
         1, 0.005
!
   $END SYSTEM
!------
   $CONSTRAINTS  NAME = C_STEP_1
!
      $SUPPRESS  SURFNODE  DOFS = 1,2,3  DOFTYPE = DISP
       CLAMPED
!
   $END CONSTRAINTS
!------
   $LOADING NAME = L_STEP_1
!
      $INERTIA ROTATION  LPAT = 1
       BLADE -2.000000E-01  0.000000E+00  0.000000E+00 -2.000000E-01  0.000000E+00  1.000000E+01  1.000000E+02
!
   $END LOADING
!------
   $SYSTEM  NAME = S_STEP_2
!
      $ELSTATE LOAD
         SITUATION = STEP_1  LPAT = 1 
!
      $ADDMATRIX
         GEOSTIFF
         CENTRISTIFF
         CORIOLIS
!
      $INSERT VARIANT
      S_STEP_1  CLEAROLD = NO
!
   $END SYSTEM
!------
   $RESULTS  NAME = R_STEP_3
!
      $ROTSPEED PRIMARY = EQUI  XTYPE = OMEGA
          0.0 1000.0  5.0
!
   $END RESULTS
!------
$EXIT COMPONENT
!------------------------------------
$ENTER MATERIAL
!------
   $MATERIAL  NAME = MAT_BLADE  TYPE = ISO
!
      $ELASTIC  GENERAL  INPUT = DATA
        1.040000E+11  3.000000E-01
!
      $DENSITY  GENERAL  INPUT = DATA
        4.400000E+03
!
   $END MATERIAL
!------
$EXIT MATERIAL
!------------------------------------
$FIN
