"DV_1";"K1";"K2";"K3";"K4";"K5";"K6"
 0.000000E+00 ; 1.308997E+00 ; 3.728027E+00 ; 3.926995E+00 ; 5.254142E+00 ; 6.545037E+00 ; 7.103046E+00
